{"type":"FeatureCollection","features":[{"type":"Feature","id":32431837,"geometry":{"type":"Point","coordinates":[-77.02294028004799,38.892832610358909]},"properties":{"DCGIS.PLACE_NAMES_PT.NAME":"NATIONAL ARCHIVES","DCGIS.ADDRESSES_PT.ADDRESS":"700 PENNSYLVANIA AVENUE NW","DCGIS.ADDRESSES_PT.WARD":"Ward 2","DCGIS.ADDRESSES_PT.SMD":"SMD 2C03","DCGIS.ADDRESSES_PT.ANC":"ANC 2C","MAR.VW_PLACE_NAME_CATEGORIES.CATEGORY":"MUSEUM / ZOO","DCGIS.PLACE_NAMES_PT.STATUS":"ACTIVE","DCGIS.PLACE_NAMES_PT.PLACE_NAME_ID":12536,"DCGIS.PLACE_NAMES_PT.MAR_ID":293251,"DCGIS.PLACE_NAMES_PT.BEFORE_DATE":null,"DCGIS.PLACE_NAMES_PT.BEFORE_DATE_SOURCE":null,"DCGIS.PLACE_NAMES_PT.BEGIN_DATE":null,"DCGIS.PLACE_NAMES_PT.BEGIN_DATE_SOURCE":null,"DCGIS.PLACE_NAMES_PT.FIRST_KNOWN_DATE":null,"DCGIS.PLACE_NAMES_PT.FIRST_KNOWN_DATE_SOURCE":null,"DCGIS.PLACE_NAMES_PT.CREATED_DATE":1347630435000,"DCGIS.PLACE_NAMES_PT.LAST_EDITED_DATE":1347630435000,"DCGIS.PLACE_NAMES_PT.SE_ANNO_CAD_DATA":null,"DCGIS.PLACE_NAMES_PT.OBJECTID":32431837,"DCGIS.ADDRESSES_PT.OBJECTID":217202826,"DCGIS.ADDRESSES_PT.SE_ANNO_CAD_DATA":null}},{"type":"Feature","id":32431848,"geometry":{"type":"Point","coordinates":[-77.046417132959817,38.898802962763952]},"properties":{"DCGIS.PLACE_NAMES_PT.NAME":"GEORGE WASHINGTON UNIVERSITY MUSEUM","DCGIS.ADDRESSES_PT.ADDRESS":"701 21ST STREET NW","DCGIS.ADDRESSES_PT.WARD":"Ward 2","DCGIS.ADDRESSES_PT.SMD":"SMD 2A07","DCGIS.ADDRESSES_PT.ANC":"ANC 2A","MAR.VW_PLACE_NAME_CATEGORIES.CATEGORY":"MUSEUM / ZOO","DCGIS.PLACE_NAMES_PT.STATUS":"ACTIVE","DCGIS.PLACE_NAMES_PT.PLACE_NAME_ID":14004,"DCGIS.PLACE_NAMES_PT.MAR_ID":311648,"DCGIS.PLACE_NAMES_PT.BEFORE_DATE":null,"DCGIS.PLACE_NAMES_PT.BEFORE_DATE_SOURCE":null,"DCGIS.PLACE_NAMES_PT.BEGIN_DATE":null,"DCGIS.PLACE_NAMES_PT.BEGIN_DATE_SOURCE":null,"DCGIS.PLACE_NAMES_PT.FIRST_KNOWN_DATE":null,"DCGIS.PLACE_NAMES_PT.FIRST_KNOWN_DATE_SOURCE":null,"DCGIS.PLACE_NAMES_PT.CREATED_DATE":1415005269000,"DCGIS.PLACE_NAMES_PT.LAST_EDITED_DATE":1415005269000,"DCGIS.PLACE_NAMES_PT.SE_ANNO_CAD_DATA":null,"DCGIS.PLACE_NAMES_PT.OBJECTID":32431848,"DCGIS.ADDRESSES_PT.OBJECTID":217219437,"DCGIS.ADDRESSES_PT.SE_ANNO_CAD_DATA":null}},{"type":"Feature","id":32431849,"geometry":{"type":"Point","coordinates":[-77.046417132959817,38.898802962763952]},"properties":{"DCGIS.PLACE_NAMES_PT.NAME":"THE TEXTILE MUSEUM","DCGIS.ADDRESSES_PT.ADDRESS":"701 21ST STREET NW","DCGIS.ADDRESSES_PT.WARD":"Ward 2","DCGIS.ADDRESSES_PT.SMD":"SMD 2A07","DCGIS.ADDRESSES_PT.ANC":"ANC 2A","MAR.VW_PLACE_NAME_CATEGORIES.CATEGORY":"MUSEUM / ZOO","DCGIS.PLACE_NAMES_PT.STATUS":"ACTIVE","DCGIS.PLACE_NAMES_PT.PLACE_NAME_ID":16027,"DCGIS.PLACE_NAMES_PT.MAR_ID":311648,"DCGIS.PLACE_NAMES_PT.BEFORE_DATE":null,"DCGIS.PLACE_NAMES_PT.BEFORE_DATE_SOURCE":null,"DCGIS.PLACE_NAMES_PT.BEGIN_DATE":null,"DCGIS.PLACE_NAMES_PT.BEGIN_DATE_SOURCE":null,"DCGIS.PLACE_NAMES_PT.FIRST_KNOWN_DATE":null,"DCGIS.PLACE_NAMES_PT.FIRST_KNOWN_DATE_SOURCE":null,"DCGIS.PLACE_NAMES_PT.CREATED_DATE":1509952497000,"DCGIS.PLACE_NAMES_PT.LAST_EDITED_DATE":1509952497000,"DCGIS.PLACE_NAMES_PT.SE_ANNO_CAD_DATA":null,"DCGIS.PLACE_NAMES_PT.OBJECTID":32431849,"DCGIS.ADDRESSES_PT.OBJECTID":217219437,"DCGIS.ADDRESSES_PT.SE_ANNO_CAD_DATA":null}},{"type":"Feature","id":32431869,"geometry":{"type":"Point","coordinates":[-77.022382301289468,38.894445937653018]},"properties":{"DCGIS.PLACE_NAMES_PT.NAME":"NAVAL HERITAGE CENTER","DCGIS.ADDRESSES_PT.ADDRESS":"701 PENNSYLVANIA AVENUE NW","DCGIS.ADDRESSES_PT.WARD":"Ward 2","DCGIS.ADDRESSES_PT.SMD":"SMD 2C03","DCGIS.ADDRESSES_PT.ANC":"ANC 2C","MAR.VW_PLACE_NAME_CATEGORIES.CATEGORY":"MUSEUM / ZOO","DCGIS.PLACE_NAMES_PT.STATUS":"ACTIVE","DCGIS.PLACE_NAMES_PT.PLACE_NAME_ID":9828,"DCGIS.PLACE_NAMES_PT.MAR_ID":279889,"DCGIS.PLACE_NAMES_PT.BEFORE_DATE":null,"DCGIS.PLACE_NAMES_PT.BEFORE_DATE_SOURCE":null,"DCGIS.PLACE_NAMES_PT.BEGIN_DATE":null,"DCGIS.PLACE_NAMES_PT.BEGIN_DATE_SOURCE":null,"DCGIS.PLACE_NAMES_PT.FIRST_KNOWN_DATE":null,"DCGIS.PLACE_NAMES_PT.FIRST_KNOWN_DATE_SOURCE":null,"DCGIS.PLACE_NAMES_PT.CREATED_DATE":1287051457000,"DCGIS.PLACE_NAMES_PT.LAST_EDITED_DATE":1287051457000,"DCGIS.PLACE_NAMES_PT.SE_ANNO_CAD_DATA":null,"DCGIS.PLACE_NAMES_PT.OBJECTID":32431869,"DCGIS.ADDRESSES_PT.OBJECTID":217241504,"DCGIS.ADDRESSES_PT.SE_ANNO_CAD_DATA":null}},{"type":"Feature","id":32431328,"geometry":{"type":"Point","coordinates":[-77.01489689738888,38.89702505665872]},"properties":{"DCGIS.PLACE_NAMES_PT.NAME":"CAPITOL JEWISH MUSEUM","DCGIS.ADDRESSES_PT.ADDRESS":"575 3RD STREET NW","DCGIS.ADDRESSES_PT.WARD":"Ward 6","DCGIS.ADDRESSES_PT.SMD":"SMD 6E08","DCGIS.ADDRESSES_PT.ANC":"ANC 6E","MAR.VW_PLACE_NAME_CATEGORIES.CATEGORY":"MUSEUM / ZOO","DCGIS.PLACE_NAMES_PT.STATUS":"ACTIVE","DCGIS.PLACE_NAMES_PT.PLACE_NAME_ID":18090,"DCGIS.PLACE_NAMES_PT.MAR_ID":314514,"DCGIS.PLACE_NAMES_PT.BEFORE_DATE":null,"DCGIS.PLACE_NAMES_PT.BEFORE_DATE_SOURCE":null,"DCGIS.PLACE_NAMES_PT.BEGIN_DATE":null,"DCGIS.PLACE_NAMES_PT.BEGIN_DATE_SOURCE":null,"DCGIS.PLACE_NAMES_PT.FIRST_KNOWN_DATE":null,"DCGIS.PLACE_NAMES_PT.FIRST_KNOWN_DATE_SOURCE":null,"DCGIS.PLACE_NAMES_PT.CREATED_DATE":1654171452000,"DCGIS.PLACE_NAMES_PT.LAST_EDITED_DATE":1654171452000,"DCGIS.PLACE_NAMES_PT.SE_ANNO_CAD_DATA":null,"DCGIS.PLACE_NAMES_PT.OBJECTID":32431328,"DCGIS.ADDRESSES_PT.OBJECTID":217223637,"DCGIS.ADDRESSES_PT.SE_ANNO_CAD_DATA":null}},{"type":"Feature","id":32431329,"geometry":{"type":"Point","coordinates":[-77.01489689738888,38.89702505665872]},"properties":{"DCGIS.PLACE_NAMES_PT.NAME":"LILLIAN & ALBERT SMALL CAPITAL JEWISH MUSEUM","DCGIS.ADDRESSES_PT.ADDRESS":"575 3RD STREET NW","DCGIS.ADDRESSES_PT.WARD":"Ward 6","DCGIS.ADDRESSES_PT.SMD":"SMD 6E08","DCGIS.ADDRESSES_PT.ANC":"ANC 6E","MAR.VW_PLACE_NAME_CATEGORIES.CATEGORY":"MUSEUM / ZOO","DCGIS.PLACE_NAMES_PT.STATUS":"ACTIVE","DCGIS.PLACE_NAMES_PT.PLACE_NAME_ID":18091,"DCGIS.PLACE_NAMES_PT.MAR_ID":314514,"DCGIS.PLACE_NAMES_PT.BEFORE_DATE":null,"DCGIS.PLACE_NAMES_PT.BEFORE_DATE_SOURCE":null,"DCGIS.PLACE_NAMES_PT.BEGIN_DATE":null,"DCGIS.PLACE_NAMES_PT.BEGIN_DATE_SOURCE":null,"DCGIS.PLACE_NAMES_PT.FIRST_KNOWN_DATE":null,"DCGIS.PLACE_NAMES_PT.FIRST_KNOWN_DATE_SOURCE":null,"DCGIS.PLACE_NAMES_PT.CREATED_DATE":1654171452000,"DCGIS.PLACE_NAMES_PT.LAST_EDITED_DATE":1654171452000,"DCGIS.PLACE_NAMES_PT.SE_ANNO_CAD_DATA":null,"DCGIS.PLACE_NAMES_PT.OBJECTID":32431329,"DCGIS.ADDRESSES_PT.OBJECTID":217223637,"DCGIS.ADDRESSES_PT.SE_ANNO_CAD_DATA":null}},{"type":"Feature","id":32431699,"geometry":{"type":"Point","coordinates":[-77.011386220532628,38.879527305928193]},"properties":{"DCGIS.PLACE_NAMES_PT.NAME":"RUBELL MUSEUM DC","DCGIS.ADDRESSES_PT.ADDRESS":"65 I STREET SW","DCGIS.ADDRESSES_PT.WARD":"Ward 6","DCGIS.ADDRESSES_PT.SMD":"SMD 6D02","DCGIS.ADDRESSES_PT.ANC":"ANC 6D","MAR.VW_PLACE_NAME_CATEGORIES.CATEGORY":"MUSEUM / ZOO","DCGIS.PLACE_NAMES_PT.STATUS":"ACTIVE","DCGIS.PLACE_NAMES_PT.PLACE_NAME_ID":23042,"DCGIS.PLACE_NAMES_PT.MAR_ID":294466,"DCGIS.PLACE_NAMES_PT.BEFORE_DATE":null,"DCGIS.PLACE_NAMES_PT.BEFORE_DATE_SOURCE":null,"DCGIS.PLACE_NAMES_PT.BEGIN_DATE":null,"DCGIS.PLACE_NAMES_PT.BEGIN_DATE_SOURCE":null,"DCGIS.PLACE_NAMES_PT.FIRST_KNOWN_DATE":null,"DCGIS.PLACE_NAMES_PT.FIRST_KNOWN_DATE_SOURCE":null,"DCGIS.PLACE_NAMES_PT.CREATED_DATE":1675174784000,"DCGIS.PLACE_NAMES_PT.LAST_EDITED_DATE":1675174784000,"DCGIS.PLACE_NAMES_PT.SE_ANNO_CAD_DATA":null,"DCGIS.PLACE_NAMES_PT.OBJECTID":32431699,"DCGIS.ADDRESSES_PT.OBJECTID":217258970,"DCGIS.ADDRESSES_PT.SE_ANNO_CAD_DATA":null}},{"type":"Feature","id":32431725,"geometry":{"type":"Point","coordinates":[-77.019822410890882,38.888139637189127]},"properties":{"DCGIS.PLACE_NAMES_PT.NAME":"NATIONAL AIR AND SPACE MUSEUM","DCGIS.ADDRESSES_PT.ADDRESS":"655 JEFFERSON DRIVE SW","DCGIS.ADDRESSES_PT.WARD":"Ward 2","DCGIS.ADDRESSES_PT.SMD":"SMD 2C03","DCGIS.ADDRESSES_PT.ANC":"ANC 2C","MAR.VW_PLACE_NAME_CATEGORIES.CATEGORY":"MUSEUM / ZOO","DCGIS.PLACE_NAMES_PT.STATUS":"ACTIVE","DCGIS.PLACE_NAMES_PT.PLACE_NAME_ID":17353,"DCGIS.PLACE_NAMES_PT.MAR_ID":330977,"DCGIS.PLACE_NAMES_PT.BEFORE_DATE":null,"DCGIS.PLACE_NAMES_PT.BEFORE_DATE_SOURCE":null,"DCGIS.PLACE_NAMES_PT.BEGIN_DATE":null,"DCGIS.PLACE_NAMES_PT.BEGIN_DATE_SOURCE":null,"DCGIS.PLACE_NAMES_PT.FIRST_KNOWN_DATE":null,"DCGIS.PLACE_NAMES_PT.FIRST_KNOWN_DATE_SOURCE":null,"DCGIS.PLACE_NAMES_PT.CREATED_DATE":1579856298000,"DCGIS.PLACE_NAMES_PT.LAST_EDITED_DATE":1579856298000,"DCGIS.PLACE_NAMES_PT.SE_ANNO_CAD_DATA":null,"DCGIS.PLACE_NAMES_PT.OBJECTID":32431725,"DCGIS.ADDRESSES_PT.OBJECTID":217228924,"DCGIS.ADDRESSES_PT.SE_ANNO_CAD_DATA":null}},{"type":"Feature","id":32431726,"geometry":{"type":"Point","coordinates":[-77.019822410890882,38.888139637189127]},"properties":{"DCGIS.PLACE_NAMES_PT.NAME":"ALBERT EINSTEIN PLANETARIUM","DCGIS.ADDRESSES_PT.ADDRESS":"655 JEFFERSON DRIVE SW","DCGIS.ADDRESSES_PT.WARD":"Ward 2","DCGIS.ADDRESSES_PT.SMD":"SMD 2C03","DCGIS.ADDRESSES_PT.ANC":"ANC 2C","MAR.VW_PLACE_NAME_CATEGORIES.CATEGORY":"MUSEUM / ZOO","DCGIS.PLACE_NAMES_PT.STATUS":"ACTIVE","DCGIS.PLACE_NAMES_PT.PLACE_NAME_ID":17354,"DCGIS.PLACE_NAMES_PT.MAR_ID":330977,"DCGIS.PLACE_NAMES_PT.BEFORE_DATE":null,"DCGIS.PLACE_NAMES_PT.BEFORE_DATE_SOURCE":null,"DCGIS.PLACE_NAMES_PT.BEGIN_DATE":null,"DCGIS.PLACE_NAMES_PT.BEGIN_DATE_SOURCE":null,"DCGIS.PLACE_NAMES_PT.FIRST_KNOWN_DATE":null,"DCGIS.PLACE_NAMES_PT.FIRST_KNOWN_DATE_SOURCE":null,"DCGIS.PLACE_NAMES_PT.CREATED_DATE":1579856299000,"DCGIS.PLACE_NAMES_PT.LAST_EDITED_DATE":1579856299000,"DCGIS.PLACE_NAMES_PT.SE_ANNO_CAD_DATA":null,"DCGIS.PLACE_NAMES_PT.OBJECTID":32431726,"DCGIS.ADDRESSES_PT.OBJECTID":217228924,"DCGIS.ADDRESSES_PT.SE_ANNO_CAD_DATA":null}},{"type":"Feature","id":32431727,"geometry":{"type":"Point","coordinates":[-77.019822410890882,38.888139637189127]},"properties":{"DCGIS.PLACE_NAMES_PT.NAME":"AIR AND SPACE MUSEUM","DCGIS.ADDRESSES_PT.ADDRESS":"655 JEFFERSON DRIVE SW","DCGIS.ADDRESSES_PT.WARD":"Ward 2","DCGIS.ADDRESSES_PT.SMD":"SMD 2C03","DCGIS.ADDRESSES_PT.ANC":"ANC 2C","MAR.VW_PLACE_NAME_CATEGORIES.CATEGORY":"MUSEUM / ZOO","DCGIS.PLACE_NAMES_PT.STATUS":"ACTIVE","DCGIS.PLACE_NAMES_PT.PLACE_NAME_ID":17355,"DCGIS.PLACE_NAMES_PT.MAR_ID":330977,"DCGIS.PLACE_NAMES_PT.BEFORE_DATE":null,"DCGIS.PLACE_NAMES_PT.BEFORE_DATE_SOURCE":null,"DCGIS.PLACE_NAMES_PT.BEGIN_DATE":null,"DCGIS.PLACE_NAMES_PT.BEGIN_DATE_SOURCE":null,"DCGIS.PLACE_NAMES_PT.FIRST_KNOWN_DATE":null,"DCGIS.PLACE_NAMES_PT.FIRST_KNOWN_DATE_SOURCE":null,"DCGIS.PLACE_NAMES_PT.CREATED_DATE":1579856341000,"DCGIS.PLACE_NAMES_PT.LAST_EDITED_DATE":1579856341000,"DCGIS.PLACE_NAMES_PT.SE_ANNO_CAD_DATA":null,"DCGIS.PLACE_NAMES_PT.OBJECTID":32431727,"DCGIS.ADDRESSES_PT.OBJECTID":217228924,"DCGIS.ADDRESSES_PT.SE_ANNO_CAD_DATA":null}},{"type":"Feature","id":32431830,"geometry":{"type":"Point","coordinates":[-77.02553714919047,38.883979086839759]},"properties":{"DCGIS.PLACE_NAMES_PT.NAME":"INTERNATIONAL SPY MUSEUM","DCGIS.ADDRESSES_PT.ADDRESS":"700 L'ENFANT PLAZA SW","DCGIS.ADDRESSES_PT.WARD":"Ward 6","DCGIS.ADDRESSES_PT.SMD":"SMD 6D01","DCGIS.ADDRESSES_PT.ANC":"ANC 6D","MAR.VW_PLACE_NAME_CATEGORIES.CATEGORY":"MUSEUM / ZOO","DCGIS.PLACE_NAMES_PT.STATUS":"ACTIVE","DCGIS.PLACE_NAMES_PT.PLACE_NAME_ID":16922,"DCGIS.PLACE_NAMES_PT.MAR_ID":317008,"DCGIS.PLACE_NAMES_PT.BEFORE_DATE":null,"DCGIS.PLACE_NAMES_PT.BEFORE_DATE_SOURCE":null,"DCGIS.PLACE_NAMES_PT.BEGIN_DATE":null,"DCGIS.PLACE_NAMES_PT.BEGIN_DATE_SOURCE":null,"DCGIS.PLACE_NAMES_PT.FIRST_KNOWN_DATE":null,"DCGIS.PLACE_NAMES_PT.FIRST_KNOWN_DATE_SOURCE":null,"DCGIS.PLACE_NAMES_PT.CREATED_DATE":1557732086000,"DCGIS.PLACE_NAMES_PT.LAST_EDITED_DATE":1557732086000,"DCGIS.PLACE_NAMES_PT.SE_ANNO_CAD_DATA":null,"DCGIS.PLACE_NAMES_PT.OBJECTID":32431830,"DCGIS.ADDRESSES_PT.OBJECTID":217225550,"DCGIS.ADDRESSES_PT.SE_ANNO_CAD_DATA":null}},{"type":"Feature","id":32431831,"geometry":{"type":"Point","coordinates":[-77.02553714919047,38.883979086839759]},"properties":{"DCGIS.PLACE_NAMES_PT.NAME":"SPY MUSEUM","DCGIS.ADDRESSES_PT.ADDRESS":"700 L'ENFANT PLAZA SW","DCGIS.ADDRESSES_PT.WARD":"Ward 6","DCGIS.ADDRESSES_PT.SMD":"SMD 6D01","DCGIS.ADDRESSES_PT.ANC":"ANC 6D","MAR.VW_PLACE_NAME_CATEGORIES.CATEGORY":"MUSEUM / ZOO","DCGIS.PLACE_NAMES_PT.STATUS":"ACTIVE","DCGIS.PLACE_NAMES_PT.PLACE_NAME_ID":16923,"DCGIS.PLACE_NAMES_PT.MAR_ID":317008,"DCGIS.PLACE_NAMES_PT.BEFORE_DATE":null,"DCGIS.PLACE_NAMES_PT.BEFORE_DATE_SOURCE":null,"DCGIS.PLACE_NAMES_PT.BEGIN_DATE":null,"DCGIS.PLACE_NAMES_PT.BEGIN_DATE_SOURCE":null,"DCGIS.PLACE_NAMES_PT.FIRST_KNOWN_DATE":null,"DCGIS.PLACE_NAMES_PT.FIRST_KNOWN_DATE_SOURCE":null,"DCGIS.PLACE_NAMES_PT.CREATED_DATE":1557732086000,"DCGIS.PLACE_NAMES_PT.LAST_EDITED_DATE":1557732086000,"DCGIS.PLACE_NAMES_PT.SE_ANNO_CAD_DATA":null,"DCGIS.PLACE_NAMES_PT.OBJECTID":32431831,"DCGIS.ADDRESSES_PT.OBJECTID":217225550,"DCGIS.ADDRESSES_PT.SE_ANNO_CAD_DATA":null}},{"type":"Feature","id":32434800,"geometry":{"type":"Point","coordinates":[-77.047065748938181,38.928756240809918]},"properties":{"DCGIS.PLACE_NAMES_PT.NAME":"NATIONAL ZOO SPEEDWELL FOUNDATION CONSERVATION CAROUSEL","DCGIS.ADDRESSES_PT.ADDRESS":null,"DCGIS.ADDRESSES_PT.WARD":"Ward 3","DCGIS.ADDRESSES_PT.SMD":"SMD 3C03","DCGIS.ADDRESSES_PT.ANC":"ANC 3C","MAR.VW_PLACE_NAME_CATEGORIES.CATEGORY":"MUSEUM / ZOO","DCGIS.PLACE_NAMES_PT.STATUS":"ACTIVE","DCGIS.PLACE_NAMES_PT.PLACE_NAME_ID":16187,"DCGIS.PLACE_NAMES_PT.MAR_ID":317392,"DCGIS.PLACE_NAMES_PT.BEFORE_DATE":null,"DCGIS.PLACE_NAMES_PT.BEFORE_DATE_SOURCE":null,"DCGIS.PLACE_NAMES_PT.BEGIN_DATE":null,"DCGIS.PLACE_NAMES_PT.BEGIN_DATE_SOURCE":null,"DCGIS.PLACE_NAMES_PT.FIRST_KNOWN_DATE":null,"DCGIS.PLACE_NAMES_PT.FIRST_KNOWN_DATE_SOURCE":null,"DCGIS.PLACE_NAMES_PT.CREATED_DATE":1517403895000,"DCGIS.PLACE_NAMES_PT.LAST_EDITED_DATE":1517403895000,"DCGIS.PLACE_NAMES_PT.SE_ANNO_CAD_DATA":null,"DCGIS.PLACE_NAMES_PT.OBJECTID":32434800,"DCGIS.ADDRESSES_PT.OBJECTID":217224362,"DCGIS.ADDRESSES_PT.SE_ANNO_CAD_DATA":null}},{"type":"Feature","id":32434357,"geometry":{"type":"Point","coordinates":[-77.047355893451595,38.93080704604634]},"properties":{"DCGIS.PLACE_NAMES_PT.NAME":"NATIONAL ZOO ADMINISTRATION","DCGIS.ADDRESSES_PT.ADDRESS":null,"DCGIS.ADDRESSES_PT.WARD":"Ward 3","DCGIS.ADDRESSES_PT.SMD":"SMD 3C03","DCGIS.ADDRESSES_PT.ANC":"ANC 3C","MAR.VW_PLACE_NAME_CATEGORIES.CATEGORY":"MUSEUM / ZOO","DCGIS.PLACE_NAMES_PT.STATUS":"ACTIVE","DCGIS.PLACE_NAMES_PT.PLACE_NAME_ID":10044,"DCGIS.PLACE_NAMES_PT.MAR_ID":309257,"DCGIS.PLACE_NAMES_PT.BEFORE_DATE":null,"DCGIS.PLACE_NAMES_PT.BEFORE_DATE_SOURCE":null,"DCGIS.PLACE_NAMES_PT.BEGIN_DATE":null,"DCGIS.PLACE_NAMES_PT.BEGIN_DATE_SOURCE":null,"DCGIS.PLACE_NAMES_PT.FIRST_KNOWN_DATE":null,"DCGIS.PLACE_NAMES_PT.FIRST_KNOWN_DATE_SOURCE":null,"DCGIS.PLACE_NAMES_PT.CREATED_DATE":1291814543000,"DCGIS.PLACE_NAMES_PT.LAST_EDITED_DATE":1291814543000,"DCGIS.PLACE_NAMES_PT.SE_ANNO_CAD_DATA":null,"DCGIS.PLACE_NAMES_PT.OBJECTID":32434357,"DCGIS.ADDRESSES_PT.OBJECTID":217228221,"DCGIS.ADDRESSES_PT.SE_ANNO_CAD_DATA":null}},{"type":"Feature","id":32434358,"geometry":{"type":"Point","coordinates":[-77.023523271953366,38.891295936166848]},"properties":{"DCGIS.PLACE_NAMES_PT.NAME":"NATIONAL GALLERY OF ART SCULPTURE GARDEN CAFE PAVILLION","DCGIS.ADDRESSES_PT.ADDRESS":null,"DCGIS.ADDRESSES_PT.WARD":"Ward 2","DCGIS.ADDRESSES_PT.SMD":"SMD 2C03","DCGIS.ADDRESSES_PT.ANC":"ANC 2C","MAR.VW_PLACE_NAME_CATEGORIES.CATEGORY":"MUSEUM / ZOO","DCGIS.PLACE_NAMES_PT.STATUS":"ACTIVE","DCGIS.PLACE_NAMES_PT.PLACE_NAME_ID":10051,"DCGIS.PLACE_NAMES_PT.MAR_ID":309258,"DCGIS.PLACE_NAMES_PT.BEFORE_DATE":null,"DCGIS.PLACE_NAMES_PT.BEFORE_DATE_SOURCE":null,"DCGIS.PLACE_NAMES_PT.BEGIN_DATE":null,"DCGIS.PLACE_NAMES_PT.BEGIN_DATE_SOURCE":null,"DCGIS.PLACE_NAMES_PT.FIRST_KNOWN_DATE":null,"DCGIS.PLACE_NAMES_PT.FIRST_KNOWN_DATE_SOURCE":null,"DCGIS.PLACE_NAMES_PT.CREATED_DATE":1291970869000,"DCGIS.PLACE_NAMES_PT.LAST_EDITED_DATE":1291970869000,"DCGIS.PLACE_NAMES_PT.SE_ANNO_CAD_DATA":null,"DCGIS.PLACE_NAMES_PT.OBJECTID":32434358,"DCGIS.ADDRESSES_PT.OBJECTID":217210154,"DCGIS.ADDRESSES_PT.SE_ANNO_CAD_DATA":null}},{"type":"Feature","id":32433593,"geometry":{"type":"Point","coordinates":[-77.022974395928458,38.898188438639536]},"properties":{"DCGIS.PLACE_NAMES_PT.NAME":"NATIONAL PORTRAIT GALLERY","DCGIS.ADDRESSES_PT.ADDRESS":null,"DCGIS.ADDRESSES_PT.WARD":"Ward 2","DCGIS.ADDRESSES_PT.SMD":"SMD 2C01","DCGIS.ADDRESSES_PT.ANC":"ANC 2C","MAR.VW_PLACE_NAME_CATEGORIES.CATEGORY":"MUSEUM / ZOO","DCGIS.PLACE_NAMES_PT.STATUS":"ACTIVE","DCGIS.PLACE_NAMES_PT.PLACE_NAME_ID":3440,"DCGIS.PLACE_NAMES_PT.MAR_ID":294248,"DCGIS.PLACE_NAMES_PT.BEFORE_DATE":null,"DCGIS.PLACE_NAMES_PT.BEFORE_DATE_SOURCE":null,"DCGIS.PLACE_NAMES_PT.BEGIN_DATE":null,"DCGIS.PLACE_NAMES_PT.BEGIN_DATE_SOURCE":null,"DCGIS.PLACE_NAMES_PT.FIRST_KNOWN_DATE":null,"DCGIS.PLACE_NAMES_PT.FIRST_KNOWN_DATE_SOURCE":null,"DCGIS.PLACE_NAMES_PT.CREATED_DATE":1124106359000,"DCGIS.PLACE_NAMES_PT.LAST_EDITED_DATE":1124106359000,"DCGIS.PLACE_NAMES_PT.SE_ANNO_CAD_DATA":null,"DCGIS.PLACE_NAMES_PT.OBJECTID":32433593,"DCGIS.ADDRESSES_PT.OBJECTID":217204310,"DCGIS.ADDRESSES_PT.SE_ANNO_CAD_DATA":null}},{"type":"Feature","id":32433594,"geometry":{"type":"Point","coordinates":[-77.022974395928458,38.898188438639536]},"properties":{"DCGIS.PLACE_NAMES_PT.NAME":"DONALD W. REYNOLDS CENTER FOR AMERICAN ART AND PORTRAITURE","DCGIS.ADDRESSES_PT.ADDRESS":null,"DCGIS.ADDRESSES_PT.WARD":"Ward 2","DCGIS.ADDRESSES_PT.SMD":"SMD 2C01","DCGIS.ADDRESSES_PT.ANC":"ANC 2C","MAR.VW_PLACE_NAME_CATEGORIES.CATEGORY":"MUSEUM / ZOO","DCGIS.PLACE_NAMES_PT.STATUS":"ACTIVE","DCGIS.PLACE_NAMES_PT.PLACE_NAME_ID":10141,"DCGIS.PLACE_NAMES_PT.MAR_ID":294248,"DCGIS.PLACE_NAMES_PT.BEFORE_DATE":null,"DCGIS.PLACE_NAMES_PT.BEFORE_DATE_SOURCE":null,"DCGIS.PLACE_NAMES_PT.BEGIN_DATE":null,"DCGIS.PLACE_NAMES_PT.BEGIN_DATE_SOURCE":null,"DCGIS.PLACE_NAMES_PT.FIRST_KNOWN_DATE":null,"DCGIS.PLACE_NAMES_PT.FIRST_KNOWN_DATE_SOURCE":null,"DCGIS.PLACE_NAMES_PT.CREATED_DATE":1301392268000,"DCGIS.PLACE_NAMES_PT.LAST_EDITED_DATE":1301392268000,"DCGIS.PLACE_NAMES_PT.SE_ANNO_CAD_DATA":null,"DCGIS.PLACE_NAMES_PT.OBJECTID":32433594,"DCGIS.ADDRESSES_PT.OBJECTID":217204310,"DCGIS.ADDRESSES_PT.SE_ANNO_CAD_DATA":null}},{"type":"Feature","id":32433595,"geometry":{"type":"Point","coordinates":[-77.022974395928458,38.898188438639536]},"properties":{"DCGIS.PLACE_NAMES_PT.NAME":"SMITHSONIAN AMERICAN ART MUSEUM","DCGIS.ADDRESSES_PT.ADDRESS":null,"DCGIS.ADDRESSES_PT.WARD":"Ward 2","DCGIS.ADDRESSES_PT.SMD":"SMD 2C01","DCGIS.ADDRESSES_PT.ANC":"ANC 2C","MAR.VW_PLACE_NAME_CATEGORIES.CATEGORY":"MUSEUM / ZOO","DCGIS.PLACE_NAMES_PT.STATUS":"ACTIVE","DCGIS.PLACE_NAMES_PT.PLACE_NAME_ID":12539,"DCGIS.PLACE_NAMES_PT.MAR_ID":294248,"DCGIS.PLACE_NAMES_PT.BEFORE_DATE":null,"DCGIS.PLACE_NAMES_PT.BEFORE_DATE_SOURCE":null,"DCGIS.PLACE_NAMES_PT.BEGIN_DATE":null,"DCGIS.PLACE_NAMES_PT.BEGIN_DATE_SOURCE":null,"DCGIS.PLACE_NAMES_PT.FIRST_KNOWN_DATE":null,"DCGIS.PLACE_NAMES_PT.FIRST_KNOWN_DATE_SOURCE":null,"DCGIS.PLACE_NAMES_PT.CREATED_DATE":1347631693000,"DCGIS.PLACE_NAMES_PT.LAST_EDITED_DATE":1347631693000,"DCGIS.PLACE_NAMES_PT.SE_ANNO_CAD_DATA":null,"DCGIS.PLACE_NAMES_PT.OBJECTID":32433595,"DCGIS.ADDRESSES_PT.OBJECTID":217204310,"DCGIS.ADDRESSES_PT.SE_ANNO_CAD_DATA":null}},{"type":"Feature","id":32433721,"geometry":{"type":"Point","coordinates":[-77.027349814909755,38.888275675013418]},"properties":{"DCGIS.PLACE_NAMES_PT.NAME":"FREER GALLERY OF ART","DCGIS.ADDRESSES_PT.ADDRESS":null,"DCGIS.ADDRESSES_PT.WARD":"Ward 2","DCGIS.ADDRESSES_PT.SMD":"SMD 2C03","DCGIS.ADDRESSES_PT.ANC":"ANC 2C","MAR.VW_PLACE_NAME_CATEGORIES.CATEGORY":"MUSEUM / ZOO","DCGIS.PLACE_NAMES_PT.STATUS":"ACTIVE","DCGIS.PLACE_NAMES_PT.PLACE_NAME_ID":11246,"DCGIS.PLACE_NAMES_PT.MAR_ID":294417,"DCGIS.PLACE_NAMES_PT.BEFORE_DATE":null,"DCGIS.PLACE_NAMES_PT.BEFORE_DATE_SOURCE":null,"DCGIS.PLACE_NAMES_PT.BEGIN_DATE":null,"DCGIS.PLACE_NAMES_PT.BEGIN_DATE_SOURCE":null,"DCGIS.PLACE_NAMES_PT.FIRST_KNOWN_DATE":null,"DCGIS.PLACE_NAMES_PT.FIRST_KNOWN_DATE_SOURCE":null,"DCGIS.PLACE_NAMES_PT.CREATED_DATE":1318337651000,"DCGIS.PLACE_NAMES_PT.LAST_EDITED_DATE":1318337651000,"DCGIS.PLACE_NAMES_PT.SE_ANNO_CAD_DATA":null,"DCGIS.PLACE_NAMES_PT.OBJECTID":32433721,"DCGIS.ADDRESSES_PT.OBJECTID":217204684,"DCGIS.ADDRESSES_PT.SE_ANNO_CAD_DATA":null}},{"type":"Feature","id":32433730,"geometry":{"type":"Point","coordinates":[-77.022962834025549,38.888414267954737]},"properties":{"DCGIS.PLACE_NAMES_PT.NAME":"HIRSHHORN MUSEUM AND SCULPTURE GARDEN","DCGIS.ADDRESSES_PT.ADDRESS":null,"DCGIS.ADDRESSES_PT.WARD":"Ward 2","DCGIS.ADDRESSES_PT.SMD":"SMD 2C03","DCGIS.ADDRESSES_PT.ANC":"ANC 2C","MAR.VW_PLACE_NAME_CATEGORIES.CATEGORY":"MUSEUM / ZOO","DCGIS.PLACE_NAMES_PT.STATUS":"ACTIVE","DCGIS.PLACE_NAMES_PT.PLACE_NAME_ID":3638,"DCGIS.PLACE_NAMES_PT.MAR_ID":294428,"DCGIS.PLACE_NAMES_PT.BEFORE_DATE":null,"DCGIS.PLACE_NAMES_PT.BEFORE_DATE_SOURCE":null,"DCGIS.PLACE_NAMES_PT.BEGIN_DATE":null,"DCGIS.PLACE_NAMES_PT.BEGIN_DATE_SOURCE":null,"DCGIS.PLACE_NAMES_PT.FIRST_KNOWN_DATE":null,"DCGIS.PLACE_NAMES_PT.FIRST_KNOWN_DATE_SOURCE":null,"DCGIS.PLACE_NAMES_PT.CREATED_DATE":1124106359000,"DCGIS.PLACE_NAMES_PT.LAST_EDITED_DATE":1124106359000,"DCGIS.PLACE_NAMES_PT.SE_ANNO_CAD_DATA":null,"DCGIS.PLACE_NAMES_PT.OBJECTID":32433730,"DCGIS.ADDRESSES_PT.OBJECTID":217203254,"DCGIS.ADDRESSES_PT.SE_ANNO_CAD_DATA":null}},{"type":"Feature","id":32433731,"geometry":{"type":"Point","coordinates":[-77.016682449550615,38.888257597177173]},"properties":{"DCGIS.PLACE_NAMES_PT.NAME":"NATIONAL MUSEUM OF THE AMERICAN INDIAN","DCGIS.ADDRESSES_PT.ADDRESS":null,"DCGIS.ADDRESSES_PT.WARD":"Ward 2","DCGIS.ADDRESSES_PT.SMD":"SMD 2C03","DCGIS.ADDRESSES_PT.ANC":"ANC 2C","MAR.VW_PLACE_NAME_CATEGORIES.CATEGORY":"MUSEUM / ZOO","DCGIS.PLACE_NAMES_PT.STATUS":"ACTIVE","DCGIS.PLACE_NAMES_PT.PLACE_NAME_ID":3639,"DCGIS.PLACE_NAMES_PT.MAR_ID":294429,"DCGIS.PLACE_NAMES_PT.BEFORE_DATE":null,"DCGIS.PLACE_NAMES_PT.BEFORE_DATE_SOURCE":null,"DCGIS.PLACE_NAMES_PT.BEGIN_DATE":null,"DCGIS.PLACE_NAMES_PT.BEGIN_DATE_SOURCE":null,"DCGIS.PLACE_NAMES_PT.FIRST_KNOWN_DATE":null,"DCGIS.PLACE_NAMES_PT.FIRST_KNOWN_DATE_SOURCE":null,"DCGIS.PLACE_NAMES_PT.CREATED_DATE":1124106359000,"DCGIS.PLACE_NAMES_PT.LAST_EDITED_DATE":1124106359000,"DCGIS.PLACE_NAMES_PT.SE_ANNO_CAD_DATA":null,"DCGIS.PLACE_NAMES_PT.OBJECTID":32433731,"DCGIS.ADDRESSES_PT.OBJECTID":217117529,"DCGIS.ADDRESSES_PT.SE_ANNO_CAD_DATA":null}},{"type":"Feature","id":32433820,"geometry":{"type":"Point","coordinates":[-77.053916834352222,38.931346683840104]},"properties":{"DCGIS.PLACE_NAMES_PT.NAME":"NATIONAL ZOO CHEETAH CONSERVATION STATION","DCGIS.ADDRESSES_PT.ADDRESS":null,"DCGIS.ADDRESSES_PT.WARD":"Ward 3","DCGIS.ADDRESSES_PT.SMD":"SMD 3C03","DCGIS.ADDRESSES_PT.ANC":"ANC 3C","MAR.VW_PLACE_NAME_CATEGORIES.CATEGORY":"MUSEUM / ZOO","DCGIS.PLACE_NAMES_PT.STATUS":"ACTIVE","DCGIS.PLACE_NAMES_PT.PLACE_NAME_ID":7116,"DCGIS.PLACE_NAMES_PT.MAR_ID":301361,"DCGIS.PLACE_NAMES_PT.BEFORE_DATE":null,"DCGIS.PLACE_NAMES_PT.BEFORE_DATE_SOURCE":null,"DCGIS.PLACE_NAMES_PT.BEGIN_DATE":null,"DCGIS.PLACE_NAMES_PT.BEGIN_DATE_SOURCE":null,"DCGIS.PLACE_NAMES_PT.FIRST_KNOWN_DATE":null,"DCGIS.PLACE_NAMES_PT.FIRST_KNOWN_DATE_SOURCE":null,"DCGIS.PLACE_NAMES_PT.CREATED_DATE":1147576510000,"DCGIS.PLACE_NAMES_PT.LAST_EDITED_DATE":1147576510000,"DCGIS.PLACE_NAMES_PT.SE_ANNO_CAD_DATA":null,"DCGIS.PLACE_NAMES_PT.OBJECTID":32433820,"DCGIS.ADDRESSES_PT.OBJECTID":217204857,"DCGIS.ADDRESSES_PT.SE_ANNO_CAD_DATA":null}},{"type":"Feature","id":32433821,"geometry":{"type":"Point","coordinates":[-77.053568964855572,38.931618804676098]},"properties":{"DCGIS.PLACE_NAMES_PT.NAME":"NATIONAL ZOO ZEBRAS","DCGIS.ADDRESSES_PT.ADDRESS":null,"DCGIS.ADDRESSES_PT.WARD":"Ward 3","DCGIS.ADDRESSES_PT.SMD":"SMD 3C03","DCGIS.ADDRESSES_PT.ANC":"ANC 3C","MAR.VW_PLACE_NAME_CATEGORIES.CATEGORY":"MUSEUM / ZOO","DCGIS.PLACE_NAMES_PT.STATUS":"ACTIVE","DCGIS.PLACE_NAMES_PT.PLACE_NAME_ID":7117,"DCGIS.PLACE_NAMES_PT.MAR_ID":301362,"DCGIS.PLACE_NAMES_PT.BEFORE_DATE":null,"DCGIS.PLACE_NAMES_PT.BEFORE_DATE_SOURCE":null,"DCGIS.PLACE_NAMES_PT.BEGIN_DATE":null,"DCGIS.PLACE_NAMES_PT.BEGIN_DATE_SOURCE":null,"DCGIS.PLACE_NAMES_PT.FIRST_KNOWN_DATE":null,"DCGIS.PLACE_NAMES_PT.FIRST_KNOWN_DATE_SOURCE":null,"DCGIS.PLACE_NAMES_PT.CREATED_DATE":1147576510000,"DCGIS.PLACE_NAMES_PT.LAST_EDITED_DATE":1147576510000,"DCGIS.PLACE_NAMES_PT.SE_ANNO_CAD_DATA":null,"DCGIS.PLACE_NAMES_PT.OBJECTID":32433821,"DCGIS.ADDRESSES_PT.OBJECTID":217203909,"DCGIS.ADDRESSES_PT.SE_ANNO_CAD_DATA":null}},{"type":"Feature","id":32433822,"geometry":{"type":"Point","coordinates":[-77.0532438920728,38.931841818794041]},"properties":{"DCGIS.PLACE_NAMES_PT.NAME":"NATIONAL ZOO KANGAROOS","DCGIS.ADDRESSES_PT.ADDRESS":null,"DCGIS.ADDRESSES_PT.WARD":"Ward 3","DCGIS.ADDRESSES_PT.SMD":"SMD 3C03","DCGIS.ADDRESSES_PT.ANC":"ANC 3C","MAR.VW_PLACE_NAME_CATEGORIES.CATEGORY":"MUSEUM / ZOO","DCGIS.PLACE_NAMES_PT.STATUS":"ACTIVE","DCGIS.PLACE_NAMES_PT.PLACE_NAME_ID":7118,"DCGIS.PLACE_NAMES_PT.MAR_ID":301363,"DCGIS.PLACE_NAMES_PT.BEFORE_DATE":null,"DCGIS.PLACE_NAMES_PT.BEFORE_DATE_SOURCE":null,"DCGIS.PLACE_NAMES_PT.BEGIN_DATE":null,"DCGIS.PLACE_NAMES_PT.BEGIN_DATE_SOURCE":null,"DCGIS.PLACE_NAMES_PT.FIRST_KNOWN_DATE":null,"DCGIS.PLACE_NAMES_PT.FIRST_KNOWN_DATE_SOURCE":null,"DCGIS.PLACE_NAMES_PT.CREATED_DATE":1147576510000,"DCGIS.PLACE_NAMES_PT.LAST_EDITED_DATE":1147576510000,"DCGIS.PLACE_NAMES_PT.SE_ANNO_CAD_DATA":null,"DCGIS.PLACE_NAMES_PT.OBJECTID":32433822,"DCGIS.ADDRESSES_PT.OBJECTID":217203200,"DCGIS.ADDRESSES_PT.SE_ANNO_CAD_DATA":null}},{"type":"Feature","id":32433823,"geometry":{"type":"Point","coordinates":[-77.052827011904284,38.931131342422816]},"properties":{"DCGIS.PLACE_NAMES_PT.NAME":"NATIONAL ZOO FUJIFILM GIANT PANDA HABITAT","DCGIS.ADDRESSES_PT.ADDRESS":null,"DCGIS.ADDRESSES_PT.WARD":"Ward 3","DCGIS.ADDRESSES_PT.SMD":"SMD 3C03","DCGIS.ADDRESSES_PT.ANC":"ANC 3C","MAR.VW_PLACE_NAME_CATEGORIES.CATEGORY":"MUSEUM / ZOO","DCGIS.PLACE_NAMES_PT.STATUS":"ACTIVE","DCGIS.PLACE_NAMES_PT.PLACE_NAME_ID":7119,"DCGIS.PLACE_NAMES_PT.MAR_ID":301364,"DCGIS.PLACE_NAMES_PT.BEFORE_DATE":null,"DCGIS.PLACE_NAMES_PT.BEFORE_DATE_SOURCE":null,"DCGIS.PLACE_NAMES_PT.BEGIN_DATE":null,"DCGIS.PLACE_NAMES_PT.BEGIN_DATE_SOURCE":null,"DCGIS.PLACE_NAMES_PT.FIRST_KNOWN_DATE":null,"DCGIS.PLACE_NAMES_PT.FIRST_KNOWN_DATE_SOURCE":null,"DCGIS.PLACE_NAMES_PT.CREATED_DATE":1147576510000,"DCGIS.PLACE_NAMES_PT.LAST_EDITED_DATE":1147576510000,"DCGIS.PLACE_NAMES_PT.SE_ANNO_CAD_DATA":null,"DCGIS.PLACE_NAMES_PT.OBJECTID":32433823,"DCGIS.ADDRESSES_PT.OBJECTID":217204283,"DCGIS.ADDRESSES_PT.SE_ANNO_CAD_DATA":null}},{"type":"Feature","id":32433824,"geometry":{"type":"Point","coordinates":[-77.052689985325102,38.93142750742917]},"properties":{"DCGIS.PLACE_NAMES_PT.NAME":"NATIONAL ZOO PANDA CAFE","DCGIS.ADDRESSES_PT.ADDRESS":null,"DCGIS.ADDRESSES_PT.WARD":"Ward 3","DCGIS.ADDRESSES_PT.SMD":"SMD 3C03","DCGIS.ADDRESSES_PT.ANC":"ANC 3C","MAR.VW_PLACE_NAME_CATEGORIES.CATEGORY":"MUSEUM / ZOO","DCGIS.PLACE_NAMES_PT.STATUS":"ACTIVE","DCGIS.PLACE_NAMES_PT.PLACE_NAME_ID":7120,"DCGIS.PLACE_NAMES_PT.MAR_ID":301365,"DCGIS.PLACE_NAMES_PT.BEFORE_DATE":null,"DCGIS.PLACE_NAMES_PT.BEFORE_DATE_SOURCE":null,"DCGIS.PLACE_NAMES_PT.BEGIN_DATE":null,"DCGIS.PLACE_NAMES_PT.BEGIN_DATE_SOURCE":null,"DCGIS.PLACE_NAMES_PT.FIRST_KNOWN_DATE":null,"DCGIS.PLACE_NAMES_PT.FIRST_KNOWN_DATE_SOURCE":null,"DCGIS.PLACE_NAMES_PT.CREATED_DATE":1147576510000,"DCGIS.PLACE_NAMES_PT.LAST_EDITED_DATE":1147576510000,"DCGIS.PLACE_NAMES_PT.SE_ANNO_CAD_DATA":null,"DCGIS.PLACE_NAMES_PT.OBJECTID":32433824,"DCGIS.ADDRESSES_PT.OBJECTID":217219065,"DCGIS.ADDRESSES_PT.SE_ANNO_CAD_DATA":null}},{"type":"Feature","id":32433825,"geometry":{"type":"Point","coordinates":[-77.052562850113546,38.929341509984475]},"properties":{"DCGIS.PLACE_NAMES_PT.NAME":"NATIONAL ZOO GREAT FLIGHT EXHIBIT","DCGIS.ADDRESSES_PT.ADDRESS":null,"DCGIS.ADDRESSES_PT.WARD":"Ward 3","DCGIS.ADDRESSES_PT.SMD":"SMD 3C03","DCGIS.ADDRESSES_PT.ANC":"ANC 3C","MAR.VW_PLACE_NAME_CATEGORIES.CATEGORY":"MUSEUM / ZOO","DCGIS.PLACE_NAMES_PT.STATUS":"ACTIVE","DCGIS.PLACE_NAMES_PT.PLACE_NAME_ID":7121,"DCGIS.PLACE_NAMES_PT.MAR_ID":301366,"DCGIS.PLACE_NAMES_PT.BEFORE_DATE":null,"DCGIS.PLACE_NAMES_PT.BEFORE_DATE_SOURCE":null,"DCGIS.PLACE_NAMES_PT.BEGIN_DATE":null,"DCGIS.PLACE_NAMES_PT.BEGIN_DATE_SOURCE":null,"DCGIS.PLACE_NAMES_PT.FIRST_KNOWN_DATE":null,"DCGIS.PLACE_NAMES_PT.FIRST_KNOWN_DATE_SOURCE":null,"DCGIS.PLACE_NAMES_PT.CREATED_DATE":1147576510000,"DCGIS.PLACE_NAMES_PT.LAST_EDITED_DATE":1147576510000,"DCGIS.PLACE_NAMES_PT.SE_ANNO_CAD_DATA":null,"DCGIS.PLACE_NAMES_PT.OBJECTID":32433825,"DCGIS.ADDRESSES_PT.OBJECTID":217258633,"DCGIS.ADDRESSES_PT.SE_ANNO_CAD_DATA":null}},{"type":"Feature","id":32433826,"geometry":{"type":"Point","coordinates":[-77.05251342602439,38.931917909170714]},"properties":{"DCGIS.PLACE_NAMES_PT.NAME":"NATIONAL ZOO RESTROOMS","DCGIS.ADDRESSES_PT.ADDRESS":null,"DCGIS.ADDRESSES_PT.WARD":"Ward 3","DCGIS.ADDRESSES_PT.SMD":"SMD 3C03","DCGIS.ADDRESSES_PT.ANC":"ANC 3C","MAR.VW_PLACE_NAME_CATEGORIES.CATEGORY":"MUSEUM / ZOO","DCGIS.PLACE_NAMES_PT.STATUS":"ACTIVE","DCGIS.PLACE_NAMES_PT.PLACE_NAME_ID":7122,"DCGIS.PLACE_NAMES_PT.MAR_ID":301367,"DCGIS.PLACE_NAMES_PT.BEFORE_DATE":null,"DCGIS.PLACE_NAMES_PT.BEFORE_DATE_SOURCE":null,"DCGIS.PLACE_NAMES_PT.BEGIN_DATE":null,"DCGIS.PLACE_NAMES_PT.BEGIN_DATE_SOURCE":null,"DCGIS.PLACE_NAMES_PT.FIRST_KNOWN_DATE":null,"DCGIS.PLACE_NAMES_PT.FIRST_KNOWN_DATE_SOURCE":null,"DCGIS.PLACE_NAMES_PT.CREATED_DATE":1147576510000,"DCGIS.PLACE_NAMES_PT.LAST_EDITED_DATE":1147576510000,"DCGIS.PLACE_NAMES_PT.SE_ANNO_CAD_DATA":null,"DCGIS.PLACE_NAMES_PT.OBJECTID":32433826,"DCGIS.ADDRESSES_PT.OBJECTID":217232563,"DCGIS.ADDRESSES_PT.SE_ANNO_CAD_DATA":null}},{"type":"Feature","id":32433827,"geometry":{"type":"Point","coordinates":[-77.051890895972448,38.931973678412291]},"properties":{"DCGIS.PLACE_NAMES_PT.NAME":"NATIONAL ZOO PANDA PAVILION","DCGIS.ADDRESSES_PT.ADDRESS":null,"DCGIS.ADDRESSES_PT.WARD":"Ward 3","DCGIS.ADDRESSES_PT.SMD":"SMD 3C03","DCGIS.ADDRESSES_PT.ANC":"ANC 3C","MAR.VW_PLACE_NAME_CATEGORIES.CATEGORY":"MUSEUM / ZOO","DCGIS.PLACE_NAMES_PT.STATUS":"ACTIVE","DCGIS.PLACE_NAMES_PT.PLACE_NAME_ID":7123,"DCGIS.PLACE_NAMES_PT.MAR_ID":301368,"DCGIS.PLACE_NAMES_PT.BEFORE_DATE":null,"DCGIS.PLACE_NAMES_PT.BEFORE_DATE_SOURCE":null,"DCGIS.PLACE_NAMES_PT.BEGIN_DATE":null,"DCGIS.PLACE_NAMES_PT.BEGIN_DATE_SOURCE":null,"DCGIS.PLACE_NAMES_PT.FIRST_KNOWN_DATE":null,"DCGIS.PLACE_NAMES_PT.FIRST_KNOWN_DATE_SOURCE":null,"DCGIS.PLACE_NAMES_PT.CREATED_DATE":1147576510000,"DCGIS.PLACE_NAMES_PT.LAST_EDITED_DATE":1147576510000,"DCGIS.PLACE_NAMES_PT.SE_ANNO_CAD_DATA":null,"DCGIS.PLACE_NAMES_PT.OBJECTID":32433827,"DCGIS.ADDRESSES_PT.OBJECTID":217203573,"DCGIS.ADDRESSES_PT.SE_ANNO_CAD_DATA":null}},{"type":"Feature","id":32433828,"geometry":{"type":"Point","coordinates":[-77.05195841206357,38.929979208480987]},"properties":{"DCGIS.PLACE_NAMES_PT.NAME":"NATIONAL ZOO WETLANDS","DCGIS.ADDRESSES_PT.ADDRESS":null,"DCGIS.ADDRESSES_PT.WARD":"Ward 3","DCGIS.ADDRESSES_PT.SMD":"SMD 3C03","DCGIS.ADDRESSES_PT.ANC":"ANC 3C","MAR.VW_PLACE_NAME_CATEGORIES.CATEGORY":"MUSEUM / ZOO","DCGIS.PLACE_NAMES_PT.STATUS":"ACTIVE","DCGIS.PLACE_NAMES_PT.PLACE_NAME_ID":7124,"DCGIS.PLACE_NAMES_PT.MAR_ID":301369,"DCGIS.PLACE_NAMES_PT.BEFORE_DATE":null,"DCGIS.PLACE_NAMES_PT.BEFORE_DATE_SOURCE":null,"DCGIS.PLACE_NAMES_PT.BEGIN_DATE":null,"DCGIS.PLACE_NAMES_PT.BEGIN_DATE_SOURCE":null,"DCGIS.PLACE_NAMES_PT.FIRST_KNOWN_DATE":null,"DCGIS.PLACE_NAMES_PT.FIRST_KNOWN_DATE_SOURCE":null,"DCGIS.PLACE_NAMES_PT.CREATED_DATE":1147576510000,"DCGIS.PLACE_NAMES_PT.LAST_EDITED_DATE":1147576510000,"DCGIS.PLACE_NAMES_PT.SE_ANNO_CAD_DATA":null,"DCGIS.PLACE_NAMES_PT.OBJECTID":32433828,"DCGIS.ADDRESSES_PT.OBJECTID":217258634,"DCGIS.ADDRESSES_PT.SE_ANNO_CAD_DATA":null}},{"type":"Feature","id":32433829,"geometry":{"type":"Point","coordinates":[-77.051953861904806,38.931490264568488]},"properties":{"DCGIS.PLACE_NAMES_PT.NAME":"NATIONAL ZOO GIRAFFES","DCGIS.ADDRESSES_PT.ADDRESS":null,"DCGIS.ADDRESSES_PT.WARD":"Ward 3","DCGIS.ADDRESSES_PT.SMD":"SMD 3C03","DCGIS.ADDRESSES_PT.ANC":"ANC 3C","MAR.VW_PLACE_NAME_CATEGORIES.CATEGORY":"MUSEUM / ZOO","DCGIS.PLACE_NAMES_PT.STATUS":"ACTIVE","DCGIS.PLACE_NAMES_PT.PLACE_NAME_ID":7125,"DCGIS.PLACE_NAMES_PT.MAR_ID":301370,"DCGIS.PLACE_NAMES_PT.BEFORE_DATE":null,"DCGIS.PLACE_NAMES_PT.BEFORE_DATE_SOURCE":null,"DCGIS.PLACE_NAMES_PT.BEGIN_DATE":null,"DCGIS.PLACE_NAMES_PT.BEGIN_DATE_SOURCE":null,"DCGIS.PLACE_NAMES_PT.FIRST_KNOWN_DATE":null,"DCGIS.PLACE_NAMES_PT.FIRST_KNOWN_DATE_SOURCE":null,"DCGIS.PLACE_NAMES_PT.CREATED_DATE":1147576510000,"DCGIS.PLACE_NAMES_PT.LAST_EDITED_DATE":1147576510000,"DCGIS.PLACE_NAMES_PT.SE_ANNO_CAD_DATA":null,"DCGIS.PLACE_NAMES_PT.OBJECTID":32433829,"DCGIS.ADDRESSES_PT.OBJECTID":217204146,"DCGIS.ADDRESSES_PT.SE_ANNO_CAD_DATA":null}},{"type":"Feature","id":32433830,"geometry":{"type":"Point","coordinates":[-77.051866871175179,38.929546850142536]},"properties":{"DCGIS.PLACE_NAMES_PT.NAME":"NATIONAL ZOO BIRD HOUSE","DCGIS.ADDRESSES_PT.ADDRESS":null,"DCGIS.ADDRESSES_PT.WARD":"Ward 3","DCGIS.ADDRESSES_PT.SMD":"SMD 3C03","DCGIS.ADDRESSES_PT.ANC":"ANC 3C","MAR.VW_PLACE_NAME_CATEGORIES.CATEGORY":"MUSEUM / ZOO","DCGIS.PLACE_NAMES_PT.STATUS":"ACTIVE","DCGIS.PLACE_NAMES_PT.PLACE_NAME_ID":7126,"DCGIS.PLACE_NAMES_PT.MAR_ID":301371,"DCGIS.PLACE_NAMES_PT.BEFORE_DATE":null,"DCGIS.PLACE_NAMES_PT.BEFORE_DATE_SOURCE":null,"DCGIS.PLACE_NAMES_PT.BEGIN_DATE":null,"DCGIS.PLACE_NAMES_PT.BEGIN_DATE_SOURCE":null,"DCGIS.PLACE_NAMES_PT.FIRST_KNOWN_DATE":null,"DCGIS.PLACE_NAMES_PT.FIRST_KNOWN_DATE_SOURCE":null,"DCGIS.PLACE_NAMES_PT.CREATED_DATE":1147576510000,"DCGIS.PLACE_NAMES_PT.LAST_EDITED_DATE":1147576510000,"DCGIS.PLACE_NAMES_PT.SE_ANNO_CAD_DATA":null,"DCGIS.PLACE_NAMES_PT.OBJECTID":32433830,"DCGIS.ADDRESSES_PT.OBJECTID":217204281,"DCGIS.ADDRESSES_PT.SE_ANNO_CAD_DATA":null}},{"type":"Feature","id":32433831,"geometry":{"type":"Point","coordinates":[-77.051165997964347,38.93113397316209]},"properties":{"DCGIS.PLACE_NAMES_PT.NAME":"NATIONAL ZOO ELEPHANT HOUSE","DCGIS.ADDRESSES_PT.ADDRESS":null,"DCGIS.ADDRESSES_PT.WARD":"Ward 3","DCGIS.ADDRESSES_PT.SMD":"SMD 3C03","DCGIS.ADDRESSES_PT.ANC":"ANC 3C","MAR.VW_PLACE_NAME_CATEGORIES.CATEGORY":"MUSEUM / ZOO","DCGIS.PLACE_NAMES_PT.STATUS":"ACTIVE","DCGIS.PLACE_NAMES_PT.PLACE_NAME_ID":7127,"DCGIS.PLACE_NAMES_PT.MAR_ID":301372,"DCGIS.PLACE_NAMES_PT.BEFORE_DATE":null,"DCGIS.PLACE_NAMES_PT.BEFORE_DATE_SOURCE":null,"DCGIS.PLACE_NAMES_PT.BEGIN_DATE":null,"DCGIS.PLACE_NAMES_PT.BEGIN_DATE_SOURCE":null,"DCGIS.PLACE_NAMES_PT.FIRST_KNOWN_DATE":null,"DCGIS.PLACE_NAMES_PT.FIRST_KNOWN_DATE_SOURCE":null,"DCGIS.PLACE_NAMES_PT.CREATED_DATE":1147576510000,"DCGIS.PLACE_NAMES_PT.LAST_EDITED_DATE":1147576510000,"DCGIS.PLACE_NAMES_PT.SE_ANNO_CAD_DATA":null,"DCGIS.PLACE_NAMES_PT.OBJECTID":32433831,"DCGIS.ADDRESSES_PT.OBJECTID":217204149,"DCGIS.ADDRESSES_PT.SE_ANNO_CAD_DATA":null}},{"type":"Feature","id":32433832,"geometry":{"type":"Point","coordinates":[-77.050950290864435,38.930438445645507]},"properties":{"DCGIS.PLACE_NAMES_PT.NAME":"NATIONAL ZOO RESTROOMS","DCGIS.ADDRESSES_PT.ADDRESS":null,"DCGIS.ADDRESSES_PT.WARD":"Ward 3","DCGIS.ADDRESSES_PT.SMD":"SMD 3C03","DCGIS.ADDRESSES_PT.ANC":"ANC 3C","MAR.VW_PLACE_NAME_CATEGORIES.CATEGORY":"MUSEUM / ZOO","DCGIS.PLACE_NAMES_PT.STATUS":"ACTIVE","DCGIS.PLACE_NAMES_PT.PLACE_NAME_ID":7128,"DCGIS.PLACE_NAMES_PT.MAR_ID":301373,"DCGIS.PLACE_NAMES_PT.BEFORE_DATE":null,"DCGIS.PLACE_NAMES_PT.BEFORE_DATE_SOURCE":null,"DCGIS.PLACE_NAMES_PT.BEGIN_DATE":null,"DCGIS.PLACE_NAMES_PT.BEGIN_DATE_SOURCE":null,"DCGIS.PLACE_NAMES_PT.FIRST_KNOWN_DATE":null,"DCGIS.PLACE_NAMES_PT.FIRST_KNOWN_DATE_SOURCE":null,"DCGIS.PLACE_NAMES_PT.CREATED_DATE":1147576510000,"DCGIS.PLACE_NAMES_PT.LAST_EDITED_DATE":1147576510000,"DCGIS.PLACE_NAMES_PT.SE_ANNO_CAD_DATA":null,"DCGIS.PLACE_NAMES_PT.OBJECTID":32433832,"DCGIS.ADDRESSES_PT.OBJECTID":217203567,"DCGIS.ADDRESSES_PT.SE_ANNO_CAD_DATA":null}},{"type":"Feature","id":32433833,"geometry":{"type":"Point","coordinates":[-77.050874966951852,38.931067258551437]},"properties":{"DCGIS.PLACE_NAMES_PT.NAME":"NATIONAL ZOO HIPPOPOTAMUS","DCGIS.ADDRESSES_PT.ADDRESS":null,"DCGIS.ADDRESSES_PT.WARD":"Ward 3","DCGIS.ADDRESSES_PT.SMD":"SMD 3C03","DCGIS.ADDRESSES_PT.ANC":"ANC 3C","MAR.VW_PLACE_NAME_CATEGORIES.CATEGORY":"MUSEUM / ZOO","DCGIS.PLACE_NAMES_PT.STATUS":"ACTIVE","DCGIS.PLACE_NAMES_PT.PLACE_NAME_ID":7129,"DCGIS.PLACE_NAMES_PT.MAR_ID":301374,"DCGIS.PLACE_NAMES_PT.BEFORE_DATE":null,"DCGIS.PLACE_NAMES_PT.BEFORE_DATE_SOURCE":null,"DCGIS.PLACE_NAMES_PT.BEGIN_DATE":null,"DCGIS.PLACE_NAMES_PT.BEGIN_DATE_SOURCE":null,"DCGIS.PLACE_NAMES_PT.FIRST_KNOWN_DATE":null,"DCGIS.PLACE_NAMES_PT.FIRST_KNOWN_DATE_SOURCE":null,"DCGIS.PLACE_NAMES_PT.CREATED_DATE":1147576510000,"DCGIS.PLACE_NAMES_PT.LAST_EDITED_DATE":1147576510000,"DCGIS.PLACE_NAMES_PT.SE_ANNO_CAD_DATA":null,"DCGIS.PLACE_NAMES_PT.OBJECTID":32433833,"DCGIS.ADDRESSES_PT.OBJECTID":217204147,"DCGIS.ADDRESSES_PT.SE_ANNO_CAD_DATA":null}},{"type":"Feature","id":32433834,"geometry":{"type":"Point","coordinates":[-77.050469259238952,38.930296323045035]},"properties":{"DCGIS.PLACE_NAMES_PT.NAME":"NATIONAL ZOO GOLDEN LION TAMARINS","DCGIS.ADDRESSES_PT.ADDRESS":null,"DCGIS.ADDRESSES_PT.WARD":"Ward 3","DCGIS.ADDRESSES_PT.SMD":"SMD 3C03","DCGIS.ADDRESSES_PT.ANC":"ANC 3C","MAR.VW_PLACE_NAME_CATEGORIES.CATEGORY":"MUSEUM / ZOO","DCGIS.PLACE_NAMES_PT.STATUS":"ACTIVE","DCGIS.PLACE_NAMES_PT.PLACE_NAME_ID":7130,"DCGIS.PLACE_NAMES_PT.MAR_ID":301375,"DCGIS.PLACE_NAMES_PT.BEFORE_DATE":null,"DCGIS.PLACE_NAMES_PT.BEFORE_DATE_SOURCE":null,"DCGIS.PLACE_NAMES_PT.BEGIN_DATE":null,"DCGIS.PLACE_NAMES_PT.BEGIN_DATE_SOURCE":null,"DCGIS.PLACE_NAMES_PT.FIRST_KNOWN_DATE":null,"DCGIS.PLACE_NAMES_PT.FIRST_KNOWN_DATE_SOURCE":null,"DCGIS.PLACE_NAMES_PT.CREATED_DATE":1147576510000,"DCGIS.PLACE_NAMES_PT.LAST_EDITED_DATE":1147576510000,"DCGIS.PLACE_NAMES_PT.SE_ANNO_CAD_DATA":null,"DCGIS.PLACE_NAMES_PT.OBJECTID":32433834,"DCGIS.ADDRESSES_PT.OBJECTID":217203571,"DCGIS.ADDRESSES_PT.SE_ANNO_CAD_DATA":null}},{"type":"Feature","id":32433835,"geometry":{"type":"Point","coordinates":[-77.049881358317904,38.930211897318742]},"properties":{"DCGIS.PLACE_NAMES_PT.NAME":"NATIONAL ZOO OTTERS","DCGIS.ADDRESSES_PT.ADDRESS":null,"DCGIS.ADDRESSES_PT.WARD":"Ward 3","DCGIS.ADDRESSES_PT.SMD":"SMD 3C03","DCGIS.ADDRESSES_PT.ANC":"ANC 3C","MAR.VW_PLACE_NAME_CATEGORIES.CATEGORY":"MUSEUM / ZOO","DCGIS.PLACE_NAMES_PT.STATUS":"ACTIVE","DCGIS.PLACE_NAMES_PT.PLACE_NAME_ID":7131,"DCGIS.PLACE_NAMES_PT.MAR_ID":301376,"DCGIS.PLACE_NAMES_PT.BEFORE_DATE":null,"DCGIS.PLACE_NAMES_PT.BEFORE_DATE_SOURCE":null,"DCGIS.PLACE_NAMES_PT.BEGIN_DATE":null,"DCGIS.PLACE_NAMES_PT.BEGIN_DATE_SOURCE":null,"DCGIS.PLACE_NAMES_PT.FIRST_KNOWN_DATE":null,"DCGIS.PLACE_NAMES_PT.FIRST_KNOWN_DATE_SOURCE":null,"DCGIS.PLACE_NAMES_PT.CREATED_DATE":1147576510000,"DCGIS.PLACE_NAMES_PT.LAST_EDITED_DATE":1147576510000,"DCGIS.PLACE_NAMES_PT.SE_ANNO_CAD_DATA":null,"DCGIS.PLACE_NAMES_PT.OBJECTID":32433835,"DCGIS.ADDRESSES_PT.OBJECTID":217203572,"DCGIS.ADDRESSES_PT.SE_ANNO_CAD_DATA":null}},{"type":"Feature","id":32433836,"geometry":{"type":"Point","coordinates":[-77.049527244781387,38.929810817708066]},"properties":{"DCGIS.PLACE_NAMES_PT.NAME":"NATIONAL ZOO BALD EAGLES","DCGIS.ADDRESSES_PT.ADDRESS":null,"DCGIS.ADDRESSES_PT.WARD":"Ward 3","DCGIS.ADDRESSES_PT.SMD":"SMD 3C03","DCGIS.ADDRESSES_PT.ANC":"ANC 3C","MAR.VW_PLACE_NAME_CATEGORIES.CATEGORY":"MUSEUM / ZOO","DCGIS.PLACE_NAMES_PT.STATUS":"ACTIVE","DCGIS.PLACE_NAMES_PT.PLACE_NAME_ID":7132,"DCGIS.PLACE_NAMES_PT.MAR_ID":301377,"DCGIS.PLACE_NAMES_PT.BEFORE_DATE":null,"DCGIS.PLACE_NAMES_PT.BEFORE_DATE_SOURCE":null,"DCGIS.PLACE_NAMES_PT.BEGIN_DATE":null,"DCGIS.PLACE_NAMES_PT.BEGIN_DATE_SOURCE":null,"DCGIS.PLACE_NAMES_PT.FIRST_KNOWN_DATE":null,"DCGIS.PLACE_NAMES_PT.FIRST_KNOWN_DATE_SOURCE":null,"DCGIS.PLACE_NAMES_PT.CREATED_DATE":1147576510000,"DCGIS.PLACE_NAMES_PT.LAST_EDITED_DATE":1147576510000,"DCGIS.PLACE_NAMES_PT.SE_ANNO_CAD_DATA":null,"DCGIS.PLACE_NAMES_PT.OBJECTID":32433836,"DCGIS.ADDRESSES_PT.OBJECTID":217259217,"DCGIS.ADDRESSES_PT.SE_ANNO_CAD_DATA":null}},{"type":"Feature","id":32433837,"geometry":{"type":"Point","coordinates":[-77.049343736388252,38.928451450750728]},"properties":{"DCGIS.PLACE_NAMES_PT.NAME":"NATIONAL ZOO SLOTH BEARS","DCGIS.ADDRESSES_PT.ADDRESS":null,"DCGIS.ADDRESSES_PT.WARD":"Ward 3","DCGIS.ADDRESSES_PT.SMD":"SMD 3C03","DCGIS.ADDRESSES_PT.ANC":"ANC 3C","MAR.VW_PLACE_NAME_CATEGORIES.CATEGORY":"MUSEUM / ZOO","DCGIS.PLACE_NAMES_PT.STATUS":"ACTIVE","DCGIS.PLACE_NAMES_PT.PLACE_NAME_ID":7133,"DCGIS.PLACE_NAMES_PT.MAR_ID":301378,"DCGIS.PLACE_NAMES_PT.BEFORE_DATE":null,"DCGIS.PLACE_NAMES_PT.BEFORE_DATE_SOURCE":null,"DCGIS.PLACE_NAMES_PT.BEGIN_DATE":null,"DCGIS.PLACE_NAMES_PT.BEGIN_DATE_SOURCE":null,"DCGIS.PLACE_NAMES_PT.FIRST_KNOWN_DATE":null,"DCGIS.PLACE_NAMES_PT.FIRST_KNOWN_DATE_SOURCE":null,"DCGIS.PLACE_NAMES_PT.CREATED_DATE":1147576510000,"DCGIS.PLACE_NAMES_PT.LAST_EDITED_DATE":1147576510000,"DCGIS.PLACE_NAMES_PT.SE_ANNO_CAD_DATA":null,"DCGIS.PLACE_NAMES_PT.OBJECTID":32433837,"DCGIS.ADDRESSES_PT.OBJECTID":217210979,"DCGIS.ADDRESSES_PT.SE_ANNO_CAD_DATA":null}},{"type":"Feature","id":32433838,"geometry":{"type":"Point","coordinates":[-77.049327734773556,38.929993680740552]},"properties":{"DCGIS.PLACE_NAMES_PT.NAME":"NATIONAL ZOO MEXICAN WOLVES","DCGIS.ADDRESSES_PT.ADDRESS":null,"DCGIS.ADDRESSES_PT.WARD":"Ward 3","DCGIS.ADDRESSES_PT.SMD":"SMD 3C03","DCGIS.ADDRESSES_PT.ANC":"ANC 3C","MAR.VW_PLACE_NAME_CATEGORIES.CATEGORY":"MUSEUM / ZOO","DCGIS.PLACE_NAMES_PT.STATUS":"ACTIVE","DCGIS.PLACE_NAMES_PT.PLACE_NAME_ID":7134,"DCGIS.PLACE_NAMES_PT.MAR_ID":301379,"DCGIS.PLACE_NAMES_PT.BEFORE_DATE":null,"DCGIS.PLACE_NAMES_PT.BEFORE_DATE_SOURCE":null,"DCGIS.PLACE_NAMES_PT.BEGIN_DATE":null,"DCGIS.PLACE_NAMES_PT.BEGIN_DATE_SOURCE":null,"DCGIS.PLACE_NAMES_PT.FIRST_KNOWN_DATE":null,"DCGIS.PLACE_NAMES_PT.FIRST_KNOWN_DATE_SOURCE":null,"DCGIS.PLACE_NAMES_PT.CREATED_DATE":1147576510000,"DCGIS.PLACE_NAMES_PT.LAST_EDITED_DATE":1147576510000,"DCGIS.PLACE_NAMES_PT.SE_ANNO_CAD_DATA":null,"DCGIS.PLACE_NAMES_PT.OBJECTID":32433838,"DCGIS.ADDRESSES_PT.OBJECTID":217203568,"DCGIS.ADDRESSES_PT.SE_ANNO_CAD_DATA":null}},{"type":"Feature","id":32433839,"geometry":{"type":"Point","coordinates":[-77.049247388998694,38.929383041121199]},"properties":{"DCGIS.PLACE_NAMES_PT.NAME":"NATIONAL ZOO SEALS","DCGIS.ADDRESSES_PT.ADDRESS":null,"DCGIS.ADDRESSES_PT.WARD":"Ward 3","DCGIS.ADDRESSES_PT.SMD":"SMD 3C03","DCGIS.ADDRESSES_PT.ANC":"ANC 3C","MAR.VW_PLACE_NAME_CATEGORIES.CATEGORY":"MUSEUM / ZOO","DCGIS.PLACE_NAMES_PT.STATUS":"ACTIVE","DCGIS.PLACE_NAMES_PT.PLACE_NAME_ID":7135,"DCGIS.PLACE_NAMES_PT.MAR_ID":301380,"DCGIS.PLACE_NAMES_PT.BEFORE_DATE":null,"DCGIS.PLACE_NAMES_PT.BEFORE_DATE_SOURCE":null,"DCGIS.PLACE_NAMES_PT.BEGIN_DATE":null,"DCGIS.PLACE_NAMES_PT.BEGIN_DATE_SOURCE":null,"DCGIS.PLACE_NAMES_PT.FIRST_KNOWN_DATE":null,"DCGIS.PLACE_NAMES_PT.FIRST_KNOWN_DATE_SOURCE":null,"DCGIS.PLACE_NAMES_PT.CREATED_DATE":1147576510000,"DCGIS.PLACE_NAMES_PT.LAST_EDITED_DATE":1147576510000,"DCGIS.PLACE_NAMES_PT.SE_ANNO_CAD_DATA":null,"DCGIS.PLACE_NAMES_PT.OBJECTID":32433839,"DCGIS.ADDRESSES_PT.OBJECTID":217118410,"DCGIS.ADDRESSES_PT.SE_ANNO_CAD_DATA":null}},{"type":"Feature","id":32433840,"geometry":{"type":"Point","coordinates":[-77.048735020042216,38.930453803714499]},"properties":{"DCGIS.PLACE_NAMES_PT.NAME":"NATIONAL ZOO SMALL MAMMAL HOUSE","DCGIS.ADDRESSES_PT.ADDRESS":null,"DCGIS.ADDRESSES_PT.WARD":"Ward 3","DCGIS.ADDRESSES_PT.SMD":"SMD 3C03","DCGIS.ADDRESSES_PT.ANC":"ANC 3C","MAR.VW_PLACE_NAME_CATEGORIES.CATEGORY":"MUSEUM / ZOO","DCGIS.PLACE_NAMES_PT.STATUS":"ACTIVE","DCGIS.PLACE_NAMES_PT.PLACE_NAME_ID":7136,"DCGIS.PLACE_NAMES_PT.MAR_ID":301381,"DCGIS.PLACE_NAMES_PT.BEFORE_DATE":null,"DCGIS.PLACE_NAMES_PT.BEFORE_DATE_SOURCE":null,"DCGIS.PLACE_NAMES_PT.BEGIN_DATE":null,"DCGIS.PLACE_NAMES_PT.BEGIN_DATE_SOURCE":null,"DCGIS.PLACE_NAMES_PT.FIRST_KNOWN_DATE":null,"DCGIS.PLACE_NAMES_PT.FIRST_KNOWN_DATE_SOURCE":null,"DCGIS.PLACE_NAMES_PT.CREATED_DATE":1147576510000,"DCGIS.PLACE_NAMES_PT.LAST_EDITED_DATE":1147576510000,"DCGIS.PLACE_NAMES_PT.SE_ANNO_CAD_DATA":null,"DCGIS.PLACE_NAMES_PT.OBJECTID":32433840,"DCGIS.ADDRESSES_PT.OBJECTID":217203569,"DCGIS.ADDRESSES_PT.SE_ANNO_CAD_DATA":null}},{"type":"Feature","id":32433841,"geometry":{"type":"Point","coordinates":[-77.048322784331873,38.929200648413733]},"properties":{"DCGIS.PLACE_NAMES_PT.NAME":"NATIONAL ZOO GIBBON RIDGE","DCGIS.ADDRESSES_PT.ADDRESS":null,"DCGIS.ADDRESSES_PT.WARD":"Ward 3","DCGIS.ADDRESSES_PT.SMD":"SMD 3C03","DCGIS.ADDRESSES_PT.ANC":"ANC 3C","MAR.VW_PLACE_NAME_CATEGORIES.CATEGORY":"MUSEUM / ZOO","DCGIS.PLACE_NAMES_PT.STATUS":"ACTIVE","DCGIS.PLACE_NAMES_PT.PLACE_NAME_ID":7137,"DCGIS.PLACE_NAMES_PT.MAR_ID":301382,"DCGIS.PLACE_NAMES_PT.BEFORE_DATE":null,"DCGIS.PLACE_NAMES_PT.BEFORE_DATE_SOURCE":null,"DCGIS.PLACE_NAMES_PT.BEGIN_DATE":null,"DCGIS.PLACE_NAMES_PT.BEGIN_DATE_SOURCE":null,"DCGIS.PLACE_NAMES_PT.FIRST_KNOWN_DATE":null,"DCGIS.PLACE_NAMES_PT.FIRST_KNOWN_DATE_SOURCE":null,"DCGIS.PLACE_NAMES_PT.CREATED_DATE":1147576510000,"DCGIS.PLACE_NAMES_PT.LAST_EDITED_DATE":1147576510000,"DCGIS.PLACE_NAMES_PT.SE_ANNO_CAD_DATA":null,"DCGIS.PLACE_NAMES_PT.OBJECTID":32433841,"DCGIS.ADDRESSES_PT.OBJECTID":217118409,"DCGIS.ADDRESSES_PT.SE_ANNO_CAD_DATA":null}},{"type":"Feature","id":32433842,"geometry":{"type":"Point","coordinates":[-77.048234256819768,38.929949546014015]},"properties":{"DCGIS.PLACE_NAMES_PT.NAME":"NATIONAL ZOO GREAT APE HOUSE","DCGIS.ADDRESSES_PT.ADDRESS":null,"DCGIS.ADDRESSES_PT.WARD":"Ward 3","DCGIS.ADDRESSES_PT.SMD":"SMD 3C03","DCGIS.ADDRESSES_PT.ANC":"ANC 3C","MAR.VW_PLACE_NAME_CATEGORIES.CATEGORY":"MUSEUM / ZOO","DCGIS.PLACE_NAMES_PT.STATUS":"ACTIVE","DCGIS.PLACE_NAMES_PT.PLACE_NAME_ID":7138,"DCGIS.PLACE_NAMES_PT.MAR_ID":301383,"DCGIS.PLACE_NAMES_PT.BEFORE_DATE":null,"DCGIS.PLACE_NAMES_PT.BEFORE_DATE_SOURCE":null,"DCGIS.PLACE_NAMES_PT.BEGIN_DATE":null,"DCGIS.PLACE_NAMES_PT.BEGIN_DATE_SOURCE":null,"DCGIS.PLACE_NAMES_PT.FIRST_KNOWN_DATE":null,"DCGIS.PLACE_NAMES_PT.FIRST_KNOWN_DATE_SOURCE":null,"DCGIS.PLACE_NAMES_PT.CREATED_DATE":1147576510000,"DCGIS.PLACE_NAMES_PT.LAST_EDITED_DATE":1147576510000,"DCGIS.PLACE_NAMES_PT.SE_ANNO_CAD_DATA":null,"DCGIS.PLACE_NAMES_PT.OBJECTID":32433842,"DCGIS.ADDRESSES_PT.OBJECTID":217204282,"DCGIS.ADDRESSES_PT.SE_ANNO_CAD_DATA":null}},{"type":"Feature","id":32433843,"geometry":{"type":"Point","coordinates":[-77.048025309771674,38.927941769026681]},"properties":{"DCGIS.PLACE_NAMES_PT.NAME":"NATIONAL ZOO AMAZONIA","DCGIS.ADDRESSES_PT.ADDRESS":null,"DCGIS.ADDRESSES_PT.WARD":"Ward 3","DCGIS.ADDRESSES_PT.SMD":"SMD 3C03","DCGIS.ADDRESSES_PT.ANC":"ANC 3C","MAR.VW_PLACE_NAME_CATEGORIES.CATEGORY":"MUSEUM / ZOO","DCGIS.PLACE_NAMES_PT.STATUS":"ACTIVE","DCGIS.PLACE_NAMES_PT.PLACE_NAME_ID":7139,"DCGIS.PLACE_NAMES_PT.MAR_ID":301384,"DCGIS.PLACE_NAMES_PT.BEFORE_DATE":null,"DCGIS.PLACE_NAMES_PT.BEFORE_DATE_SOURCE":null,"DCGIS.PLACE_NAMES_PT.BEGIN_DATE":null,"DCGIS.PLACE_NAMES_PT.BEGIN_DATE_SOURCE":null,"DCGIS.PLACE_NAMES_PT.FIRST_KNOWN_DATE":null,"DCGIS.PLACE_NAMES_PT.FIRST_KNOWN_DATE_SOURCE":null,"DCGIS.PLACE_NAMES_PT.CREATED_DATE":1147576510000,"DCGIS.PLACE_NAMES_PT.LAST_EDITED_DATE":1147576510000,"DCGIS.PLACE_NAMES_PT.SE_ANNO_CAD_DATA":null,"DCGIS.PLACE_NAMES_PT.OBJECTID":32433843,"DCGIS.ADDRESSES_PT.OBJECTID":217204676,"DCGIS.ADDRESSES_PT.SE_ANNO_CAD_DATA":null}},{"type":"Feature","id":32433844,"geometry":{"type":"Point","coordinates":[-77.047603558315245,38.928978077915126]},"properties":{"DCGIS.PLACE_NAMES_PT.NAME":"NATIONAL ZOO LEMUR ISLAND","DCGIS.ADDRESSES_PT.ADDRESS":null,"DCGIS.ADDRESSES_PT.WARD":"Ward 3","DCGIS.ADDRESSES_PT.SMD":"SMD 3C03","DCGIS.ADDRESSES_PT.ANC":"ANC 3C","MAR.VW_PLACE_NAME_CATEGORIES.CATEGORY":"MUSEUM / ZOO","DCGIS.PLACE_NAMES_PT.STATUS":"ACTIVE","DCGIS.PLACE_NAMES_PT.PLACE_NAME_ID":7140,"DCGIS.PLACE_NAMES_PT.MAR_ID":301385,"DCGIS.PLACE_NAMES_PT.BEFORE_DATE":null,"DCGIS.PLACE_NAMES_PT.BEFORE_DATE_SOURCE":null,"DCGIS.PLACE_NAMES_PT.BEGIN_DATE":null,"DCGIS.PLACE_NAMES_PT.BEGIN_DATE_SOURCE":null,"DCGIS.PLACE_NAMES_PT.FIRST_KNOWN_DATE":null,"DCGIS.PLACE_NAMES_PT.FIRST_KNOWN_DATE_SOURCE":null,"DCGIS.PLACE_NAMES_PT.CREATED_DATE":1147576510000,"DCGIS.PLACE_NAMES_PT.LAST_EDITED_DATE":1147576510000,"DCGIS.PLACE_NAMES_PT.SE_ANNO_CAD_DATA":null,"DCGIS.PLACE_NAMES_PT.OBJECTID":32433844,"DCGIS.ADDRESSES_PT.OBJECTID":217203910,"DCGIS.ADDRESSES_PT.SE_ANNO_CAD_DATA":null}},{"type":"Feature","id":32433845,"geometry":{"type":"Point","coordinates":[-77.047444599093765,38.930137061974754]},"properties":{"DCGIS.PLACE_NAMES_PT.NAME":"NATIONAL ZOO KOMODO DRAGONS","DCGIS.ADDRESSES_PT.ADDRESS":null,"DCGIS.ADDRESSES_PT.WARD":"Ward 3","DCGIS.ADDRESSES_PT.SMD":"SMD 3C03","DCGIS.ADDRESSES_PT.ANC":"ANC 3C","MAR.VW_PLACE_NAME_CATEGORIES.CATEGORY":"MUSEUM / ZOO","DCGIS.PLACE_NAMES_PT.STATUS":"ACTIVE","DCGIS.PLACE_NAMES_PT.PLACE_NAME_ID":7141,"DCGIS.PLACE_NAMES_PT.MAR_ID":301386,"DCGIS.PLACE_NAMES_PT.BEFORE_DATE":null,"DCGIS.PLACE_NAMES_PT.BEFORE_DATE_SOURCE":null,"DCGIS.PLACE_NAMES_PT.BEGIN_DATE":null,"DCGIS.PLACE_NAMES_PT.BEGIN_DATE_SOURCE":null,"DCGIS.PLACE_NAMES_PT.FIRST_KNOWN_DATE":null,"DCGIS.PLACE_NAMES_PT.FIRST_KNOWN_DATE_SOURCE":null,"DCGIS.PLACE_NAMES_PT.CREATED_DATE":1147576511000,"DCGIS.PLACE_NAMES_PT.LAST_EDITED_DATE":1147576511000,"DCGIS.PLACE_NAMES_PT.SE_ANNO_CAD_DATA":null,"DCGIS.PLACE_NAMES_PT.OBJECTID":32433845,"DCGIS.ADDRESSES_PT.OBJECTID":217204677,"DCGIS.ADDRESSES_PT.SE_ANNO_CAD_DATA":null}},{"type":"Feature","id":32433846,"geometry":{"type":"Point","coordinates":[-77.047379396748468,38.927993380074469]},"properties":{"DCGIS.PLACE_NAMES_PT.NAME":"NATIONAL ZOO POLICE","DCGIS.ADDRESSES_PT.ADDRESS":null,"DCGIS.ADDRESSES_PT.WARD":"Ward 3","DCGIS.ADDRESSES_PT.SMD":"SMD 3C03","DCGIS.ADDRESSES_PT.ANC":"ANC 3C","MAR.VW_PLACE_NAME_CATEGORIES.CATEGORY":"MUSEUM / ZOO","DCGIS.PLACE_NAMES_PT.STATUS":"ACTIVE","DCGIS.PLACE_NAMES_PT.PLACE_NAME_ID":7142,"DCGIS.PLACE_NAMES_PT.MAR_ID":301387,"DCGIS.PLACE_NAMES_PT.BEFORE_DATE":null,"DCGIS.PLACE_NAMES_PT.BEFORE_DATE_SOURCE":null,"DCGIS.PLACE_NAMES_PT.BEGIN_DATE":null,"DCGIS.PLACE_NAMES_PT.BEGIN_DATE_SOURCE":null,"DCGIS.PLACE_NAMES_PT.FIRST_KNOWN_DATE":null,"DCGIS.PLACE_NAMES_PT.FIRST_KNOWN_DATE_SOURCE":null,"DCGIS.PLACE_NAMES_PT.CREATED_DATE":1147576511000,"DCGIS.PLACE_NAMES_PT.LAST_EDITED_DATE":1147576511000,"DCGIS.PLACE_NAMES_PT.SE_ANNO_CAD_DATA":null,"DCGIS.PLACE_NAMES_PT.OBJECTID":32433846,"DCGIS.ADDRESSES_PT.OBJECTID":217204148,"DCGIS.ADDRESSES_PT.SE_ANNO_CAD_DATA":null}},{"type":"Feature","id":32433847,"geometry":{"type":"Point","coordinates":[-77.047415863738848,38.929936548615927]},"properties":{"DCGIS.PLACE_NAMES_PT.NAME":"NATIONAL ZOO GORILLA GROVE","DCGIS.ADDRESSES_PT.ADDRESS":null,"DCGIS.ADDRESSES_PT.WARD":"Ward 3","DCGIS.ADDRESSES_PT.SMD":"SMD 3C03","DCGIS.ADDRESSES_PT.ANC":"ANC 3C","MAR.VW_PLACE_NAME_CATEGORIES.CATEGORY":"MUSEUM / ZOO","DCGIS.PLACE_NAMES_PT.STATUS":"ACTIVE","DCGIS.PLACE_NAMES_PT.PLACE_NAME_ID":7143,"DCGIS.PLACE_NAMES_PT.MAR_ID":301388,"DCGIS.PLACE_NAMES_PT.BEFORE_DATE":null,"DCGIS.PLACE_NAMES_PT.BEFORE_DATE_SOURCE":null,"DCGIS.PLACE_NAMES_PT.BEGIN_DATE":null,"DCGIS.PLACE_NAMES_PT.BEGIN_DATE_SOURCE":null,"DCGIS.PLACE_NAMES_PT.FIRST_KNOWN_DATE":null,"DCGIS.PLACE_NAMES_PT.FIRST_KNOWN_DATE_SOURCE":null,"DCGIS.PLACE_NAMES_PT.CREATED_DATE":1147576511000,"DCGIS.PLACE_NAMES_PT.LAST_EDITED_DATE":1147576511000,"DCGIS.PLACE_NAMES_PT.SE_ANNO_CAD_DATA":null,"DCGIS.PLACE_NAMES_PT.OBJECTID":32433847,"DCGIS.ADDRESSES_PT.OBJECTID":217204944,"DCGIS.ADDRESSES_PT.SE_ANNO_CAD_DATA":null}},{"type":"Feature","id":32433848,"geometry":{"type":"Point","coordinates":[-77.04738727345125,38.929780536246383]},"properties":{"DCGIS.PLACE_NAMES_PT.NAME":"NATIONAL ZOO REPTILE DISCOVERY CENTER","DCGIS.ADDRESSES_PT.ADDRESS":null,"DCGIS.ADDRESSES_PT.WARD":"Ward 3","DCGIS.ADDRESSES_PT.SMD":"SMD 3C03","DCGIS.ADDRESSES_PT.ANC":"ANC 3C","MAR.VW_PLACE_NAME_CATEGORIES.CATEGORY":"MUSEUM / ZOO","DCGIS.PLACE_NAMES_PT.STATUS":"ACTIVE","DCGIS.PLACE_NAMES_PT.PLACE_NAME_ID":7144,"DCGIS.PLACE_NAMES_PT.MAR_ID":301389,"DCGIS.PLACE_NAMES_PT.BEFORE_DATE":null,"DCGIS.PLACE_NAMES_PT.BEFORE_DATE_SOURCE":null,"DCGIS.PLACE_NAMES_PT.BEGIN_DATE":null,"DCGIS.PLACE_NAMES_PT.BEGIN_DATE_SOURCE":null,"DCGIS.PLACE_NAMES_PT.FIRST_KNOWN_DATE":null,"DCGIS.PLACE_NAMES_PT.FIRST_KNOWN_DATE_SOURCE":null,"DCGIS.PLACE_NAMES_PT.CREATED_DATE":1147576511000,"DCGIS.PLACE_NAMES_PT.LAST_EDITED_DATE":1147576511000,"DCGIS.PLACE_NAMES_PT.SE_ANNO_CAD_DATA":null,"DCGIS.PLACE_NAMES_PT.OBJECTID":32433848,"DCGIS.ADDRESSES_PT.OBJECTID":217259216,"DCGIS.ADDRESSES_PT.SE_ANNO_CAD_DATA":null}},{"type":"Feature","id":32433849,"geometry":{"type":"Point","coordinates":[-77.046935039756235,38.927641154076582]},"properties":{"DCGIS.PLACE_NAMES_PT.NAME":"NATIONAL ZOO MANE RESTURANT","DCGIS.ADDRESSES_PT.ADDRESS":null,"DCGIS.ADDRESSES_PT.WARD":"Ward 3","DCGIS.ADDRESSES_PT.SMD":"SMD 3C03","DCGIS.ADDRESSES_PT.ANC":"ANC 3C","MAR.VW_PLACE_NAME_CATEGORIES.CATEGORY":"MUSEUM / ZOO","DCGIS.PLACE_NAMES_PT.STATUS":"ACTIVE","DCGIS.PLACE_NAMES_PT.PLACE_NAME_ID":7145,"DCGIS.PLACE_NAMES_PT.MAR_ID":301390,"DCGIS.PLACE_NAMES_PT.BEFORE_DATE":null,"DCGIS.PLACE_NAMES_PT.BEFORE_DATE_SOURCE":null,"DCGIS.PLACE_NAMES_PT.BEGIN_DATE":null,"DCGIS.PLACE_NAMES_PT.BEGIN_DATE_SOURCE":null,"DCGIS.PLACE_NAMES_PT.FIRST_KNOWN_DATE":null,"DCGIS.PLACE_NAMES_PT.FIRST_KNOWN_DATE_SOURCE":null,"DCGIS.PLACE_NAMES_PT.CREATED_DATE":1147576511000,"DCGIS.PLACE_NAMES_PT.LAST_EDITED_DATE":1147576511000,"DCGIS.PLACE_NAMES_PT.SE_ANNO_CAD_DATA":null,"DCGIS.PLACE_NAMES_PT.OBJECTID":32433849,"DCGIS.ADDRESSES_PT.OBJECTID":217256543,"DCGIS.ADDRESSES_PT.SE_ANNO_CAD_DATA":null}},{"type":"Feature","id":32433850,"geometry":{"type":"Point","coordinates":[-77.046735895889213,38.92855945144003]},"properties":{"DCGIS.PLACE_NAMES_PT.NAME":"NATIONAL ZOO LIONS","DCGIS.ADDRESSES_PT.ADDRESS":null,"DCGIS.ADDRESSES_PT.WARD":"Ward 3","DCGIS.ADDRESSES_PT.SMD":"SMD 3C03","DCGIS.ADDRESSES_PT.ANC":"ANC 3C","MAR.VW_PLACE_NAME_CATEGORIES.CATEGORY":"MUSEUM / ZOO","DCGIS.PLACE_NAMES_PT.STATUS":"ACTIVE","DCGIS.PLACE_NAMES_PT.PLACE_NAME_ID":7146,"DCGIS.PLACE_NAMES_PT.MAR_ID":301391,"DCGIS.PLACE_NAMES_PT.BEFORE_DATE":null,"DCGIS.PLACE_NAMES_PT.BEFORE_DATE_SOURCE":null,"DCGIS.PLACE_NAMES_PT.BEGIN_DATE":null,"DCGIS.PLACE_NAMES_PT.BEGIN_DATE_SOURCE":null,"DCGIS.PLACE_NAMES_PT.FIRST_KNOWN_DATE":null,"DCGIS.PLACE_NAMES_PT.FIRST_KNOWN_DATE_SOURCE":null,"DCGIS.PLACE_NAMES_PT.CREATED_DATE":1147576511000,"DCGIS.PLACE_NAMES_PT.LAST_EDITED_DATE":1147576511000,"DCGIS.PLACE_NAMES_PT.SE_ANNO_CAD_DATA":null,"DCGIS.PLACE_NAMES_PT.OBJECTID":32433850,"DCGIS.ADDRESSES_PT.OBJECTID":217120429,"DCGIS.ADDRESSES_PT.SE_ANNO_CAD_DATA":null}},{"type":"Feature","id":32433851,"geometry":{"type":"Point","coordinates":[-77.04663942683834,38.92935735631422]},"properties":{"DCGIS.PLACE_NAMES_PT.NAME":"NATIONAL ZOO THINK TANK","DCGIS.ADDRESSES_PT.ADDRESS":null,"DCGIS.ADDRESSES_PT.WARD":"Ward 3","DCGIS.ADDRESSES_PT.SMD":"SMD 3C03","DCGIS.ADDRESSES_PT.ANC":"ANC 3C","MAR.VW_PLACE_NAME_CATEGORIES.CATEGORY":"MUSEUM / ZOO","DCGIS.PLACE_NAMES_PT.STATUS":"ACTIVE","DCGIS.PLACE_NAMES_PT.PLACE_NAME_ID":7147,"DCGIS.PLACE_NAMES_PT.MAR_ID":301392,"DCGIS.PLACE_NAMES_PT.BEFORE_DATE":null,"DCGIS.PLACE_NAMES_PT.BEFORE_DATE_SOURCE":null,"DCGIS.PLACE_NAMES_PT.BEGIN_DATE":null,"DCGIS.PLACE_NAMES_PT.BEGIN_DATE_SOURCE":null,"DCGIS.PLACE_NAMES_PT.FIRST_KNOWN_DATE":null,"DCGIS.PLACE_NAMES_PT.FIRST_KNOWN_DATE_SOURCE":null,"DCGIS.PLACE_NAMES_PT.CREATED_DATE":1147576511000,"DCGIS.PLACE_NAMES_PT.LAST_EDITED_DATE":1147576511000,"DCGIS.PLACE_NAMES_PT.SE_ANNO_CAD_DATA":null,"DCGIS.PLACE_NAMES_PT.OBJECTID":32433851,"DCGIS.ADDRESSES_PT.OBJECTID":217219066,"DCGIS.ADDRESSES_PT.SE_ANNO_CAD_DATA":null}},{"type":"Feature","id":32433852,"geometry":{"type":"Point","coordinates":[-77.046319627321893,38.927418353713549]},"properties":{"DCGIS.PLACE_NAMES_PT.NAME":"NATIONAL ZOO PICNIC PAVILION","DCGIS.ADDRESSES_PT.ADDRESS":null,"DCGIS.ADDRESSES_PT.WARD":"Ward 3","DCGIS.ADDRESSES_PT.SMD":"SMD 3C03","DCGIS.ADDRESSES_PT.ANC":"ANC 3C","MAR.VW_PLACE_NAME_CATEGORIES.CATEGORY":"MUSEUM / ZOO","DCGIS.PLACE_NAMES_PT.STATUS":"ACTIVE","DCGIS.PLACE_NAMES_PT.PLACE_NAME_ID":7148,"DCGIS.PLACE_NAMES_PT.MAR_ID":301393,"DCGIS.PLACE_NAMES_PT.BEFORE_DATE":null,"DCGIS.PLACE_NAMES_PT.BEFORE_DATE_SOURCE":null,"DCGIS.PLACE_NAMES_PT.BEGIN_DATE":null,"DCGIS.PLACE_NAMES_PT.BEGIN_DATE_SOURCE":null,"DCGIS.PLACE_NAMES_PT.FIRST_KNOWN_DATE":null,"DCGIS.PLACE_NAMES_PT.FIRST_KNOWN_DATE_SOURCE":null,"DCGIS.PLACE_NAMES_PT.CREATED_DATE":1147576511000,"DCGIS.PLACE_NAMES_PT.LAST_EDITED_DATE":1147576511000,"DCGIS.PLACE_NAMES_PT.SE_ANNO_CAD_DATA":null,"DCGIS.PLACE_NAMES_PT.OBJECTID":32433852,"DCGIS.ADDRESSES_PT.OBJECTID":217116626,"DCGIS.ADDRESSES_PT.SE_ANNO_CAD_DATA":null}},{"type":"Feature","id":32433853,"geometry":{"type":"Point","coordinates":[-77.046142400122889,38.928532932584467]},"properties":{"DCGIS.PLACE_NAMES_PT.NAME":"NATIONAL ZOO TIGERS","DCGIS.ADDRESSES_PT.ADDRESS":null,"DCGIS.ADDRESSES_PT.WARD":"Ward 3","DCGIS.ADDRESSES_PT.SMD":"SMD 3C03","DCGIS.ADDRESSES_PT.ANC":"ANC 3C","MAR.VW_PLACE_NAME_CATEGORIES.CATEGORY":"MUSEUM / ZOO","DCGIS.PLACE_NAMES_PT.STATUS":"ACTIVE","DCGIS.PLACE_NAMES_PT.PLACE_NAME_ID":7149,"DCGIS.PLACE_NAMES_PT.MAR_ID":301394,"DCGIS.PLACE_NAMES_PT.BEFORE_DATE":null,"DCGIS.PLACE_NAMES_PT.BEFORE_DATE_SOURCE":null,"DCGIS.PLACE_NAMES_PT.BEGIN_DATE":null,"DCGIS.PLACE_NAMES_PT.BEGIN_DATE_SOURCE":null,"DCGIS.PLACE_NAMES_PT.FIRST_KNOWN_DATE":null,"DCGIS.PLACE_NAMES_PT.FIRST_KNOWN_DATE_SOURCE":null,"DCGIS.PLACE_NAMES_PT.CREATED_DATE":1147576511000,"DCGIS.PLACE_NAMES_PT.LAST_EDITED_DATE":1147576511000,"DCGIS.PLACE_NAMES_PT.SE_ANNO_CAD_DATA":null,"DCGIS.PLACE_NAMES_PT.OBJECTID":32433853,"DCGIS.ADDRESSES_PT.OBJECTID":217219067,"DCGIS.ADDRESSES_PT.SE_ANNO_CAD_DATA":null}},{"type":"Feature","id":32433854,"geometry":{"type":"Point","coordinates":[-77.046130019503394,38.927044223244671]},"properties":{"DCGIS.PLACE_NAMES_PT.NAME":"NATIONAL ZOO KIDS' FARM","DCGIS.ADDRESSES_PT.ADDRESS":null,"DCGIS.ADDRESSES_PT.WARD":"Ward 3","DCGIS.ADDRESSES_PT.SMD":"SMD 3C03","DCGIS.ADDRESSES_PT.ANC":"ANC 3C","MAR.VW_PLACE_NAME_CATEGORIES.CATEGORY":"MUSEUM / ZOO","DCGIS.PLACE_NAMES_PT.STATUS":"ACTIVE","DCGIS.PLACE_NAMES_PT.PLACE_NAME_ID":7150,"DCGIS.PLACE_NAMES_PT.MAR_ID":301395,"DCGIS.PLACE_NAMES_PT.BEFORE_DATE":null,"DCGIS.PLACE_NAMES_PT.BEFORE_DATE_SOURCE":null,"DCGIS.PLACE_NAMES_PT.BEGIN_DATE":null,"DCGIS.PLACE_NAMES_PT.BEGIN_DATE_SOURCE":null,"DCGIS.PLACE_NAMES_PT.FIRST_KNOWN_DATE":null,"DCGIS.PLACE_NAMES_PT.FIRST_KNOWN_DATE_SOURCE":null,"DCGIS.PLACE_NAMES_PT.CREATED_DATE":1147576511000,"DCGIS.PLACE_NAMES_PT.LAST_EDITED_DATE":1147576511000,"DCGIS.PLACE_NAMES_PT.SE_ANNO_CAD_DATA":null,"DCGIS.PLACE_NAMES_PT.OBJECTID":32433854,"DCGIS.ADDRESSES_PT.OBJECTID":217203570,"DCGIS.ADDRESSES_PT.SE_ANNO_CAD_DATA":null}},{"type":"Feature","id":32433873,"geometry":{"type":"Point","coordinates":[-77.030305612789803,38.890158957641226]},"properties":{"DCGIS.PLACE_NAMES_PT.NAME":"NATIONAL MUSEUM OF AMERICAN HISTORY GSI KIOSK","DCGIS.ADDRESSES_PT.ADDRESS":null,"DCGIS.ADDRESSES_PT.WARD":"Ward 2","DCGIS.ADDRESSES_PT.SMD":"SMD 2C03","DCGIS.ADDRESSES_PT.ANC":"ANC 2C","MAR.VW_PLACE_NAME_CATEGORIES.CATEGORY":"MUSEUM / ZOO","DCGIS.PLACE_NAMES_PT.STATUS":"ACTIVE","DCGIS.PLACE_NAMES_PT.PLACE_NAME_ID":7248,"DCGIS.PLACE_NAMES_PT.MAR_ID":301620,"DCGIS.PLACE_NAMES_PT.BEFORE_DATE":null,"DCGIS.PLACE_NAMES_PT.BEFORE_DATE_SOURCE":null,"DCGIS.PLACE_NAMES_PT.BEGIN_DATE":null,"DCGIS.PLACE_NAMES_PT.BEGIN_DATE_SOURCE":null,"DCGIS.PLACE_NAMES_PT.FIRST_KNOWN_DATE":null,"DCGIS.PLACE_NAMES_PT.FIRST_KNOWN_DATE_SOURCE":null,"DCGIS.PLACE_NAMES_PT.CREATED_DATE":1149262837000,"DCGIS.PLACE_NAMES_PT.LAST_EDITED_DATE":1149262837000,"DCGIS.PLACE_NAMES_PT.SE_ANNO_CAD_DATA":null,"DCGIS.PLACE_NAMES_PT.OBJECTID":32433873,"DCGIS.ADDRESSES_PT.OBJECTID":217204456,"DCGIS.ADDRESSES_PT.SE_ANNO_CAD_DATA":null}},{"type":"Feature","id":32433874,"geometry":{"type":"Point","coordinates":[-77.03012542327788,38.890364034901481]},"properties":{"DCGIS.PLACE_NAMES_PT.NAME":"NATIONAL MUSEUM OF AMERICAN HISTORY TOURMOBILE KIOSK","DCGIS.ADDRESSES_PT.ADDRESS":null,"DCGIS.ADDRESSES_PT.WARD":"Ward 2","DCGIS.ADDRESSES_PT.SMD":"SMD 2C03","DCGIS.ADDRESSES_PT.ANC":"ANC 2C","MAR.VW_PLACE_NAME_CATEGORIES.CATEGORY":"MUSEUM / ZOO","DCGIS.PLACE_NAMES_PT.STATUS":"ACTIVE","DCGIS.PLACE_NAMES_PT.PLACE_NAME_ID":7249,"DCGIS.PLACE_NAMES_PT.MAR_ID":301621,"DCGIS.PLACE_NAMES_PT.BEFORE_DATE":null,"DCGIS.PLACE_NAMES_PT.BEFORE_DATE_SOURCE":null,"DCGIS.PLACE_NAMES_PT.BEGIN_DATE":null,"DCGIS.PLACE_NAMES_PT.BEGIN_DATE_SOURCE":null,"DCGIS.PLACE_NAMES_PT.FIRST_KNOWN_DATE":null,"DCGIS.PLACE_NAMES_PT.FIRST_KNOWN_DATE_SOURCE":null,"DCGIS.PLACE_NAMES_PT.CREATED_DATE":1149262837000,"DCGIS.PLACE_NAMES_PT.LAST_EDITED_DATE":1149262837000,"DCGIS.PLACE_NAMES_PT.SE_ANNO_CAD_DATA":null,"DCGIS.PLACE_NAMES_PT.OBJECTID":32433874,"DCGIS.ADDRESSES_PT.OBJECTID":217123732,"DCGIS.ADDRESSES_PT.SE_ANNO_CAD_DATA":null}},{"type":"Feature","id":32433953,"geometry":{"type":"Point","coordinates":[-77.028868110809555,38.890966562339386]},"properties":{"DCGIS.PLACE_NAMES_PT.NAME":"NATIONAL MUSUEM OF AMERICAN HISTORY ANNEX","DCGIS.ADDRESSES_PT.ADDRESS":null,"DCGIS.ADDRESSES_PT.WARD":"Ward 2","DCGIS.ADDRESSES_PT.SMD":"SMD 2C03","DCGIS.ADDRESSES_PT.ANC":"ANC 2C","MAR.VW_PLACE_NAME_CATEGORIES.CATEGORY":"MUSEUM / ZOO","DCGIS.PLACE_NAMES_PT.STATUS":"ACTIVE","DCGIS.PLACE_NAMES_PT.PLACE_NAME_ID":7616,"DCGIS.PLACE_NAMES_PT.MAR_ID":302663,"DCGIS.PLACE_NAMES_PT.BEFORE_DATE":null,"DCGIS.PLACE_NAMES_PT.BEFORE_DATE_SOURCE":null,"DCGIS.PLACE_NAMES_PT.BEGIN_DATE":null,"DCGIS.PLACE_NAMES_PT.BEGIN_DATE_SOURCE":null,"DCGIS.PLACE_NAMES_PT.FIRST_KNOWN_DATE":null,"DCGIS.PLACE_NAMES_PT.FIRST_KNOWN_DATE_SOURCE":null,"DCGIS.PLACE_NAMES_PT.CREATED_DATE":1157115004000,"DCGIS.PLACE_NAMES_PT.LAST_EDITED_DATE":1157115004000,"DCGIS.PLACE_NAMES_PT.SE_ANNO_CAD_DATA":null,"DCGIS.PLACE_NAMES_PT.OBJECTID":32433953,"DCGIS.ADDRESSES_PT.OBJECTID":217204683,"DCGIS.ADDRESSES_PT.SE_ANNO_CAD_DATA":null}},{"type":"Feature","id":32433957,"geometry":{"type":"Point","coordinates":[-77.054141081481276,38.930032988252094]},"properties":{"DCGIS.PLACE_NAMES_PT.NAME":"NATIONAL ZOO ASIA TRAIL","DCGIS.ADDRESSES_PT.ADDRESS":null,"DCGIS.ADDRESSES_PT.WARD":"Ward 3","DCGIS.ADDRESSES_PT.SMD":"SMD 3C03","DCGIS.ADDRESSES_PT.ANC":"ANC 3C","MAR.VW_PLACE_NAME_CATEGORIES.CATEGORY":"MUSEUM / ZOO","DCGIS.PLACE_NAMES_PT.STATUS":"ACTIVE","DCGIS.PLACE_NAMES_PT.PLACE_NAME_ID":7738,"DCGIS.PLACE_NAMES_PT.MAR_ID":303040,"DCGIS.PLACE_NAMES_PT.BEFORE_DATE":null,"DCGIS.PLACE_NAMES_PT.BEFORE_DATE_SOURCE":null,"DCGIS.PLACE_NAMES_PT.BEGIN_DATE":null,"DCGIS.PLACE_NAMES_PT.BEGIN_DATE_SOURCE":null,"DCGIS.PLACE_NAMES_PT.FIRST_KNOWN_DATE":null,"DCGIS.PLACE_NAMES_PT.FIRST_KNOWN_DATE_SOURCE":null,"DCGIS.PLACE_NAMES_PT.CREATED_DATE":1161617261000,"DCGIS.PLACE_NAMES_PT.LAST_EDITED_DATE":1161617261000,"DCGIS.PLACE_NAMES_PT.SE_ANNO_CAD_DATA":null,"DCGIS.PLACE_NAMES_PT.OBJECTID":32433957,"DCGIS.ADDRESSES_PT.OBJECTID":217121721,"DCGIS.ADDRESSES_PT.SE_ANNO_CAD_DATA":null}},{"type":"Feature","id":32433973,"geometry":{"type":"Point","coordinates":[-76.971882450029696,38.912065402385181]},"properties":{"DCGIS.PLACE_NAMES_PT.NAME":"US NATIONAL ARBORETUM FRIENDSHIP GARDEN","DCGIS.ADDRESSES_PT.ADDRESS":null,"DCGIS.ADDRESSES_PT.WARD":"Ward 5","DCGIS.ADDRESSES_PT.SMD":"SMD 5C04","DCGIS.ADDRESSES_PT.ANC":"ANC 5C","MAR.VW_PLACE_NAME_CATEGORIES.CATEGORY":"MUSEUM / ZOO","DCGIS.PLACE_NAMES_PT.STATUS":"ACTIVE","DCGIS.PLACE_NAMES_PT.PLACE_NAME_ID":7838,"DCGIS.PLACE_NAMES_PT.MAR_ID":303189,"DCGIS.PLACE_NAMES_PT.BEFORE_DATE":null,"DCGIS.PLACE_NAMES_PT.BEFORE_DATE_SOURCE":null,"DCGIS.PLACE_NAMES_PT.BEGIN_DATE":null,"DCGIS.PLACE_NAMES_PT.BEGIN_DATE_SOURCE":null,"DCGIS.PLACE_NAMES_PT.FIRST_KNOWN_DATE":null,"DCGIS.PLACE_NAMES_PT.FIRST_KNOWN_DATE_SOURCE":null,"DCGIS.PLACE_NAMES_PT.CREATED_DATE":1164201219000,"DCGIS.PLACE_NAMES_PT.LAST_EDITED_DATE":1164201219000,"DCGIS.PLACE_NAMES_PT.SE_ANNO_CAD_DATA":null,"DCGIS.PLACE_NAMES_PT.OBJECTID":32433973,"DCGIS.ADDRESSES_PT.OBJECTID":217204408,"DCGIS.ADDRESSES_PT.SE_ANNO_CAD_DATA":null}},{"type":"Feature","id":32433974,"geometry":{"type":"Point","coordinates":[-76.976052604588688,38.911926251705744]},"properties":{"DCGIS.PLACE_NAMES_PT.NAME":"US NATIONAL ARBORETUM PERENNIAL COLLECTIONS","DCGIS.ADDRESSES_PT.ADDRESS":null,"DCGIS.ADDRESSES_PT.WARD":"Ward 5","DCGIS.ADDRESSES_PT.SMD":"SMD 5C04","DCGIS.ADDRESSES_PT.ANC":"ANC 5C","MAR.VW_PLACE_NAME_CATEGORIES.CATEGORY":"MUSEUM / ZOO","DCGIS.PLACE_NAMES_PT.STATUS":"ACTIVE","DCGIS.PLACE_NAMES_PT.PLACE_NAME_ID":7839,"DCGIS.PLACE_NAMES_PT.MAR_ID":303190,"DCGIS.PLACE_NAMES_PT.BEFORE_DATE":null,"DCGIS.PLACE_NAMES_PT.BEFORE_DATE_SOURCE":null,"DCGIS.PLACE_NAMES_PT.BEGIN_DATE":null,"DCGIS.PLACE_NAMES_PT.BEGIN_DATE_SOURCE":null,"DCGIS.PLACE_NAMES_PT.FIRST_KNOWN_DATE":null,"DCGIS.PLACE_NAMES_PT.FIRST_KNOWN_DATE_SOURCE":null,"DCGIS.PLACE_NAMES_PT.CREATED_DATE":1164201219000,"DCGIS.PLACE_NAMES_PT.LAST_EDITED_DATE":1164201219000,"DCGIS.PLACE_NAMES_PT.SE_ANNO_CAD_DATA":null,"DCGIS.PLACE_NAMES_PT.OBJECTID":32433974,"DCGIS.ADDRESSES_PT.OBJECTID":217204358,"DCGIS.ADDRESSES_PT.SE_ANNO_CAD_DATA":null}},{"type":"Feature","id":32433975,"geometry":{"type":"Point","coordinates":[-76.957295443281353,38.915704584582599]},"properties":{"DCGIS.PLACE_NAMES_PT.NAME":"US NATIONAL ARBORETUM GOTELLI DWARF AND SLOW-GROWING CONIFER COLLECTION","DCGIS.ADDRESSES_PT.ADDRESS":null,"DCGIS.ADDRESSES_PT.WARD":"Ward 5","DCGIS.ADDRESSES_PT.SMD":"SMD 5C04","DCGIS.ADDRESSES_PT.ANC":"ANC 5C","MAR.VW_PLACE_NAME_CATEGORIES.CATEGORY":"MUSEUM / ZOO","DCGIS.PLACE_NAMES_PT.STATUS":"ACTIVE","DCGIS.PLACE_NAMES_PT.PLACE_NAME_ID":7840,"DCGIS.PLACE_NAMES_PT.MAR_ID":303191,"DCGIS.PLACE_NAMES_PT.BEFORE_DATE":null,"DCGIS.PLACE_NAMES_PT.BEFORE_DATE_SOURCE":null,"DCGIS.PLACE_NAMES_PT.BEGIN_DATE":null,"DCGIS.PLACE_NAMES_PT.BEGIN_DATE_SOURCE":null,"DCGIS.PLACE_NAMES_PT.FIRST_KNOWN_DATE":null,"DCGIS.PLACE_NAMES_PT.FIRST_KNOWN_DATE_SOURCE":null,"DCGIS.PLACE_NAMES_PT.CREATED_DATE":1164201219000,"DCGIS.PLACE_NAMES_PT.LAST_EDITED_DATE":1164201219000,"DCGIS.PLACE_NAMES_PT.SE_ANNO_CAD_DATA":null,"DCGIS.PLACE_NAMES_PT.OBJECTID":32433975,"DCGIS.ADDRESSES_PT.OBJECTID":217118858,"DCGIS.ADDRESSES_PT.SE_ANNO_CAD_DATA":null}},{"type":"Feature","id":32433976,"geometry":{"type":"Point","coordinates":[-76.965739704826277,38.907629224876118]},"properties":{"DCGIS.PLACE_NAMES_PT.NAME":"US NATIONAL ARBORETUM YOUTH GARDEN","DCGIS.ADDRESSES_PT.ADDRESS":null,"DCGIS.ADDRESSES_PT.WARD":"Ward 5","DCGIS.ADDRESSES_PT.SMD":"SMD 5C04","DCGIS.ADDRESSES_PT.ANC":"ANC 5C","MAR.VW_PLACE_NAME_CATEGORIES.CATEGORY":"MUSEUM / ZOO","DCGIS.PLACE_NAMES_PT.STATUS":"ACTIVE","DCGIS.PLACE_NAMES_PT.PLACE_NAME_ID":7841,"DCGIS.PLACE_NAMES_PT.MAR_ID":303192,"DCGIS.PLACE_NAMES_PT.BEFORE_DATE":null,"DCGIS.PLACE_NAMES_PT.BEFORE_DATE_SOURCE":null,"DCGIS.PLACE_NAMES_PT.BEGIN_DATE":null,"DCGIS.PLACE_NAMES_PT.BEGIN_DATE_SOURCE":null,"DCGIS.PLACE_NAMES_PT.FIRST_KNOWN_DATE":null,"DCGIS.PLACE_NAMES_PT.FIRST_KNOWN_DATE_SOURCE":null,"DCGIS.PLACE_NAMES_PT.CREATED_DATE":1164201219000,"DCGIS.PLACE_NAMES_PT.LAST_EDITED_DATE":1164201219000,"DCGIS.PLACE_NAMES_PT.SE_ANNO_CAD_DATA":null,"DCGIS.PLACE_NAMES_PT.OBJECTID":32433976,"DCGIS.ADDRESSES_PT.OBJECTID":217231937,"DCGIS.ADDRESSES_PT.SE_ANNO_CAD_DATA":null}},{"type":"Feature","id":32433977,"geometry":{"type":"Point","coordinates":[-76.968874481930698,38.907800269685012]},"properties":{"DCGIS.PLACE_NAMES_PT.NAME":"US NATIONAL ARBORETUM NATIONAL GROVE OF STATE TREES","DCGIS.ADDRESSES_PT.ADDRESS":null,"DCGIS.ADDRESSES_PT.WARD":"Ward 5","DCGIS.ADDRESSES_PT.SMD":"SMD 5C04","DCGIS.ADDRESSES_PT.ANC":"ANC 5C","MAR.VW_PLACE_NAME_CATEGORIES.CATEGORY":"MUSEUM / ZOO","DCGIS.PLACE_NAMES_PT.STATUS":"ACTIVE","DCGIS.PLACE_NAMES_PT.PLACE_NAME_ID":7842,"DCGIS.PLACE_NAMES_PT.MAR_ID":303193,"DCGIS.PLACE_NAMES_PT.BEFORE_DATE":null,"DCGIS.PLACE_NAMES_PT.BEFORE_DATE_SOURCE":null,"DCGIS.PLACE_NAMES_PT.BEGIN_DATE":null,"DCGIS.PLACE_NAMES_PT.BEGIN_DATE_SOURCE":null,"DCGIS.PLACE_NAMES_PT.FIRST_KNOWN_DATE":null,"DCGIS.PLACE_NAMES_PT.FIRST_KNOWN_DATE_SOURCE":null,"DCGIS.PLACE_NAMES_PT.CREATED_DATE":1164201219000,"DCGIS.PLACE_NAMES_PT.LAST_EDITED_DATE":1164201219000,"DCGIS.PLACE_NAMES_PT.SE_ANNO_CAD_DATA":null,"DCGIS.PLACE_NAMES_PT.OBJECTID":32433977,"DCGIS.ADDRESSES_PT.OBJECTID":217204406,"DCGIS.ADDRESSES_PT.SE_ANNO_CAD_DATA":null}},{"type":"Feature","id":32433978,"geometry":{"type":"Point","coordinates":[-76.965013202392271,38.909107099230397]},"properties":{"DCGIS.PLACE_NAMES_PT.NAME":"US NATIONAL ARBORETUM FERN VALLEY","DCGIS.ADDRESSES_PT.ADDRESS":null,"DCGIS.ADDRESSES_PT.WARD":"Ward 5","DCGIS.ADDRESSES_PT.SMD":"SMD 5C04","DCGIS.ADDRESSES_PT.ANC":"ANC 5C","MAR.VW_PLACE_NAME_CATEGORIES.CATEGORY":"MUSEUM / ZOO","DCGIS.PLACE_NAMES_PT.STATUS":"ACTIVE","DCGIS.PLACE_NAMES_PT.PLACE_NAME_ID":7843,"DCGIS.PLACE_NAMES_PT.MAR_ID":303194,"DCGIS.PLACE_NAMES_PT.BEFORE_DATE":null,"DCGIS.PLACE_NAMES_PT.BEFORE_DATE_SOURCE":null,"DCGIS.PLACE_NAMES_PT.BEGIN_DATE":null,"DCGIS.PLACE_NAMES_PT.BEGIN_DATE_SOURCE":null,"DCGIS.PLACE_NAMES_PT.FIRST_KNOWN_DATE":null,"DCGIS.PLACE_NAMES_PT.FIRST_KNOWN_DATE_SOURCE":null,"DCGIS.PLACE_NAMES_PT.CREATED_DATE":1164201219000,"DCGIS.PLACE_NAMES_PT.LAST_EDITED_DATE":1164201219000,"DCGIS.PLACE_NAMES_PT.SE_ANNO_CAD_DATA":null,"DCGIS.PLACE_NAMES_PT.OBJECTID":32433978,"DCGIS.ADDRESSES_PT.OBJECTID":217204359,"DCGIS.ADDRESSES_PT.SE_ANNO_CAD_DATA":null}},{"type":"Feature","id":32433979,"geometry":{"type":"Point","coordinates":[-76.967599364564478,38.910249292384677]},"properties":{"DCGIS.PLACE_NAMES_PT.NAME":"US NATIONAL ARBORETUM NATIONAL CAPITOL COLUMNS","DCGIS.ADDRESSES_PT.ADDRESS":null,"DCGIS.ADDRESSES_PT.WARD":"Ward 5","DCGIS.ADDRESSES_PT.SMD":"SMD 5C04","DCGIS.ADDRESSES_PT.ANC":"ANC 5C","MAR.VW_PLACE_NAME_CATEGORIES.CATEGORY":"MUSEUM / ZOO","DCGIS.PLACE_NAMES_PT.STATUS":"ACTIVE","DCGIS.PLACE_NAMES_PT.PLACE_NAME_ID":7844,"DCGIS.PLACE_NAMES_PT.MAR_ID":303195,"DCGIS.PLACE_NAMES_PT.BEFORE_DATE":null,"DCGIS.PLACE_NAMES_PT.BEFORE_DATE_SOURCE":null,"DCGIS.PLACE_NAMES_PT.BEGIN_DATE":null,"DCGIS.PLACE_NAMES_PT.BEGIN_DATE_SOURCE":null,"DCGIS.PLACE_NAMES_PT.FIRST_KNOWN_DATE":null,"DCGIS.PLACE_NAMES_PT.FIRST_KNOWN_DATE_SOURCE":null,"DCGIS.PLACE_NAMES_PT.CREATED_DATE":1164201219000,"DCGIS.PLACE_NAMES_PT.LAST_EDITED_DATE":1164201219000,"DCGIS.PLACE_NAMES_PT.SE_ANNO_CAD_DATA":null,"DCGIS.PLACE_NAMES_PT.OBJECTID":32433979,"DCGIS.ADDRESSES_PT.OBJECTID":217204006,"DCGIS.ADDRESSES_PT.SE_ANNO_CAD_DATA":null}},{"type":"Feature","id":32433980,"geometry":{"type":"Point","coordinates":[-76.971703091771587,38.912227959643246]},"properties":{"DCGIS.PLACE_NAMES_PT.NAME":"US NATIONAL ARBORETUM ARBOR HOUSE","DCGIS.ADDRESSES_PT.ADDRESS":null,"DCGIS.ADDRESSES_PT.WARD":"Ward 5","DCGIS.ADDRESSES_PT.SMD":"SMD 5C04","DCGIS.ADDRESSES_PT.ANC":"ANC 5C","MAR.VW_PLACE_NAME_CATEGORIES.CATEGORY":"MUSEUM / ZOO","DCGIS.PLACE_NAMES_PT.STATUS":"ACTIVE","DCGIS.PLACE_NAMES_PT.PLACE_NAME_ID":7845,"DCGIS.PLACE_NAMES_PT.MAR_ID":303196,"DCGIS.PLACE_NAMES_PT.BEFORE_DATE":null,"DCGIS.PLACE_NAMES_PT.BEFORE_DATE_SOURCE":null,"DCGIS.PLACE_NAMES_PT.BEGIN_DATE":null,"DCGIS.PLACE_NAMES_PT.BEGIN_DATE_SOURCE":null,"DCGIS.PLACE_NAMES_PT.FIRST_KNOWN_DATE":null,"DCGIS.PLACE_NAMES_PT.FIRST_KNOWN_DATE_SOURCE":null,"DCGIS.PLACE_NAMES_PT.CREATED_DATE":1164201219000,"DCGIS.PLACE_NAMES_PT.LAST_EDITED_DATE":1164201219000,"DCGIS.PLACE_NAMES_PT.SE_ANNO_CAD_DATA":null,"DCGIS.PLACE_NAMES_PT.OBJECTID":32433980,"DCGIS.ADDRESSES_PT.OBJECTID":217121248,"DCGIS.ADDRESSES_PT.SE_ANNO_CAD_DATA":null}},{"type":"Feature","id":32433981,"geometry":{"type":"Point","coordinates":[-76.955944626546142,38.914756856544763]},"properties":{"DCGIS.PLACE_NAMES_PT.NAME":"US NATIONAL ARBORETUM DOGWOOD COLLECTION","DCGIS.ADDRESSES_PT.ADDRESS":null,"DCGIS.ADDRESSES_PT.WARD":"Ward 5","DCGIS.ADDRESSES_PT.SMD":"SMD 5C04","DCGIS.ADDRESSES_PT.ANC":"ANC 5C","MAR.VW_PLACE_NAME_CATEGORIES.CATEGORY":"MUSEUM / ZOO","DCGIS.PLACE_NAMES_PT.STATUS":"ACTIVE","DCGIS.PLACE_NAMES_PT.PLACE_NAME_ID":7846,"DCGIS.PLACE_NAMES_PT.MAR_ID":303197,"DCGIS.PLACE_NAMES_PT.BEFORE_DATE":null,"DCGIS.PLACE_NAMES_PT.BEFORE_DATE_SOURCE":null,"DCGIS.PLACE_NAMES_PT.BEGIN_DATE":null,"DCGIS.PLACE_NAMES_PT.BEGIN_DATE_SOURCE":null,"DCGIS.PLACE_NAMES_PT.FIRST_KNOWN_DATE":null,"DCGIS.PLACE_NAMES_PT.FIRST_KNOWN_DATE_SOURCE":null,"DCGIS.PLACE_NAMES_PT.CREATED_DATE":1164201219000,"DCGIS.PLACE_NAMES_PT.LAST_EDITED_DATE":1164201219000,"DCGIS.PLACE_NAMES_PT.SE_ANNO_CAD_DATA":null,"DCGIS.PLACE_NAMES_PT.OBJECTID":32433981,"DCGIS.ADDRESSES_PT.OBJECTID":217204007,"DCGIS.ADDRESSES_PT.SE_ANNO_CAD_DATA":null}},{"type":"Feature","id":32433982,"geometry":{"type":"Point","coordinates":[-76.955436335705272,38.912578807756617]},"properties":{"DCGIS.PLACE_NAMES_PT.NAME":"US NATIONAL ARBORETUM ASIAN COLLECTION","DCGIS.ADDRESSES_PT.ADDRESS":null,"DCGIS.ADDRESSES_PT.WARD":"Ward 5","DCGIS.ADDRESSES_PT.SMD":"SMD 5C04","DCGIS.ADDRESSES_PT.ANC":"ANC 5C","MAR.VW_PLACE_NAME_CATEGORIES.CATEGORY":"MUSEUM / ZOO","DCGIS.PLACE_NAMES_PT.STATUS":"ACTIVE","DCGIS.PLACE_NAMES_PT.PLACE_NAME_ID":7847,"DCGIS.PLACE_NAMES_PT.MAR_ID":303198,"DCGIS.PLACE_NAMES_PT.BEFORE_DATE":null,"DCGIS.PLACE_NAMES_PT.BEFORE_DATE_SOURCE":null,"DCGIS.PLACE_NAMES_PT.BEGIN_DATE":null,"DCGIS.PLACE_NAMES_PT.BEGIN_DATE_SOURCE":null,"DCGIS.PLACE_NAMES_PT.FIRST_KNOWN_DATE":null,"DCGIS.PLACE_NAMES_PT.FIRST_KNOWN_DATE_SOURCE":null,"DCGIS.PLACE_NAMES_PT.CREATED_DATE":1164201219000,"DCGIS.PLACE_NAMES_PT.LAST_EDITED_DATE":1164201219000,"DCGIS.PLACE_NAMES_PT.SE_ANNO_CAD_DATA":null,"DCGIS.PLACE_NAMES_PT.OBJECTID":32433982,"DCGIS.ADDRESSES_PT.OBJECTID":217118860,"DCGIS.ADDRESSES_PT.SE_ANNO_CAD_DATA":null}},{"type":"Feature","id":32433983,"geometry":{"type":"Point","coordinates":[-76.959869709030514,38.910734334864287]},"properties":{"DCGIS.PLACE_NAMES_PT.NAME":"US NATIONAL ARBORETUM HOLLY AND MANGOLIA COLLECTIONS","DCGIS.ADDRESSES_PT.ADDRESS":null,"DCGIS.ADDRESSES_PT.WARD":"Ward 5","DCGIS.ADDRESSES_PT.SMD":"SMD 5C04","DCGIS.ADDRESSES_PT.ANC":"ANC 5C","MAR.VW_PLACE_NAME_CATEGORIES.CATEGORY":"MUSEUM / ZOO","DCGIS.PLACE_NAMES_PT.STATUS":"ACTIVE","DCGIS.PLACE_NAMES_PT.PLACE_NAME_ID":7848,"DCGIS.PLACE_NAMES_PT.MAR_ID":303199,"DCGIS.PLACE_NAMES_PT.BEFORE_DATE":null,"DCGIS.PLACE_NAMES_PT.BEFORE_DATE_SOURCE":null,"DCGIS.PLACE_NAMES_PT.BEGIN_DATE":null,"DCGIS.PLACE_NAMES_PT.BEGIN_DATE_SOURCE":null,"DCGIS.PLACE_NAMES_PT.FIRST_KNOWN_DATE":null,"DCGIS.PLACE_NAMES_PT.FIRST_KNOWN_DATE_SOURCE":null,"DCGIS.PLACE_NAMES_PT.CREATED_DATE":1164201219000,"DCGIS.PLACE_NAMES_PT.LAST_EDITED_DATE":1164201219000,"DCGIS.PLACE_NAMES_PT.SE_ANNO_CAD_DATA":null,"DCGIS.PLACE_NAMES_PT.OBJECTID":32433983,"DCGIS.ADDRESSES_PT.OBJECTID":217204405,"DCGIS.ADDRESSES_PT.SE_ANNO_CAD_DATA":null}},{"type":"Feature","id":32433984,"geometry":{"type":"Point","coordinates":[-76.968862537728029,38.912183997214171]},"properties":{"DCGIS.PLACE_NAMES_PT.NAME":"US NATIONAL ARBORETUM NATIONAL BONSAI AND PENJING MUSEUM","DCGIS.ADDRESSES_PT.ADDRESS":null,"DCGIS.ADDRESSES_PT.WARD":"Ward 5","DCGIS.ADDRESSES_PT.SMD":"SMD 5C04","DCGIS.ADDRESSES_PT.ANC":"ANC 5C","MAR.VW_PLACE_NAME_CATEGORIES.CATEGORY":"MUSEUM / ZOO","DCGIS.PLACE_NAMES_PT.STATUS":"ACTIVE","DCGIS.PLACE_NAMES_PT.PLACE_NAME_ID":14675,"DCGIS.PLACE_NAMES_PT.MAR_ID":303200,"DCGIS.PLACE_NAMES_PT.BEFORE_DATE":null,"DCGIS.PLACE_NAMES_PT.BEFORE_DATE_SOURCE":null,"DCGIS.PLACE_NAMES_PT.BEGIN_DATE":null,"DCGIS.PLACE_NAMES_PT.BEGIN_DATE_SOURCE":null,"DCGIS.PLACE_NAMES_PT.FIRST_KNOWN_DATE":null,"DCGIS.PLACE_NAMES_PT.FIRST_KNOWN_DATE_SOURCE":null,"DCGIS.PLACE_NAMES_PT.CREATED_DATE":1431445253000,"DCGIS.PLACE_NAMES_PT.LAST_EDITED_DATE":1431445253000,"DCGIS.PLACE_NAMES_PT.SE_ANNO_CAD_DATA":null,"DCGIS.PLACE_NAMES_PT.OBJECTID":32433984,"DCGIS.ADDRESSES_PT.OBJECTID":217118859,"DCGIS.ADDRESSES_PT.SE_ANNO_CAD_DATA":null}},{"type":"Feature","id":32433985,"geometry":{"type":"Point","coordinates":[-76.969552321283004,38.911528822142316]},"properties":{"DCGIS.PLACE_NAMES_PT.NAME":"US NATIONAL ARBORETUM NATIONAL HERB GARDEN","DCGIS.ADDRESSES_PT.ADDRESS":null,"DCGIS.ADDRESSES_PT.WARD":"Ward 5","DCGIS.ADDRESSES_PT.SMD":"SMD 5C04","DCGIS.ADDRESSES_PT.ANC":"ANC 5C","MAR.VW_PLACE_NAME_CATEGORIES.CATEGORY":"MUSEUM / ZOO","DCGIS.PLACE_NAMES_PT.STATUS":"ACTIVE","DCGIS.PLACE_NAMES_PT.PLACE_NAME_ID":7850,"DCGIS.PLACE_NAMES_PT.MAR_ID":303201,"DCGIS.PLACE_NAMES_PT.BEFORE_DATE":null,"DCGIS.PLACE_NAMES_PT.BEFORE_DATE_SOURCE":null,"DCGIS.PLACE_NAMES_PT.BEGIN_DATE":null,"DCGIS.PLACE_NAMES_PT.BEGIN_DATE_SOURCE":null,"DCGIS.PLACE_NAMES_PT.FIRST_KNOWN_DATE":null,"DCGIS.PLACE_NAMES_PT.FIRST_KNOWN_DATE_SOURCE":null,"DCGIS.PLACE_NAMES_PT.CREATED_DATE":1164201219000,"DCGIS.PLACE_NAMES_PT.LAST_EDITED_DATE":1164201219000,"DCGIS.PLACE_NAMES_PT.SE_ANNO_CAD_DATA":null,"DCGIS.PLACE_NAMES_PT.OBJECTID":32433985,"DCGIS.ADDRESSES_PT.OBJECTID":217120841,"DCGIS.ADDRESSES_PT.SE_ANNO_CAD_DATA":null}},{"type":"Feature","id":32433986,"geometry":{"type":"Point","coordinates":[-76.973585014706714,38.910445649290104]},"properties":{"DCGIS.PLACE_NAMES_PT.NAME":"US NATIONAL ARBORETUM AZALEA COLLECTIONS","DCGIS.ADDRESSES_PT.ADDRESS":null,"DCGIS.ADDRESSES_PT.WARD":"Ward 5","DCGIS.ADDRESSES_PT.SMD":"SMD 5C04","DCGIS.ADDRESSES_PT.ANC":"ANC 5C","MAR.VW_PLACE_NAME_CATEGORIES.CATEGORY":"MUSEUM / ZOO","DCGIS.PLACE_NAMES_PT.STATUS":"ACTIVE","DCGIS.PLACE_NAMES_PT.PLACE_NAME_ID":7851,"DCGIS.PLACE_NAMES_PT.MAR_ID":303202,"DCGIS.PLACE_NAMES_PT.BEFORE_DATE":null,"DCGIS.PLACE_NAMES_PT.BEFORE_DATE_SOURCE":null,"DCGIS.PLACE_NAMES_PT.BEGIN_DATE":null,"DCGIS.PLACE_NAMES_PT.BEGIN_DATE_SOURCE":null,"DCGIS.PLACE_NAMES_PT.FIRST_KNOWN_DATE":null,"DCGIS.PLACE_NAMES_PT.FIRST_KNOWN_DATE_SOURCE":null,"DCGIS.PLACE_NAMES_PT.CREATED_DATE":1164201219000,"DCGIS.PLACE_NAMES_PT.LAST_EDITED_DATE":1164201219000,"DCGIS.PLACE_NAMES_PT.SE_ANNO_CAD_DATA":null,"DCGIS.PLACE_NAMES_PT.OBJECTID":32433986,"DCGIS.ADDRESSES_PT.OBJECTID":217204407,"DCGIS.ADDRESSES_PT.SE_ANNO_CAD_DATA":null}},{"type":"Feature","id":32433987,"geometry":{"type":"Point","coordinates":[-76.973241530267103,38.912314261631572]},"properties":{"DCGIS.PLACE_NAMES_PT.NAME":"US NATIONAL ARBORETUM NATIONAL BOXWOOD COLLECTION","DCGIS.ADDRESSES_PT.ADDRESS":null,"DCGIS.ADDRESSES_PT.WARD":"Ward 5","DCGIS.ADDRESSES_PT.SMD":"SMD 5C04","DCGIS.ADDRESSES_PT.ANC":"ANC 5C","MAR.VW_PLACE_NAME_CATEGORIES.CATEGORY":"MUSEUM / ZOO","DCGIS.PLACE_NAMES_PT.STATUS":"ACTIVE","DCGIS.PLACE_NAMES_PT.PLACE_NAME_ID":7852,"DCGIS.PLACE_NAMES_PT.MAR_ID":303203,"DCGIS.PLACE_NAMES_PT.BEFORE_DATE":null,"DCGIS.PLACE_NAMES_PT.BEFORE_DATE_SOURCE":null,"DCGIS.PLACE_NAMES_PT.BEGIN_DATE":null,"DCGIS.PLACE_NAMES_PT.BEGIN_DATE_SOURCE":null,"DCGIS.PLACE_NAMES_PT.FIRST_KNOWN_DATE":null,"DCGIS.PLACE_NAMES_PT.FIRST_KNOWN_DATE_SOURCE":null,"DCGIS.PLACE_NAMES_PT.CREATED_DATE":1164201219000,"DCGIS.PLACE_NAMES_PT.LAST_EDITED_DATE":1164201219000,"DCGIS.PLACE_NAMES_PT.SE_ANNO_CAD_DATA":null,"DCGIS.PLACE_NAMES_PT.OBJECTID":32433987,"DCGIS.ADDRESSES_PT.OBJECTID":217208206,"DCGIS.ADDRESSES_PT.SE_ANNO_CAD_DATA":null}},{"type":"Feature","id":32423740,"geometry":{"type":"Point","coordinates":[-77.045057600966842,38.913896086435095]},"properties":{"DCGIS.PLACE_NAMES_PT.NAME":"LAOGAI MUSEUM","DCGIS.ADDRESSES_PT.ADDRESS":"1734 20TH STREET NW","DCGIS.ADDRESSES_PT.WARD":"Ward 2","DCGIS.ADDRESSES_PT.SMD":"SMD 2B01","DCGIS.ADDRESSES_PT.ANC":"ANC 2B","MAR.VW_PLACE_NAME_CATEGORIES.CATEGORY":"MUSEUM / ZOO","DCGIS.PLACE_NAMES_PT.STATUS":"ACTIVE","DCGIS.PLACE_NAMES_PT.PLACE_NAME_ID":12533,"DCGIS.PLACE_NAMES_PT.MAR_ID":285655,"DCGIS.PLACE_NAMES_PT.BEFORE_DATE":null,"DCGIS.PLACE_NAMES_PT.BEFORE_DATE_SOURCE":null,"DCGIS.PLACE_NAMES_PT.BEGIN_DATE":null,"DCGIS.PLACE_NAMES_PT.BEGIN_DATE_SOURCE":null,"DCGIS.PLACE_NAMES_PT.FIRST_KNOWN_DATE":null,"DCGIS.PLACE_NAMES_PT.FIRST_KNOWN_DATE_SOURCE":null,"DCGIS.PLACE_NAMES_PT.CREATED_DATE":1347629631000,"DCGIS.PLACE_NAMES_PT.LAST_EDITED_DATE":1347629631000,"DCGIS.PLACE_NAMES_PT.SE_ANNO_CAD_DATA":null,"DCGIS.PLACE_NAMES_PT.OBJECTID":32423740,"DCGIS.ADDRESSES_PT.OBJECTID":217249304,"DCGIS.ADDRESSES_PT.SE_ANNO_CAD_DATA":null}},{"type":"Feature","id":32422964,"geometry":{"type":"Point","coordinates":[-77.035506596850652,38.932438147264286]},"properties":{"DCGIS.PLACE_NAMES_PT.NAME":"POWHATAN MUSEUM","DCGIS.ADDRESSES_PT.ADDRESS":"1519 MONROE STREET NW","DCGIS.ADDRESSES_PT.WARD":"Ward 1","DCGIS.ADDRESSES_PT.SMD":"SMD 1A05","DCGIS.ADDRESSES_PT.ANC":"ANC 1A","MAR.VW_PLACE_NAME_CATEGORIES.CATEGORY":"MUSEUM / ZOO","DCGIS.PLACE_NAMES_PT.STATUS":"ACTIVE","DCGIS.PLACE_NAMES_PT.PLACE_NAME_ID":15646,"DCGIS.PLACE_NAMES_PT.MAR_ID":234557,"DCGIS.PLACE_NAMES_PT.BEFORE_DATE":null,"DCGIS.PLACE_NAMES_PT.BEFORE_DATE_SOURCE":null,"DCGIS.PLACE_NAMES_PT.BEGIN_DATE":null,"DCGIS.PLACE_NAMES_PT.BEGIN_DATE_SOURCE":null,"DCGIS.PLACE_NAMES_PT.FIRST_KNOWN_DATE":null,"DCGIS.PLACE_NAMES_PT.FIRST_KNOWN_DATE_SOURCE":null,"DCGIS.PLACE_NAMES_PT.CREATED_DATE":1468838455000,"DCGIS.PLACE_NAMES_PT.LAST_EDITED_DATE":1468838455000,"DCGIS.PLACE_NAMES_PT.SE_ANNO_CAD_DATA":null,"DCGIS.PLACE_NAMES_PT.OBJECTID":32422964,"DCGIS.ADDRESSES_PT.OBJECTID":217207250,"DCGIS.ADDRESSES_PT.SE_ANNO_CAD_DATA":null}},{"type":"Feature","id":32423175,"geometry":{"type":"Point","coordinates":[-77.046854551668915,38.911509790859284]},"properties":{"DCGIS.PLACE_NAMES_PT.NAME":"PHILLIPS COLLECTION","DCGIS.ADDRESSES_PT.ADDRESS":"1600 21ST STREET NW","DCGIS.ADDRESSES_PT.WARD":"Ward 2","DCGIS.ADDRESSES_PT.SMD":"SMD 2B02","DCGIS.ADDRESSES_PT.ANC":"ANC 2B","MAR.VW_PLACE_NAME_CATEGORIES.CATEGORY":"MUSEUM / ZOO","DCGIS.PLACE_NAMES_PT.STATUS":"ACTIVE","DCGIS.PLACE_NAMES_PT.PLACE_NAME_ID":7577,"DCGIS.PLACE_NAMES_PT.MAR_ID":243333,"DCGIS.PLACE_NAMES_PT.BEFORE_DATE":null,"DCGIS.PLACE_NAMES_PT.BEFORE_DATE_SOURCE":null,"DCGIS.PLACE_NAMES_PT.BEGIN_DATE":null,"DCGIS.PLACE_NAMES_PT.BEGIN_DATE_SOURCE":null,"DCGIS.PLACE_NAMES_PT.FIRST_KNOWN_DATE":null,"DCGIS.PLACE_NAMES_PT.FIRST_KNOWN_DATE_SOURCE":null,"DCGIS.PLACE_NAMES_PT.CREATED_DATE":1155487719000,"DCGIS.PLACE_NAMES_PT.LAST_EDITED_DATE":1224268494000,"DCGIS.PLACE_NAMES_PT.SE_ANNO_CAD_DATA":null,"DCGIS.PLACE_NAMES_PT.OBJECTID":32423175,"DCGIS.ADDRESSES_PT.OBJECTID":217167928,"DCGIS.ADDRESSES_PT.SE_ANNO_CAD_DATA":null}},{"type":"Feature","id":32423176,"geometry":{"type":"Point","coordinates":[-77.046854551668915,38.911509790859284]},"properties":{"DCGIS.PLACE_NAMES_PT.NAME":"THE PHILLIPS COLLECTION","DCGIS.ADDRESSES_PT.ADDRESS":"1600 21ST STREET NW","DCGIS.ADDRESSES_PT.WARD":"Ward 2","DCGIS.ADDRESSES_PT.SMD":"SMD 2B02","DCGIS.ADDRESSES_PT.ANC":"ANC 2B","MAR.VW_PLACE_NAME_CATEGORIES.CATEGORY":"MUSEUM / ZOO","DCGIS.PLACE_NAMES_PT.STATUS":"ACTIVE","DCGIS.PLACE_NAMES_PT.PLACE_NAME_ID":15352,"DCGIS.PLACE_NAMES_PT.MAR_ID":243333,"DCGIS.PLACE_NAMES_PT.BEFORE_DATE":null,"DCGIS.PLACE_NAMES_PT.BEFORE_DATE_SOURCE":null,"DCGIS.PLACE_NAMES_PT.BEGIN_DATE":null,"DCGIS.PLACE_NAMES_PT.BEGIN_DATE_SOURCE":null,"DCGIS.PLACE_NAMES_PT.FIRST_KNOWN_DATE":null,"DCGIS.PLACE_NAMES_PT.FIRST_KNOWN_DATE_SOURCE":null,"DCGIS.PLACE_NAMES_PT.CREATED_DATE":1463048766000,"DCGIS.PLACE_NAMES_PT.LAST_EDITED_DATE":1463048766000,"DCGIS.PLACE_NAMES_PT.SE_ANNO_CAD_DATA":null,"DCGIS.PLACE_NAMES_PT.OBJECTID":32423176,"DCGIS.ADDRESSES_PT.OBJECTID":217167928,"DCGIS.ADDRESSES_PT.SE_ANNO_CAD_DATA":null}},{"type":"Feature","id":32423189,"geometry":{"type":"Point","coordinates":[-77.03720759474777,38.905342633414058]},"properties":{"DCGIS.PLACE_NAMES_PT.NAME":"NATIONAL GEOGRAPHIC SOCIETY HEADQUARTERS","DCGIS.ADDRESSES_PT.ADDRESS":"1600 M STREET NW","DCGIS.ADDRESSES_PT.WARD":"Ward 2","DCGIS.ADDRESSES_PT.SMD":"SMD 2C02","DCGIS.ADDRESSES_PT.ANC":"ANC 2C","MAR.VW_PLACE_NAME_CATEGORIES.CATEGORY":"MUSEUM / ZOO","DCGIS.PLACE_NAMES_PT.STATUS":"ACTIVE","DCGIS.PLACE_NAMES_PT.PLACE_NAME_ID":7595,"DCGIS.PLACE_NAMES_PT.MAR_ID":302627,"DCGIS.PLACE_NAMES_PT.BEFORE_DATE":null,"DCGIS.PLACE_NAMES_PT.BEFORE_DATE_SOURCE":null,"DCGIS.PLACE_NAMES_PT.BEGIN_DATE":null,"DCGIS.PLACE_NAMES_PT.BEGIN_DATE_SOURCE":null,"DCGIS.PLACE_NAMES_PT.FIRST_KNOWN_DATE":null,"DCGIS.PLACE_NAMES_PT.FIRST_KNOWN_DATE_SOURCE":null,"DCGIS.PLACE_NAMES_PT.CREATED_DATE":1156509485000,"DCGIS.PLACE_NAMES_PT.LAST_EDITED_DATE":1156509485000,"DCGIS.PLACE_NAMES_PT.SE_ANNO_CAD_DATA":null,"DCGIS.PLACE_NAMES_PT.OBJECTID":32423189,"DCGIS.ADDRESSES_PT.OBJECTID":217204018,"DCGIS.ADDRESSES_PT.SE_ANNO_CAD_DATA":null}},{"type":"Feature","id":32423253,"geometry":{"type":"Point","coordinates":[-77.046959294507118,38.911760721230898]},"properties":{"DCGIS.PLACE_NAMES_PT.NAME":"PHILLIPS COLLECTION","DCGIS.ADDRESSES_PT.ADDRESS":"1612 21ST STREET NW","DCGIS.ADDRESSES_PT.WARD":"Ward 2","DCGIS.ADDRESSES_PT.SMD":"SMD 2B02","DCGIS.ADDRESSES_PT.ANC":"ANC 2B","MAR.VW_PLACE_NAME_CATEGORIES.CATEGORY":"MUSEUM / ZOO","DCGIS.PLACE_NAMES_PT.STATUS":"ACTIVE","DCGIS.PLACE_NAMES_PT.PLACE_NAME_ID":8392,"DCGIS.PLACE_NAMES_PT.MAR_ID":302497,"DCGIS.PLACE_NAMES_PT.BEFORE_DATE":null,"DCGIS.PLACE_NAMES_PT.BEFORE_DATE_SOURCE":null,"DCGIS.PLACE_NAMES_PT.BEGIN_DATE":null,"DCGIS.PLACE_NAMES_PT.BEGIN_DATE_SOURCE":null,"DCGIS.PLACE_NAMES_PT.FIRST_KNOWN_DATE":null,"DCGIS.PLACE_NAMES_PT.FIRST_KNOWN_DATE_SOURCE":null,"DCGIS.PLACE_NAMES_PT.CREATED_DATE":1178792514000,"DCGIS.PLACE_NAMES_PT.LAST_EDITED_DATE":1178792514000,"DCGIS.PLACE_NAMES_PT.SE_ANNO_CAD_DATA":null,"DCGIS.PLACE_NAMES_PT.OBJECTID":32423253,"DCGIS.ADDRESSES_PT.OBJECTID":217203201,"DCGIS.ADDRESSES_PT.SE_ANNO_CAD_DATA":null}},{"type":"Feature","id":32423516,"geometry":{"type":"Point","coordinates":[-77.039957911097588,38.89865698302566]},"properties":{"DCGIS.PLACE_NAMES_PT.NAME":"THE PEOPLES HOUSE A WHITE HOUSE EXPERIENCE","DCGIS.ADDRESSES_PT.ADDRESS":"1700 PENNSYLVANIA AVENUE NW","DCGIS.ADDRESSES_PT.WARD":"Ward 2","DCGIS.ADDRESSES_PT.SMD":"SMD 2A07","DCGIS.ADDRESSES_PT.ANC":"ANC 2A","MAR.VW_PLACE_NAME_CATEGORIES.CATEGORY":"MUSEUM / ZOO","DCGIS.PLACE_NAMES_PT.STATUS":"ACTIVE","DCGIS.PLACE_NAMES_PT.PLACE_NAME_ID":23675,"DCGIS.PLACE_NAMES_PT.MAR_ID":218408,"DCGIS.PLACE_NAMES_PT.BEFORE_DATE":null,"DCGIS.PLACE_NAMES_PT.BEFORE_DATE_SOURCE":null,"DCGIS.PLACE_NAMES_PT.BEGIN_DATE":null,"DCGIS.PLACE_NAMES_PT.BEGIN_DATE_SOURCE":null,"DCGIS.PLACE_NAMES_PT.FIRST_KNOWN_DATE":null,"DCGIS.PLACE_NAMES_PT.FIRST_KNOWN_DATE_SOURCE":null,"DCGIS.PLACE_NAMES_PT.CREATED_DATE":1729611906000,"DCGIS.PLACE_NAMES_PT.LAST_EDITED_DATE":1729611906000,"DCGIS.PLACE_NAMES_PT.SE_ANNO_CAD_DATA":null,"DCGIS.PLACE_NAMES_PT.OBJECTID":32423516,"DCGIS.ADDRESSES_PT.OBJECTID":217246290,"DCGIS.ADDRESSES_PT.SE_ANNO_CAD_DATA":null}},{"type":"Feature","id":32423517,"geometry":{"type":"Point","coordinates":[-77.039957911097588,38.89865698302566]},"properties":{"DCGIS.PLACE_NAMES_PT.NAME":"THE PEOPLES HOUSE","DCGIS.ADDRESSES_PT.ADDRESS":"1700 PENNSYLVANIA AVENUE NW","DCGIS.ADDRESSES_PT.WARD":"Ward 2","DCGIS.ADDRESSES_PT.SMD":"SMD 2A07","DCGIS.ADDRESSES_PT.ANC":"ANC 2A","MAR.VW_PLACE_NAME_CATEGORIES.CATEGORY":"MUSEUM / ZOO","DCGIS.PLACE_NAMES_PT.STATUS":"ACTIVE","DCGIS.PLACE_NAMES_PT.PLACE_NAME_ID":23676,"DCGIS.PLACE_NAMES_PT.MAR_ID":218408,"DCGIS.PLACE_NAMES_PT.BEFORE_DATE":null,"DCGIS.PLACE_NAMES_PT.BEFORE_DATE_SOURCE":null,"DCGIS.PLACE_NAMES_PT.BEGIN_DATE":null,"DCGIS.PLACE_NAMES_PT.BEGIN_DATE_SOURCE":null,"DCGIS.PLACE_NAMES_PT.FIRST_KNOWN_DATE":null,"DCGIS.PLACE_NAMES_PT.FIRST_KNOWN_DATE_SOURCE":null,"DCGIS.PLACE_NAMES_PT.CREATED_DATE":1729611906000,"DCGIS.PLACE_NAMES_PT.LAST_EDITED_DATE":1729611906000,"DCGIS.PLACE_NAMES_PT.SE_ANNO_CAD_DATA":null,"DCGIS.PLACE_NAMES_PT.OBJECTID":32423517,"DCGIS.ADDRESSES_PT.OBJECTID":217246290,"DCGIS.ADDRESSES_PT.SE_ANNO_CAD_DATA":null}},{"type":"Feature","id":32433405,"geometry":{"type":"Point","coordinates":[-77.011770692712162,38.941707803294292]},"properties":{"DCGIS.PLACE_NAMES_PT.NAME":"LINCOLN'S COTTAGE","DCGIS.ADDRESSES_PT.ADDRESS":null,"DCGIS.ADDRESSES_PT.WARD":"Ward 5","DCGIS.ADDRESSES_PT.SMD":"SMD 5A05","DCGIS.ADDRESSES_PT.ANC":"ANC 5A","MAR.VW_PLACE_NAME_CATEGORIES.CATEGORY":"MUSEUM / ZOO","DCGIS.PLACE_NAMES_PT.STATUS":"ACTIVE","DCGIS.PLACE_NAMES_PT.PLACE_NAME_ID":12537,"DCGIS.PLACE_NAMES_PT.MAR_ID":292871,"DCGIS.PLACE_NAMES_PT.BEFORE_DATE":null,"DCGIS.PLACE_NAMES_PT.BEFORE_DATE_SOURCE":null,"DCGIS.PLACE_NAMES_PT.BEGIN_DATE":null,"DCGIS.PLACE_NAMES_PT.BEGIN_DATE_SOURCE":null,"DCGIS.PLACE_NAMES_PT.FIRST_KNOWN_DATE":null,"DCGIS.PLACE_NAMES_PT.FIRST_KNOWN_DATE_SOURCE":null,"DCGIS.PLACE_NAMES_PT.CREATED_DATE":1347631375000,"DCGIS.PLACE_NAMES_PT.LAST_EDITED_DATE":1347631375000,"DCGIS.PLACE_NAMES_PT.SE_ANNO_CAD_DATA":null,"DCGIS.PLACE_NAMES_PT.OBJECTID":32433405,"DCGIS.ADDRESSES_PT.OBJECTID":217204077,"DCGIS.ADDRESSES_PT.SE_ANNO_CAD_DATA":null}},{"type":"Feature","id":32433511,"geometry":{"type":"Point","coordinates":[-77.01663876900335,38.891240367062686]},"properties":{"DCGIS.PLACE_NAMES_PT.NAME":"NATIONAL GALLERY OF ART - EAST BUILDING","DCGIS.ADDRESSES_PT.ADDRESS":null,"DCGIS.ADDRESSES_PT.WARD":"Ward 2","DCGIS.ADDRESSES_PT.SMD":"SMD 2C03","DCGIS.ADDRESSES_PT.ANC":"ANC 2C","MAR.VW_PLACE_NAME_CATEGORIES.CATEGORY":"MUSEUM / ZOO","DCGIS.PLACE_NAMES_PT.STATUS":"ACTIVE","DCGIS.PLACE_NAMES_PT.PLACE_NAME_ID":3015,"DCGIS.PLACE_NAMES_PT.MAR_ID":293209,"DCGIS.PLACE_NAMES_PT.BEFORE_DATE":null,"DCGIS.PLACE_NAMES_PT.BEFORE_DATE_SOURCE":null,"DCGIS.PLACE_NAMES_PT.BEGIN_DATE":null,"DCGIS.PLACE_NAMES_PT.BEGIN_DATE_SOURCE":null,"DCGIS.PLACE_NAMES_PT.FIRST_KNOWN_DATE":null,"DCGIS.PLACE_NAMES_PT.FIRST_KNOWN_DATE_SOURCE":null,"DCGIS.PLACE_NAMES_PT.CREATED_DATE":1123862767000,"DCGIS.PLACE_NAMES_PT.LAST_EDITED_DATE":1123862767000,"DCGIS.PLACE_NAMES_PT.SE_ANNO_CAD_DATA":null,"DCGIS.PLACE_NAMES_PT.OBJECTID":32433511,"DCGIS.ADDRESSES_PT.OBJECTID":217203252,"DCGIS.ADDRESSES_PT.SE_ANNO_CAD_DATA":null}},{"type":"Feature","id":32433512,"geometry":{"type":"Point","coordinates":[-77.019924611247262,38.8913060642939]},"properties":{"DCGIS.PLACE_NAMES_PT.NAME":"NATIONAL GALLERY OF ART - WEST BUILDING","DCGIS.ADDRESSES_PT.ADDRESS":null,"DCGIS.ADDRESSES_PT.WARD":"Ward 2","DCGIS.ADDRESSES_PT.SMD":"SMD 2C03","DCGIS.ADDRESSES_PT.ANC":"ANC 2C","MAR.VW_PLACE_NAME_CATEGORIES.CATEGORY":"MUSEUM / ZOO","DCGIS.PLACE_NAMES_PT.STATUS":"ACTIVE","DCGIS.PLACE_NAMES_PT.PLACE_NAME_ID":3062,"DCGIS.PLACE_NAMES_PT.MAR_ID":293249,"DCGIS.PLACE_NAMES_PT.BEFORE_DATE":null,"DCGIS.PLACE_NAMES_PT.BEFORE_DATE_SOURCE":null,"DCGIS.PLACE_NAMES_PT.BEGIN_DATE":null,"DCGIS.PLACE_NAMES_PT.BEGIN_DATE_SOURCE":null,"DCGIS.PLACE_NAMES_PT.FIRST_KNOWN_DATE":null,"DCGIS.PLACE_NAMES_PT.FIRST_KNOWN_DATE_SOURCE":null,"DCGIS.PLACE_NAMES_PT.CREATED_DATE":1123862767000,"DCGIS.PLACE_NAMES_PT.LAST_EDITED_DATE":1123862767000,"DCGIS.PLACE_NAMES_PT.SE_ANNO_CAD_DATA":null,"DCGIS.PLACE_NAMES_PT.OBJECTID":32433512,"DCGIS.ADDRESSES_PT.OBJECTID":217203251,"DCGIS.ADDRESSES_PT.SE_ANNO_CAD_DATA":null}},{"type":"Feature","id":32433513,"geometry":{"type":"Point","coordinates":[-77.022945089814996,38.891300915703589]},"properties":{"DCGIS.PLACE_NAMES_PT.NAME":"NATIONAL GALLERY OF ART SCULPTURE GARDEN ICE SKATING RINK","DCGIS.ADDRESSES_PT.ADDRESS":null,"DCGIS.ADDRESSES_PT.WARD":"Ward 2","DCGIS.ADDRESSES_PT.SMD":"SMD 2C03","DCGIS.ADDRESSES_PT.ANC":"ANC 2C","MAR.VW_PLACE_NAME_CATEGORIES.CATEGORY":"MUSEUM / ZOO","DCGIS.PLACE_NAMES_PT.STATUS":"ACTIVE","DCGIS.PLACE_NAMES_PT.PLACE_NAME_ID":3073,"DCGIS.PLACE_NAMES_PT.MAR_ID":293258,"DCGIS.PLACE_NAMES_PT.BEFORE_DATE":null,"DCGIS.PLACE_NAMES_PT.BEFORE_DATE_SOURCE":null,"DCGIS.PLACE_NAMES_PT.BEGIN_DATE":null,"DCGIS.PLACE_NAMES_PT.BEGIN_DATE_SOURCE":null,"DCGIS.PLACE_NAMES_PT.FIRST_KNOWN_DATE":null,"DCGIS.PLACE_NAMES_PT.FIRST_KNOWN_DATE_SOURCE":null,"DCGIS.PLACE_NAMES_PT.CREATED_DATE":1123862767000,"DCGIS.PLACE_NAMES_PT.LAST_EDITED_DATE":1167222791000,"DCGIS.PLACE_NAMES_PT.SE_ANNO_CAD_DATA":null,"DCGIS.PLACE_NAMES_PT.OBJECTID":32433513,"DCGIS.ADDRESSES_PT.OBJECTID":217203253,"DCGIS.ADDRESSES_PT.SE_ANNO_CAD_DATA":null}},{"type":"Feature","id":32433514,"geometry":{"type":"Point","coordinates":[-77.022945089814996,38.891300915703589]},"properties":{"DCGIS.PLACE_NAMES_PT.NAME":"NATIONAL GALLERY OF ART SCULPTURE GARDEN","DCGIS.ADDRESSES_PT.ADDRESS":null,"DCGIS.ADDRESSES_PT.WARD":"Ward 2","DCGIS.ADDRESSES_PT.SMD":"SMD 2C03","DCGIS.ADDRESSES_PT.ANC":"ANC 2C","MAR.VW_PLACE_NAME_CATEGORIES.CATEGORY":"MUSEUM / ZOO","DCGIS.PLACE_NAMES_PT.STATUS":"ACTIVE","DCGIS.PLACE_NAMES_PT.PLACE_NAME_ID":3074,"DCGIS.PLACE_NAMES_PT.MAR_ID":293258,"DCGIS.PLACE_NAMES_PT.BEFORE_DATE":null,"DCGIS.PLACE_NAMES_PT.BEFORE_DATE_SOURCE":null,"DCGIS.PLACE_NAMES_PT.BEGIN_DATE":null,"DCGIS.PLACE_NAMES_PT.BEGIN_DATE_SOURCE":null,"DCGIS.PLACE_NAMES_PT.FIRST_KNOWN_DATE":null,"DCGIS.PLACE_NAMES_PT.FIRST_KNOWN_DATE_SOURCE":null,"DCGIS.PLACE_NAMES_PT.CREATED_DATE":1123862767000,"DCGIS.PLACE_NAMES_PT.LAST_EDITED_DATE":1167222791000,"DCGIS.PLACE_NAMES_PT.SE_ANNO_CAD_DATA":null,"DCGIS.PLACE_NAMES_PT.OBJECTID":32433514,"DCGIS.ADDRESSES_PT.OBJECTID":217203253,"DCGIS.ADDRESSES_PT.SE_ANNO_CAD_DATA":null}},{"type":"Feature","id":32432805,"geometry":{"type":"Point","coordinates":[-77.047308846780439,38.91222144699158]},"properties":{"DCGIS.PLACE_NAMES_PT.NAME":"INTERNATIONAL ARTS & ARTISTS","DCGIS.ADDRESSES_PT.ADDRESS":"9 HILLYER COURT NW","DCGIS.ADDRESSES_PT.WARD":"Ward 2","DCGIS.ADDRESSES_PT.SMD":"SMD 2B02","DCGIS.ADDRESSES_PT.ANC":"ANC 2B","MAR.VW_PLACE_NAME_CATEGORIES.CATEGORY":"MUSEUM / ZOO","DCGIS.PLACE_NAMES_PT.STATUS":"ACTIVE","DCGIS.PLACE_NAMES_PT.PLACE_NAME_ID":15645,"DCGIS.PLACE_NAMES_PT.MAR_ID":279975,"DCGIS.PLACE_NAMES_PT.BEFORE_DATE":null,"DCGIS.PLACE_NAMES_PT.BEFORE_DATE_SOURCE":null,"DCGIS.PLACE_NAMES_PT.BEGIN_DATE":null,"DCGIS.PLACE_NAMES_PT.BEGIN_DATE_SOURCE":null,"DCGIS.PLACE_NAMES_PT.FIRST_KNOWN_DATE":null,"DCGIS.PLACE_NAMES_PT.FIRST_KNOWN_DATE_SOURCE":null,"DCGIS.PLACE_NAMES_PT.CREATED_DATE":1468838340000,"DCGIS.PLACE_NAMES_PT.LAST_EDITED_DATE":1468838340000,"DCGIS.PLACE_NAMES_PT.SE_ANNO_CAD_DATA":null,"DCGIS.PLACE_NAMES_PT.OBJECTID":32432805,"DCGIS.ADDRESSES_PT.OBJECTID":217205307,"DCGIS.ADDRESSES_PT.SE_ANNO_CAD_DATA":null}},{"type":"Feature","id":32432819,"geometry":{"type":"Point","coordinates":[-77.034829504646424,38.901583549331995]},"properties":{"DCGIS.PLACE_NAMES_PT.NAME":"VICTIMS OF COMMUNISM MUSEUM","DCGIS.ADDRESSES_PT.ADDRESS":"900 15TH STREET NW","DCGIS.ADDRESSES_PT.WARD":"Ward 2","DCGIS.ADDRESSES_PT.SMD":"SMD 2C02","DCGIS.ADDRESSES_PT.ANC":"ANC 2C","MAR.VW_PLACE_NAME_CATEGORIES.CATEGORY":"MUSEUM / ZOO","DCGIS.PLACE_NAMES_PT.STATUS":"ACTIVE","DCGIS.PLACE_NAMES_PT.PLACE_NAME_ID":23415,"DCGIS.PLACE_NAMES_PT.MAR_ID":279976,"DCGIS.PLACE_NAMES_PT.BEFORE_DATE":null,"DCGIS.PLACE_NAMES_PT.BEFORE_DATE_SOURCE":null,"DCGIS.PLACE_NAMES_PT.BEGIN_DATE":null,"DCGIS.PLACE_NAMES_PT.BEGIN_DATE_SOURCE":null,"DCGIS.PLACE_NAMES_PT.FIRST_KNOWN_DATE":null,"DCGIS.PLACE_NAMES_PT.FIRST_KNOWN_DATE_SOURCE":null,"DCGIS.PLACE_NAMES_PT.CREATED_DATE":1709823765000,"DCGIS.PLACE_NAMES_PT.LAST_EDITED_DATE":1709823765000,"DCGIS.PLACE_NAMES_PT.SE_ANNO_CAD_DATA":null,"DCGIS.PLACE_NAMES_PT.OBJECTID":32432819,"DCGIS.ADDRESSES_PT.OBJECTID":217129034,"DCGIS.ADDRESSES_PT.SE_ANNO_CAD_DATA":null}},{"type":"Feature","id":32432835,"geometry":{"type":"Point","coordinates":[-77.024496215638763,38.888179918718116]},"properties":{"DCGIS.PLACE_NAMES_PT.NAME":"ARTS AND INDUSTRIES BUILDING","DCGIS.ADDRESSES_PT.ADDRESS":"900 JEFFERSON DRIVE SW","DCGIS.ADDRESSES_PT.WARD":"Ward 2","DCGIS.ADDRESSES_PT.SMD":"SMD 2C03","DCGIS.ADDRESSES_PT.ANC":"ANC 2C","MAR.VW_PLACE_NAME_CATEGORIES.CATEGORY":"MUSEUM / ZOO","DCGIS.PLACE_NAMES_PT.STATUS":"ACTIVE","DCGIS.PLACE_NAMES_PT.PLACE_NAME_ID":3076,"DCGIS.PLACE_NAMES_PT.MAR_ID":293260,"DCGIS.PLACE_NAMES_PT.BEFORE_DATE":null,"DCGIS.PLACE_NAMES_PT.BEFORE_DATE_SOURCE":null,"DCGIS.PLACE_NAMES_PT.BEGIN_DATE":null,"DCGIS.PLACE_NAMES_PT.BEGIN_DATE_SOURCE":null,"DCGIS.PLACE_NAMES_PT.FIRST_KNOWN_DATE":null,"DCGIS.PLACE_NAMES_PT.FIRST_KNOWN_DATE_SOURCE":null,"DCGIS.PLACE_NAMES_PT.CREATED_DATE":1123862767000,"DCGIS.PLACE_NAMES_PT.LAST_EDITED_DATE":1123862767000,"DCGIS.PLACE_NAMES_PT.SE_ANNO_CAD_DATA":null,"DCGIS.PLACE_NAMES_PT.OBJECTID":32432835,"DCGIS.ADDRESSES_PT.OBJECTID":217143037,"DCGIS.ADDRESSES_PT.SE_ANNO_CAD_DATA":null}},{"type":"Feature","id":32432982,"geometry":{"type":"Point","coordinates":[-77.029306909523129,38.902131151997359]},"properties":{"DCGIS.PLACE_NAMES_PT.NAME":"PLANET WORD","DCGIS.ADDRESSES_PT.ADDRESS":"925 13TH STREET NW","DCGIS.ADDRESSES_PT.WARD":"Ward 2","DCGIS.ADDRESSES_PT.SMD":"SMD 2C01","DCGIS.ADDRESSES_PT.ANC":"ANC 2C","MAR.VW_PLACE_NAME_CATEGORIES.CATEGORY":"MUSEUM / ZOO","DCGIS.PLACE_NAMES_PT.STATUS":"ACTIVE","DCGIS.PLACE_NAMES_PT.PLACE_NAME_ID":17702,"DCGIS.PLACE_NAMES_PT.MAR_ID":240926,"DCGIS.PLACE_NAMES_PT.BEFORE_DATE":null,"DCGIS.PLACE_NAMES_PT.BEFORE_DATE_SOURCE":null,"DCGIS.PLACE_NAMES_PT.BEGIN_DATE":null,"DCGIS.PLACE_NAMES_PT.BEGIN_DATE_SOURCE":null,"DCGIS.PLACE_NAMES_PT.FIRST_KNOWN_DATE":null,"DCGIS.PLACE_NAMES_PT.FIRST_KNOWN_DATE_SOURCE":null,"DCGIS.PLACE_NAMES_PT.CREATED_DATE":1633610774000,"DCGIS.PLACE_NAMES_PT.LAST_EDITED_DATE":1633610774000,"DCGIS.PLACE_NAMES_PT.SE_ANNO_CAD_DATA":null,"DCGIS.PLACE_NAMES_PT.OBJECTID":32432982,"DCGIS.ADDRESSES_PT.OBJECTID":217210426,"DCGIS.ADDRESSES_PT.SE_ANNO_CAD_DATA":null}},{"type":"Feature","id":32432995,"geometry":{"type":"Point","coordinates":[-77.024580742606631,38.900002395779865]},"properties":{"DCGIS.PLACE_NAMES_PT.NAME":"MUSEUM OF ILLUSIONS","DCGIS.ADDRESSES_PT.ADDRESS":"927 H STREET NW","DCGIS.ADDRESSES_PT.WARD":"Ward 2","DCGIS.ADDRESSES_PT.SMD":"SMD 2C04","DCGIS.ADDRESSES_PT.ANC":"ANC 2C","MAR.VW_PLACE_NAME_CATEGORIES.CATEGORY":"MUSEUM / ZOO","DCGIS.PLACE_NAMES_PT.STATUS":"ACTIVE","DCGIS.PLACE_NAMES_PT.PLACE_NAME_ID":23012,"DCGIS.PLACE_NAMES_PT.MAR_ID":331068,"DCGIS.PLACE_NAMES_PT.BEFORE_DATE":null,"DCGIS.PLACE_NAMES_PT.BEFORE_DATE_SOURCE":null,"DCGIS.PLACE_NAMES_PT.BEGIN_DATE":null,"DCGIS.PLACE_NAMES_PT.BEGIN_DATE_SOURCE":null,"DCGIS.PLACE_NAMES_PT.FIRST_KNOWN_DATE":null,"DCGIS.PLACE_NAMES_PT.FIRST_KNOWN_DATE_SOURCE":null,"DCGIS.PLACE_NAMES_PT.CREATED_DATE":1668608809000,"DCGIS.PLACE_NAMES_PT.LAST_EDITED_DATE":1668608809000,"DCGIS.PLACE_NAMES_PT.SE_ANNO_CAD_DATA":null,"DCGIS.PLACE_NAMES_PT.OBJECTID":32432995,"DCGIS.ADDRESSES_PT.OBJECTID":217229275,"DCGIS.ADDRESSES_PT.SE_ANNO_CAD_DATA":null}},{"type":"Feature","id":32433046,"geometry":{"type":"Point","coordinates":[-77.02550918302255,38.887962149498421]},"properties":{"DCGIS.PLACE_NAMES_PT.NAME":"NATIONAL MUSEUM OF AFRICAN ART","DCGIS.ADDRESSES_PT.ADDRESS":"950 INDEPENDENCE AVENUE SW","DCGIS.ADDRESSES_PT.WARD":"Ward 2","DCGIS.ADDRESSES_PT.SMD":"SMD 2C03","DCGIS.ADDRESSES_PT.ANC":"ANC 2C","MAR.VW_PLACE_NAME_CATEGORIES.CATEGORY":"MUSEUM / ZOO","DCGIS.PLACE_NAMES_PT.STATUS":"ACTIVE","DCGIS.PLACE_NAMES_PT.PLACE_NAME_ID":3078,"DCGIS.PLACE_NAMES_PT.MAR_ID":293262,"DCGIS.PLACE_NAMES_PT.BEFORE_DATE":null,"DCGIS.PLACE_NAMES_PT.BEFORE_DATE_SOURCE":null,"DCGIS.PLACE_NAMES_PT.BEGIN_DATE":null,"DCGIS.PLACE_NAMES_PT.BEGIN_DATE_SOURCE":null,"DCGIS.PLACE_NAMES_PT.FIRST_KNOWN_DATE":null,"DCGIS.PLACE_NAMES_PT.FIRST_KNOWN_DATE_SOURCE":null,"DCGIS.PLACE_NAMES_PT.CREATED_DATE":1123862767000,"DCGIS.PLACE_NAMES_PT.LAST_EDITED_DATE":1123862767000,"DCGIS.PLACE_NAMES_PT.SE_ANNO_CAD_DATA":null,"DCGIS.PLACE_NAMES_PT.OBJECTID":32433046,"DCGIS.ADDRESSES_PT.OBJECTID":217231206,"DCGIS.ADDRESSES_PT.SE_ANNO_CAD_DATA":null}},{"type":"Feature","id":32420947,"geometry":{"type":"Point","coordinates":[-77.038100194258078,38.905163710092033]},"properties":{"DCGIS.PLACE_NAMES_PT.NAME":"NATIONAL GEOGRAPHIC MUSEUM","DCGIS.ADDRESSES_PT.ADDRESS":"1145 17TH STREET NW","DCGIS.ADDRESSES_PT.WARD":"Ward 2","DCGIS.ADDRESSES_PT.SMD":"SMD 2C02","DCGIS.ADDRESSES_PT.ANC":"ANC 2C","MAR.VW_PLACE_NAME_CATEGORIES.CATEGORY":"MUSEUM / ZOO","DCGIS.PLACE_NAMES_PT.STATUS":"ACTIVE","DCGIS.PLACE_NAMES_PT.PLACE_NAME_ID":9695,"DCGIS.PLACE_NAMES_PT.MAR_ID":290192,"DCGIS.PLACE_NAMES_PT.BEFORE_DATE":null,"DCGIS.PLACE_NAMES_PT.BEFORE_DATE_SOURCE":null,"DCGIS.PLACE_NAMES_PT.BEGIN_DATE":null,"DCGIS.PLACE_NAMES_PT.BEGIN_DATE_SOURCE":null,"DCGIS.PLACE_NAMES_PT.FIRST_KNOWN_DATE":null,"DCGIS.PLACE_NAMES_PT.FIRST_KNOWN_DATE_SOURCE":null,"DCGIS.PLACE_NAMES_PT.CREATED_DATE":1283934845000,"DCGIS.PLACE_NAMES_PT.LAST_EDITED_DATE":1283934845000,"DCGIS.PLACE_NAMES_PT.SE_ANNO_CAD_DATA":null,"DCGIS.PLACE_NAMES_PT.OBJECTID":32420947,"DCGIS.ADDRESSES_PT.OBJECTID":217129807,"DCGIS.ADDRESSES_PT.SE_ANNO_CAD_DATA":null}},{"type":"Feature","id":32420948,"geometry":{"type":"Point","coordinates":[-77.038100194258078,38.905163710092033]},"properties":{"DCGIS.PLACE_NAMES_PT.NAME":"NATIONAL GEOGRAPHIC SOCIETY EXPLORERS HALL","DCGIS.ADDRESSES_PT.ADDRESS":"1145 17TH STREET NW","DCGIS.ADDRESSES_PT.WARD":"Ward 2","DCGIS.ADDRESSES_PT.SMD":"SMD 2C02","DCGIS.ADDRESSES_PT.ANC":"ANC 2C","MAR.VW_PLACE_NAME_CATEGORIES.CATEGORY":"MUSEUM / ZOO","DCGIS.PLACE_NAMES_PT.STATUS":"ACTIVE","DCGIS.PLACE_NAMES_PT.PLACE_NAME_ID":17273,"DCGIS.PLACE_NAMES_PT.MAR_ID":290192,"DCGIS.PLACE_NAMES_PT.BEFORE_DATE":null,"DCGIS.PLACE_NAMES_PT.BEFORE_DATE_SOURCE":null,"DCGIS.PLACE_NAMES_PT.BEGIN_DATE":null,"DCGIS.PLACE_NAMES_PT.BEGIN_DATE_SOURCE":null,"DCGIS.PLACE_NAMES_PT.FIRST_KNOWN_DATE":null,"DCGIS.PLACE_NAMES_PT.FIRST_KNOWN_DATE_SOURCE":null,"DCGIS.PLACE_NAMES_PT.CREATED_DATE":1564146499000,"DCGIS.PLACE_NAMES_PT.LAST_EDITED_DATE":1564146499000,"DCGIS.PLACE_NAMES_PT.SE_ANNO_CAD_DATA":null,"DCGIS.PLACE_NAMES_PT.OBJECTID":32420948,"DCGIS.ADDRESSES_PT.OBJECTID":217129807,"DCGIS.ADDRESSES_PT.SE_ANNO_CAD_DATA":null}},{"type":"Feature","id":32420159,"geometry":{"type":"Point","coordinates":[-77.009561442288586,38.8981258068195]},"properties":{"DCGIS.PLACE_NAMES_PT.NAME":"NATIONAL GUARD MEMORIAL MUSEUM","DCGIS.ADDRESSES_PT.ADDRESS":"1 MASSACHUSETTS AVENUE NW","DCGIS.ADDRESSES_PT.WARD":"Ward 6","DCGIS.ADDRESSES_PT.SMD":"SMD 6E07","DCGIS.ADDRESSES_PT.ANC":"ANC 6E","MAR.VW_PLACE_NAME_CATEGORIES.CATEGORY":"MUSEUM / ZOO","DCGIS.PLACE_NAMES_PT.STATUS":"ACTIVE","DCGIS.PLACE_NAMES_PT.PLACE_NAME_ID":12766,"DCGIS.PLACE_NAMES_PT.MAR_ID":238009,"DCGIS.PLACE_NAMES_PT.BEFORE_DATE":null,"DCGIS.PLACE_NAMES_PT.BEFORE_DATE_SOURCE":null,"DCGIS.PLACE_NAMES_PT.BEGIN_DATE":null,"DCGIS.PLACE_NAMES_PT.BEGIN_DATE_SOURCE":null,"DCGIS.PLACE_NAMES_PT.FIRST_KNOWN_DATE":null,"DCGIS.PLACE_NAMES_PT.FIRST_KNOWN_DATE_SOURCE":null,"DCGIS.PLACE_NAMES_PT.CREATED_DATE":1363604078000,"DCGIS.PLACE_NAMES_PT.LAST_EDITED_DATE":1363604078000,"DCGIS.PLACE_NAMES_PT.SE_ANNO_CAD_DATA":null,"DCGIS.PLACE_NAMES_PT.OBJECTID":32420159,"DCGIS.ADDRESSES_PT.OBJECTID":217257322,"DCGIS.ADDRESSES_PT.SE_ANNO_CAD_DATA":null}},{"type":"Feature","id":32420220,"geometry":{"type":"Point","coordinates":[-77.032727130364449,38.886659269516343]},"properties":{"DCGIS.PLACE_NAMES_PT.NAME":"UNITED STATES HOLOCAUST MEMORIAL MUSEUM","DCGIS.ADDRESSES_PT.ADDRESS":"100 RAOUL WALLENBERG PLACE SW","DCGIS.ADDRESSES_PT.WARD":"Ward 2","DCGIS.ADDRESSES_PT.SMD":"SMD 2A01","DCGIS.ADDRESSES_PT.ANC":"ANC 2A","MAR.VW_PLACE_NAME_CATEGORIES.CATEGORY":"MUSEUM / ZOO","DCGIS.PLACE_NAMES_PT.STATUS":"ACTIVE","DCGIS.PLACE_NAMES_PT.PLACE_NAME_ID":2990,"DCGIS.PLACE_NAMES_PT.MAR_ID":293186,"DCGIS.PLACE_NAMES_PT.BEFORE_DATE":null,"DCGIS.PLACE_NAMES_PT.BEFORE_DATE_SOURCE":null,"DCGIS.PLACE_NAMES_PT.BEGIN_DATE":null,"DCGIS.PLACE_NAMES_PT.BEGIN_DATE_SOURCE":null,"DCGIS.PLACE_NAMES_PT.FIRST_KNOWN_DATE":null,"DCGIS.PLACE_NAMES_PT.FIRST_KNOWN_DATE_SOURCE":null,"DCGIS.PLACE_NAMES_PT.CREATED_DATE":1123862767000,"DCGIS.PLACE_NAMES_PT.LAST_EDITED_DATE":1123862767000,"DCGIS.PLACE_NAMES_PT.SE_ANNO_CAD_DATA":null,"DCGIS.PLACE_NAMES_PT.OBJECTID":32420220,"DCGIS.ADDRESSES_PT.OBJECTID":217181276,"DCGIS.ADDRESSES_PT.SE_ANNO_CAD_DATA":null}},{"type":"Feature","id":32420229,"geometry":{"type":"Point","coordinates":[-77.02597800670533,38.891267760282041]},"properties":{"DCGIS.PLACE_NAMES_PT.NAME":"NATIONAL MUSEUM OF NATURAL HISTORY","DCGIS.ADDRESSES_PT.ADDRESS":"1000 CONSTITUTION AVENUE NW","DCGIS.ADDRESSES_PT.WARD":"Ward 2","DCGIS.ADDRESSES_PT.SMD":"SMD 2C03","DCGIS.ADDRESSES_PT.ANC":"ANC 2C","MAR.VW_PLACE_NAME_CATEGORIES.CATEGORY":"MUSEUM / ZOO","DCGIS.PLACE_NAMES_PT.STATUS":"ACTIVE","DCGIS.PLACE_NAMES_PT.PLACE_NAME_ID":24207,"DCGIS.PLACE_NAMES_PT.MAR_ID":358451,"DCGIS.PLACE_NAMES_PT.BEFORE_DATE":null,"DCGIS.PLACE_NAMES_PT.BEFORE_DATE_SOURCE":null,"DCGIS.PLACE_NAMES_PT.BEGIN_DATE":null,"DCGIS.PLACE_NAMES_PT.BEGIN_DATE_SOURCE":null,"DCGIS.PLACE_NAMES_PT.FIRST_KNOWN_DATE":null,"DCGIS.PLACE_NAMES_PT.FIRST_KNOWN_DATE_SOURCE":null,"DCGIS.PLACE_NAMES_PT.CREATED_DATE":1777284831000,"DCGIS.PLACE_NAMES_PT.LAST_EDITED_DATE":1777284831000,"DCGIS.PLACE_NAMES_PT.SE_ANNO_CAD_DATA":null,"DCGIS.PLACE_NAMES_PT.OBJECTID":32420229,"DCGIS.ADDRESSES_PT.OBJECTID":217259848,"DCGIS.ADDRESSES_PT.SE_ANNO_CAD_DATA":null}},{"type":"Feature","id":32420233,"geometry":{"type":"Point","coordinates":[-77.025958082083434,38.888779470923104]},"properties":{"DCGIS.PLACE_NAMES_PT.NAME":"SMITHSONIAN INSTITUTION - CASTLE","DCGIS.ADDRESSES_PT.ADDRESS":"1000 JEFFERSON DRIVE SW","DCGIS.ADDRESSES_PT.WARD":"Ward 2","DCGIS.ADDRESSES_PT.SMD":"SMD 2C03","DCGIS.ADDRESSES_PT.ANC":"ANC 2C","MAR.VW_PLACE_NAME_CATEGORIES.CATEGORY":"MUSEUM / ZOO","DCGIS.PLACE_NAMES_PT.STATUS":"ACTIVE","DCGIS.PLACE_NAMES_PT.PLACE_NAME_ID":2991,"DCGIS.PLACE_NAMES_PT.MAR_ID":293187,"DCGIS.PLACE_NAMES_PT.BEFORE_DATE":null,"DCGIS.PLACE_NAMES_PT.BEFORE_DATE_SOURCE":null,"DCGIS.PLACE_NAMES_PT.BEGIN_DATE":null,"DCGIS.PLACE_NAMES_PT.BEGIN_DATE_SOURCE":null,"DCGIS.PLACE_NAMES_PT.FIRST_KNOWN_DATE":null,"DCGIS.PLACE_NAMES_PT.FIRST_KNOWN_DATE_SOURCE":null,"DCGIS.PLACE_NAMES_PT.CREATED_DATE":1123862767000,"DCGIS.PLACE_NAMES_PT.LAST_EDITED_DATE":1123862767000,"DCGIS.PLACE_NAMES_PT.SE_ANNO_CAD_DATA":null,"DCGIS.PLACE_NAMES_PT.OBJECTID":32420233,"DCGIS.ADDRESSES_PT.OBJECTID":217202867,"DCGIS.ADDRESSES_PT.SE_ANNO_CAD_DATA":null}},{"type":"Feature","id":32420234,"geometry":{"type":"Point","coordinates":[-77.025958082083434,38.888779470923104]},"properties":{"DCGIS.PLACE_NAMES_PT.NAME":"THE CASTLE","DCGIS.ADDRESSES_PT.ADDRESS":"1000 JEFFERSON DRIVE SW","DCGIS.ADDRESSES_PT.WARD":"Ward 2","DCGIS.ADDRESSES_PT.SMD":"SMD 2C03","DCGIS.ADDRESSES_PT.ANC":"ANC 2C","MAR.VW_PLACE_NAME_CATEGORIES.CATEGORY":"MUSEUM / ZOO","DCGIS.PLACE_NAMES_PT.STATUS":"ACTIVE","DCGIS.PLACE_NAMES_PT.PLACE_NAME_ID":9829,"DCGIS.PLACE_NAMES_PT.MAR_ID":293187,"DCGIS.PLACE_NAMES_PT.BEFORE_DATE":null,"DCGIS.PLACE_NAMES_PT.BEFORE_DATE_SOURCE":null,"DCGIS.PLACE_NAMES_PT.BEGIN_DATE":null,"DCGIS.PLACE_NAMES_PT.BEGIN_DATE_SOURCE":null,"DCGIS.PLACE_NAMES_PT.FIRST_KNOWN_DATE":null,"DCGIS.PLACE_NAMES_PT.FIRST_KNOWN_DATE_SOURCE":null,"DCGIS.PLACE_NAMES_PT.CREATED_DATE":1287051834000,"DCGIS.PLACE_NAMES_PT.LAST_EDITED_DATE":1287051834000,"DCGIS.PLACE_NAMES_PT.SE_ANNO_CAD_DATA":null,"DCGIS.PLACE_NAMES_PT.OBJECTID":32420234,"DCGIS.ADDRESSES_PT.OBJECTID":217202867,"DCGIS.ADDRESSES_PT.SE_ANNO_CAD_DATA":null}},{"type":"Feature","id":32420253,"geometry":{"type":"Point","coordinates":[-77.026173963062476,38.897553846948028]},"properties":{"DCGIS.PLACE_NAMES_PT.NAME":"MADAME TUSSAUDS","DCGIS.ADDRESSES_PT.ADDRESS":"1001 F STREET NW","DCGIS.ADDRESSES_PT.WARD":"Ward 2","DCGIS.ADDRESSES_PT.SMD":"SMD 2C01","DCGIS.ADDRESSES_PT.ANC":"ANC 2C","MAR.VW_PLACE_NAME_CATEGORIES.CATEGORY":"MUSEUM / ZOO","DCGIS.PLACE_NAMES_PT.STATUS":"ACTIVE","DCGIS.PLACE_NAMES_PT.PLACE_NAME_ID":10282,"DCGIS.PLACE_NAMES_PT.MAR_ID":243407,"DCGIS.PLACE_NAMES_PT.BEFORE_DATE":null,"DCGIS.PLACE_NAMES_PT.BEFORE_DATE_SOURCE":null,"DCGIS.PLACE_NAMES_PT.BEGIN_DATE":null,"DCGIS.PLACE_NAMES_PT.BEGIN_DATE_SOURCE":null,"DCGIS.PLACE_NAMES_PT.FIRST_KNOWN_DATE":null,"DCGIS.PLACE_NAMES_PT.FIRST_KNOWN_DATE_SOURCE":null,"DCGIS.PLACE_NAMES_PT.CREATED_DATE":1309186990000,"DCGIS.PLACE_NAMES_PT.LAST_EDITED_DATE":1309186990000,"DCGIS.PLACE_NAMES_PT.SE_ANNO_CAD_DATA":null,"DCGIS.PLACE_NAMES_PT.OBJECTID":32420253,"DCGIS.ADDRESSES_PT.OBJECTID":217124094,"DCGIS.ADDRESSES_PT.SE_ANNO_CAD_DATA":null}},{"type":"Feature","id":32420538,"geometry":{"type":"Point","coordinates":[-77.026446266782145,38.887961040232199]},"properties":{"DCGIS.PLACE_NAMES_PT.NAME":"ARTHUR M. SACKLER GALLERY","DCGIS.ADDRESSES_PT.ADDRESS":"1050 INDEPENDENCE AVENUE SW","DCGIS.ADDRESSES_PT.WARD":"Ward 2","DCGIS.ADDRESSES_PT.SMD":"SMD 2C03","DCGIS.ADDRESSES_PT.ANC":"ANC 2C","MAR.VW_PLACE_NAME_CATEGORIES.CATEGORY":"MUSEUM / ZOO","DCGIS.PLACE_NAMES_PT.STATUS":"ACTIVE","DCGIS.PLACE_NAMES_PT.PLACE_NAME_ID":2995,"DCGIS.PLACE_NAMES_PT.MAR_ID":293191,"DCGIS.PLACE_NAMES_PT.BEFORE_DATE":null,"DCGIS.PLACE_NAMES_PT.BEFORE_DATE_SOURCE":null,"DCGIS.PLACE_NAMES_PT.BEGIN_DATE":null,"DCGIS.PLACE_NAMES_PT.BEGIN_DATE_SOURCE":null,"DCGIS.PLACE_NAMES_PT.FIRST_KNOWN_DATE":null,"DCGIS.PLACE_NAMES_PT.FIRST_KNOWN_DATE_SOURCE":null,"DCGIS.PLACE_NAMES_PT.CREATED_DATE":1123862767000,"DCGIS.PLACE_NAMES_PT.LAST_EDITED_DATE":1123862767000,"DCGIS.PLACE_NAMES_PT.SE_ANNO_CAD_DATA":null,"DCGIS.PLACE_NAMES_PT.OBJECTID":32420538,"DCGIS.ADDRESSES_PT.OBJECTID":217202868,"DCGIS.ADDRESSES_PT.SE_ANNO_CAD_DATA":null}},{"type":"Feature","id":32420678,"geometry":{"type":"Point","coordinates":[-77.026877230652303,38.888565944614975]},"properties":{"DCGIS.PLACE_NAMES_PT.NAME":"S. DILLON RIPLEY CENTER","DCGIS.ADDRESSES_PT.ADDRESS":"1100 JEFFERSON DRIVE SW","DCGIS.ADDRESSES_PT.WARD":"Ward 2","DCGIS.ADDRESSES_PT.SMD":"SMD 2C03","DCGIS.ADDRESSES_PT.ANC":"ANC 2C","MAR.VW_PLACE_NAME_CATEGORIES.CATEGORY":"MUSEUM / ZOO","DCGIS.PLACE_NAMES_PT.STATUS":"ACTIVE","DCGIS.PLACE_NAMES_PT.PLACE_NAME_ID":9688,"DCGIS.PLACE_NAMES_PT.MAR_ID":308882,"DCGIS.PLACE_NAMES_PT.BEFORE_DATE":null,"DCGIS.PLACE_NAMES_PT.BEFORE_DATE_SOURCE":null,"DCGIS.PLACE_NAMES_PT.BEGIN_DATE":null,"DCGIS.PLACE_NAMES_PT.BEGIN_DATE_SOURCE":null,"DCGIS.PLACE_NAMES_PT.FIRST_KNOWN_DATE":null,"DCGIS.PLACE_NAMES_PT.FIRST_KNOWN_DATE_SOURCE":null,"DCGIS.PLACE_NAMES_PT.CREATED_DATE":1283854180000,"DCGIS.PLACE_NAMES_PT.LAST_EDITED_DATE":1283854180000,"DCGIS.PLACE_NAMES_PT.SE_ANNO_CAD_DATA":null,"DCGIS.PLACE_NAMES_PT.OBJECTID":32420678,"DCGIS.ADDRESSES_PT.OBJECTID":217200191,"DCGIS.ADDRESSES_PT.SE_ANNO_CAD_DATA":null}},{"type":"Feature","id":32432474,"geometry":{"type":"Point","coordinates":[-76.994591715058874,38.874676804594174]},"properties":{"DCGIS.PLACE_NAMES_PT.NAME":"WASHINGTON NAVY YARD U.S. NAVY MUSEUM","DCGIS.ADDRESSES_PT.ADDRESS":"805 KIDDER BREESE STREET SE","DCGIS.ADDRESSES_PT.WARD":"Ward 8","DCGIS.ADDRESSES_PT.SMD":"SMD 8F01","DCGIS.ADDRESSES_PT.ANC":"ANC 8F","MAR.VW_PLACE_NAME_CATEGORIES.CATEGORY":"MUSEUM / ZOO","DCGIS.PLACE_NAMES_PT.STATUS":"ACTIVE","DCGIS.PLACE_NAMES_PT.PLACE_NAME_ID":9606,"DCGIS.PLACE_NAMES_PT.MAR_ID":291854,"DCGIS.PLACE_NAMES_PT.BEFORE_DATE":null,"DCGIS.PLACE_NAMES_PT.BEFORE_DATE_SOURCE":null,"DCGIS.PLACE_NAMES_PT.BEGIN_DATE":null,"DCGIS.PLACE_NAMES_PT.BEGIN_DATE_SOURCE":null,"DCGIS.PLACE_NAMES_PT.FIRST_KNOWN_DATE":null,"DCGIS.PLACE_NAMES_PT.FIRST_KNOWN_DATE_SOURCE":null,"DCGIS.PLACE_NAMES_PT.CREATED_DATE":1282034056000,"DCGIS.PLACE_NAMES_PT.LAST_EDITED_DATE":1282034056000,"DCGIS.PLACE_NAMES_PT.SE_ANNO_CAD_DATA":null,"DCGIS.PLACE_NAMES_PT.OBJECTID":32432474,"DCGIS.ADDRESSES_PT.OBJECTID":217155505,"DCGIS.ADDRESSES_PT.SE_ANNO_CAD_DATA":null}},{"type":"Feature","id":32432476,"geometry":{"type":"Point","coordinates":[-76.994591715058874,38.874676804594174]},"properties":{"DCGIS.PLACE_NAMES_PT.NAME":"US NAVY MUSEUM","DCGIS.ADDRESSES_PT.ADDRESS":"805 KIDDER BREESE STREET SE","DCGIS.ADDRESSES_PT.WARD":"Ward 8","DCGIS.ADDRESSES_PT.SMD":"SMD 8F01","DCGIS.ADDRESSES_PT.ANC":"ANC 8F","MAR.VW_PLACE_NAME_CATEGORIES.CATEGORY":"MUSEUM / ZOO","DCGIS.PLACE_NAMES_PT.STATUS":"ACTIVE","DCGIS.PLACE_NAMES_PT.PLACE_NAME_ID":12765,"DCGIS.PLACE_NAMES_PT.MAR_ID":291854,"DCGIS.PLACE_NAMES_PT.BEFORE_DATE":null,"DCGIS.PLACE_NAMES_PT.BEFORE_DATE_SOURCE":null,"DCGIS.PLACE_NAMES_PT.BEGIN_DATE":null,"DCGIS.PLACE_NAMES_PT.BEGIN_DATE_SOURCE":null,"DCGIS.PLACE_NAMES_PT.FIRST_KNOWN_DATE":null,"DCGIS.PLACE_NAMES_PT.FIRST_KNOWN_DATE_SOURCE":null,"DCGIS.PLACE_NAMES_PT.CREATED_DATE":1363603796000,"DCGIS.PLACE_NAMES_PT.LAST_EDITED_DATE":1363603796000,"DCGIS.PLACE_NAMES_PT.SE_ANNO_CAD_DATA":null,"DCGIS.PLACE_NAMES_PT.OBJECTID":32432476,"DCGIS.ADDRESSES_PT.OBJECTID":217155505,"DCGIS.ADDRESSES_PT.SE_ANNO_CAD_DATA":null}},{"type":"Feature","id":32432013,"geometry":{"type":"Point","coordinates":[-76.99516144113062,38.932866110871224]},"properties":{"DCGIS.PLACE_NAMES_PT.NAME":"THE STUDIOS AT BROOKLAND ARTS WALK","DCGIS.ADDRESSES_PT.ADDRESS":"716 MONROE STREET NE","DCGIS.ADDRESSES_PT.WARD":"Ward 5","DCGIS.ADDRESSES_PT.SMD":"SMD 5F02","DCGIS.ADDRESSES_PT.ANC":"ANC 5F","MAR.VW_PLACE_NAME_CATEGORIES.CATEGORY":"MUSEUM / ZOO","DCGIS.PLACE_NAMES_PT.STATUS":"ACTIVE","DCGIS.PLACE_NAMES_PT.PLACE_NAME_ID":23821,"DCGIS.PLACE_NAMES_PT.MAR_ID":309744,"DCGIS.PLACE_NAMES_PT.BEFORE_DATE":null,"DCGIS.PLACE_NAMES_PT.BEFORE_DATE_SOURCE":null,"DCGIS.PLACE_NAMES_PT.BEGIN_DATE":null,"DCGIS.PLACE_NAMES_PT.BEGIN_DATE_SOURCE":null,"DCGIS.PLACE_NAMES_PT.FIRST_KNOWN_DATE":null,"DCGIS.PLACE_NAMES_PT.FIRST_KNOWN_DATE_SOURCE":null,"DCGIS.PLACE_NAMES_PT.CREATED_DATE":1749488970000,"DCGIS.PLACE_NAMES_PT.LAST_EDITED_DATE":1749488970000,"DCGIS.PLACE_NAMES_PT.SE_ANNO_CAD_DATA":null,"DCGIS.PLACE_NAMES_PT.OBJECTID":32432013,"DCGIS.ADDRESSES_PT.OBJECTID":217208666,"DCGIS.ADDRESSES_PT.SE_ANNO_CAD_DATA":null}},{"type":"Feature","id":32432039,"geometry":{"type":"Point","coordinates":[-77.019588788870422,38.899110610966858]},"properties":{"DCGIS.PLACE_NAMES_PT.NAME":"GERMAN AMERICAN HERITAGE MUSEUM","DCGIS.ADDRESSES_PT.ADDRESS":"719 6TH STREET NW","DCGIS.ADDRESSES_PT.WARD":"Ward 2","DCGIS.ADDRESSES_PT.SMD":"SMD 2C01","DCGIS.ADDRESSES_PT.ANC":"ANC 2C","MAR.VW_PLACE_NAME_CATEGORIES.CATEGORY":"MUSEUM / ZOO","DCGIS.PLACE_NAMES_PT.STATUS":"ACTIVE","DCGIS.PLACE_NAMES_PT.PLACE_NAME_ID":12764,"DCGIS.PLACE_NAMES_PT.MAR_ID":238949,"DCGIS.PLACE_NAMES_PT.BEFORE_DATE":null,"DCGIS.PLACE_NAMES_PT.BEFORE_DATE_SOURCE":null,"DCGIS.PLACE_NAMES_PT.BEGIN_DATE":null,"DCGIS.PLACE_NAMES_PT.BEGIN_DATE_SOURCE":null,"DCGIS.PLACE_NAMES_PT.FIRST_KNOWN_DATE":null,"DCGIS.PLACE_NAMES_PT.FIRST_KNOWN_DATE_SOURCE":null,"DCGIS.PLACE_NAMES_PT.CREATED_DATE":1363603674000,"DCGIS.PLACE_NAMES_PT.LAST_EDITED_DATE":1363603674000,"DCGIS.PLACE_NAMES_PT.SE_ANNO_CAD_DATA":null,"DCGIS.PLACE_NAMES_PT.OBJECTID":32432039,"DCGIS.ADDRESSES_PT.OBJECTID":217256090,"DCGIS.ADDRESSES_PT.SE_ANNO_CAD_DATA":null}},{"type":"Feature","id":32432175,"geometry":{"type":"Point","coordinates":[-76.995306316943967,38.873042891617445]},"properties":{"DCGIS.PLACE_NAMES_PT.NAME":"NATIONAL MUSEUM OF UNITED STATES NAVY","DCGIS.ADDRESSES_PT.ADDRESS":"736 SICARD STREET SE","DCGIS.ADDRESSES_PT.WARD":"Ward 8","DCGIS.ADDRESSES_PT.SMD":"SMD 8F01","DCGIS.ADDRESSES_PT.ANC":"ANC 8F","MAR.VW_PLACE_NAME_CATEGORIES.CATEGORY":"MUSEUM / ZOO","DCGIS.PLACE_NAMES_PT.STATUS":"ACTIVE","DCGIS.PLACE_NAMES_PT.PLACE_NAME_ID":15639,"DCGIS.PLACE_NAMES_PT.MAR_ID":311896,"DCGIS.PLACE_NAMES_PT.BEFORE_DATE":null,"DCGIS.PLACE_NAMES_PT.BEFORE_DATE_SOURCE":null,"DCGIS.PLACE_NAMES_PT.BEGIN_DATE":null,"DCGIS.PLACE_NAMES_PT.BEGIN_DATE_SOURCE":null,"DCGIS.PLACE_NAMES_PT.FIRST_KNOWN_DATE":null,"DCGIS.PLACE_NAMES_PT.FIRST_KNOWN_DATE_SOURCE":null,"DCGIS.PLACE_NAMES_PT.CREATED_DATE":1468837444000,"DCGIS.PLACE_NAMES_PT.LAST_EDITED_DATE":1468837444000,"DCGIS.PLACE_NAMES_PT.SE_ANNO_CAD_DATA":null,"DCGIS.PLACE_NAMES_PT.OBJECTID":32432175,"DCGIS.ADDRESSES_PT.OBJECTID":217219931,"DCGIS.ADDRESSES_PT.SE_ANNO_CAD_DATA":null}},{"type":"Feature","id":32432217,"geometry":{"type":"Point","coordinates":[-77.038217570754512,38.900020170221104]},"properties":{"DCGIS.PLACE_NAMES_PT.NAME":"DECATUR HOUSE MUSEUM","DCGIS.ADDRESSES_PT.ADDRESS":"748 JACKSON PLACE NW","DCGIS.ADDRESSES_PT.WARD":"Ward 2","DCGIS.ADDRESSES_PT.SMD":"SMD 2A07","DCGIS.ADDRESSES_PT.ANC":"ANC 2A","MAR.VW_PLACE_NAME_CATEGORIES.CATEGORY":"MUSEUM / ZOO","DCGIS.PLACE_NAMES_PT.STATUS":"ACTIVE","DCGIS.PLACE_NAMES_PT.PLACE_NAME_ID":10245,"DCGIS.PLACE_NAMES_PT.MAR_ID":293257,"DCGIS.PLACE_NAMES_PT.BEFORE_DATE":null,"DCGIS.PLACE_NAMES_PT.BEFORE_DATE_SOURCE":null,"DCGIS.PLACE_NAMES_PT.BEGIN_DATE":null,"DCGIS.PLACE_NAMES_PT.BEGIN_DATE_SOURCE":null,"DCGIS.PLACE_NAMES_PT.FIRST_KNOWN_DATE":null,"DCGIS.PLACE_NAMES_PT.FIRST_KNOWN_DATE_SOURCE":null,"DCGIS.PLACE_NAMES_PT.CREATED_DATE":1307456755000,"DCGIS.PLACE_NAMES_PT.LAST_EDITED_DATE":1307456755000,"DCGIS.PLACE_NAMES_PT.SE_ANNO_CAD_DATA":null,"DCGIS.PLACE_NAMES_PT.OBJECTID":32432217,"DCGIS.ADDRESSES_PT.OBJECTID":217143991,"DCGIS.ADDRESSES_PT.SE_ANNO_CAD_DATA":null}},{"type":"Feature","id":32432409,"geometry":{"type":"Point","coordinates":[-77.022945045024997,38.902629565846688]},"properties":{"DCGIS.PLACE_NAMES_PT.NAME":"HISTORICAL SOCIETY OF WASHINGTON DC","DCGIS.ADDRESSES_PT.ADDRESS":"801 K STREET NW","DCGIS.ADDRESSES_PT.WARD":"Ward 2","DCGIS.ADDRESSES_PT.SMD":"SMD 2G05","DCGIS.ADDRESSES_PT.ANC":"ANC 2G","MAR.VW_PLACE_NAME_CATEGORIES.CATEGORY":"MUSEUM / ZOO","DCGIS.PLACE_NAMES_PT.STATUS":"ACTIVE","DCGIS.PLACE_NAMES_PT.PLACE_NAME_ID":12532,"DCGIS.PLACE_NAMES_PT.MAR_ID":238956,"DCGIS.PLACE_NAMES_PT.BEFORE_DATE":null,"DCGIS.PLACE_NAMES_PT.BEFORE_DATE_SOURCE":null,"DCGIS.PLACE_NAMES_PT.BEGIN_DATE":null,"DCGIS.PLACE_NAMES_PT.BEGIN_DATE_SOURCE":null,"DCGIS.PLACE_NAMES_PT.FIRST_KNOWN_DATE":null,"DCGIS.PLACE_NAMES_PT.FIRST_KNOWN_DATE_SOURCE":null,"DCGIS.PLACE_NAMES_PT.CREATED_DATE":1347629431000,"DCGIS.PLACE_NAMES_PT.LAST_EDITED_DATE":1347629431000,"DCGIS.PLACE_NAMES_PT.SE_ANNO_CAD_DATA":null,"DCGIS.PLACE_NAMES_PT.OBJECTID":32432409,"DCGIS.ADDRESSES_PT.OBJECTID":217250635,"DCGIS.ADDRESSES_PT.SE_ANNO_CAD_DATA":null}},{"type":"Feature","id":32432432,"geometry":{"type":"Point","coordinates":[-76.994424658410949,38.891834530779491]},"properties":{"DCGIS.PLACE_NAMES_PT.NAME":"SHOOK MUSEUM FOUNDATION","DCGIS.ADDRESSES_PT.ADDRESS":"802 MASSACHUSETTS AVENUE NE","DCGIS.ADDRESSES_PT.WARD":"Ward 6","DCGIS.ADDRESSES_PT.SMD":"SMD 6A07","DCGIS.ADDRESSES_PT.ANC":"ANC 6A","MAR.VW_PLACE_NAME_CATEGORIES.CATEGORY":"MUSEUM / ZOO","DCGIS.PLACE_NAMES_PT.STATUS":"ACTIVE","DCGIS.PLACE_NAMES_PT.PLACE_NAME_ID":15647,"DCGIS.PLACE_NAMES_PT.MAR_ID":79669,"DCGIS.PLACE_NAMES_PT.BEFORE_DATE":null,"DCGIS.PLACE_NAMES_PT.BEFORE_DATE_SOURCE":null,"DCGIS.PLACE_NAMES_PT.BEGIN_DATE":null,"DCGIS.PLACE_NAMES_PT.BEGIN_DATE_SOURCE":null,"DCGIS.PLACE_NAMES_PT.FIRST_KNOWN_DATE":null,"DCGIS.PLACE_NAMES_PT.FIRST_KNOWN_DATE_SOURCE":null,"DCGIS.PLACE_NAMES_PT.CREATED_DATE":1468838491000,"DCGIS.PLACE_NAMES_PT.LAST_EDITED_DATE":1468838491000,"DCGIS.PLACE_NAMES_PT.SE_ANNO_CAD_DATA":null,"DCGIS.PLACE_NAMES_PT.OBJECTID":32432432,"DCGIS.ADDRESSES_PT.OBJECTID":217213720,"DCGIS.ADDRESSES_PT.SE_ANNO_CAD_DATA":null}},{"type":"Feature","id":32430021,"geometry":{"type":"Point","coordinates":[-77.021695937376435,38.895867948016594]},"properties":{"DCGIS.PLACE_NAMES_PT.NAME":"CLARA BARTON MISSING SOLDIERS OFFICE MUSEUM","DCGIS.ADDRESSES_PT.ADDRESS":"437 7TH STREET NW","DCGIS.ADDRESSES_PT.WARD":"Ward 2","DCGIS.ADDRESSES_PT.SMD":"SMD 2C03","DCGIS.ADDRESSES_PT.ANC":"ANC 2C","MAR.VW_PLACE_NAME_CATEGORIES.CATEGORY":"MUSEUM / ZOO","DCGIS.PLACE_NAMES_PT.STATUS":"ACTIVE","DCGIS.PLACE_NAMES_PT.PLACE_NAME_ID":16177,"DCGIS.PLACE_NAMES_PT.MAR_ID":279777,"DCGIS.PLACE_NAMES_PT.BEFORE_DATE":null,"DCGIS.PLACE_NAMES_PT.BEFORE_DATE_SOURCE":null,"DCGIS.PLACE_NAMES_PT.BEGIN_DATE":null,"DCGIS.PLACE_NAMES_PT.BEGIN_DATE_SOURCE":null,"DCGIS.PLACE_NAMES_PT.FIRST_KNOWN_DATE":null,"DCGIS.PLACE_NAMES_PT.FIRST_KNOWN_DATE_SOURCE":null,"DCGIS.PLACE_NAMES_PT.CREATED_DATE":1517315804000,"DCGIS.PLACE_NAMES_PT.LAST_EDITED_DATE":1517315804000,"DCGIS.PLACE_NAMES_PT.SE_ANNO_CAD_DATA":null,"DCGIS.PLACE_NAMES_PT.OBJECTID":32430021,"DCGIS.ADDRESSES_PT.OBJECTID":217139962,"DCGIS.ADDRESSES_PT.SE_ANNO_CAD_DATA":null}},{"type":"Feature","id":32430060,"geometry":{"type":"Point","coordinates":[-77.088417131287017,38.939089213908844]},"properties":{"DCGIS.PLACE_NAMES_PT.NAME":"AMERICAN UNIVERSITY PRESIDENT'S OFFICE BUILDING","DCGIS.ADDRESSES_PT.ADDRESS":"4400 MASSACHUSETTS AVENUE NW","DCGIS.ADDRESSES_PT.WARD":"Ward 3","DCGIS.ADDRESSES_PT.SMD":"SMD 3E07","DCGIS.ADDRESSES_PT.ANC":"ANC 3E","MAR.VW_PLACE_NAME_CATEGORIES.CATEGORY":"MUSEUM / ZOO","DCGIS.PLACE_NAMES_PT.STATUS":"ACTIVE","DCGIS.PLACE_NAMES_PT.PLACE_NAME_ID":9718,"DCGIS.PLACE_NAMES_PT.MAR_ID":223994,"DCGIS.PLACE_NAMES_PT.BEFORE_DATE":null,"DCGIS.PLACE_NAMES_PT.BEFORE_DATE_SOURCE":null,"DCGIS.PLACE_NAMES_PT.BEGIN_DATE":null,"DCGIS.PLACE_NAMES_PT.BEGIN_DATE_SOURCE":null,"DCGIS.PLACE_NAMES_PT.FIRST_KNOWN_DATE":null,"DCGIS.PLACE_NAMES_PT.FIRST_KNOWN_DATE_SOURCE":null,"DCGIS.PLACE_NAMES_PT.CREATED_DATE":1284120770000,"DCGIS.PLACE_NAMES_PT.LAST_EDITED_DATE":1284120770000,"DCGIS.PLACE_NAMES_PT.SE_ANNO_CAD_DATA":null,"DCGIS.PLACE_NAMES_PT.OBJECTID":32430060,"DCGIS.ADDRESSES_PT.OBJECTID":217125415,"DCGIS.ADDRESSES_PT.SE_ANNO_CAD_DATA":null}},{"type":"Feature","id":32430104,"geometry":{"type":"Point","coordinates":[-77.017861675070364,38.895963635552391]},"properties":{"DCGIS.PLACE_NAMES_PT.NAME":"NATIONAL LAW ENFORCEMENT MUSEUM","DCGIS.ADDRESSES_PT.ADDRESS":"444 E STREET NW","DCGIS.ADDRESSES_PT.WARD":"Ward 6","DCGIS.ADDRESSES_PT.SMD":"SMD 6E08","DCGIS.ADDRESSES_PT.ANC":"ANC 6E","MAR.VW_PLACE_NAME_CATEGORIES.CATEGORY":"MUSEUM / ZOO","DCGIS.PLACE_NAMES_PT.STATUS":"ACTIVE","DCGIS.PLACE_NAMES_PT.PLACE_NAME_ID":16697,"DCGIS.PLACE_NAMES_PT.MAR_ID":306555,"DCGIS.PLACE_NAMES_PT.BEFORE_DATE":null,"DCGIS.PLACE_NAMES_PT.BEFORE_DATE_SOURCE":null,"DCGIS.PLACE_NAMES_PT.BEGIN_DATE":null,"DCGIS.PLACE_NAMES_PT.BEGIN_DATE_SOURCE":null,"DCGIS.PLACE_NAMES_PT.FIRST_KNOWN_DATE":null,"DCGIS.PLACE_NAMES_PT.FIRST_KNOWN_DATE_SOURCE":null,"DCGIS.PLACE_NAMES_PT.CREATED_DATE":1539698481000,"DCGIS.PLACE_NAMES_PT.LAST_EDITED_DATE":1539698481000,"DCGIS.PLACE_NAMES_PT.SE_ANNO_CAD_DATA":null,"DCGIS.PLACE_NAMES_PT.OBJECTID":32430104,"DCGIS.ADDRESSES_PT.OBJECTID":217234699,"DCGIS.ADDRESSES_PT.SE_ANNO_CAD_DATA":null}},{"type":"Feature","id":32429464,"geometry":{"type":"Point","coordinates":[-77.017140028865569,38.884838219399612]},"properties":{"DCGIS.PLACE_NAMES_PT.NAME":"MUSEUM OF THE BIBLE","DCGIS.ADDRESSES_PT.ADDRESS":"400 4TH STREET SW","DCGIS.ADDRESSES_PT.WARD":"Ward 6","DCGIS.ADDRESSES_PT.SMD":"SMD 6D02","DCGIS.ADDRESSES_PT.ANC":"ANC 6D","MAR.VW_PLACE_NAME_CATEGORIES.CATEGORY":"MUSEUM / ZOO","DCGIS.PLACE_NAMES_PT.STATUS":"ACTIVE","DCGIS.PLACE_NAMES_PT.PLACE_NAME_ID":16029,"DCGIS.PLACE_NAMES_PT.MAR_ID":311513,"DCGIS.PLACE_NAMES_PT.BEFORE_DATE":null,"DCGIS.PLACE_NAMES_PT.BEFORE_DATE_SOURCE":null,"DCGIS.PLACE_NAMES_PT.BEGIN_DATE":null,"DCGIS.PLACE_NAMES_PT.BEGIN_DATE_SOURCE":null,"DCGIS.PLACE_NAMES_PT.FIRST_KNOWN_DATE":null,"DCGIS.PLACE_NAMES_PT.FIRST_KNOWN_DATE_SOURCE":null,"DCGIS.PLACE_NAMES_PT.CREATED_DATE":1509952834000,"DCGIS.PLACE_NAMES_PT.LAST_EDITED_DATE":1509952834000,"DCGIS.PLACE_NAMES_PT.SE_ANNO_CAD_DATA":null,"DCGIS.PLACE_NAMES_PT.OBJECTID":32429464,"DCGIS.ADDRESSES_PT.OBJECTID":217123960,"DCGIS.ADDRESSES_PT.SE_ANNO_CAD_DATA":null}},{"type":"Feature","id":32429465,"geometry":{"type":"Point","coordinates":[-77.017140028865569,38.884838219399612]},"properties":{"DCGIS.PLACE_NAMES_PT.NAME":"BIBLE MUSEUM","DCGIS.ADDRESSES_PT.ADDRESS":"400 4TH STREET SW","DCGIS.ADDRESSES_PT.WARD":"Ward 6","DCGIS.ADDRESSES_PT.SMD":"SMD 6D02","DCGIS.ADDRESSES_PT.ANC":"ANC 6D","MAR.VW_PLACE_NAME_CATEGORIES.CATEGORY":"MUSEUM / ZOO","DCGIS.PLACE_NAMES_PT.STATUS":"ACTIVE","DCGIS.PLACE_NAMES_PT.PLACE_NAME_ID":16030,"DCGIS.PLACE_NAMES_PT.MAR_ID":311513,"DCGIS.PLACE_NAMES_PT.BEFORE_DATE":null,"DCGIS.PLACE_NAMES_PT.BEFORE_DATE_SOURCE":null,"DCGIS.PLACE_NAMES_PT.BEGIN_DATE":null,"DCGIS.PLACE_NAMES_PT.BEGIN_DATE_SOURCE":null,"DCGIS.PLACE_NAMES_PT.FIRST_KNOWN_DATE":null,"DCGIS.PLACE_NAMES_PT.FIRST_KNOWN_DATE_SOURCE":null,"DCGIS.PLACE_NAMES_PT.CREATED_DATE":1509952834000,"DCGIS.PLACE_NAMES_PT.LAST_EDITED_DATE":1509952834000,"DCGIS.PLACE_NAMES_PT.SE_ANNO_CAD_DATA":null,"DCGIS.PLACE_NAMES_PT.OBJECTID":32429465,"DCGIS.ADDRESSES_PT.OBJECTID":217123960,"DCGIS.ADDRESSES_PT.SE_ANNO_CAD_DATA":null}},{"type":"Feature","id":32429554,"geometry":{"type":"Point","coordinates":[-77.017553525435176,38.897762562776364]},"properties":{"DCGIS.PLACE_NAMES_PT.NAME":"NATIONAL BUILDING MUSEUM","DCGIS.ADDRESSES_PT.ADDRESS":"401 F STREET NW","DCGIS.ADDRESSES_PT.WARD":"Ward 6","DCGIS.ADDRESSES_PT.SMD":"SMD 6E08","DCGIS.ADDRESSES_PT.ANC":"ANC 6E","MAR.VW_PLACE_NAME_CATEGORIES.CATEGORY":"MUSEUM / ZOO","DCGIS.PLACE_NAMES_PT.STATUS":"ACTIVE","DCGIS.PLACE_NAMES_PT.PLACE_NAME_ID":73,"DCGIS.PLACE_NAMES_PT.MAR_ID":242924,"DCGIS.PLACE_NAMES_PT.BEFORE_DATE":null,"DCGIS.PLACE_NAMES_PT.BEFORE_DATE_SOURCE":null,"DCGIS.PLACE_NAMES_PT.BEGIN_DATE":null,"DCGIS.PLACE_NAMES_PT.BEGIN_DATE_SOURCE":null,"DCGIS.PLACE_NAMES_PT.FIRST_KNOWN_DATE":null,"DCGIS.PLACE_NAMES_PT.FIRST_KNOWN_DATE_SOURCE":null,"DCGIS.PLACE_NAMES_PT.CREATED_DATE":1115856000000,"DCGIS.PLACE_NAMES_PT.LAST_EDITED_DATE":1115856000000,"DCGIS.PLACE_NAMES_PT.SE_ANNO_CAD_DATA":null,"DCGIS.PLACE_NAMES_PT.OBJECTID":32429554,"DCGIS.ADDRESSES_PT.OBJECTID":217160691,"DCGIS.ADDRESSES_PT.SE_ANNO_CAD_DATA":null}},{"type":"Feature","id":32428135,"geometry":{"type":"Point","coordinates":[-77.047068257197438,38.894818932254914]},"properties":{"DCGIS.PLACE_NAMES_PT.NAME":"NATIONAL MUSEUM OF AMERICAN DIPLOMACY","DCGIS.ADDRESSES_PT.ADDRESS":"330 21ST STREET NW","DCGIS.ADDRESSES_PT.WARD":"Ward 2","DCGIS.ADDRESSES_PT.SMD":"SMD 2A01","DCGIS.ADDRESSES_PT.ANC":"ANC 2A","MAR.VW_PLACE_NAME_CATEGORIES.CATEGORY":"MUSEUM / ZOO","DCGIS.PLACE_NAMES_PT.STATUS":"ACTIVE","DCGIS.PLACE_NAMES_PT.PLACE_NAME_ID":23586,"DCGIS.PLACE_NAMES_PT.MAR_ID":343294,"DCGIS.PLACE_NAMES_PT.BEFORE_DATE":null,"DCGIS.PLACE_NAMES_PT.BEFORE_DATE_SOURCE":null,"DCGIS.PLACE_NAMES_PT.BEGIN_DATE":null,"DCGIS.PLACE_NAMES_PT.BEGIN_DATE_SOURCE":null,"DCGIS.PLACE_NAMES_PT.FIRST_KNOWN_DATE":null,"DCGIS.PLACE_NAMES_PT.FIRST_KNOWN_DATE_SOURCE":null,"DCGIS.PLACE_NAMES_PT.CREATED_DATE":1727173799000,"DCGIS.PLACE_NAMES_PT.LAST_EDITED_DATE":1727173799000,"DCGIS.PLACE_NAMES_PT.SE_ANNO_CAD_DATA":null,"DCGIS.PLACE_NAMES_PT.OBJECTID":32428135,"DCGIS.ADDRESSES_PT.OBJECTID":217232409,"DCGIS.ADDRESSES_PT.SE_ANNO_CAD_DATA":null}},{"type":"Feature","id":32430558,"geometry":{"type":"Point","coordinates":[-77.03974273622137,38.895854463819965]},"properties":{"DCGIS.PLACE_NAMES_PT.NAME":"CORCORAN MUSEUM AND COLLEGE OF ART + DESIGN","DCGIS.ADDRESSES_PT.ADDRESS":"500 17TH STREET NW","DCGIS.ADDRESSES_PT.WARD":"Ward 2","DCGIS.ADDRESSES_PT.SMD":"SMD 2A01","DCGIS.ADDRESSES_PT.ANC":"ANC 2A","MAR.VW_PLACE_NAME_CATEGORIES.CATEGORY":"MUSEUM / ZOO","DCGIS.PLACE_NAMES_PT.STATUS":"ACTIVE","DCGIS.PLACE_NAMES_PT.PLACE_NAME_ID":2939,"DCGIS.PLACE_NAMES_PT.MAR_ID":279802,"DCGIS.PLACE_NAMES_PT.BEFORE_DATE":null,"DCGIS.PLACE_NAMES_PT.BEFORE_DATE_SOURCE":null,"DCGIS.PLACE_NAMES_PT.BEGIN_DATE":null,"DCGIS.PLACE_NAMES_PT.BEGIN_DATE_SOURCE":null,"DCGIS.PLACE_NAMES_PT.FIRST_KNOWN_DATE":null,"DCGIS.PLACE_NAMES_PT.FIRST_KNOWN_DATE_SOURCE":null,"DCGIS.PLACE_NAMES_PT.CREATED_DATE":1123851413000,"DCGIS.PLACE_NAMES_PT.LAST_EDITED_DATE":1224268493000,"DCGIS.PLACE_NAMES_PT.SE_ANNO_CAD_DATA":null,"DCGIS.PLACE_NAMES_PT.OBJECTID":32430558,"DCGIS.ADDRESSES_PT.OBJECTID":217154331,"DCGIS.ADDRESSES_PT.SE_ANNO_CAD_DATA":null}},{"type":"Feature","id":32430560,"geometry":{"type":"Point","coordinates":[-77.03974273622137,38.895854463819965]},"properties":{"DCGIS.PLACE_NAMES_PT.NAME":"LUTHER W. BRADY ART GALLERY","DCGIS.ADDRESSES_PT.ADDRESS":"500 17TH STREET NW","DCGIS.ADDRESSES_PT.WARD":"Ward 2","DCGIS.ADDRESSES_PT.SMD":"SMD 2A01","DCGIS.ADDRESSES_PT.ANC":"ANC 2A","MAR.VW_PLACE_NAME_CATEGORIES.CATEGORY":"MUSEUM / ZOO","DCGIS.PLACE_NAMES_PT.STATUS":"ACTIVE","DCGIS.PLACE_NAMES_PT.PLACE_NAME_ID":17862,"DCGIS.PLACE_NAMES_PT.MAR_ID":279802,"DCGIS.PLACE_NAMES_PT.BEFORE_DATE":null,"DCGIS.PLACE_NAMES_PT.BEFORE_DATE_SOURCE":null,"DCGIS.PLACE_NAMES_PT.BEGIN_DATE":null,"DCGIS.PLACE_NAMES_PT.BEGIN_DATE_SOURCE":null,"DCGIS.PLACE_NAMES_PT.FIRST_KNOWN_DATE":null,"DCGIS.PLACE_NAMES_PT.FIRST_KNOWN_DATE_SOURCE":null,"DCGIS.PLACE_NAMES_PT.CREATED_DATE":1652436864000,"DCGIS.PLACE_NAMES_PT.LAST_EDITED_DATE":1652436864000,"DCGIS.PLACE_NAMES_PT.SE_ANNO_CAD_DATA":null,"DCGIS.PLACE_NAMES_PT.OBJECTID":32430560,"DCGIS.ADDRESSES_PT.OBJECTID":217154331,"DCGIS.ADDRESSES_PT.SE_ANNO_CAD_DATA":null}},{"type":"Feature","id":32429649,"geometry":{"type":"Point","coordinates":[-77.023180469777827,38.895211943752862]},"properties":{"DCGIS.PLACE_NAMES_PT.NAME":"STABLES ART CENTER","DCGIS.ADDRESSES_PT.ADDRESS":"410 8TH STREET NW","DCGIS.ADDRESSES_PT.WARD":"Ward 2","DCGIS.ADDRESSES_PT.SMD":"SMD 2C03","DCGIS.ADDRESSES_PT.ANC":"ANC 2C","MAR.VW_PLACE_NAME_CATEGORIES.CATEGORY":"MUSEUM / ZOO","DCGIS.PLACE_NAMES_PT.STATUS":"ACTIVE","DCGIS.PLACE_NAMES_PT.PLACE_NAME_ID":1085,"DCGIS.PLACE_NAMES_PT.MAR_ID":279758,"DCGIS.PLACE_NAMES_PT.BEFORE_DATE":null,"DCGIS.PLACE_NAMES_PT.BEFORE_DATE_SOURCE":null,"DCGIS.PLACE_NAMES_PT.BEGIN_DATE":null,"DCGIS.PLACE_NAMES_PT.BEGIN_DATE_SOURCE":null,"DCGIS.PLACE_NAMES_PT.FIRST_KNOWN_DATE":null,"DCGIS.PLACE_NAMES_PT.FIRST_KNOWN_DATE_SOURCE":null,"DCGIS.PLACE_NAMES_PT.CREATED_DATE":1123072324000,"DCGIS.PLACE_NAMES_PT.LAST_EDITED_DATE":1224268494000,"DCGIS.PLACE_NAMES_PT.SE_ANNO_CAD_DATA":null,"DCGIS.PLACE_NAMES_PT.OBJECTID":32429649,"DCGIS.ADDRESSES_PT.OBJECTID":217245961,"DCGIS.ADDRESSES_PT.SE_ANNO_CAD_DATA":null}},{"type":"Feature","id":32429739,"geometry":{"type":"Point","coordinates":[-77.052619650507197,38.943641711943172]},"properties":{"DCGIS.PLACE_NAMES_PT.NAME":"HILLWOOD MUSEUM","DCGIS.ADDRESSES_PT.ADDRESS":"4155 LINNEAN AVENUE NW","DCGIS.ADDRESSES_PT.WARD":"Ward 3","DCGIS.ADDRESSES_PT.SMD":"SMD 3F03","DCGIS.ADDRESSES_PT.ANC":"ANC 3F","MAR.VW_PLACE_NAME_CATEGORIES.CATEGORY":"MUSEUM / ZOO","DCGIS.PLACE_NAMES_PT.STATUS":"ACTIVE","DCGIS.PLACE_NAMES_PT.PLACE_NAME_ID":2833,"DCGIS.PLACE_NAMES_PT.MAR_ID":284839,"DCGIS.PLACE_NAMES_PT.BEFORE_DATE":null,"DCGIS.PLACE_NAMES_PT.BEFORE_DATE_SOURCE":null,"DCGIS.PLACE_NAMES_PT.BEGIN_DATE":null,"DCGIS.PLACE_NAMES_PT.BEGIN_DATE_SOURCE":null,"DCGIS.PLACE_NAMES_PT.FIRST_KNOWN_DATE":null,"DCGIS.PLACE_NAMES_PT.FIRST_KNOWN_DATE_SOURCE":null,"DCGIS.PLACE_NAMES_PT.CREATED_DATE":1123851409000,"DCGIS.PLACE_NAMES_PT.LAST_EDITED_DATE":1123851409000,"DCGIS.PLACE_NAMES_PT.SE_ANNO_CAD_DATA":null,"DCGIS.PLACE_NAMES_PT.OBJECTID":32429739,"DCGIS.ADDRESSES_PT.OBJECTID":217226331,"DCGIS.ADDRESSES_PT.SE_ANNO_CAD_DATA":null}},{"type":"Feature","id":32429740,"geometry":{"type":"Point","coordinates":[-77.052619650507197,38.943641711943172]},"properties":{"DCGIS.PLACE_NAMES_PT.NAME":"HILLWOOD ESTATE MUSEUM AND GARDENS","DCGIS.ADDRESSES_PT.ADDRESS":"4155 LINNEAN AVENUE NW","DCGIS.ADDRESSES_PT.WARD":"Ward 3","DCGIS.ADDRESSES_PT.SMD":"SMD 3F03","DCGIS.ADDRESSES_PT.ANC":"ANC 3F","MAR.VW_PLACE_NAME_CATEGORIES.CATEGORY":"MUSEUM / ZOO","DCGIS.PLACE_NAMES_PT.STATUS":"ACTIVE","DCGIS.PLACE_NAMES_PT.PLACE_NAME_ID":16316,"DCGIS.PLACE_NAMES_PT.MAR_ID":284839,"DCGIS.PLACE_NAMES_PT.BEFORE_DATE":null,"DCGIS.PLACE_NAMES_PT.BEFORE_DATE_SOURCE":null,"DCGIS.PLACE_NAMES_PT.BEGIN_DATE":null,"DCGIS.PLACE_NAMES_PT.BEGIN_DATE_SOURCE":null,"DCGIS.PLACE_NAMES_PT.FIRST_KNOWN_DATE":null,"DCGIS.PLACE_NAMES_PT.FIRST_KNOWN_DATE_SOURCE":null,"DCGIS.PLACE_NAMES_PT.CREATED_DATE":1520514864000,"DCGIS.PLACE_NAMES_PT.LAST_EDITED_DATE":1520514864000,"DCGIS.PLACE_NAMES_PT.SE_ANNO_CAD_DATA":null,"DCGIS.PLACE_NAMES_PT.OBJECTID":32429740,"DCGIS.ADDRESSES_PT.OBJECTID":217226331,"DCGIS.ADDRESSES_PT.SE_ANNO_CAD_DATA":null}},{"type":"Feature","id":32429106,"geometry":{"type":"Point","coordinates":[-77.025070630707035,38.906390837189967]},"properties":{"DCGIS.PLACE_NAMES_PT.NAME":"DC ALLEY MUSEUM","DCGIS.ADDRESSES_PT.ADDRESS":"38 BLAGDEN ALLEY NW","DCGIS.ADDRESSES_PT.WARD":"Ward 2","DCGIS.ADDRESSES_PT.SMD":"SMD 2G04","DCGIS.ADDRESSES_PT.ANC":"ANC 2G","MAR.VW_PLACE_NAME_CATEGORIES.CATEGORY":"MUSEUM / ZOO","DCGIS.PLACE_NAMES_PT.STATUS":"ACTIVE","DCGIS.PLACE_NAMES_PT.PLACE_NAME_ID":23822,"DCGIS.PLACE_NAMES_PT.MAR_ID":308581,"DCGIS.PLACE_NAMES_PT.BEFORE_DATE":null,"DCGIS.PLACE_NAMES_PT.BEFORE_DATE_SOURCE":null,"DCGIS.PLACE_NAMES_PT.BEGIN_DATE":null,"DCGIS.PLACE_NAMES_PT.BEGIN_DATE_SOURCE":null,"DCGIS.PLACE_NAMES_PT.FIRST_KNOWN_DATE":null,"DCGIS.PLACE_NAMES_PT.FIRST_KNOWN_DATE_SOURCE":null,"DCGIS.PLACE_NAMES_PT.CREATED_DATE":1749489302000,"DCGIS.PLACE_NAMES_PT.LAST_EDITED_DATE":1749489302000,"DCGIS.PLACE_NAMES_PT.SE_ANNO_CAD_DATA":null,"DCGIS.PLACE_NAMES_PT.OBJECTID":32429106,"DCGIS.ADDRESSES_PT.OBJECTID":217239873,"DCGIS.ADDRESSES_PT.SE_ANNO_CAD_DATA":null}},{"type":"Feature","id":32430741,"geometry":{"type":"Point","coordinates":[-77.025778287935481,38.896802367029473]},"properties":{"DCGIS.PLACE_NAMES_PT.NAME":"FORDS THEATRE TICKET OFFICE","DCGIS.ADDRESSES_PT.ADDRESS":"517 10TH STREET NW","DCGIS.ADDRESSES_PT.WARD":"Ward 2","DCGIS.ADDRESSES_PT.SMD":"SMD 2C03","DCGIS.ADDRESSES_PT.ANC":"ANC 2C","MAR.VW_PLACE_NAME_CATEGORIES.CATEGORY":"MUSEUM / ZOO","DCGIS.PLACE_NAMES_PT.STATUS":"ACTIVE","DCGIS.PLACE_NAMES_PT.PLACE_NAME_ID":15064,"DCGIS.PLACE_NAMES_PT.MAR_ID":297633,"DCGIS.PLACE_NAMES_PT.BEFORE_DATE":null,"DCGIS.PLACE_NAMES_PT.BEFORE_DATE_SOURCE":null,"DCGIS.PLACE_NAMES_PT.BEGIN_DATE":null,"DCGIS.PLACE_NAMES_PT.BEGIN_DATE_SOURCE":null,"DCGIS.PLACE_NAMES_PT.FIRST_KNOWN_DATE":null,"DCGIS.PLACE_NAMES_PT.FIRST_KNOWN_DATE_SOURCE":null,"DCGIS.PLACE_NAMES_PT.CREATED_DATE":1449759652000,"DCGIS.PLACE_NAMES_PT.LAST_EDITED_DATE":1449759652000,"DCGIS.PLACE_NAMES_PT.SE_ANNO_CAD_DATA":null,"DCGIS.PLACE_NAMES_PT.OBJECTID":32430741,"DCGIS.ADDRESSES_PT.OBJECTID":217202272,"DCGIS.ADDRESSES_PT.SE_ANNO_CAD_DATA":null}},{"type":"Feature","id":32430771,"geometry":{"type":"Point","coordinates":[-77.051686055106273,38.959963680443352]},"properties":{"DCGIS.PLACE_NAMES_PT.NAME":"ROCK CREEK PARK NATURE CENTER & PLANETARIUM","DCGIS.ADDRESSES_PT.ADDRESS":"5200 GLOVER ROAD NW","DCGIS.ADDRESSES_PT.WARD":"Ward 3","DCGIS.ADDRESSES_PT.SMD":"SMD 3F03","DCGIS.ADDRESSES_PT.ANC":"ANC 3F","MAR.VW_PLACE_NAME_CATEGORIES.CATEGORY":"MUSEUM / ZOO","DCGIS.PLACE_NAMES_PT.STATUS":"ACTIVE","DCGIS.PLACE_NAMES_PT.PLACE_NAME_ID":9336,"DCGIS.PLACE_NAMES_PT.MAR_ID":308551,"DCGIS.PLACE_NAMES_PT.BEFORE_DATE":null,"DCGIS.PLACE_NAMES_PT.BEFORE_DATE_SOURCE":null,"DCGIS.PLACE_NAMES_PT.BEGIN_DATE":null,"DCGIS.PLACE_NAMES_PT.BEGIN_DATE_SOURCE":null,"DCGIS.PLACE_NAMES_PT.FIRST_KNOWN_DATE":null,"DCGIS.PLACE_NAMES_PT.FIRST_KNOWN_DATE_SOURCE":null,"DCGIS.PLACE_NAMES_PT.CREATED_DATE":1280755844000,"DCGIS.PLACE_NAMES_PT.LAST_EDITED_DATE":1280755844000,"DCGIS.PLACE_NAMES_PT.SE_ANNO_CAD_DATA":null,"DCGIS.PLACE_NAMES_PT.OBJECTID":32430771,"DCGIS.ADDRESSES_PT.OBJECTID":217155169,"DCGIS.ADDRESSES_PT.SE_ANNO_CAD_DATA":null}},{"type":"Feature","id":32429897,"geometry":{"type":"Point","coordinates":[-77.040206508718938,38.894867528410636]},"properties":{"DCGIS.PLACE_NAMES_PT.NAME":"AMERICAN RED CROSS COMPASSION CENTER","DCGIS.ADDRESSES_PT.ADDRESS":"430 17TH STREET NW","DCGIS.ADDRESSES_PT.WARD":"Ward 2","DCGIS.ADDRESSES_PT.SMD":"SMD 2A01","DCGIS.ADDRESSES_PT.ANC":"ANC 2A","MAR.VW_PLACE_NAME_CATEGORIES.CATEGORY":"MUSEUM / ZOO","DCGIS.PLACE_NAMES_PT.STATUS":"ACTIVE","DCGIS.PLACE_NAMES_PT.PLACE_NAME_ID":7035,"DCGIS.PLACE_NAMES_PT.MAR_ID":300987,"DCGIS.PLACE_NAMES_PT.BEFORE_DATE":null,"DCGIS.PLACE_NAMES_PT.BEFORE_DATE_SOURCE":null,"DCGIS.PLACE_NAMES_PT.BEGIN_DATE":null,"DCGIS.PLACE_NAMES_PT.BEGIN_DATE_SOURCE":null,"DCGIS.PLACE_NAMES_PT.FIRST_KNOWN_DATE":null,"DCGIS.PLACE_NAMES_PT.FIRST_KNOWN_DATE_SOURCE":null,"DCGIS.PLACE_NAMES_PT.CREATED_DATE":1144474736000,"DCGIS.PLACE_NAMES_PT.LAST_EDITED_DATE":1224268494000,"DCGIS.PLACE_NAMES_PT.SE_ANNO_CAD_DATA":null,"DCGIS.PLACE_NAMES_PT.OBJECTID":32429897,"DCGIS.ADDRESSES_PT.OBJECTID":217166076,"DCGIS.ADDRESSES_PT.SE_ANNO_CAD_DATA":null}},{"type":"Feature","id":32428511,"geometry":{"type":"Point","coordinates":[-77.086957011355196,38.939212551899615]},"properties":{"DCGIS.PLACE_NAMES_PT.NAME":"AMERICAN UNIVERSITY MUSEUM","DCGIS.ADDRESSES_PT.ADDRESS":"3500 NEBRASKA AVENUE NW","DCGIS.ADDRESSES_PT.WARD":"Ward 3","DCGIS.ADDRESSES_PT.SMD":"SMD 3E07","DCGIS.ADDRESSES_PT.ANC":"ANC 3E","MAR.VW_PLACE_NAME_CATEGORIES.CATEGORY":"MUSEUM / ZOO","DCGIS.PLACE_NAMES_PT.STATUS":"ACTIVE","DCGIS.PLACE_NAMES_PT.PLACE_NAME_ID":12529,"DCGIS.PLACE_NAMES_PT.MAR_ID":223996,"DCGIS.PLACE_NAMES_PT.BEFORE_DATE":null,"DCGIS.PLACE_NAMES_PT.BEFORE_DATE_SOURCE":null,"DCGIS.PLACE_NAMES_PT.BEGIN_DATE":null,"DCGIS.PLACE_NAMES_PT.BEGIN_DATE_SOURCE":null,"DCGIS.PLACE_NAMES_PT.FIRST_KNOWN_DATE":null,"DCGIS.PLACE_NAMES_PT.FIRST_KNOWN_DATE_SOURCE":null,"DCGIS.PLACE_NAMES_PT.CREATED_DATE":1347629046000,"DCGIS.PLACE_NAMES_PT.LAST_EDITED_DATE":1347629046000,"DCGIS.PLACE_NAMES_PT.SE_ANNO_CAD_DATA":null,"DCGIS.PLACE_NAMES_PT.OBJECTID":32428511,"DCGIS.ADDRESSES_PT.OBJECTID":217122585,"DCGIS.ADDRESSES_PT.SE_ANNO_CAD_DATA":null}},{"type":"Feature","id":32428524,"geometry":{"type":"Point","coordinates":[-76.969892662355633,38.912410556689252]},"properties":{"DCGIS.PLACE_NAMES_PT.NAME":"THE NATIONAL BONSAI & PENJING MUSEUM","DCGIS.ADDRESSES_PT.ADDRESS":"3501 NEW YORK AVENUE NE","DCGIS.ADDRESSES_PT.WARD":"Ward 5","DCGIS.ADDRESSES_PT.SMD":"SMD 5C04","DCGIS.ADDRESSES_PT.ANC":"ANC 5C","MAR.VW_PLACE_NAME_CATEGORIES.CATEGORY":"MUSEUM / ZOO","DCGIS.PLACE_NAMES_PT.STATUS":"ACTIVE","DCGIS.PLACE_NAMES_PT.PLACE_NAME_ID":15638,"DCGIS.PLACE_NAMES_PT.MAR_ID":293238,"DCGIS.PLACE_NAMES_PT.BEFORE_DATE":null,"DCGIS.PLACE_NAMES_PT.BEFORE_DATE_SOURCE":null,"DCGIS.PLACE_NAMES_PT.BEGIN_DATE":null,"DCGIS.PLACE_NAMES_PT.BEGIN_DATE_SOURCE":null,"DCGIS.PLACE_NAMES_PT.FIRST_KNOWN_DATE":null,"DCGIS.PLACE_NAMES_PT.FIRST_KNOWN_DATE_SOURCE":null,"DCGIS.PLACE_NAMES_PT.CREATED_DATE":1468837039000,"DCGIS.PLACE_NAMES_PT.LAST_EDITED_DATE":1468837039000,"DCGIS.PLACE_NAMES_PT.SE_ANNO_CAD_DATA":null,"DCGIS.PLACE_NAMES_PT.OBJECTID":32428524,"DCGIS.ADDRESSES_PT.OBJECTID":217234519,"DCGIS.ADDRESSES_PT.SE_ANNO_CAD_DATA":null}},{"type":"Feature","id":32429318,"geometry":{"type":"Point","coordinates":[-77.004911279234676,38.937687530889349]},"properties":{"DCGIS.PLACE_NAMES_PT.NAME":"NATIONAL SHRINE OF SAINT JOHN PAUL II","DCGIS.ADDRESSES_PT.ADDRESS":"3900 HAREWOOD ROAD NE","DCGIS.ADDRESSES_PT.WARD":"Ward 5","DCGIS.ADDRESSES_PT.SMD":"SMD 5A05","DCGIS.ADDRESSES_PT.ANC":"ANC 5A","MAR.VW_PLACE_NAME_CATEGORIES.CATEGORY":"MUSEUM / ZOO","DCGIS.PLACE_NAMES_PT.STATUS":"ACTIVE","DCGIS.PLACE_NAMES_PT.PLACE_NAME_ID":13070,"DCGIS.PLACE_NAMES_PT.MAR_ID":288031,"DCGIS.PLACE_NAMES_PT.BEFORE_DATE":null,"DCGIS.PLACE_NAMES_PT.BEFORE_DATE_SOURCE":null,"DCGIS.PLACE_NAMES_PT.BEGIN_DATE":null,"DCGIS.PLACE_NAMES_PT.BEGIN_DATE_SOURCE":null,"DCGIS.PLACE_NAMES_PT.FIRST_KNOWN_DATE":null,"DCGIS.PLACE_NAMES_PT.FIRST_KNOWN_DATE_SOURCE":null,"DCGIS.PLACE_NAMES_PT.CREATED_DATE":1398782765000,"DCGIS.PLACE_NAMES_PT.LAST_EDITED_DATE":1398782765000,"DCGIS.PLACE_NAMES_PT.SE_ANNO_CAD_DATA":null,"DCGIS.PLACE_NAMES_PT.OBJECTID":32429318,"DCGIS.ADDRESSES_PT.OBJECTID":217202856,"DCGIS.ADDRESSES_PT.SE_ANNO_CAD_DATA":null}},{"type":"Feature","id":32424829,"geometry":{"type":"Point","coordinates":[-77.045962930310395,38.912401160119337]},"properties":{"DCGIS.PLACE_NAMES_PT.NAME":"MARSHA MATEYKA GALLERY","DCGIS.ADDRESSES_PT.ADDRESS":"2012 R STREET NW","DCGIS.ADDRESSES_PT.WARD":"Ward 2","DCGIS.ADDRESSES_PT.SMD":"SMD 2B02","DCGIS.ADDRESSES_PT.ANC":"ANC 2B","MAR.VW_PLACE_NAME_CATEGORIES.CATEGORY":"MUSEUM / ZOO","DCGIS.PLACE_NAMES_PT.STATUS":"ACTIVE","DCGIS.PLACE_NAMES_PT.PLACE_NAME_ID":11239,"DCGIS.PLACE_NAMES_PT.MAR_ID":242708,"DCGIS.PLACE_NAMES_PT.BEFORE_DATE":null,"DCGIS.PLACE_NAMES_PT.BEFORE_DATE_SOURCE":null,"DCGIS.PLACE_NAMES_PT.BEGIN_DATE":null,"DCGIS.PLACE_NAMES_PT.BEGIN_DATE_SOURCE":null,"DCGIS.PLACE_NAMES_PT.FIRST_KNOWN_DATE":null,"DCGIS.PLACE_NAMES_PT.FIRST_KNOWN_DATE_SOURCE":null,"DCGIS.PLACE_NAMES_PT.CREATED_DATE":1317660586000,"DCGIS.PLACE_NAMES_PT.LAST_EDITED_DATE":1317660586000,"DCGIS.PLACE_NAMES_PT.SE_ANNO_CAD_DATA":null,"DCGIS.PLACE_NAMES_PT.OBJECTID":32424829,"DCGIS.ADDRESSES_PT.OBJECTID":217190115,"DCGIS.ADDRESSES_PT.SE_ANNO_CAD_DATA":null}},{"type":"Feature","id":32424851,"geometry":{"type":"Point","coordinates":[-77.045710708699815,38.908355881790811]},"properties":{"DCGIS.PLACE_NAMES_PT.NAME":"O STREET MUSEUM FOUNDATION","DCGIS.ADDRESSES_PT.ADDRESS":"2016 O STREET NW","DCGIS.ADDRESSES_PT.WARD":"Ward 2","DCGIS.ADDRESSES_PT.SMD":"SMD 2B05","DCGIS.ADDRESSES_PT.ANC":"ANC 2B","MAR.VW_PLACE_NAME_CATEGORIES.CATEGORY":"MUSEUM / ZOO","DCGIS.PLACE_NAMES_PT.STATUS":"ACTIVE","DCGIS.PLACE_NAMES_PT.PLACE_NAME_ID":14676,"DCGIS.PLACE_NAMES_PT.MAR_ID":242704,"DCGIS.PLACE_NAMES_PT.BEFORE_DATE":null,"DCGIS.PLACE_NAMES_PT.BEFORE_DATE_SOURCE":null,"DCGIS.PLACE_NAMES_PT.BEGIN_DATE":null,"DCGIS.PLACE_NAMES_PT.BEGIN_DATE_SOURCE":null,"DCGIS.PLACE_NAMES_PT.FIRST_KNOWN_DATE":null,"DCGIS.PLACE_NAMES_PT.FIRST_KNOWN_DATE_SOURCE":null,"DCGIS.PLACE_NAMES_PT.CREATED_DATE":1431445321000,"DCGIS.PLACE_NAMES_PT.LAST_EDITED_DATE":1431445321000,"DCGIS.PLACE_NAMES_PT.SE_ANNO_CAD_DATA":null,"DCGIS.PLACE_NAMES_PT.OBJECTID":32424851,"DCGIS.ADDRESSES_PT.OBJECTID":217137054,"DCGIS.ADDRESSES_PT.SE_ANNO_CAD_DATA":null}},{"type":"Feature","id":32423985,"geometry":{"type":"Point","coordinates":[-77.042115780537969,38.912820597208203]},"properties":{"DCGIS.PLACE_NAMES_PT.NAME":"NATIONAL MUSEUM OF AMERICAN JEWISH MILITARY HISTORY","DCGIS.ADDRESSES_PT.ADDRESS":"1811 R STREET NW","DCGIS.ADDRESSES_PT.WARD":"Ward 2","DCGIS.ADDRESSES_PT.SMD":"SMD 2B03","DCGIS.ADDRESSES_PT.ANC":"ANC 2B","MAR.VW_PLACE_NAME_CATEGORIES.CATEGORY":"MUSEUM / ZOO","DCGIS.PLACE_NAMES_PT.STATUS":"ACTIVE","DCGIS.PLACE_NAMES_PT.PLACE_NAME_ID":2949,"DCGIS.PLACE_NAMES_PT.MAR_ID":243292,"DCGIS.PLACE_NAMES_PT.BEFORE_DATE":null,"DCGIS.PLACE_NAMES_PT.BEFORE_DATE_SOURCE":null,"DCGIS.PLACE_NAMES_PT.BEGIN_DATE":null,"DCGIS.PLACE_NAMES_PT.BEGIN_DATE_SOURCE":null,"DCGIS.PLACE_NAMES_PT.FIRST_KNOWN_DATE":null,"DCGIS.PLACE_NAMES_PT.FIRST_KNOWN_DATE_SOURCE":null,"DCGIS.PLACE_NAMES_PT.CREATED_DATE":1123851413000,"DCGIS.PLACE_NAMES_PT.LAST_EDITED_DATE":1123851413000,"DCGIS.PLACE_NAMES_PT.SE_ANNO_CAD_DATA":null,"DCGIS.PLACE_NAMES_PT.OBJECTID":32423985,"DCGIS.ADDRESSES_PT.OBJECTID":217200315,"DCGIS.ADDRESSES_PT.SE_ANNO_CAD_DATA":null}},{"type":"Feature","id":32423990,"geometry":{"type":"Point","coordinates":[-77.043735834329823,38.914595996039075]},"properties":{"DCGIS.PLACE_NAMES_PT.NAME":"L. RON HUBBARD HOUSE","DCGIS.ADDRESSES_PT.ADDRESS":"1812 19TH STREET NW","DCGIS.ADDRESSES_PT.WARD":"Ward 2","DCGIS.ADDRESSES_PT.SMD":"SMD 2B01","DCGIS.ADDRESSES_PT.ANC":"ANC 2B","MAR.VW_PLACE_NAME_CATEGORIES.CATEGORY":"MUSEUM / ZOO","DCGIS.PLACE_NAMES_PT.STATUS":"ACTIVE","DCGIS.PLACE_NAMES_PT.PLACE_NAME_ID":15353,"DCGIS.PLACE_NAMES_PT.MAR_ID":240991,"DCGIS.PLACE_NAMES_PT.BEFORE_DATE":null,"DCGIS.PLACE_NAMES_PT.BEFORE_DATE_SOURCE":null,"DCGIS.PLACE_NAMES_PT.BEGIN_DATE":null,"DCGIS.PLACE_NAMES_PT.BEGIN_DATE_SOURCE":null,"DCGIS.PLACE_NAMES_PT.FIRST_KNOWN_DATE":null,"DCGIS.PLACE_NAMES_PT.FIRST_KNOWN_DATE_SOURCE":null,"DCGIS.PLACE_NAMES_PT.CREATED_DATE":1463049010000,"DCGIS.PLACE_NAMES_PT.LAST_EDITED_DATE":1463049010000,"DCGIS.PLACE_NAMES_PT.SE_ANNO_CAD_DATA":null,"DCGIS.PLACE_NAMES_PT.OBJECTID":32423990,"DCGIS.ADDRESSES_PT.OBJECTID":217138548,"DCGIS.ADDRESSES_PT.SE_ANNO_CAD_DATA":null}},{"type":"Feature","id":32424887,"geometry":{"type":"Point","coordinates":[-77.045854261950396,38.90837204056352]},"properties":{"DCGIS.PLACE_NAMES_PT.NAME":"O STREET MUSEUM FOUNDATION","DCGIS.ADDRESSES_PT.ADDRESS":"2020 O STREET NW","DCGIS.ADDRESSES_PT.WARD":"Ward 2","DCGIS.ADDRESSES_PT.SMD":"SMD 2B05","DCGIS.ADDRESSES_PT.ANC":"ANC 2B","MAR.VW_PLACE_NAME_CATEGORIES.CATEGORY":"MUSEUM / ZOO","DCGIS.PLACE_NAMES_PT.STATUS":"ACTIVE","DCGIS.PLACE_NAMES_PT.PLACE_NAME_ID":12535,"DCGIS.PLACE_NAMES_PT.MAR_ID":243057,"DCGIS.PLACE_NAMES_PT.BEFORE_DATE":null,"DCGIS.PLACE_NAMES_PT.BEFORE_DATE_SOURCE":null,"DCGIS.PLACE_NAMES_PT.BEGIN_DATE":null,"DCGIS.PLACE_NAMES_PT.BEGIN_DATE_SOURCE":null,"DCGIS.PLACE_NAMES_PT.FIRST_KNOWN_DATE":null,"DCGIS.PLACE_NAMES_PT.FIRST_KNOWN_DATE_SOURCE":null,"DCGIS.PLACE_NAMES_PT.CREATED_DATE":1347630408000,"DCGIS.PLACE_NAMES_PT.LAST_EDITED_DATE":1347630408000,"DCGIS.PLACE_NAMES_PT.SE_ANNO_CAD_DATA":null,"DCGIS.PLACE_NAMES_PT.OBJECTID":32424887,"DCGIS.ADDRESSES_PT.OBJECTID":217137055,"DCGIS.ADDRESSES_PT.SE_ANNO_CAD_DATA":null}},{"type":"Feature","id":32426620,"geometry":{"type":"Point","coordinates":[-77.055867665803603,38.910861011524588]},"properties":{"DCGIS.PLACE_NAMES_PT.NAME":"DUMBARTON HOUSE","DCGIS.ADDRESSES_PT.ADDRESS":"2715 Q STREET NW","DCGIS.ADDRESSES_PT.WARD":"Ward 2","DCGIS.ADDRESSES_PT.SMD":"SMD 2E07","DCGIS.ADDRESSES_PT.ANC":"ANC 2E","MAR.VW_PLACE_NAME_CATEGORIES.CATEGORY":"MUSEUM / ZOO","DCGIS.PLACE_NAMES_PT.STATUS":"ACTIVE","DCGIS.PLACE_NAMES_PT.PLACE_NAME_ID":2955,"DCGIS.PLACE_NAMES_PT.MAR_ID":273151,"DCGIS.PLACE_NAMES_PT.BEFORE_DATE":null,"DCGIS.PLACE_NAMES_PT.BEFORE_DATE_SOURCE":null,"DCGIS.PLACE_NAMES_PT.BEGIN_DATE":null,"DCGIS.PLACE_NAMES_PT.BEGIN_DATE_SOURCE":null,"DCGIS.PLACE_NAMES_PT.FIRST_KNOWN_DATE":null,"DCGIS.PLACE_NAMES_PT.FIRST_KNOWN_DATE_SOURCE":null,"DCGIS.PLACE_NAMES_PT.CREATED_DATE":1123851414000,"DCGIS.PLACE_NAMES_PT.LAST_EDITED_DATE":1123851414000,"DCGIS.PLACE_NAMES_PT.SE_ANNO_CAD_DATA":null,"DCGIS.PLACE_NAMES_PT.OBJECTID":32426620,"DCGIS.ADDRESSES_PT.OBJECTID":217129181,"DCGIS.ADDRESSES_PT.SE_ANNO_CAD_DATA":null}},{"type":"Feature","id":32424287,"geometry":{"type":"Point","coordinates":[-77.042602570106865,38.894452834587128]},"properties":{"DCGIS.PLACE_NAMES_PT.NAME":"DEPARTMENT OF THE INTERIOR MUSEUM","DCGIS.ADDRESSES_PT.ADDRESS":"1849 C STREET NW","DCGIS.ADDRESSES_PT.WARD":"Ward 2","DCGIS.ADDRESSES_PT.SMD":"SMD 2A01","DCGIS.ADDRESSES_PT.ANC":"ANC 2A","MAR.VW_PLACE_NAME_CATEGORIES.CATEGORY":"MUSEUM / ZOO","DCGIS.PLACE_NAMES_PT.STATUS":"ACTIVE","DCGIS.PLACE_NAMES_PT.PLACE_NAME_ID":9699,"DCGIS.PLACE_NAMES_PT.MAR_ID":293214,"DCGIS.PLACE_NAMES_PT.BEFORE_DATE":null,"DCGIS.PLACE_NAMES_PT.BEFORE_DATE_SOURCE":null,"DCGIS.PLACE_NAMES_PT.BEGIN_DATE":null,"DCGIS.PLACE_NAMES_PT.BEGIN_DATE_SOURCE":null,"DCGIS.PLACE_NAMES_PT.FIRST_KNOWN_DATE":null,"DCGIS.PLACE_NAMES_PT.FIRST_KNOWN_DATE_SOURCE":null,"DCGIS.PLACE_NAMES_PT.CREATED_DATE":1283935250000,"DCGIS.PLACE_NAMES_PT.LAST_EDITED_DATE":1283935250000,"DCGIS.PLACE_NAMES_PT.SE_ANNO_CAD_DATA":null,"DCGIS.PLACE_NAMES_PT.OBJECTID":32424287,"DCGIS.ADDRESSES_PT.OBJECTID":217187834,"DCGIS.ADDRESSES_PT.SE_ANNO_CAD_DATA":null}},{"type":"Feature","id":32424288,"geometry":{"type":"Point","coordinates":[-77.042602570106865,38.894452834587128]},"properties":{"DCGIS.PLACE_NAMES_PT.NAME":"INTERIOR MUSEUM","DCGIS.ADDRESSES_PT.ADDRESS":"1849 C STREET NW","DCGIS.ADDRESSES_PT.WARD":"Ward 2","DCGIS.ADDRESSES_PT.SMD":"SMD 2A01","DCGIS.ADDRESSES_PT.ANC":"ANC 2A","MAR.VW_PLACE_NAME_CATEGORIES.CATEGORY":"MUSEUM / ZOO","DCGIS.PLACE_NAMES_PT.STATUS":"ACTIVE","DCGIS.PLACE_NAMES_PT.PLACE_NAME_ID":13191,"DCGIS.PLACE_NAMES_PT.MAR_ID":293214,"DCGIS.PLACE_NAMES_PT.BEFORE_DATE":null,"DCGIS.PLACE_NAMES_PT.BEFORE_DATE_SOURCE":null,"DCGIS.PLACE_NAMES_PT.BEGIN_DATE":null,"DCGIS.PLACE_NAMES_PT.BEGIN_DATE_SOURCE":null,"DCGIS.PLACE_NAMES_PT.FIRST_KNOWN_DATE":null,"DCGIS.PLACE_NAMES_PT.FIRST_KNOWN_DATE_SOURCE":null,"DCGIS.PLACE_NAMES_PT.CREATED_DATE":1406731708000,"DCGIS.PLACE_NAMES_PT.LAST_EDITED_DATE":1406731708000,"DCGIS.PLACE_NAMES_PT.SE_ANNO_CAD_DATA":null,"DCGIS.PLACE_NAMES_PT.OBJECTID":32424288,"DCGIS.ADDRESSES_PT.OBJECTID":217187834,"DCGIS.ADDRESSES_PT.SE_ANNO_CAD_DATA":null}},{"type":"Feature","id":32425790,"geometry":{"type":"Point","coordinates":[-77.051181093906578,38.915370841896056]},"properties":{"DCGIS.PLACE_NAMES_PT.NAME":"NATIONAL MUSEUM OF THE JEWISH PEOPLE","DCGIS.ADDRESSES_PT.ADDRESS":"2312 CALIFORNIA STREET NW","DCGIS.ADDRESSES_PT.WARD":"Ward 2","DCGIS.ADDRESSES_PT.SMD":"SMD 2D02","DCGIS.ADDRESSES_PT.ANC":"ANC 2D","MAR.VW_PLACE_NAME_CATEGORIES.CATEGORY":"MUSEUM / ZOO","DCGIS.PLACE_NAMES_PT.STATUS":"ACTIVE","DCGIS.PLACE_NAMES_PT.PLACE_NAME_ID":15641,"DCGIS.PLACE_NAMES_PT.MAR_ID":234961,"DCGIS.PLACE_NAMES_PT.BEFORE_DATE":null,"DCGIS.PLACE_NAMES_PT.BEFORE_DATE_SOURCE":null,"DCGIS.PLACE_NAMES_PT.BEGIN_DATE":null,"DCGIS.PLACE_NAMES_PT.BEGIN_DATE_SOURCE":null,"DCGIS.PLACE_NAMES_PT.FIRST_KNOWN_DATE":null,"DCGIS.PLACE_NAMES_PT.FIRST_KNOWN_DATE_SOURCE":null,"DCGIS.PLACE_NAMES_PT.CREATED_DATE":1468837610000,"DCGIS.PLACE_NAMES_PT.LAST_EDITED_DATE":1468837610000,"DCGIS.PLACE_NAMES_PT.SE_ANNO_CAD_DATA":null,"DCGIS.PLACE_NAMES_PT.OBJECTID":32425790,"DCGIS.ADDRESSES_PT.OBJECTID":217251331,"DCGIS.ADDRESSES_PT.SE_ANNO_CAD_DATA":null}},{"type":"Feature","id":32425821,"geometry":{"type":"Point","coordinates":[-77.051098287250838,38.913899636409297]},"properties":{"DCGIS.PLACE_NAMES_PT.NAME":"MARTHA TUCKER HOUSE","DCGIS.ADDRESSES_PT.ADDRESS":"2320 S STREET NW","DCGIS.ADDRESSES_PT.WARD":"Ward 2","DCGIS.ADDRESSES_PT.SMD":"SMD 2D02","DCGIS.ADDRESSES_PT.ANC":"ANC 2D","MAR.VW_PLACE_NAME_CATEGORIES.CATEGORY":"MUSEUM / ZOO","DCGIS.PLACE_NAMES_PT.STATUS":"ACTIVE","DCGIS.PLACE_NAMES_PT.PLACE_NAME_ID":8278,"DCGIS.PLACE_NAMES_PT.MAR_ID":243164,"DCGIS.PLACE_NAMES_PT.BEFORE_DATE":null,"DCGIS.PLACE_NAMES_PT.BEFORE_DATE_SOURCE":null,"DCGIS.PLACE_NAMES_PT.BEGIN_DATE":null,"DCGIS.PLACE_NAMES_PT.BEGIN_DATE_SOURCE":null,"DCGIS.PLACE_NAMES_PT.FIRST_KNOWN_DATE":null,"DCGIS.PLACE_NAMES_PT.FIRST_KNOWN_DATE_SOURCE":null,"DCGIS.PLACE_NAMES_PT.CREATED_DATE":1178792514000,"DCGIS.PLACE_NAMES_PT.LAST_EDITED_DATE":1178792514000,"DCGIS.PLACE_NAMES_PT.SE_ANNO_CAD_DATA":null,"DCGIS.PLACE_NAMES_PT.OBJECTID":32425821,"DCGIS.ADDRESSES_PT.OBJECTID":217127875,"DCGIS.ADDRESSES_PT.SE_ANNO_CAD_DATA":null}},{"type":"Feature","id":32426815,"geometry":{"type":"Point","coordinates":[-77.023159474895294,38.926765559532782]},"properties":{"DCGIS.PLACE_NAMES_PT.NAME":"THE HISTORY OF CANNABIS MUSEUM","DCGIS.ADDRESSES_PT.ADDRESS":"2822 GEORGIA AVENUE NW","DCGIS.ADDRESSES_PT.WARD":"Ward 1","DCGIS.ADDRESSES_PT.SMD":"SMD 1E05","DCGIS.ADDRESSES_PT.ANC":"ANC 1E","MAR.VW_PLACE_NAME_CATEGORIES.CATEGORY":"MUSEUM / ZOO","DCGIS.PLACE_NAMES_PT.STATUS":"ACTIVE","DCGIS.PLACE_NAMES_PT.PLACE_NAME_ID":16698,"DCGIS.PLACE_NAMES_PT.MAR_ID":232586,"DCGIS.PLACE_NAMES_PT.BEFORE_DATE":null,"DCGIS.PLACE_NAMES_PT.BEFORE_DATE_SOURCE":null,"DCGIS.PLACE_NAMES_PT.BEGIN_DATE":null,"DCGIS.PLACE_NAMES_PT.BEGIN_DATE_SOURCE":null,"DCGIS.PLACE_NAMES_PT.FIRST_KNOWN_DATE":null,"DCGIS.PLACE_NAMES_PT.FIRST_KNOWN_DATE_SOURCE":null,"DCGIS.PLACE_NAMES_PT.CREATED_DATE":1539698566000,"DCGIS.PLACE_NAMES_PT.LAST_EDITED_DATE":1539698566000,"DCGIS.PLACE_NAMES_PT.SE_ANNO_CAD_DATA":null,"DCGIS.PLACE_NAMES_PT.OBJECTID":32426815,"DCGIS.ADDRESSES_PT.OBJECTID":217162948,"DCGIS.ADDRESSES_PT.SE_ANNO_CAD_DATA":null}},{"type":"Feature","id":32426827,"geometry":{"type":"Point","coordinates":[-77.036036653441926,38.925552300776999]},"properties":{"DCGIS.PLACE_NAMES_PT.NAME":"MEXICAN CULTURAL INSTITUTE","DCGIS.ADDRESSES_PT.ADDRESS":"2829 16TH STREET NW","DCGIS.ADDRESSES_PT.WARD":"Ward 1","DCGIS.ADDRESSES_PT.SMD":"SMD 1A01","DCGIS.ADDRESSES_PT.ANC":"ANC 1A","MAR.VW_PLACE_NAME_CATEGORIES.CATEGORY":"MUSEUM / ZOO","DCGIS.PLACE_NAMES_PT.STATUS":"ACTIVE","DCGIS.PLACE_NAMES_PT.PLACE_NAME_ID":2965,"DCGIS.PLACE_NAMES_PT.MAR_ID":235878,"DCGIS.PLACE_NAMES_PT.BEFORE_DATE":null,"DCGIS.PLACE_NAMES_PT.BEFORE_DATE_SOURCE":null,"DCGIS.PLACE_NAMES_PT.BEGIN_DATE":null,"DCGIS.PLACE_NAMES_PT.BEGIN_DATE_SOURCE":null,"DCGIS.PLACE_NAMES_PT.FIRST_KNOWN_DATE":null,"DCGIS.PLACE_NAMES_PT.FIRST_KNOWN_DATE_SOURCE":null,"DCGIS.PLACE_NAMES_PT.CREATED_DATE":1123851414000,"DCGIS.PLACE_NAMES_PT.LAST_EDITED_DATE":1123851414000,"DCGIS.PLACE_NAMES_PT.SE_ANNO_CAD_DATA":null,"DCGIS.PLACE_NAMES_PT.OBJECTID":32426827,"DCGIS.ADDRESSES_PT.OBJECTID":217218254,"DCGIS.ADDRESSES_PT.SE_ANNO_CAD_DATA":null}},{"type":"Feature","id":32424345,"geometry":{"type":"Point","coordinates":[-77.041858177847502,38.915739301181745]},"properties":{"DCGIS.PLACE_NAMES_PT.NAME":"MUSEUM OF THE PALESTINIAN PEOPLE","DCGIS.ADDRESSES_PT.ADDRESS":"1900 18TH STREET NW","DCGIS.ADDRESSES_PT.WARD":"Ward 2","DCGIS.ADDRESSES_PT.SMD":"SMD 2B08","DCGIS.ADDRESSES_PT.ANC":"ANC 2B","MAR.VW_PLACE_NAME_CATEGORIES.CATEGORY":"MUSEUM / ZOO","DCGIS.PLACE_NAMES_PT.STATUS":"ACTIVE","DCGIS.PLACE_NAMES_PT.PLACE_NAME_ID":24077,"DCGIS.PLACE_NAMES_PT.MAR_ID":303492,"DCGIS.PLACE_NAMES_PT.BEFORE_DATE":null,"DCGIS.PLACE_NAMES_PT.BEFORE_DATE_SOURCE":null,"DCGIS.PLACE_NAMES_PT.BEGIN_DATE":null,"DCGIS.PLACE_NAMES_PT.BEGIN_DATE_SOURCE":null,"DCGIS.PLACE_NAMES_PT.FIRST_KNOWN_DATE":null,"DCGIS.PLACE_NAMES_PT.FIRST_KNOWN_DATE_SOURCE":null,"DCGIS.PLACE_NAMES_PT.CREATED_DATE":1768222501000,"DCGIS.PLACE_NAMES_PT.LAST_EDITED_DATE":1768222501000,"DCGIS.PLACE_NAMES_PT.SE_ANNO_CAD_DATA":null,"DCGIS.PLACE_NAMES_PT.OBJECTID":32424345,"DCGIS.ADDRESSES_PT.OBJECTID":217248875,"DCGIS.ADDRESSES_PT.SE_ANNO_CAD_DATA":null}},{"type":"Feature","id":32424382,"geometry":{"type":"Point","coordinates":[-76.976845394963746,38.856580513725206]},"properties":{"DCGIS.PLACE_NAMES_PT.NAME":"ANACOSTIA COMMUNITY MUSEUM","DCGIS.ADDRESSES_PT.ADDRESS":"1901 FORT PLACE SE","DCGIS.ADDRESSES_PT.WARD":"Ward 8","DCGIS.ADDRESSES_PT.SMD":"SMD 8B03","DCGIS.ADDRESSES_PT.ANC":"ANC 8B","MAR.VW_PLACE_NAME_CATEGORIES.CATEGORY":"MUSEUM / ZOO","DCGIS.PLACE_NAMES_PT.STATUS":"ACTIVE","DCGIS.PLACE_NAMES_PT.PLACE_NAME_ID":9801,"DCGIS.PLACE_NAMES_PT.MAR_ID":286524,"DCGIS.PLACE_NAMES_PT.BEFORE_DATE":null,"DCGIS.PLACE_NAMES_PT.BEFORE_DATE_SOURCE":null,"DCGIS.PLACE_NAMES_PT.BEGIN_DATE":null,"DCGIS.PLACE_NAMES_PT.BEGIN_DATE_SOURCE":null,"DCGIS.PLACE_NAMES_PT.FIRST_KNOWN_DATE":null,"DCGIS.PLACE_NAMES_PT.FIRST_KNOWN_DATE_SOURCE":null,"DCGIS.PLACE_NAMES_PT.CREATED_DATE":1286965004000,"DCGIS.PLACE_NAMES_PT.LAST_EDITED_DATE":1286965004000,"DCGIS.PLACE_NAMES_PT.SE_ANNO_CAD_DATA":null,"DCGIS.PLACE_NAMES_PT.OBJECTID":32424382,"DCGIS.ADDRESSES_PT.OBJECTID":217163033,"DCGIS.ADDRESSES_PT.SE_ANNO_CAD_DATA":null}},{"type":"Feature","id":32425186,"geometry":{"type":"Point","coordinates":[-77.047370209056297,38.912427803231246]},"properties":{"DCGIS.PLACE_NAMES_PT.NAME":"FONDO DEL SOL VISUAL ARTS CENTER","DCGIS.ADDRESSES_PT.ADDRESS":"2112 R STREET NW","DCGIS.ADDRESSES_PT.WARD":"Ward 2","DCGIS.ADDRESSES_PT.SMD":"SMD 2B02","DCGIS.ADDRESSES_PT.ANC":"ANC 2B","MAR.VW_PLACE_NAME_CATEGORIES.CATEGORY":"MUSEUM / ZOO","DCGIS.PLACE_NAMES_PT.STATUS":"ACTIVE","DCGIS.PLACE_NAMES_PT.PLACE_NAME_ID":12530,"DCGIS.PLACE_NAMES_PT.MAR_ID":242393,"DCGIS.PLACE_NAMES_PT.BEFORE_DATE":null,"DCGIS.PLACE_NAMES_PT.BEFORE_DATE_SOURCE":null,"DCGIS.PLACE_NAMES_PT.BEGIN_DATE":null,"DCGIS.PLACE_NAMES_PT.BEGIN_DATE_SOURCE":null,"DCGIS.PLACE_NAMES_PT.FIRST_KNOWN_DATE":null,"DCGIS.PLACE_NAMES_PT.FIRST_KNOWN_DATE_SOURCE":null,"DCGIS.PLACE_NAMES_PT.CREATED_DATE":1347629283000,"DCGIS.PLACE_NAMES_PT.LAST_EDITED_DATE":1347629283000,"DCGIS.PLACE_NAMES_PT.SE_ANNO_CAD_DATA":null,"DCGIS.PLACE_NAMES_PT.OBJECTID":32425186,"DCGIS.ADDRESSES_PT.OBJECTID":217153399,"DCGIS.ADDRESSES_PT.SE_ANNO_CAD_DATA":null}},{"type":"Feature","id":32425960,"geometry":{"type":"Point","coordinates":[-77.088780993666305,38.921911974991289]},"properties":{"DCGIS.PLACE_NAMES_PT.NAME":"KREEGER MUSEUM","DCGIS.ADDRESSES_PT.ADDRESS":"2401 FOXHALL ROAD NW","DCGIS.ADDRESSES_PT.WARD":"Ward 3","DCGIS.ADDRESSES_PT.SMD":"SMD 3D07","DCGIS.ADDRESSES_PT.ANC":"ANC 3D","MAR.VW_PLACE_NAME_CATEGORIES.CATEGORY":"MUSEUM / ZOO","DCGIS.PLACE_NAMES_PT.STATUS":"ACTIVE","DCGIS.PLACE_NAMES_PT.PLACE_NAME_ID":2948,"DCGIS.PLACE_NAMES_PT.MAR_ID":271251,"DCGIS.PLACE_NAMES_PT.BEFORE_DATE":null,"DCGIS.PLACE_NAMES_PT.BEFORE_DATE_SOURCE":null,"DCGIS.PLACE_NAMES_PT.BEGIN_DATE":null,"DCGIS.PLACE_NAMES_PT.BEGIN_DATE_SOURCE":null,"DCGIS.PLACE_NAMES_PT.FIRST_KNOWN_DATE":null,"DCGIS.PLACE_NAMES_PT.FIRST_KNOWN_DATE_SOURCE":null,"DCGIS.PLACE_NAMES_PT.CREATED_DATE":1123851413000,"DCGIS.PLACE_NAMES_PT.LAST_EDITED_DATE":1123851413000,"DCGIS.PLACE_NAMES_PT.SE_ANNO_CAD_DATA":null,"DCGIS.PLACE_NAMES_PT.OBJECTID":32425960,"DCGIS.ADDRESSES_PT.OBJECTID":217139376,"DCGIS.ADDRESSES_PT.SE_ANNO_CAD_DATA":null}},{"type":"Feature","id":32424486,"geometry":{"type":"Point","coordinates":[-76.988592696799614,38.866936440198074]},"properties":{"DCGIS.PLACE_NAMES_PT.NAME":"GO GO MUSEUM AND CAFE","DCGIS.ADDRESSES_PT.ADDRESS":"1920 MARTIN LUTHER KING JR AVENUE SE","DCGIS.ADDRESSES_PT.WARD":"Ward 8","DCGIS.ADDRESSES_PT.SMD":"SMD 8A06","DCGIS.ADDRESSES_PT.ANC":"ANC 8A","MAR.VW_PLACE_NAME_CATEGORIES.CATEGORY":"MUSEUM / ZOO","DCGIS.PLACE_NAMES_PT.STATUS":"ACTIVE","DCGIS.PLACE_NAMES_PT.PLACE_NAME_ID":23686,"DCGIS.PLACE_NAMES_PT.MAR_ID":53960,"DCGIS.PLACE_NAMES_PT.BEFORE_DATE":null,"DCGIS.PLACE_NAMES_PT.BEFORE_DATE_SOURCE":null,"DCGIS.PLACE_NAMES_PT.BEGIN_DATE":null,"DCGIS.PLACE_NAMES_PT.BEGIN_DATE_SOURCE":null,"DCGIS.PLACE_NAMES_PT.FIRST_KNOWN_DATE":null,"DCGIS.PLACE_NAMES_PT.FIRST_KNOWN_DATE_SOURCE":null,"DCGIS.PLACE_NAMES_PT.CREATED_DATE":1731921085000,"DCGIS.PLACE_NAMES_PT.LAST_EDITED_DATE":1731921085000,"DCGIS.PLACE_NAMES_PT.SE_ANNO_CAD_DATA":null,"DCGIS.PLACE_NAMES_PT.OBJECTID":32424486,"DCGIS.ADDRESSES_PT.OBJECTID":217168447,"DCGIS.ADDRESSES_PT.SE_ANNO_CAD_DATA":null}},{"type":"Feature","id":32424518,"geometry":{"type":"Point","coordinates":[-77.025354218061437,38.916355713936973]},"properties":{"DCGIS.PLACE_NAMES_PT.NAME":"AFRICAN AMERICAN CIVIL WAR MEMORIAL MUSEUM","DCGIS.ADDRESSES_PT.ADDRESS":"1925 VERMONT AVENUE NW","DCGIS.ADDRESSES_PT.WARD":"Ward 1","DCGIS.ADDRESSES_PT.SMD":"SMD 1B02","DCGIS.ADDRESSES_PT.ANC":"ANC 1B","MAR.VW_PLACE_NAME_CATEGORIES.CATEGORY":"MUSEUM / ZOO","DCGIS.PLACE_NAMES_PT.STATUS":"ACTIVE","DCGIS.PLACE_NAMES_PT.PLACE_NAME_ID":12528,"DCGIS.PLACE_NAMES_PT.MAR_ID":310615,"DCGIS.PLACE_NAMES_PT.BEFORE_DATE":null,"DCGIS.PLACE_NAMES_PT.BEFORE_DATE_SOURCE":null,"DCGIS.PLACE_NAMES_PT.BEGIN_DATE":null,"DCGIS.PLACE_NAMES_PT.BEGIN_DATE_SOURCE":null,"DCGIS.PLACE_NAMES_PT.FIRST_KNOWN_DATE":null,"DCGIS.PLACE_NAMES_PT.FIRST_KNOWN_DATE_SOURCE":null,"DCGIS.PLACE_NAMES_PT.CREATED_DATE":1347628990000,"DCGIS.PLACE_NAMES_PT.LAST_EDITED_DATE":1347628990000,"DCGIS.PLACE_NAMES_PT.SE_ANNO_CAD_DATA":null,"DCGIS.PLACE_NAMES_PT.OBJECTID":32424518,"DCGIS.ADDRESSES_PT.OBJECTID":217123742,"DCGIS.ADDRESSES_PT.SE_ANNO_CAD_DATA":null}},{"type":"Feature","id":32427061,"geometry":{"type":"Point","coordinates":[-77.054380144159026,38.93061490427813]},"properties":{"DCGIS.PLACE_NAMES_PT.NAME":"NATIONAL ZOO","DCGIS.ADDRESSES_PT.ADDRESS":"3001 CONNECTICUT AVENUE NW","DCGIS.ADDRESSES_PT.WARD":"Ward 3","DCGIS.ADDRESSES_PT.SMD":"SMD 3C03","DCGIS.ADDRESSES_PT.ANC":"ANC 3C","MAR.VW_PLACE_NAME_CATEGORIES.CATEGORY":"MUSEUM / ZOO","DCGIS.PLACE_NAMES_PT.STATUS":"ACTIVE","DCGIS.PLACE_NAMES_PT.PLACE_NAME_ID":3039,"DCGIS.PLACE_NAMES_PT.MAR_ID":293230,"DCGIS.PLACE_NAMES_PT.BEFORE_DATE":null,"DCGIS.PLACE_NAMES_PT.BEFORE_DATE_SOURCE":null,"DCGIS.PLACE_NAMES_PT.BEGIN_DATE":null,"DCGIS.PLACE_NAMES_PT.BEGIN_DATE_SOURCE":null,"DCGIS.PLACE_NAMES_PT.FIRST_KNOWN_DATE":null,"DCGIS.PLACE_NAMES_PT.FIRST_KNOWN_DATE_SOURCE":null,"DCGIS.PLACE_NAMES_PT.CREATED_DATE":1123862767000,"DCGIS.PLACE_NAMES_PT.LAST_EDITED_DATE":1123862767000,"DCGIS.PLACE_NAMES_PT.SE_ANNO_CAD_DATA":null,"DCGIS.PLACE_NAMES_PT.OBJECTID":32427061,"DCGIS.ADDRESSES_PT.OBJECTID":217259029,"DCGIS.ADDRESSES_PT.SE_ANNO_CAD_DATA":null}},{"type":"Feature","id":32427062,"geometry":{"type":"Point","coordinates":[-77.054380144159026,38.93061490427813]},"properties":{"DCGIS.PLACE_NAMES_PT.NAME":"NATIONAL ZOO VISITOR CENTER","DCGIS.ADDRESSES_PT.ADDRESS":"3001 CONNECTICUT AVENUE NW","DCGIS.ADDRESSES_PT.WARD":"Ward 3","DCGIS.ADDRESSES_PT.SMD":"SMD 3C03","DCGIS.ADDRESSES_PT.ANC":"ANC 3C","MAR.VW_PLACE_NAME_CATEGORIES.CATEGORY":"MUSEUM / ZOO","DCGIS.PLACE_NAMES_PT.STATUS":"ACTIVE","DCGIS.PLACE_NAMES_PT.PLACE_NAME_ID":7153,"DCGIS.PLACE_NAMES_PT.MAR_ID":293230,"DCGIS.PLACE_NAMES_PT.BEFORE_DATE":null,"DCGIS.PLACE_NAMES_PT.BEFORE_DATE_SOURCE":null,"DCGIS.PLACE_NAMES_PT.BEGIN_DATE":null,"DCGIS.PLACE_NAMES_PT.BEGIN_DATE_SOURCE":null,"DCGIS.PLACE_NAMES_PT.FIRST_KNOWN_DATE":null,"DCGIS.PLACE_NAMES_PT.FIRST_KNOWN_DATE_SOURCE":null,"DCGIS.PLACE_NAMES_PT.CREATED_DATE":1147577345000,"DCGIS.PLACE_NAMES_PT.LAST_EDITED_DATE":1147577345000,"DCGIS.PLACE_NAMES_PT.SE_ANNO_CAD_DATA":null,"DCGIS.PLACE_NAMES_PT.OBJECTID":32427062,"DCGIS.ADDRESSES_PT.OBJECTID":217259029,"DCGIS.ADDRESSES_PT.SE_ANNO_CAD_DATA":null}},{"type":"Feature","id":32427063,"geometry":{"type":"Point","coordinates":[-77.054380144159026,38.93061490427813]},"properties":{"DCGIS.PLACE_NAMES_PT.NAME":"SMITHSONIAN NATIONAL ZOOLOGICAL PARK","DCGIS.ADDRESSES_PT.ADDRESS":"3001 CONNECTICUT AVENUE NW","DCGIS.ADDRESSES_PT.WARD":"Ward 3","DCGIS.ADDRESSES_PT.SMD":"SMD 3C03","DCGIS.ADDRESSES_PT.ANC":"ANC 3C","MAR.VW_PLACE_NAME_CATEGORIES.CATEGORY":"MUSEUM / ZOO","DCGIS.PLACE_NAMES_PT.STATUS":"ACTIVE","DCGIS.PLACE_NAMES_PT.PLACE_NAME_ID":11250,"DCGIS.PLACE_NAMES_PT.MAR_ID":293230,"DCGIS.PLACE_NAMES_PT.BEFORE_DATE":null,"DCGIS.PLACE_NAMES_PT.BEFORE_DATE_SOURCE":null,"DCGIS.PLACE_NAMES_PT.BEGIN_DATE":null,"DCGIS.PLACE_NAMES_PT.BEGIN_DATE_SOURCE":null,"DCGIS.PLACE_NAMES_PT.FIRST_KNOWN_DATE":null,"DCGIS.PLACE_NAMES_PT.FIRST_KNOWN_DATE_SOURCE":null,"DCGIS.PLACE_NAMES_PT.CREATED_DATE":1318426879000,"DCGIS.PLACE_NAMES_PT.LAST_EDITED_DATE":1318426879000,"DCGIS.PLACE_NAMES_PT.SE_ANNO_CAD_DATA":null,"DCGIS.PLACE_NAMES_PT.OBJECTID":32427063,"DCGIS.ADDRESSES_PT.OBJECTID":217259029,"DCGIS.ADDRESSES_PT.SE_ANNO_CAD_DATA":null}},{"type":"Feature","id":32424615,"geometry":{"type":"Point","coordinates":[-77.008181906295789,38.898185817225396]},"properties":{"DCGIS.PLACE_NAMES_PT.NAME":"NATIONAL POSTAL MUSEUM","DCGIS.ADDRESSES_PT.ADDRESS":"2 MASSACHUSETTS AVENUE NE","DCGIS.ADDRESSES_PT.WARD":"Ward 6","DCGIS.ADDRESSES_PT.SMD":"SMD 6E07","DCGIS.ADDRESSES_PT.ANC":"ANC 6E","MAR.VW_PLACE_NAME_CATEGORIES.CATEGORY":"MUSEUM / ZOO","DCGIS.PLACE_NAMES_PT.STATUS":"ACTIVE","DCGIS.PLACE_NAMES_PT.PLACE_NAME_ID":3023,"DCGIS.PLACE_NAMES_PT.MAR_ID":293217,"DCGIS.PLACE_NAMES_PT.BEFORE_DATE":null,"DCGIS.PLACE_NAMES_PT.BEFORE_DATE_SOURCE":null,"DCGIS.PLACE_NAMES_PT.BEGIN_DATE":null,"DCGIS.PLACE_NAMES_PT.BEGIN_DATE_SOURCE":null,"DCGIS.PLACE_NAMES_PT.FIRST_KNOWN_DATE":null,"DCGIS.PLACE_NAMES_PT.FIRST_KNOWN_DATE_SOURCE":null,"DCGIS.PLACE_NAMES_PT.CREATED_DATE":1123862767000,"DCGIS.PLACE_NAMES_PT.LAST_EDITED_DATE":1123862767000,"DCGIS.PLACE_NAMES_PT.SE_ANNO_CAD_DATA":null,"DCGIS.PLACE_NAMES_PT.OBJECTID":32424615,"DCGIS.ADDRESSES_PT.OBJECTID":217205359,"DCGIS.ADDRESSES_PT.SE_ANNO_CAD_DATA":null}},{"type":"Feature","id":32426098,"geometry":{"type":"Point","coordinates":[-77.020033004061304,38.924288759681723]},"properties":{"DCGIS.PLACE_NAMES_PT.NAME":"HOWARD UNIVERSITY GALLERY OF ART","DCGIS.ADDRESSES_PT.ADDRESS":"2449 6TH STREET NW","DCGIS.ADDRESSES_PT.WARD":"Ward 1","DCGIS.ADDRESSES_PT.SMD":"SMD 1E05","DCGIS.ADDRESSES_PT.ANC":"ANC 1E","MAR.VW_PLACE_NAME_CATEGORIES.CATEGORY":"MUSEUM / ZOO","DCGIS.PLACE_NAMES_PT.STATUS":"ACTIVE","DCGIS.PLACE_NAMES_PT.PLACE_NAME_ID":15354,"DCGIS.PLACE_NAMES_PT.MAR_ID":311626,"DCGIS.PLACE_NAMES_PT.BEFORE_DATE":null,"DCGIS.PLACE_NAMES_PT.BEFORE_DATE_SOURCE":null,"DCGIS.PLACE_NAMES_PT.BEGIN_DATE":null,"DCGIS.PLACE_NAMES_PT.BEGIN_DATE_SOURCE":null,"DCGIS.PLACE_NAMES_PT.FIRST_KNOWN_DATE":null,"DCGIS.PLACE_NAMES_PT.FIRST_KNOWN_DATE_SOURCE":null,"DCGIS.PLACE_NAMES_PT.CREATED_DATE":1463481420000,"DCGIS.PLACE_NAMES_PT.LAST_EDITED_DATE":1463481420000,"DCGIS.PLACE_NAMES_PT.SE_ANNO_CAD_DATA":null,"DCGIS.PLACE_NAMES_PT.OBJECTID":32426098,"DCGIS.ADDRESSES_PT.OBJECTID":217220204,"DCGIS.ADDRESSES_PT.SE_ANNO_CAD_DATA":null}},{"type":"Feature","id":32424693,"geometry":{"type":"Point","coordinates":[-77.010302678564031,38.865356196539096]},"properties":{"DCGIS.PLACE_NAMES_PT.NAME":"MATTHEW HENSON EARTH CONSERVATION CENTER","DCGIS.ADDRESSES_PT.ADDRESS":"2000 HALF STREET SW","DCGIS.ADDRESSES_PT.WARD":"Ward 6","DCGIS.ADDRESSES_PT.SMD":"SMD 6D08","DCGIS.ADDRESSES_PT.ANC":"ANC 6D","MAR.VW_PLACE_NAME_CATEGORIES.CATEGORY":"MUSEUM / ZOO","DCGIS.PLACE_NAMES_PT.STATUS":"ACTIVE","DCGIS.PLACE_NAMES_PT.PLACE_NAME_ID":10034,"DCGIS.PLACE_NAMES_PT.MAR_ID":277758,"DCGIS.PLACE_NAMES_PT.BEFORE_DATE":null,"DCGIS.PLACE_NAMES_PT.BEFORE_DATE_SOURCE":null,"DCGIS.PLACE_NAMES_PT.BEGIN_DATE":null,"DCGIS.PLACE_NAMES_PT.BEGIN_DATE_SOURCE":null,"DCGIS.PLACE_NAMES_PT.FIRST_KNOWN_DATE":null,"DCGIS.PLACE_NAMES_PT.FIRST_KNOWN_DATE_SOURCE":null,"DCGIS.PLACE_NAMES_PT.CREATED_DATE":1291193336000,"DCGIS.PLACE_NAMES_PT.LAST_EDITED_DATE":1291193336000,"DCGIS.PLACE_NAMES_PT.SE_ANNO_CAD_DATA":null,"DCGIS.PLACE_NAMES_PT.OBJECTID":32424693,"DCGIS.ADDRESSES_PT.OBJECTID":217189287,"DCGIS.ADDRESSES_PT.SE_ANNO_CAD_DATA":null}},{"type":"Feature","id":32424784,"geometry":{"type":"Point","coordinates":[-77.041493640757224,38.892862085131661]},"properties":{"DCGIS.PLACE_NAMES_PT.NAME":"ART MUSEUM OF THE AMERICAS","DCGIS.ADDRESSES_PT.ADDRESS":"201 18TH STREET NW","DCGIS.ADDRESSES_PT.WARD":"Ward 2","DCGIS.ADDRESSES_PT.SMD":"SMD 2A01","DCGIS.ADDRESSES_PT.ANC":"ANC 2A","MAR.VW_PLACE_NAME_CATEGORIES.CATEGORY":"MUSEUM / ZOO","DCGIS.PLACE_NAMES_PT.STATUS":"ACTIVE","DCGIS.PLACE_NAMES_PT.PLACE_NAME_ID":3379,"DCGIS.PLACE_NAMES_PT.MAR_ID":294191,"DCGIS.PLACE_NAMES_PT.BEFORE_DATE":null,"DCGIS.PLACE_NAMES_PT.BEFORE_DATE_SOURCE":null,"DCGIS.PLACE_NAMES_PT.BEGIN_DATE":null,"DCGIS.PLACE_NAMES_PT.BEGIN_DATE_SOURCE":null,"DCGIS.PLACE_NAMES_PT.FIRST_KNOWN_DATE":null,"DCGIS.PLACE_NAMES_PT.FIRST_KNOWN_DATE_SOURCE":null,"DCGIS.PLACE_NAMES_PT.CREATED_DATE":1124106359000,"DCGIS.PLACE_NAMES_PT.LAST_EDITED_DATE":1124106359000,"DCGIS.PLACE_NAMES_PT.SE_ANNO_CAD_DATA":null,"DCGIS.PLACE_NAMES_PT.OBJECTID":32424784,"DCGIS.ADDRESSES_PT.OBJECTID":217259407,"DCGIS.ADDRESSES_PT.SE_ANNO_CAD_DATA":null}},{"type":"Feature","id":32424785,"geometry":{"type":"Point","coordinates":[-77.041493640757224,38.892862085131661]},"properties":{"DCGIS.PLACE_NAMES_PT.NAME":"OAS ART MUSEUM OF THE AMERICAS","DCGIS.ADDRESSES_PT.ADDRESS":"201 18TH STREET NW","DCGIS.ADDRESSES_PT.WARD":"Ward 2","DCGIS.ADDRESSES_PT.SMD":"SMD 2A01","DCGIS.ADDRESSES_PT.ANC":"ANC 2A","MAR.VW_PLACE_NAME_CATEGORIES.CATEGORY":"MUSEUM / ZOO","DCGIS.PLACE_NAMES_PT.STATUS":"ACTIVE","DCGIS.PLACE_NAMES_PT.PLACE_NAME_ID":11430,"DCGIS.PLACE_NAMES_PT.MAR_ID":294191,"DCGIS.PLACE_NAMES_PT.BEFORE_DATE":null,"DCGIS.PLACE_NAMES_PT.BEFORE_DATE_SOURCE":null,"DCGIS.PLACE_NAMES_PT.BEGIN_DATE":null,"DCGIS.PLACE_NAMES_PT.BEGIN_DATE_SOURCE":null,"DCGIS.PLACE_NAMES_PT.FIRST_KNOWN_DATE":null,"DCGIS.PLACE_NAMES_PT.FIRST_KNOWN_DATE_SOURCE":null,"DCGIS.PLACE_NAMES_PT.CREATED_DATE":1324483800000,"DCGIS.PLACE_NAMES_PT.LAST_EDITED_DATE":1324483800000,"DCGIS.PLACE_NAMES_PT.SE_ANNO_CAD_DATA":null,"DCGIS.PLACE_NAMES_PT.OBJECTID":32424785,"DCGIS.ADDRESSES_PT.OBJECTID":217259407,"DCGIS.ADDRESSES_PT.SE_ANNO_CAD_DATA":null}},{"type":"Feature","id":32423873,"geometry":{"type":"Point","coordinates":[-77.041458666470675,38.896350859038513]},"properties":{"DCGIS.PLACE_NAMES_PT.NAME":"OCTAGON HOUSE","DCGIS.ADDRESSES_PT.ADDRESS":"1799 NEW YORK AVENUE NW","DCGIS.ADDRESSES_PT.WARD":"Ward 2","DCGIS.ADDRESSES_PT.SMD":"SMD 2A01","DCGIS.ADDRESSES_PT.ANC":"ANC 2A","MAR.VW_PLACE_NAME_CATEGORIES.CATEGORY":"MUSEUM / ZOO","DCGIS.PLACE_NAMES_PT.STATUS":"ACTIVE","DCGIS.PLACE_NAMES_PT.PLACE_NAME_ID":141,"DCGIS.PLACE_NAMES_PT.MAR_ID":218490,"DCGIS.PLACE_NAMES_PT.BEFORE_DATE":null,"DCGIS.PLACE_NAMES_PT.BEFORE_DATE_SOURCE":null,"DCGIS.PLACE_NAMES_PT.BEGIN_DATE":null,"DCGIS.PLACE_NAMES_PT.BEGIN_DATE_SOURCE":null,"DCGIS.PLACE_NAMES_PT.FIRST_KNOWN_DATE":null,"DCGIS.PLACE_NAMES_PT.FIRST_KNOWN_DATE_SOURCE":null,"DCGIS.PLACE_NAMES_PT.CREATED_DATE":1115856000000,"DCGIS.PLACE_NAMES_PT.LAST_EDITED_DATE":1115856000000,"DCGIS.PLACE_NAMES_PT.SE_ANNO_CAD_DATA":null,"DCGIS.PLACE_NAMES_PT.OBJECTID":32423873,"DCGIS.ADDRESSES_PT.OBJECTID":217162231,"DCGIS.ADDRESSES_PT.SE_ANNO_CAD_DATA":null}},{"type":"Feature","id":32421680,"geometry":{"type":"Point","coordinates":[-77.044550992517145,38.908052298028018]},"properties":{"DCGIS.PLACE_NAMES_PT.NAME":"HEURICH HOUSE MANSION","DCGIS.ADDRESSES_PT.ADDRESS":"1307 NEW HAMPSHIRE AVENUE NW","DCGIS.ADDRESSES_PT.WARD":"Ward 2","DCGIS.ADDRESSES_PT.SMD":"SMD 2B05","DCGIS.ADDRESSES_PT.ANC":"ANC 2B","MAR.VW_PLACE_NAME_CATEGORIES.CATEGORY":"MUSEUM / ZOO","DCGIS.PLACE_NAMES_PT.STATUS":"ACTIVE","DCGIS.PLACE_NAMES_PT.PLACE_NAME_ID":2954,"DCGIS.PLACE_NAMES_PT.MAR_ID":241060,"DCGIS.PLACE_NAMES_PT.BEFORE_DATE":null,"DCGIS.PLACE_NAMES_PT.BEFORE_DATE_SOURCE":null,"DCGIS.PLACE_NAMES_PT.BEGIN_DATE":null,"DCGIS.PLACE_NAMES_PT.BEGIN_DATE_SOURCE":null,"DCGIS.PLACE_NAMES_PT.FIRST_KNOWN_DATE":null,"DCGIS.PLACE_NAMES_PT.FIRST_KNOWN_DATE_SOURCE":null,"DCGIS.PLACE_NAMES_PT.CREATED_DATE":1123851414000,"DCGIS.PLACE_NAMES_PT.LAST_EDITED_DATE":1224268494000,"DCGIS.PLACE_NAMES_PT.SE_ANNO_CAD_DATA":null,"DCGIS.PLACE_NAMES_PT.OBJECTID":32421680,"DCGIS.ADDRESSES_PT.OBJECTID":217124975,"DCGIS.ADDRESSES_PT.SE_ANNO_CAD_DATA":null}},{"type":"Feature","id":32421681,"geometry":{"type":"Point","coordinates":[-77.044550992517145,38.908052298028018]},"properties":{"DCGIS.PLACE_NAMES_PT.NAME":"CHRISTIAN HEURICH HOUSE MUSEUM","DCGIS.ADDRESSES_PT.ADDRESS":"1307 NEW HAMPSHIRE AVENUE NW","DCGIS.ADDRESSES_PT.WARD":"Ward 2","DCGIS.ADDRESSES_PT.SMD":"SMD 2B05","DCGIS.ADDRESSES_PT.ANC":"ANC 2B","MAR.VW_PLACE_NAME_CATEGORIES.CATEGORY":"MUSEUM / ZOO","DCGIS.PLACE_NAMES_PT.STATUS":"ACTIVE","DCGIS.PLACE_NAMES_PT.PLACE_NAME_ID":9803,"DCGIS.PLACE_NAMES_PT.MAR_ID":241060,"DCGIS.PLACE_NAMES_PT.BEFORE_DATE":null,"DCGIS.PLACE_NAMES_PT.BEFORE_DATE_SOURCE":null,"DCGIS.PLACE_NAMES_PT.BEGIN_DATE":null,"DCGIS.PLACE_NAMES_PT.BEGIN_DATE_SOURCE":null,"DCGIS.PLACE_NAMES_PT.FIRST_KNOWN_DATE":null,"DCGIS.PLACE_NAMES_PT.FIRST_KNOWN_DATE_SOURCE":null,"DCGIS.PLACE_NAMES_PT.CREATED_DATE":1286965484000,"DCGIS.PLACE_NAMES_PT.LAST_EDITED_DATE":1286965484000,"DCGIS.PLACE_NAMES_PT.SE_ANNO_CAD_DATA":null,"DCGIS.PLACE_NAMES_PT.OBJECTID":32421681,"DCGIS.ADDRESSES_PT.OBJECTID":217124975,"DCGIS.ADDRESSES_PT.SE_ANNO_CAD_DATA":null}},{"type":"Feature","id":32422559,"geometry":{"type":"Point","coordinates":[-77.003756724778341,38.892271959770447]},"properties":{"DCGIS.PLACE_NAMES_PT.NAME":"SEWALL-BELMONT HOUSE","DCGIS.ADDRESSES_PT.ADDRESS":"144 CONSTITUTION AVENUE NE","DCGIS.ADDRESSES_PT.WARD":"Ward 6","DCGIS.ADDRESSES_PT.SMD":"SMD 6C02","DCGIS.ADDRESSES_PT.ANC":"ANC 6C","MAR.VW_PLACE_NAME_CATEGORIES.CATEGORY":"MUSEUM / ZOO","DCGIS.PLACE_NAMES_PT.STATUS":"ACTIVE","DCGIS.PLACE_NAMES_PT.PLACE_NAME_ID":16707,"DCGIS.PLACE_NAMES_PT.MAR_ID":286201,"DCGIS.PLACE_NAMES_PT.BEFORE_DATE":null,"DCGIS.PLACE_NAMES_PT.BEFORE_DATE_SOURCE":null,"DCGIS.PLACE_NAMES_PT.BEGIN_DATE":null,"DCGIS.PLACE_NAMES_PT.BEGIN_DATE_SOURCE":null,"DCGIS.PLACE_NAMES_PT.FIRST_KNOWN_DATE":null,"DCGIS.PLACE_NAMES_PT.FIRST_KNOWN_DATE_SOURCE":null,"DCGIS.PLACE_NAMES_PT.CREATED_DATE":1542361466000,"DCGIS.PLACE_NAMES_PT.LAST_EDITED_DATE":1542361466000,"DCGIS.PLACE_NAMES_PT.SE_ANNO_CAD_DATA":null,"DCGIS.PLACE_NAMES_PT.OBJECTID":32422559,"DCGIS.ADDRESSES_PT.OBJECTID":217210928,"DCGIS.ADDRESSES_PT.SE_ANNO_CAD_DATA":null}},{"type":"Feature","id":32422560,"geometry":{"type":"Point","coordinates":[-77.003756724778341,38.892271959770447]},"properties":{"DCGIS.PLACE_NAMES_PT.NAME":"BELMONT-PAUL WOMENS EQUALITY NATIONAL MONUMENT","DCGIS.ADDRESSES_PT.ADDRESS":"144 CONSTITUTION AVENUE NE","DCGIS.ADDRESSES_PT.WARD":"Ward 6","DCGIS.ADDRESSES_PT.SMD":"SMD 6C02","DCGIS.ADDRESSES_PT.ANC":"ANC 6C","MAR.VW_PLACE_NAME_CATEGORIES.CATEGORY":"MUSEUM / ZOO","DCGIS.PLACE_NAMES_PT.STATUS":"ACTIVE","DCGIS.PLACE_NAMES_PT.PLACE_NAME_ID":16708,"DCGIS.PLACE_NAMES_PT.MAR_ID":286201,"DCGIS.PLACE_NAMES_PT.BEFORE_DATE":null,"DCGIS.PLACE_NAMES_PT.BEFORE_DATE_SOURCE":null,"DCGIS.PLACE_NAMES_PT.BEGIN_DATE":null,"DCGIS.PLACE_NAMES_PT.BEGIN_DATE_SOURCE":null,"DCGIS.PLACE_NAMES_PT.FIRST_KNOWN_DATE":null,"DCGIS.PLACE_NAMES_PT.FIRST_KNOWN_DATE_SOURCE":null,"DCGIS.PLACE_NAMES_PT.CREATED_DATE":1542361467000,"DCGIS.PLACE_NAMES_PT.LAST_EDITED_DATE":1542361467000,"DCGIS.PLACE_NAMES_PT.SE_ANNO_CAD_DATA":null,"DCGIS.PLACE_NAMES_PT.OBJECTID":32422560,"DCGIS.ADDRESSES_PT.OBJECTID":217210928,"DCGIS.ADDRESSES_PT.SE_ANNO_CAD_DATA":null}},{"type":"Feature","id":32422727,"geometry":{"type":"Point","coordinates":[-77.034159144201851,38.908363703887751]},"properties":{"DCGIS.PLACE_NAMES_PT.NAME":"U.S. DAUGHTERS OF 1812 - 1812 LIBRARY AND MUSEUM","DCGIS.ADDRESSES_PT.ADDRESS":"1463 RHODE ISLAND AVENUE NW","DCGIS.ADDRESSES_PT.WARD":"Ward 2","DCGIS.ADDRESSES_PT.SMD":"SMD 2F03","DCGIS.ADDRESSES_PT.ANC":"ANC 2F","MAR.VW_PLACE_NAME_CATEGORIES.CATEGORY":"MUSEUM / ZOO","DCGIS.PLACE_NAMES_PT.STATUS":"ACTIVE","DCGIS.PLACE_NAMES_PT.PLACE_NAME_ID":11232,"DCGIS.PLACE_NAMES_PT.MAR_ID":240224,"DCGIS.PLACE_NAMES_PT.BEFORE_DATE":null,"DCGIS.PLACE_NAMES_PT.BEFORE_DATE_SOURCE":null,"DCGIS.PLACE_NAMES_PT.BEGIN_DATE":null,"DCGIS.PLACE_NAMES_PT.BEGIN_DATE_SOURCE":null,"DCGIS.PLACE_NAMES_PT.FIRST_KNOWN_DATE":null,"DCGIS.PLACE_NAMES_PT.FIRST_KNOWN_DATE_SOURCE":null,"DCGIS.PLACE_NAMES_PT.CREATED_DATE":1316092846000,"DCGIS.PLACE_NAMES_PT.LAST_EDITED_DATE":1316092846000,"DCGIS.PLACE_NAMES_PT.SE_ANNO_CAD_DATA":null,"DCGIS.PLACE_NAMES_PT.OBJECTID":32422727,"DCGIS.ADDRESSES_PT.OBJECTID":217165309,"DCGIS.ADDRESSES_PT.SE_ANNO_CAD_DATA":null}},{"type":"Feature","id":32421805,"geometry":{"type":"Point","coordinates":[-77.030865647586211,38.908175805465049]},"properties":{"DCGIS.PLACE_NAMES_PT.NAME":"BETHUNE MEMORIAL MUSEUM","DCGIS.ADDRESSES_PT.ADDRESS":"1318 VERMONT AVENUE NW","DCGIS.ADDRESSES_PT.WARD":"Ward 2","DCGIS.ADDRESSES_PT.SMD":"SMD 2F04","DCGIS.ADDRESSES_PT.ANC":"ANC 2F","MAR.VW_PLACE_NAME_CATEGORIES.CATEGORY":"MUSEUM / ZOO","DCGIS.PLACE_NAMES_PT.STATUS":"ACTIVE","DCGIS.PLACE_NAMES_PT.PLACE_NAME_ID":15643,"DCGIS.PLACE_NAMES_PT.MAR_ID":225385,"DCGIS.PLACE_NAMES_PT.BEFORE_DATE":null,"DCGIS.PLACE_NAMES_PT.BEFORE_DATE_SOURCE":null,"DCGIS.PLACE_NAMES_PT.BEGIN_DATE":null,"DCGIS.PLACE_NAMES_PT.BEGIN_DATE_SOURCE":null,"DCGIS.PLACE_NAMES_PT.FIRST_KNOWN_DATE":null,"DCGIS.PLACE_NAMES_PT.FIRST_KNOWN_DATE_SOURCE":null,"DCGIS.PLACE_NAMES_PT.CREATED_DATE":1468838108000,"DCGIS.PLACE_NAMES_PT.LAST_EDITED_DATE":1468838108000,"DCGIS.PLACE_NAMES_PT.SE_ANNO_CAD_DATA":null,"DCGIS.PLACE_NAMES_PT.OBJECTID":32421805,"DCGIS.ADDRESSES_PT.OBJECTID":217198328,"DCGIS.ADDRESSES_PT.SE_ANNO_CAD_DATA":null}},{"type":"Feature","id":32421083,"geometry":{"type":"Point","coordinates":[-77.038147089762148,38.905974266306288]},"properties":{"DCGIS.PLACE_NAMES_PT.NAME":"CHARLES SUMNER SCHOOL","DCGIS.ADDRESSES_PT.ADDRESS":"1201 17TH STREET NW","DCGIS.ADDRESSES_PT.WARD":"Ward 2","DCGIS.ADDRESSES_PT.SMD":"SMD 2C02","DCGIS.ADDRESSES_PT.ANC":"ANC 2C","MAR.VW_PLACE_NAME_CATEGORIES.CATEGORY":"MUSEUM / ZOO","DCGIS.PLACE_NAMES_PT.STATUS":"ACTIVE","DCGIS.PLACE_NAMES_PT.PLACE_NAME_ID":11282,"DCGIS.PLACE_NAMES_PT.MAR_ID":301200,"DCGIS.PLACE_NAMES_PT.BEFORE_DATE":null,"DCGIS.PLACE_NAMES_PT.BEFORE_DATE_SOURCE":null,"DCGIS.PLACE_NAMES_PT.BEGIN_DATE":null,"DCGIS.PLACE_NAMES_PT.BEGIN_DATE_SOURCE":null,"DCGIS.PLACE_NAMES_PT.FIRST_KNOWN_DATE":null,"DCGIS.PLACE_NAMES_PT.FIRST_KNOWN_DATE_SOURCE":null,"DCGIS.PLACE_NAMES_PT.CREATED_DATE":1318500320000,"DCGIS.PLACE_NAMES_PT.LAST_EDITED_DATE":1318500320000,"DCGIS.PLACE_NAMES_PT.SE_ANNO_CAD_DATA":null,"DCGIS.PLACE_NAMES_PT.OBJECTID":32421083,"DCGIS.ADDRESSES_PT.OBJECTID":217119762,"DCGIS.ADDRESSES_PT.SE_ANNO_CAD_DATA":null}},{"type":"Feature","id":32421084,"geometry":{"type":"Point","coordinates":[-77.038147089762148,38.905974266306288]},"properties":{"DCGIS.PLACE_NAMES_PT.NAME":"CHARLES SUMNER SCHOOL MUSEUM & ARCHIVES","DCGIS.ADDRESSES_PT.ADDRESS":"1201 17TH STREET NW","DCGIS.ADDRESSES_PT.WARD":"Ward 2","DCGIS.ADDRESSES_PT.SMD":"SMD 2C02","DCGIS.ADDRESSES_PT.ANC":"ANC 2C","MAR.VW_PLACE_NAME_CATEGORIES.CATEGORY":"MUSEUM / ZOO","DCGIS.PLACE_NAMES_PT.STATUS":"ACTIVE","DCGIS.PLACE_NAMES_PT.PLACE_NAME_ID":18089,"DCGIS.PLACE_NAMES_PT.MAR_ID":301200,"DCGIS.PLACE_NAMES_PT.BEFORE_DATE":null,"DCGIS.PLACE_NAMES_PT.BEFORE_DATE_SOURCE":null,"DCGIS.PLACE_NAMES_PT.BEGIN_DATE":null,"DCGIS.PLACE_NAMES_PT.BEGIN_DATE_SOURCE":null,"DCGIS.PLACE_NAMES_PT.FIRST_KNOWN_DATE":null,"DCGIS.PLACE_NAMES_PT.FIRST_KNOWN_DATE_SOURCE":null,"DCGIS.PLACE_NAMES_PT.CREATED_DATE":1654164574000,"DCGIS.PLACE_NAMES_PT.LAST_EDITED_DATE":1654164574000,"DCGIS.PLACE_NAMES_PT.SE_ANNO_CAD_DATA":null,"DCGIS.PLACE_NAMES_PT.OBJECTID":32421084,"DCGIS.ADDRESSES_PT.OBJECTID":217119762,"DCGIS.ADDRESSES_PT.SE_ANNO_CAD_DATA":null}},{"type":"Feature","id":32422241,"geometry":{"type":"Point","coordinates":[-77.032716909562325,38.891013562312914]},"properties":{"DCGIS.PLACE_NAMES_PT.NAME":"NATIONAL MUSUEM OF AFRICAN AMERICAN HISTORY AND CULTURE","DCGIS.ADDRESSES_PT.ADDRESS":"1400 CONSTITUTION AVENUE NW","DCGIS.ADDRESSES_PT.WARD":"Ward 2","DCGIS.ADDRESSES_PT.SMD":"SMD 2C03","DCGIS.ADDRESSES_PT.ANC":"ANC 2C","MAR.VW_PLACE_NAME_CATEGORIES.CATEGORY":"MUSEUM / ZOO","DCGIS.PLACE_NAMES_PT.STATUS":"ACTIVE","DCGIS.PLACE_NAMES_PT.PLACE_NAME_ID":15654,"DCGIS.PLACE_NAMES_PT.MAR_ID":310702,"DCGIS.PLACE_NAMES_PT.BEFORE_DATE":null,"DCGIS.PLACE_NAMES_PT.BEFORE_DATE_SOURCE":null,"DCGIS.PLACE_NAMES_PT.BEGIN_DATE":null,"DCGIS.PLACE_NAMES_PT.BEGIN_DATE_SOURCE":null,"DCGIS.PLACE_NAMES_PT.FIRST_KNOWN_DATE":null,"DCGIS.PLACE_NAMES_PT.FIRST_KNOWN_DATE_SOURCE":null,"DCGIS.PLACE_NAMES_PT.CREATED_DATE":1473171150000,"DCGIS.PLACE_NAMES_PT.LAST_EDITED_DATE":1473171150000,"DCGIS.PLACE_NAMES_PT.SE_ANNO_CAD_DATA":null,"DCGIS.PLACE_NAMES_PT.OBJECTID":32422241,"DCGIS.ADDRESSES_PT.OBJECTID":217214503,"DCGIS.ADDRESSES_PT.SE_ANNO_CAD_DATA":null}},{"type":"Feature","id":32422242,"geometry":{"type":"Point","coordinates":[-77.032716909562325,38.891013562312914]},"properties":{"DCGIS.PLACE_NAMES_PT.NAME":"AFRICAN AMERICAN HISTORY MUSEUM","DCGIS.ADDRESSES_PT.ADDRESS":"1400 CONSTITUTION AVENUE NW","DCGIS.ADDRESSES_PT.WARD":"Ward 2","DCGIS.ADDRESSES_PT.SMD":"SMD 2C03","DCGIS.ADDRESSES_PT.ANC":"ANC 2C","MAR.VW_PLACE_NAME_CATEGORIES.CATEGORY":"MUSEUM / ZOO","DCGIS.PLACE_NAMES_PT.STATUS":"ACTIVE","DCGIS.PLACE_NAMES_PT.PLACE_NAME_ID":16028,"DCGIS.PLACE_NAMES_PT.MAR_ID":310702,"DCGIS.PLACE_NAMES_PT.BEFORE_DATE":null,"DCGIS.PLACE_NAMES_PT.BEFORE_DATE_SOURCE":null,"DCGIS.PLACE_NAMES_PT.BEGIN_DATE":null,"DCGIS.PLACE_NAMES_PT.BEGIN_DATE_SOURCE":null,"DCGIS.PLACE_NAMES_PT.FIRST_KNOWN_DATE":null,"DCGIS.PLACE_NAMES_PT.FIRST_KNOWN_DATE_SOURCE":null,"DCGIS.PLACE_NAMES_PT.CREATED_DATE":1509952546000,"DCGIS.PLACE_NAMES_PT.LAST_EDITED_DATE":1509952546000,"DCGIS.PLACE_NAMES_PT.SE_ANNO_CAD_DATA":null,"DCGIS.PLACE_NAMES_PT.OBJECTID":32422242,"DCGIS.ADDRESSES_PT.OBJECTID":217214503,"DCGIS.ADDRESSES_PT.SE_ANNO_CAD_DATA":null}},{"type":"Feature","id":32421438,"geometry":{"type":"Point","coordinates":[-77.029168303052032,38.900076019672532]},"properties":{"DCGIS.PLACE_NAMES_PT.NAME":"NATIONAL MUSEUM OF WOMEN IN THE ARTS","DCGIS.ADDRESSES_PT.ADDRESS":"1250 NEW YORK AVENUE NW","DCGIS.ADDRESSES_PT.WARD":"Ward 2","DCGIS.ADDRESSES_PT.SMD":"SMD 2C01","DCGIS.ADDRESSES_PT.ANC":"ANC 2C","MAR.VW_PLACE_NAME_CATEGORIES.CATEGORY":"MUSEUM / ZOO","DCGIS.PLACE_NAMES_PT.STATUS":"ACTIVE","DCGIS.PLACE_NAMES_PT.PLACE_NAME_ID":206,"DCGIS.PLACE_NAMES_PT.MAR_ID":279010,"DCGIS.PLACE_NAMES_PT.BEFORE_DATE":null,"DCGIS.PLACE_NAMES_PT.BEFORE_DATE_SOURCE":null,"DCGIS.PLACE_NAMES_PT.BEGIN_DATE":null,"DCGIS.PLACE_NAMES_PT.BEGIN_DATE_SOURCE":null,"DCGIS.PLACE_NAMES_PT.FIRST_KNOWN_DATE":null,"DCGIS.PLACE_NAMES_PT.FIRST_KNOWN_DATE_SOURCE":null,"DCGIS.PLACE_NAMES_PT.CREATED_DATE":1115856000000,"DCGIS.PLACE_NAMES_PT.LAST_EDITED_DATE":1115856000000,"DCGIS.PLACE_NAMES_PT.SE_ANNO_CAD_DATA":null,"DCGIS.PLACE_NAMES_PT.OBJECTID":32421438,"DCGIS.ADDRESSES_PT.OBJECTID":217140483,"DCGIS.ADDRESSES_PT.SE_ANNO_CAD_DATA":null}},{"type":"Feature","id":32421571,"geometry":{"type":"Point","coordinates":[-77.029992663096976,38.891250042797921]},"properties":{"DCGIS.PLACE_NAMES_PT.NAME":"NATIONAL MUSEUM OF AMERICAN HISTORY","DCGIS.ADDRESSES_PT.ADDRESS":"1300 CONSTITUTION AVENUE NW","DCGIS.ADDRESSES_PT.WARD":"Ward 2","DCGIS.ADDRESSES_PT.SMD":"SMD 2C03","DCGIS.ADDRESSES_PT.ANC":"ANC 2C","MAR.VW_PLACE_NAME_CATEGORIES.CATEGORY":"MUSEUM / ZOO","DCGIS.PLACE_NAMES_PT.STATUS":"ACTIVE","DCGIS.PLACE_NAMES_PT.PLACE_NAME_ID":23414,"DCGIS.PLACE_NAMES_PT.MAR_ID":340101,"DCGIS.PLACE_NAMES_PT.BEFORE_DATE":null,"DCGIS.PLACE_NAMES_PT.BEFORE_DATE_SOURCE":null,"DCGIS.PLACE_NAMES_PT.BEGIN_DATE":null,"DCGIS.PLACE_NAMES_PT.BEGIN_DATE_SOURCE":null,"DCGIS.PLACE_NAMES_PT.FIRST_KNOWN_DATE":null,"DCGIS.PLACE_NAMES_PT.FIRST_KNOWN_DATE_SOURCE":null,"DCGIS.PLACE_NAMES_PT.CREATED_DATE":1709714607000,"DCGIS.PLACE_NAMES_PT.LAST_EDITED_DATE":1709714607000,"DCGIS.PLACE_NAMES_PT.SE_ANNO_CAD_DATA":null,"DCGIS.PLACE_NAMES_PT.OBJECTID":32421571,"DCGIS.ADDRESSES_PT.OBJECTID":217229363,"DCGIS.ADDRESSES_PT.SE_ANNO_CAD_DATA":null}},{"type":"Feature","id":32421588,"geometry":{"type":"Point","coordinates":[-77.030214160036152,38.894947381854813]},"properties":{"DCGIS.PLACE_NAMES_PT.NAME":"NATIONAL CHILDRENS MUSUEM","DCGIS.ADDRESSES_PT.ADDRESS":"1300 PENNSYLVANIA AVENUE NW","DCGIS.ADDRESSES_PT.WARD":"Ward 2","DCGIS.ADDRESSES_PT.SMD":"SMD 2C03","DCGIS.ADDRESSES_PT.ANC":"ANC 2C","MAR.VW_PLACE_NAME_CATEGORIES.CATEGORY":"MUSEUM / ZOO","DCGIS.PLACE_NAMES_PT.STATUS":"ACTIVE","DCGIS.PLACE_NAMES_PT.PLACE_NAME_ID":17701,"DCGIS.PLACE_NAMES_PT.MAR_ID":293198,"DCGIS.PLACE_NAMES_PT.BEFORE_DATE":null,"DCGIS.PLACE_NAMES_PT.BEFORE_DATE_SOURCE":null,"DCGIS.PLACE_NAMES_PT.BEGIN_DATE":null,"DCGIS.PLACE_NAMES_PT.BEGIN_DATE_SOURCE":null,"DCGIS.PLACE_NAMES_PT.FIRST_KNOWN_DATE":null,"DCGIS.PLACE_NAMES_PT.FIRST_KNOWN_DATE_SOURCE":null,"DCGIS.PLACE_NAMES_PT.CREATED_DATE":1633610597000,"DCGIS.PLACE_NAMES_PT.LAST_EDITED_DATE":1633610597000,"DCGIS.PLACE_NAMES_PT.SE_ANNO_CAD_DATA":null,"DCGIS.PLACE_NAMES_PT.OBJECTID":32421588,"DCGIS.ADDRESSES_PT.OBJECTID":217192476,"DCGIS.ADDRESSES_PT.SE_ANNO_CAD_DATA":null}},{"type":"Feature","id":32422448,"geometry":{"type":"Point","coordinates":[-77.037001056473912,38.909463388099304]},"properties":{"DCGIS.PLACE_NAMES_PT.NAME":"L. RON HUBBARD HOUSE","DCGIS.ADDRESSES_PT.ADDRESS":"1424 16TH STREET NW","DCGIS.ADDRESSES_PT.WARD":"Ward 2","DCGIS.ADDRESSES_PT.SMD":"SMD 2B04","DCGIS.ADDRESSES_PT.ANC":"ANC 2B","MAR.VW_PLACE_NAME_CATEGORIES.CATEGORY":"MUSEUM / ZOO","DCGIS.PLACE_NAMES_PT.STATUS":"ACTIVE","DCGIS.PLACE_NAMES_PT.PLACE_NAME_ID":12534,"DCGIS.PLACE_NAMES_PT.MAR_ID":242012,"DCGIS.PLACE_NAMES_PT.BEFORE_DATE":null,"DCGIS.PLACE_NAMES_PT.BEFORE_DATE_SOURCE":null,"DCGIS.PLACE_NAMES_PT.BEGIN_DATE":null,"DCGIS.PLACE_NAMES_PT.BEGIN_DATE_SOURCE":null,"DCGIS.PLACE_NAMES_PT.FIRST_KNOWN_DATE":null,"DCGIS.PLACE_NAMES_PT.FIRST_KNOWN_DATE_SOURCE":null,"DCGIS.PLACE_NAMES_PT.CREATED_DATE":1347629706000,"DCGIS.PLACE_NAMES_PT.LAST_EDITED_DATE":1347629706000,"DCGIS.PLACE_NAMES_PT.SE_ANNO_CAD_DATA":null,"DCGIS.PLACE_NAMES_PT.OBJECTID":32422448,"DCGIS.ADDRESSES_PT.OBJECTID":217253262,"DCGIS.ADDRESSES_PT.SE_ANNO_CAD_DATA":null}}]}