{"type":"FeatureCollection","features":[{"type":"Feature","id":32431858,"geometry":{"type":"Point","coordinates":[-77.036555227952206,38.881395164501996]},"properties":{"DCGIS.PLACE_NAMES_PT.NAME":"THOMAS JEFFERSON MEMORIAL","DCGIS.ADDRESSES_PT.ADDRESS":"701 EAST BASIN DRIVE SW","DCGIS.ADDRESSES_PT.WARD":"Ward 2","DCGIS.ADDRESSES_PT.SMD":"SMD 2A01","DCGIS.ADDRESSES_PT.ANC":"ANC 2A","MAR.VW_PLACE_NAME_CATEGORIES.CATEGORY":"MONUMENT / PLAZA / STATUE","DCGIS.ADDRESSES_PT.SSL":"PAR 03160005","DCGIS.PLACE_NAMES_PT.STATUS":"ACTIVE","DCGIS.PLACE_NAMES_PT.PLACE_NAME_ID":15101,"DCGIS.PLACE_NAMES_PT.MAR_ID":313482,"DCGIS.PLACE_NAMES_PT.BEFORE_DATE":null,"DCGIS.PLACE_NAMES_PT.BEFORE_DATE_SOURCE":null,"DCGIS.PLACE_NAMES_PT.BEGIN_DATE":null,"DCGIS.PLACE_NAMES_PT.BEGIN_DATE_SOURCE":null,"DCGIS.PLACE_NAMES_PT.FIRST_KNOWN_DATE":null,"DCGIS.PLACE_NAMES_PT.FIRST_KNOWN_DATE_SOURCE":null,"DCGIS.PLACE_NAMES_PT.CREATED_DATE":1450167791000,"DCGIS.PLACE_NAMES_PT.LAST_EDITED_DATE":1450167791000,"DCGIS.PLACE_NAMES_PT.SE_ANNO_CAD_DATA":null,"DCGIS.PLACE_NAMES_PT.OBJECTID":32431858,"DCGIS.ADDRESSES_PT.OBJECTID":217222909,"DCGIS.ADDRESSES_PT.SE_ANNO_CAD_DATA":null}},{"type":"Feature","id":32431859,"geometry":{"type":"Point","coordinates":[-77.036555227952206,38.881395164501996]},"properties":{"DCGIS.PLACE_NAMES_PT.NAME":"JEFFERSON MEMORIAL","DCGIS.ADDRESSES_PT.ADDRESS":"701 EAST BASIN DRIVE SW","DCGIS.ADDRESSES_PT.WARD":"Ward 2","DCGIS.ADDRESSES_PT.SMD":"SMD 2A01","DCGIS.ADDRESSES_PT.ANC":"ANC 2A","MAR.VW_PLACE_NAME_CATEGORIES.CATEGORY":"MONUMENT / PLAZA / STATUE","DCGIS.ADDRESSES_PT.SSL":"PAR 03160005","DCGIS.PLACE_NAMES_PT.STATUS":"ACTIVE","DCGIS.PLACE_NAMES_PT.PLACE_NAME_ID":15102,"DCGIS.PLACE_NAMES_PT.MAR_ID":313482,"DCGIS.PLACE_NAMES_PT.BEFORE_DATE":null,"DCGIS.PLACE_NAMES_PT.BEFORE_DATE_SOURCE":null,"DCGIS.PLACE_NAMES_PT.BEGIN_DATE":null,"DCGIS.PLACE_NAMES_PT.BEGIN_DATE_SOURCE":null,"DCGIS.PLACE_NAMES_PT.FIRST_KNOWN_DATE":null,"DCGIS.PLACE_NAMES_PT.FIRST_KNOWN_DATE_SOURCE":null,"DCGIS.PLACE_NAMES_PT.CREATED_DATE":1450167798000,"DCGIS.PLACE_NAMES_PT.LAST_EDITED_DATE":1450167798000,"DCGIS.PLACE_NAMES_PT.SE_ANNO_CAD_DATA":null,"DCGIS.PLACE_NAMES_PT.OBJECTID":32431859,"DCGIS.ADDRESSES_PT.OBJECTID":217222909,"DCGIS.ADDRESSES_PT.SE_ANNO_CAD_DATA":null}},{"type":"Feature","id":32431341,"geometry":{"type":"Point","coordinates":[-77.007131805132815,38.960188473452163]},"properties":{"DCGIS.PLACE_NAMES_PT.NAME":"LEGACY MEMORIAL PARK","DCGIS.ADDRESSES_PT.ADDRESS":"5801 SOUTH DAKOTA AVENUE NE","DCGIS.ADDRESSES_PT.WARD":"Ward 4","DCGIS.ADDRESSES_PT.SMD":"SMD 4B06","DCGIS.ADDRESSES_PT.ANC":"ANC 4B","MAR.VW_PLACE_NAME_CATEGORIES.CATEGORY":"MONUMENT / PLAZA / STATUE","DCGIS.ADDRESSES_PT.SSL":"3712    0102","DCGIS.PLACE_NAMES_PT.STATUS":"ACTIVE","DCGIS.PLACE_NAMES_PT.PLACE_NAME_ID":17169,"DCGIS.PLACE_NAMES_PT.MAR_ID":320519,"DCGIS.PLACE_NAMES_PT.BEFORE_DATE":null,"DCGIS.PLACE_NAMES_PT.BEFORE_DATE_SOURCE":null,"DCGIS.PLACE_NAMES_PT.BEGIN_DATE":null,"DCGIS.PLACE_NAMES_PT.BEGIN_DATE_SOURCE":null,"DCGIS.PLACE_NAMES_PT.FIRST_KNOWN_DATE":null,"DCGIS.PLACE_NAMES_PT.FIRST_KNOWN_DATE_SOURCE":null,"DCGIS.PLACE_NAMES_PT.CREATED_DATE":1561558015000,"DCGIS.PLACE_NAMES_PT.LAST_EDITED_DATE":1561558015000,"DCGIS.PLACE_NAMES_PT.SE_ANNO_CAD_DATA":null,"DCGIS.PLACE_NAMES_PT.OBJECTID":32431341,"DCGIS.ADDRESSES_PT.OBJECTID":217226773,"DCGIS.ADDRESSES_PT.SE_ANNO_CAD_DATA":null}},{"type":"Feature","id":32431444,"geometry":{"type":"Point","coordinates":[-77.0201541738423,38.912748887760074]},"properties":{"DCGIS.PLACE_NAMES_PT.NAME":"LET US LIFT EACH OTHER UP: A TRIBUTE TO MARGARET COOPER AND LILLIAN GORDON","DCGIS.ADDRESSES_PT.ADDRESS":"601 R STREET NW","DCGIS.ADDRESSES_PT.WARD":"Ward 2","DCGIS.ADDRESSES_PT.SMD":"SMD 2G03","DCGIS.ADDRESSES_PT.ANC":"ANC 2G","MAR.VW_PLACE_NAME_CATEGORIES.CATEGORY":"MONUMENT / PLAZA / STATUE","DCGIS.ADDRESSES_PT.SSL":"0444N   0800","DCGIS.PLACE_NAMES_PT.STATUS":"ACTIVE","DCGIS.PLACE_NAMES_PT.PLACE_NAME_ID":23690,"DCGIS.PLACE_NAMES_PT.MAR_ID":313281,"DCGIS.PLACE_NAMES_PT.BEFORE_DATE":null,"DCGIS.PLACE_NAMES_PT.BEFORE_DATE_SOURCE":null,"DCGIS.PLACE_NAMES_PT.BEGIN_DATE":null,"DCGIS.PLACE_NAMES_PT.BEGIN_DATE_SOURCE":null,"DCGIS.PLACE_NAMES_PT.FIRST_KNOWN_DATE":null,"DCGIS.PLACE_NAMES_PT.FIRST_KNOWN_DATE_SOURCE":null,"DCGIS.PLACE_NAMES_PT.CREATED_DATE":1732705626000,"DCGIS.PLACE_NAMES_PT.LAST_EDITED_DATE":1732705626000,"DCGIS.PLACE_NAMES_PT.SE_ANNO_CAD_DATA":null,"DCGIS.PLACE_NAMES_PT.OBJECTID":32431444,"DCGIS.ADDRESSES_PT.OBJECTID":217222762,"DCGIS.ADDRESSES_PT.SE_ANNO_CAD_DATA":null}},{"type":"Feature","id":32435077,"geometry":{"type":"Point","coordinates":[-77.036311037166413,38.908852298223714]},"properties":{"DCGIS.PLACE_NAMES_PT.NAME":"GOLDEN WARRIOR STATUE","DCGIS.ADDRESSES_PT.ADDRESS":null,"DCGIS.ADDRESSES_PT.WARD":"Ward 2","DCGIS.ADDRESSES_PT.SMD":"SMD 2B04","DCGIS.ADDRESSES_PT.ANC":"ANC 2B","MAR.VW_PLACE_NAME_CATEGORIES.CATEGORY":"MONUMENT / PLAZA / STATUE","DCGIS.ADDRESSES_PT.SSL":null,"DCGIS.PLACE_NAMES_PT.STATUS":"ACTIVE","DCGIS.PLACE_NAMES_PT.PLACE_NAME_ID":23427,"DCGIS.PLACE_NAMES_PT.MAR_ID":340385,"DCGIS.PLACE_NAMES_PT.BEFORE_DATE":null,"DCGIS.PLACE_NAMES_PT.BEFORE_DATE_SOURCE":null,"DCGIS.PLACE_NAMES_PT.BEGIN_DATE":null,"DCGIS.PLACE_NAMES_PT.BEGIN_DATE_SOURCE":null,"DCGIS.PLACE_NAMES_PT.FIRST_KNOWN_DATE":null,"DCGIS.PLACE_NAMES_PT.FIRST_KNOWN_DATE_SOURCE":null,"DCGIS.PLACE_NAMES_PT.CREATED_DATE":1712741073000,"DCGIS.PLACE_NAMES_PT.LAST_EDITED_DATE":1712741073000,"DCGIS.PLACE_NAMES_PT.SE_ANNO_CAD_DATA":null,"DCGIS.PLACE_NAMES_PT.OBJECTID":32435077,"DCGIS.ADDRESSES_PT.OBJECTID":217229338,"DCGIS.ADDRESSES_PT.SE_ANNO_CAD_DATA":null}},{"type":"Feature","id":32435078,"geometry":{"type":"Point","coordinates":[-77.086672782430639,38.935972026447402]},"properties":{"DCGIS.PLACE_NAMES_PT.NAME":"AMERICAN UNIVERSITY SAWED Z EAGLE STATUE","DCGIS.ADDRESSES_PT.ADDRESS":null,"DCGIS.ADDRESSES_PT.WARD":"Ward 3","DCGIS.ADDRESSES_PT.SMD":"SMD 3E08","DCGIS.ADDRESSES_PT.ANC":"ANC 3E","MAR.VW_PLACE_NAME_CATEGORIES.CATEGORY":"MONUMENT / PLAZA / STATUE","DCGIS.ADDRESSES_PT.SSL":"1601    0003","DCGIS.PLACE_NAMES_PT.STATUS":"ACTIVE","DCGIS.PLACE_NAMES_PT.PLACE_NAME_ID":23428,"DCGIS.PLACE_NAMES_PT.MAR_ID":340432,"DCGIS.PLACE_NAMES_PT.BEFORE_DATE":null,"DCGIS.PLACE_NAMES_PT.BEFORE_DATE_SOURCE":null,"DCGIS.PLACE_NAMES_PT.BEGIN_DATE":null,"DCGIS.PLACE_NAMES_PT.BEGIN_DATE_SOURCE":null,"DCGIS.PLACE_NAMES_PT.FIRST_KNOWN_DATE":null,"DCGIS.PLACE_NAMES_PT.FIRST_KNOWN_DATE_SOURCE":null,"DCGIS.PLACE_NAMES_PT.CREATED_DATE":1712744721000,"DCGIS.PLACE_NAMES_PT.LAST_EDITED_DATE":1712744721000,"DCGIS.PLACE_NAMES_PT.SE_ANNO_CAD_DATA":null,"DCGIS.PLACE_NAMES_PT.OBJECTID":32435078,"DCGIS.ADDRESSES_PT.OBJECTID":217230227,"DCGIS.ADDRESSES_PT.SE_ANNO_CAD_DATA":null}},{"type":"Feature","id":32435079,"geometry":{"type":"Point","coordinates":[-77.086672782430639,38.935972026447402]},"properties":{"DCGIS.PLACE_NAMES_PT.NAME":"AMERICAN UNIVERSITY EAGLE STATUE","DCGIS.ADDRESSES_PT.ADDRESS":null,"DCGIS.ADDRESSES_PT.WARD":"Ward 3","DCGIS.ADDRESSES_PT.SMD":"SMD 3E08","DCGIS.ADDRESSES_PT.ANC":"ANC 3E","MAR.VW_PLACE_NAME_CATEGORIES.CATEGORY":"MONUMENT / PLAZA / STATUE","DCGIS.ADDRESSES_PT.SSL":"1601    0003","DCGIS.PLACE_NAMES_PT.STATUS":"ACTIVE","DCGIS.PLACE_NAMES_PT.PLACE_NAME_ID":23429,"DCGIS.PLACE_NAMES_PT.MAR_ID":340432,"DCGIS.PLACE_NAMES_PT.BEFORE_DATE":null,"DCGIS.PLACE_NAMES_PT.BEFORE_DATE_SOURCE":null,"DCGIS.PLACE_NAMES_PT.BEGIN_DATE":null,"DCGIS.PLACE_NAMES_PT.BEGIN_DATE_SOURCE":null,"DCGIS.PLACE_NAMES_PT.FIRST_KNOWN_DATE":null,"DCGIS.PLACE_NAMES_PT.FIRST_KNOWN_DATE_SOURCE":null,"DCGIS.PLACE_NAMES_PT.CREATED_DATE":1712744721000,"DCGIS.PLACE_NAMES_PT.LAST_EDITED_DATE":1712744721000,"DCGIS.PLACE_NAMES_PT.SE_ANNO_CAD_DATA":null,"DCGIS.PLACE_NAMES_PT.OBJECTID":32435079,"DCGIS.ADDRESSES_PT.OBJECTID":217230227,"DCGIS.ADDRESSES_PT.SE_ANNO_CAD_DATA":null}},{"type":"Feature","id":32435080,"geometry":{"type":"Point","coordinates":[-77.059239264872474,38.901017455287786]},"properties":{"DCGIS.PLACE_NAMES_PT.NAME":"SCARLET STATUE","DCGIS.ADDRESSES_PT.ADDRESS":null,"DCGIS.ADDRESSES_PT.WARD":"Ward 2","DCGIS.ADDRESSES_PT.SMD":"SMD 2E05","DCGIS.ADDRESSES_PT.ANC":"ANC 2E","MAR.VW_PLACE_NAME_CATEGORIES.CATEGORY":"MONUMENT / PLAZA / STATUE","DCGIS.ADDRESSES_PT.SSL":"1173    0821","DCGIS.PLACE_NAMES_PT.STATUS":"ACTIVE","DCGIS.PLACE_NAMES_PT.PLACE_NAME_ID":23437,"DCGIS.PLACE_NAMES_PT.MAR_ID":340551,"DCGIS.PLACE_NAMES_PT.BEFORE_DATE":null,"DCGIS.PLACE_NAMES_PT.BEFORE_DATE_SOURCE":null,"DCGIS.PLACE_NAMES_PT.BEGIN_DATE":null,"DCGIS.PLACE_NAMES_PT.BEGIN_DATE_SOURCE":null,"DCGIS.PLACE_NAMES_PT.FIRST_KNOWN_DATE":null,"DCGIS.PLACE_NAMES_PT.FIRST_KNOWN_DATE_SOURCE":null,"DCGIS.PLACE_NAMES_PT.CREATED_DATE":1712756815000,"DCGIS.PLACE_NAMES_PT.LAST_EDITED_DATE":1712756815000,"DCGIS.PLACE_NAMES_PT.SE_ANNO_CAD_DATA":null,"DCGIS.PLACE_NAMES_PT.OBJECTID":32435080,"DCGIS.ADDRESSES_PT.OBJECTID":217229804,"DCGIS.ADDRESSES_PT.SE_ANNO_CAD_DATA":null}},{"type":"Feature","id":32435081,"geometry":{"type":"Point","coordinates":[-77.050594420428922,38.917982073040733]},"properties":{"DCGIS.PLACE_NAMES_PT.NAME":"MINIATURE STATUE OF LIBERTY","DCGIS.ADDRESSES_PT.ADDRESS":null,"DCGIS.ADDRESSES_PT.WARD":"Ward 2","DCGIS.ADDRESSES_PT.SMD":"SMD 2D01","DCGIS.ADDRESSES_PT.ANC":"ANC 2D","MAR.VW_PLACE_NAME_CATEGORIES.CATEGORY":"MONUMENT / PLAZA / STATUE","DCGIS.ADDRESSES_PT.SSL":"2526    0194","DCGIS.PLACE_NAMES_PT.STATUS":"ACTIVE","DCGIS.PLACE_NAMES_PT.PLACE_NAME_ID":23438,"DCGIS.PLACE_NAMES_PT.MAR_ID":340560,"DCGIS.PLACE_NAMES_PT.BEFORE_DATE":null,"DCGIS.PLACE_NAMES_PT.BEFORE_DATE_SOURCE":null,"DCGIS.PLACE_NAMES_PT.BEGIN_DATE":null,"DCGIS.PLACE_NAMES_PT.BEGIN_DATE_SOURCE":null,"DCGIS.PLACE_NAMES_PT.FIRST_KNOWN_DATE":null,"DCGIS.PLACE_NAMES_PT.FIRST_KNOWN_DATE_SOURCE":null,"DCGIS.PLACE_NAMES_PT.CREATED_DATE":1712757223000,"DCGIS.PLACE_NAMES_PT.LAST_EDITED_DATE":1712757223000,"DCGIS.PLACE_NAMES_PT.SE_ANNO_CAD_DATA":null,"DCGIS.PLACE_NAMES_PT.OBJECTID":32435081,"DCGIS.ADDRESSES_PT.OBJECTID":217231742,"DCGIS.ADDRESSES_PT.SE_ANNO_CAD_DATA":null}},{"type":"Feature","id":32435082,"geometry":{"type":"Point","coordinates":[-77.032326621934402,38.930204649155641]},"properties":{"DCGIS.PLACE_NAMES_PT.NAME":"COLUMBIA HEIGHTS CIVIC PLAZA","DCGIS.ADDRESSES_PT.ADDRESS":null,"DCGIS.ADDRESSES_PT.WARD":"Ward 1","DCGIS.ADDRESSES_PT.SMD":"SMD 1A06","DCGIS.ADDRESSES_PT.ANC":"ANC 1A","MAR.VW_PLACE_NAME_CATEGORIES.CATEGORY":"MONUMENT / PLAZA / STATUE","DCGIS.ADDRESSES_PT.SSL":"2843    0834","DCGIS.PLACE_NAMES_PT.STATUS":"ACTIVE","DCGIS.PLACE_NAMES_PT.PLACE_NAME_ID":23439,"DCGIS.PLACE_NAMES_PT.MAR_ID":340561,"DCGIS.PLACE_NAMES_PT.BEFORE_DATE":null,"DCGIS.PLACE_NAMES_PT.BEFORE_DATE_SOURCE":null,"DCGIS.PLACE_NAMES_PT.BEGIN_DATE":null,"DCGIS.PLACE_NAMES_PT.BEGIN_DATE_SOURCE":null,"DCGIS.PLACE_NAMES_PT.FIRST_KNOWN_DATE":null,"DCGIS.PLACE_NAMES_PT.FIRST_KNOWN_DATE_SOURCE":null,"DCGIS.PLACE_NAMES_PT.CREATED_DATE":1712758022000,"DCGIS.PLACE_NAMES_PT.LAST_EDITED_DATE":1712758022000,"DCGIS.PLACE_NAMES_PT.SE_ANNO_CAD_DATA":null,"DCGIS.PLACE_NAMES_PT.OBJECTID":32435082,"DCGIS.ADDRESSES_PT.OBJECTID":217229346,"DCGIS.ADDRESSES_PT.SE_ANNO_CAD_DATA":null}},{"type":"Feature","id":32435083,"geometry":{"type":"Point","coordinates":[-77.028236273361017,38.942950831812333]},"properties":{"DCGIS.PLACE_NAMES_PT.NAME":"THEODORE ROOSEVELT STATUE AT ROOSEVELT HIGH SCHOOL","DCGIS.ADDRESSES_PT.ADDRESS":null,"DCGIS.ADDRESSES_PT.WARD":"Ward 4","DCGIS.ADDRESSES_PT.SMD":"SMD 4C01","DCGIS.ADDRESSES_PT.ANC":"ANC 4C","MAR.VW_PLACE_NAME_CATEGORIES.CATEGORY":"MONUMENT / PLAZA / STATUE","DCGIS.ADDRESSES_PT.SSL":"2915    0802","DCGIS.PLACE_NAMES_PT.STATUS":"ACTIVE","DCGIS.PLACE_NAMES_PT.PLACE_NAME_ID":23446,"DCGIS.PLACE_NAMES_PT.MAR_ID":341494,"DCGIS.PLACE_NAMES_PT.BEFORE_DATE":null,"DCGIS.PLACE_NAMES_PT.BEFORE_DATE_SOURCE":null,"DCGIS.PLACE_NAMES_PT.BEGIN_DATE":null,"DCGIS.PLACE_NAMES_PT.BEGIN_DATE_SOURCE":null,"DCGIS.PLACE_NAMES_PT.FIRST_KNOWN_DATE":null,"DCGIS.PLACE_NAMES_PT.FIRST_KNOWN_DATE_SOURCE":null,"DCGIS.PLACE_NAMES_PT.CREATED_DATE":1715694776000,"DCGIS.PLACE_NAMES_PT.LAST_EDITED_DATE":1715694776000,"DCGIS.PLACE_NAMES_PT.SE_ANNO_CAD_DATA":null,"DCGIS.PLACE_NAMES_PT.OBJECTID":32435083,"DCGIS.ADDRESSES_PT.OBJECTID":217231743,"DCGIS.ADDRESSES_PT.SE_ANNO_CAD_DATA":null}},{"type":"Feature","id":32435084,"geometry":{"type":"Point","coordinates":[-77.028236273361017,38.942950831812333]},"properties":{"DCGIS.PLACE_NAMES_PT.NAME":"TEDDY ROOSEVELT STATUE AT ROOSEVELT HIGH SCHOOL","DCGIS.ADDRESSES_PT.ADDRESS":null,"DCGIS.ADDRESSES_PT.WARD":"Ward 4","DCGIS.ADDRESSES_PT.SMD":"SMD 4C01","DCGIS.ADDRESSES_PT.ANC":"ANC 4C","MAR.VW_PLACE_NAME_CATEGORIES.CATEGORY":"MONUMENT / PLAZA / STATUE","DCGIS.ADDRESSES_PT.SSL":"2915    0802","DCGIS.PLACE_NAMES_PT.STATUS":"ACTIVE","DCGIS.PLACE_NAMES_PT.PLACE_NAME_ID":23447,"DCGIS.PLACE_NAMES_PT.MAR_ID":341494,"DCGIS.PLACE_NAMES_PT.BEFORE_DATE":null,"DCGIS.PLACE_NAMES_PT.BEFORE_DATE_SOURCE":null,"DCGIS.PLACE_NAMES_PT.BEGIN_DATE":null,"DCGIS.PLACE_NAMES_PT.BEGIN_DATE_SOURCE":null,"DCGIS.PLACE_NAMES_PT.FIRST_KNOWN_DATE":null,"DCGIS.PLACE_NAMES_PT.FIRST_KNOWN_DATE_SOURCE":null,"DCGIS.PLACE_NAMES_PT.CREATED_DATE":1715694776000,"DCGIS.PLACE_NAMES_PT.LAST_EDITED_DATE":1715694776000,"DCGIS.PLACE_NAMES_PT.SE_ANNO_CAD_DATA":null,"DCGIS.PLACE_NAMES_PT.OBJECTID":32435084,"DCGIS.ADDRESSES_PT.OBJECTID":217231743,"DCGIS.ADDRESSES_PT.SE_ANNO_CAD_DATA":null}},{"type":"Feature","id":32435122,"geometry":{"type":"Point","coordinates":[-77.011760190041386,38.922795224424497]},"properties":{"DCGIS.PLACE_NAMES_PT.NAME":"THE MCMILLAN FOUNTAIN","DCGIS.ADDRESSES_PT.ADDRESS":null,"DCGIS.ADDRESSES_PT.WARD":"Ward 5","DCGIS.ADDRESSES_PT.SMD":"SMD 5E05","DCGIS.ADDRESSES_PT.ANC":"ANC 5E","MAR.VW_PLACE_NAME_CATEGORIES.CATEGORY":"MONUMENT / PLAZA / STATUE","DCGIS.ADDRESSES_PT.SSL":"3128    0105","DCGIS.PLACE_NAMES_PT.STATUS":"ACTIVE","DCGIS.PLACE_NAMES_PT.PLACE_NAME_ID":24021,"DCGIS.PLACE_NAMES_PT.MAR_ID":354952,"DCGIS.PLACE_NAMES_PT.BEFORE_DATE":null,"DCGIS.PLACE_NAMES_PT.BEFORE_DATE_SOURCE":null,"DCGIS.PLACE_NAMES_PT.BEGIN_DATE":null,"DCGIS.PLACE_NAMES_PT.BEGIN_DATE_SOURCE":null,"DCGIS.PLACE_NAMES_PT.FIRST_KNOWN_DATE":null,"DCGIS.PLACE_NAMES_PT.FIRST_KNOWN_DATE_SOURCE":null,"DCGIS.PLACE_NAMES_PT.CREATED_DATE":1763643197000,"DCGIS.PLACE_NAMES_PT.LAST_EDITED_DATE":1763643197000,"DCGIS.PLACE_NAMES_PT.SE_ANNO_CAD_DATA":null,"DCGIS.PLACE_NAMES_PT.OBJECTID":32435122,"DCGIS.ADDRESSES_PT.OBJECTID":217229327,"DCGIS.ADDRESSES_PT.SE_ANNO_CAD_DATA":null}},{"type":"Feature","id":32435123,"geometry":{"type":"Point","coordinates":[-77.011760190041386,38.922795224424497]},"properties":{"DCGIS.PLACE_NAMES_PT.NAME":"MCMILLAN FOUNTAIN","DCGIS.ADDRESSES_PT.ADDRESS":null,"DCGIS.ADDRESSES_PT.WARD":"Ward 5","DCGIS.ADDRESSES_PT.SMD":"SMD 5E05","DCGIS.ADDRESSES_PT.ANC":"ANC 5E","MAR.VW_PLACE_NAME_CATEGORIES.CATEGORY":"MONUMENT / PLAZA / STATUE","DCGIS.ADDRESSES_PT.SSL":"3128    0105","DCGIS.PLACE_NAMES_PT.STATUS":"ACTIVE","DCGIS.PLACE_NAMES_PT.PLACE_NAME_ID":24022,"DCGIS.PLACE_NAMES_PT.MAR_ID":354952,"DCGIS.PLACE_NAMES_PT.BEFORE_DATE":null,"DCGIS.PLACE_NAMES_PT.BEFORE_DATE_SOURCE":null,"DCGIS.PLACE_NAMES_PT.BEGIN_DATE":null,"DCGIS.PLACE_NAMES_PT.BEGIN_DATE_SOURCE":null,"DCGIS.PLACE_NAMES_PT.FIRST_KNOWN_DATE":null,"DCGIS.PLACE_NAMES_PT.FIRST_KNOWN_DATE_SOURCE":null,"DCGIS.PLACE_NAMES_PT.CREATED_DATE":1763643210000,"DCGIS.PLACE_NAMES_PT.LAST_EDITED_DATE":1763643210000,"DCGIS.PLACE_NAMES_PT.SE_ANNO_CAD_DATA":null,"DCGIS.PLACE_NAMES_PT.OBJECTID":32435123,"DCGIS.ADDRESSES_PT.OBJECTID":217229327,"DCGIS.ADDRESSES_PT.SE_ANNO_CAD_DATA":null}},{"type":"Feature","id":32435124,"geometry":{"type":"Point","coordinates":[-77.022956149503941,38.902386338038923]},"properties":{"DCGIS.PLACE_NAMES_PT.NAME":"MOUNT VERNON SQUARE","DCGIS.ADDRESSES_PT.ADDRESS":null,"DCGIS.ADDRESSES_PT.WARD":"Ward 2","DCGIS.ADDRESSES_PT.SMD":"SMD 2G05","DCGIS.ADDRESSES_PT.ANC":"ANC 2G","MAR.VW_PLACE_NAME_CATEGORIES.CATEGORY":"MONUMENT / PLAZA / STATUE","DCGIS.ADDRESSES_PT.SSL":"0403N   0800","DCGIS.PLACE_NAMES_PT.STATUS":"ACTIVE","DCGIS.PLACE_NAMES_PT.PLACE_NAME_ID":24050,"DCGIS.PLACE_NAMES_PT.MAR_ID":355527,"DCGIS.PLACE_NAMES_PT.BEFORE_DATE":null,"DCGIS.PLACE_NAMES_PT.BEFORE_DATE_SOURCE":null,"DCGIS.PLACE_NAMES_PT.BEGIN_DATE":null,"DCGIS.PLACE_NAMES_PT.BEGIN_DATE_SOURCE":null,"DCGIS.PLACE_NAMES_PT.FIRST_KNOWN_DATE":null,"DCGIS.PLACE_NAMES_PT.FIRST_KNOWN_DATE_SOURCE":null,"DCGIS.PLACE_NAMES_PT.CREATED_DATE":1766056785000,"DCGIS.PLACE_NAMES_PT.LAST_EDITED_DATE":1766056785000,"DCGIS.PLACE_NAMES_PT.SE_ANNO_CAD_DATA":null,"DCGIS.PLACE_NAMES_PT.OBJECTID":32435124,"DCGIS.ADDRESSES_PT.OBJECTID":217231308,"DCGIS.ADDRESSES_PT.SE_ANNO_CAD_DATA":null}},{"type":"Feature","id":32435125,"geometry":{"type":"Point","coordinates":[-77.022956149503941,38.902386338038923]},"properties":{"DCGIS.PLACE_NAMES_PT.NAME":"MT VERNON SQUARE","DCGIS.ADDRESSES_PT.ADDRESS":null,"DCGIS.ADDRESSES_PT.WARD":"Ward 2","DCGIS.ADDRESSES_PT.SMD":"SMD 2G05","DCGIS.ADDRESSES_PT.ANC":"ANC 2G","MAR.VW_PLACE_NAME_CATEGORIES.CATEGORY":"MONUMENT / PLAZA / STATUE","DCGIS.ADDRESSES_PT.SSL":"0403N   0800","DCGIS.PLACE_NAMES_PT.STATUS":"ACTIVE","DCGIS.PLACE_NAMES_PT.PLACE_NAME_ID":24049,"DCGIS.PLACE_NAMES_PT.MAR_ID":355527,"DCGIS.PLACE_NAMES_PT.BEFORE_DATE":null,"DCGIS.PLACE_NAMES_PT.BEFORE_DATE_SOURCE":null,"DCGIS.PLACE_NAMES_PT.BEGIN_DATE":null,"DCGIS.PLACE_NAMES_PT.BEGIN_DATE_SOURCE":null,"DCGIS.PLACE_NAMES_PT.FIRST_KNOWN_DATE":null,"DCGIS.PLACE_NAMES_PT.FIRST_KNOWN_DATE_SOURCE":null,"DCGIS.PLACE_NAMES_PT.CREATED_DATE":1766056785000,"DCGIS.PLACE_NAMES_PT.LAST_EDITED_DATE":1766056785000,"DCGIS.PLACE_NAMES_PT.SE_ANNO_CAD_DATA":null,"DCGIS.PLACE_NAMES_PT.OBJECTID":32435125,"DCGIS.ADDRESSES_PT.OBJECTID":217231308,"DCGIS.ADDRESSES_PT.SE_ANNO_CAD_DATA":null}},{"type":"Feature","id":32435129,"geometry":{"type":"Point","coordinates":[-77.030776864494271,38.895871943940783]},"properties":{"DCGIS.PLACE_NAMES_PT.NAME":"CAESAR RODNEY STATUE","DCGIS.ADDRESSES_PT.ADDRESS":null,"DCGIS.ADDRESSES_PT.WARD":"Ward 2","DCGIS.ADDRESSES_PT.SMD":"SMD 2C03","DCGIS.ADDRESSES_PT.ANC":"ANC 2C","MAR.VW_PLACE_NAME_CATEGORIES.CATEGORY":"MONUMENT / PLAZA / STATUE","DCGIS.ADDRESSES_PT.SSL":null,"DCGIS.PLACE_NAMES_PT.STATUS":"ACTIVE","DCGIS.PLACE_NAMES_PT.PLACE_NAME_ID":24232,"DCGIS.PLACE_NAMES_PT.MAR_ID":358611,"DCGIS.PLACE_NAMES_PT.BEFORE_DATE":null,"DCGIS.PLACE_NAMES_PT.BEFORE_DATE_SOURCE":null,"DCGIS.PLACE_NAMES_PT.BEGIN_DATE":null,"DCGIS.PLACE_NAMES_PT.BEGIN_DATE_SOURCE":null,"DCGIS.PLACE_NAMES_PT.FIRST_KNOWN_DATE":null,"DCGIS.PLACE_NAMES_PT.FIRST_KNOWN_DATE_SOURCE":null,"DCGIS.PLACE_NAMES_PT.CREATED_DATE":1778506568000,"DCGIS.PLACE_NAMES_PT.LAST_EDITED_DATE":1778506568000,"DCGIS.PLACE_NAMES_PT.SE_ANNO_CAD_DATA":null,"DCGIS.PLACE_NAMES_PT.OBJECTID":32435129,"DCGIS.ADDRESSES_PT.OBJECTID":217259852,"DCGIS.ADDRESSES_PT.SE_ANNO_CAD_DATA":null}},{"type":"Feature","id":32435136,"geometry":{"type":"Point","coordinates":[-76.994515173696172,38.874954169663958]},"properties":{"DCGIS.PLACE_NAMES_PT.NAME":"USS ENTERPRISE ANCHOR","DCGIS.ADDRESSES_PT.ADDRESS":null,"DCGIS.ADDRESSES_PT.WARD":"Ward 8","DCGIS.ADDRESSES_PT.SMD":"SMD 8F01","DCGIS.ADDRESSES_PT.ANC":"ANC 8F","MAR.VW_PLACE_NAME_CATEGORIES.CATEGORY":"MONUMENT / PLAZA / STATUE","DCGIS.ADDRESSES_PT.SSL":null,"DCGIS.PLACE_NAMES_PT.STATUS":"ACTIVE","DCGIS.PLACE_NAMES_PT.PLACE_NAME_ID":24275,"DCGIS.PLACE_NAMES_PT.MAR_ID":359097,"DCGIS.PLACE_NAMES_PT.BEFORE_DATE":null,"DCGIS.PLACE_NAMES_PT.BEFORE_DATE_SOURCE":null,"DCGIS.PLACE_NAMES_PT.BEGIN_DATE":null,"DCGIS.PLACE_NAMES_PT.BEGIN_DATE_SOURCE":null,"DCGIS.PLACE_NAMES_PT.FIRST_KNOWN_DATE":null,"DCGIS.PLACE_NAMES_PT.FIRST_KNOWN_DATE_SOURCE":null,"DCGIS.PLACE_NAMES_PT.CREATED_DATE":1784629173000,"DCGIS.PLACE_NAMES_PT.LAST_EDITED_DATE":1784629173000,"DCGIS.PLACE_NAMES_PT.SE_ANNO_CAD_DATA":null,"DCGIS.PLACE_NAMES_PT.OBJECTID":32435136,"DCGIS.ADDRESSES_PT.OBJECTID":217166635,"DCGIS.ADDRESSES_PT.SE_ANNO_CAD_DATA":null}},{"type":"Feature","id":32435113,"geometry":{"type":"Point","coordinates":[-77.035624463102792,38.919500815308041]},"properties":{"DCGIS.PLACE_NAMES_PT.NAME":"NOYES ARMILLARY SPHERE","DCGIS.ADDRESSES_PT.ADDRESS":null,"DCGIS.ADDRESSES_PT.WARD":"Ward 1","DCGIS.ADDRESSES_PT.SMD":"SMD 1B06","DCGIS.ADDRESSES_PT.ANC":"ANC 1B","MAR.VW_PLACE_NAME_CATEGORIES.CATEGORY":"MONUMENT / PLAZA / STATUE","DCGIS.ADDRESSES_PT.SSL":"2570    0809","DCGIS.PLACE_NAMES_PT.STATUS":"ACTIVE","DCGIS.PLACE_NAMES_PT.PLACE_NAME_ID":23685,"DCGIS.PLACE_NAMES_PT.MAR_ID":344097,"DCGIS.PLACE_NAMES_PT.BEFORE_DATE":null,"DCGIS.PLACE_NAMES_PT.BEFORE_DATE_SOURCE":null,"DCGIS.PLACE_NAMES_PT.BEGIN_DATE":null,"DCGIS.PLACE_NAMES_PT.BEGIN_DATE_SOURCE":null,"DCGIS.PLACE_NAMES_PT.FIRST_KNOWN_DATE":null,"DCGIS.PLACE_NAMES_PT.FIRST_KNOWN_DATE_SOURCE":null,"DCGIS.PLACE_NAMES_PT.CREATED_DATE":1731406475000,"DCGIS.PLACE_NAMES_PT.LAST_EDITED_DATE":1731406475000,"DCGIS.PLACE_NAMES_PT.SE_ANNO_CAD_DATA":null,"DCGIS.PLACE_NAMES_PT.OBJECTID":32435113,"DCGIS.ADDRESSES_PT.OBJECTID":217124023,"DCGIS.ADDRESSES_PT.SE_ANNO_CAD_DATA":null}},{"type":"Feature","id":32435120,"geometry":{"type":"Point","coordinates":[-77.048536276886466,38.895681423350013]},"properties":{"DCGIS.PLACE_NAMES_PT.NAME":"BERNADO DE GALVEZ STATUE","DCGIS.ADDRESSES_PT.ADDRESS":null,"DCGIS.ADDRESSES_PT.WARD":"Ward 2","DCGIS.ADDRESSES_PT.SMD":"SMD 2A01","DCGIS.ADDRESSES_PT.ANC":"ANC 2A","MAR.VW_PLACE_NAME_CATEGORIES.CATEGORY":"MONUMENT / PLAZA / STATUE","DCGIS.ADDRESSES_PT.SSL":"0083    0808","DCGIS.PLACE_NAMES_PT.STATUS":"ACTIVE","DCGIS.PLACE_NAMES_PT.PLACE_NAME_ID":23898,"DCGIS.PLACE_NAMES_PT.MAR_ID":352984,"DCGIS.PLACE_NAMES_PT.BEFORE_DATE":null,"DCGIS.PLACE_NAMES_PT.BEFORE_DATE_SOURCE":null,"DCGIS.PLACE_NAMES_PT.BEGIN_DATE":null,"DCGIS.PLACE_NAMES_PT.BEGIN_DATE_SOURCE":null,"DCGIS.PLACE_NAMES_PT.FIRST_KNOWN_DATE":null,"DCGIS.PLACE_NAMES_PT.FIRST_KNOWN_DATE_SOURCE":null,"DCGIS.PLACE_NAMES_PT.CREATED_DATE":1754382320000,"DCGIS.PLACE_NAMES_PT.LAST_EDITED_DATE":1754382320000,"DCGIS.PLACE_NAMES_PT.SE_ANNO_CAD_DATA":null,"DCGIS.PLACE_NAMES_PT.OBJECTID":32435120,"DCGIS.ADDRESSES_PT.OBJECTID":217229599,"DCGIS.ADDRESSES_PT.SE_ANNO_CAD_DATA":null}},{"type":"Feature","id":32434461,"geometry":{"type":"Point","coordinates":[-77.019818663743834,38.921949875385508]},"properties":{"DCGIS.PLACE_NAMES_PT.NAME":"HOWARD UNIVERSITY LOWER QUAD","DCGIS.ADDRESSES_PT.ADDRESS":null,"DCGIS.ADDRESSES_PT.WARD":"Ward 1","DCGIS.ADDRESSES_PT.SMD":"SMD 1E05","DCGIS.ADDRESSES_PT.ANC":"ANC 1E","MAR.VW_PLACE_NAME_CATEGORIES.CATEGORY":"MONUMENT / PLAZA / STATUE","DCGIS.ADDRESSES_PT.SSL":"3057    0092","DCGIS.PLACE_NAMES_PT.STATUS":"ACTIVE","DCGIS.PLACE_NAMES_PT.PLACE_NAME_ID":11520,"DCGIS.PLACE_NAMES_PT.MAR_ID":310188,"DCGIS.PLACE_NAMES_PT.BEFORE_DATE":null,"DCGIS.PLACE_NAMES_PT.BEFORE_DATE_SOURCE":null,"DCGIS.PLACE_NAMES_PT.BEGIN_DATE":null,"DCGIS.PLACE_NAMES_PT.BEGIN_DATE_SOURCE":null,"DCGIS.PLACE_NAMES_PT.FIRST_KNOWN_DATE":null,"DCGIS.PLACE_NAMES_PT.FIRST_KNOWN_DATE_SOURCE":null,"DCGIS.PLACE_NAMES_PT.CREATED_DATE":1325692999000,"DCGIS.PLACE_NAMES_PT.LAST_EDITED_DATE":1325692999000,"DCGIS.PLACE_NAMES_PT.SE_ANNO_CAD_DATA":null,"DCGIS.PLACE_NAMES_PT.OBJECTID":32434461,"DCGIS.ADDRESSES_PT.OBJECTID":217209382,"DCGIS.ADDRESSES_PT.SE_ANNO_CAD_DATA":null}},{"type":"Feature","id":32434475,"geometry":{"type":"Point","coordinates":[-77.072263894868428,38.907618834774631]},"properties":{"DCGIS.PLACE_NAMES_PT.NAME":"BISHOP JOHN CARROLL STATUE","DCGIS.ADDRESSES_PT.ADDRESS":null,"DCGIS.ADDRESSES_PT.WARD":"Ward 2","DCGIS.ADDRESSES_PT.SMD":"SMD 2E08","DCGIS.ADDRESSES_PT.ANC":"ANC 2E","MAR.VW_PLACE_NAME_CATEGORIES.CATEGORY":"MONUMENT / PLAZA / STATUE","DCGIS.ADDRESSES_PT.SSL":"1321    0833","DCGIS.PLACE_NAMES_PT.STATUS":"ACTIVE","DCGIS.PLACE_NAMES_PT.PLACE_NAME_ID":11684,"DCGIS.PLACE_NAMES_PT.MAR_ID":310226,"DCGIS.PLACE_NAMES_PT.BEFORE_DATE":null,"DCGIS.PLACE_NAMES_PT.BEFORE_DATE_SOURCE":null,"DCGIS.PLACE_NAMES_PT.BEGIN_DATE":null,"DCGIS.PLACE_NAMES_PT.BEGIN_DATE_SOURCE":null,"DCGIS.PLACE_NAMES_PT.FIRST_KNOWN_DATE":null,"DCGIS.PLACE_NAMES_PT.FIRST_KNOWN_DATE_SOURCE":null,"DCGIS.PLACE_NAMES_PT.CREATED_DATE":1330965979000,"DCGIS.PLACE_NAMES_PT.LAST_EDITED_DATE":1330965979000,"DCGIS.PLACE_NAMES_PT.SE_ANNO_CAD_DATA":null,"DCGIS.PLACE_NAMES_PT.OBJECTID":32434475,"DCGIS.ADDRESSES_PT.OBJECTID":217211530,"DCGIS.ADDRESSES_PT.SE_ANNO_CAD_DATA":null}},{"type":"Feature","id":32434476,"geometry":{"type":"Point","coordinates":[-77.072263894868428,38.907618834774631]},"properties":{"DCGIS.PLACE_NAMES_PT.NAME":"JOHN CARROLL STATUE","DCGIS.ADDRESSES_PT.ADDRESS":null,"DCGIS.ADDRESSES_PT.WARD":"Ward 2","DCGIS.ADDRESSES_PT.SMD":"SMD 2E08","DCGIS.ADDRESSES_PT.ANC":"ANC 2E","MAR.VW_PLACE_NAME_CATEGORIES.CATEGORY":"MONUMENT / PLAZA / STATUE","DCGIS.ADDRESSES_PT.SSL":"1321    0833","DCGIS.PLACE_NAMES_PT.STATUS":"ACTIVE","DCGIS.PLACE_NAMES_PT.PLACE_NAME_ID":11685,"DCGIS.PLACE_NAMES_PT.MAR_ID":310226,"DCGIS.PLACE_NAMES_PT.BEFORE_DATE":null,"DCGIS.PLACE_NAMES_PT.BEFORE_DATE_SOURCE":null,"DCGIS.PLACE_NAMES_PT.BEGIN_DATE":null,"DCGIS.PLACE_NAMES_PT.BEGIN_DATE_SOURCE":null,"DCGIS.PLACE_NAMES_PT.FIRST_KNOWN_DATE":null,"DCGIS.PLACE_NAMES_PT.FIRST_KNOWN_DATE_SOURCE":null,"DCGIS.PLACE_NAMES_PT.CREATED_DATE":1330965979000,"DCGIS.PLACE_NAMES_PT.LAST_EDITED_DATE":1330965979000,"DCGIS.PLACE_NAMES_PT.SE_ANNO_CAD_DATA":null,"DCGIS.PLACE_NAMES_PT.OBJECTID":32434476,"DCGIS.ADDRESSES_PT.OBJECTID":217211530,"DCGIS.ADDRESSES_PT.SE_ANNO_CAD_DATA":null}},{"type":"Feature","id":32434477,"geometry":{"type":"Point","coordinates":[-77.061524271607453,38.919828762124531]},"properties":{"DCGIS.PLACE_NAMES_PT.NAME":"WINSTON CHURCHILL STATUE","DCGIS.ADDRESSES_PT.ADDRESS":null,"DCGIS.ADDRESSES_PT.WARD":"Ward 3","DCGIS.ADDRESSES_PT.SMD":"SMD 3C07","DCGIS.ADDRESSES_PT.ANC":"ANC 3C","MAR.VW_PLACE_NAME_CATEGORIES.CATEGORY":"MONUMENT / PLAZA / STATUE","DCGIS.ADDRESSES_PT.SSL":null,"DCGIS.PLACE_NAMES_PT.STATUS":"ACTIVE","DCGIS.PLACE_NAMES_PT.PLACE_NAME_ID":11683,"DCGIS.PLACE_NAMES_PT.MAR_ID":310227,"DCGIS.PLACE_NAMES_PT.BEFORE_DATE":null,"DCGIS.PLACE_NAMES_PT.BEFORE_DATE_SOURCE":null,"DCGIS.PLACE_NAMES_PT.BEGIN_DATE":null,"DCGIS.PLACE_NAMES_PT.BEGIN_DATE_SOURCE":null,"DCGIS.PLACE_NAMES_PT.FIRST_KNOWN_DATE":null,"DCGIS.PLACE_NAMES_PT.FIRST_KNOWN_DATE_SOURCE":null,"DCGIS.PLACE_NAMES_PT.CREATED_DATE":1330965861000,"DCGIS.PLACE_NAMES_PT.LAST_EDITED_DATE":1330965861000,"DCGIS.PLACE_NAMES_PT.SE_ANNO_CAD_DATA":null,"DCGIS.PLACE_NAMES_PT.OBJECTID":32434477,"DCGIS.ADDRESSES_PT.OBJECTID":217211097,"DCGIS.ADDRESSES_PT.SE_ANNO_CAD_DATA":null}},{"type":"Feature","id":32434478,"geometry":{"type":"Point","coordinates":[-77.022143173204469,38.897620801989483]},"properties":{"DCGIS.PLACE_NAMES_PT.NAME":"LOUIS DAGUERRE STATUE","DCGIS.ADDRESSES_PT.ADDRESS":null,"DCGIS.ADDRESSES_PT.WARD":"Ward 2","DCGIS.ADDRESSES_PT.SMD":"SMD 2C01","DCGIS.ADDRESSES_PT.ANC":"ANC 2C","MAR.VW_PLACE_NAME_CATEGORIES.CATEGORY":"MONUMENT / PLAZA / STATUE","DCGIS.ADDRESSES_PT.SSL":"0429S   0800","DCGIS.PLACE_NAMES_PT.STATUS":"ACTIVE","DCGIS.PLACE_NAMES_PT.PLACE_NAME_ID":11821,"DCGIS.PLACE_NAMES_PT.MAR_ID":310229,"DCGIS.PLACE_NAMES_PT.BEFORE_DATE":null,"DCGIS.PLACE_NAMES_PT.BEFORE_DATE_SOURCE":null,"DCGIS.PLACE_NAMES_PT.BEGIN_DATE":null,"DCGIS.PLACE_NAMES_PT.BEGIN_DATE_SOURCE":null,"DCGIS.PLACE_NAMES_PT.FIRST_KNOWN_DATE":null,"DCGIS.PLACE_NAMES_PT.FIRST_KNOWN_DATE_SOURCE":null,"DCGIS.PLACE_NAMES_PT.CREATED_DATE":1334673641000,"DCGIS.PLACE_NAMES_PT.LAST_EDITED_DATE":1334673641000,"DCGIS.PLACE_NAMES_PT.SE_ANNO_CAD_DATA":null,"DCGIS.PLACE_NAMES_PT.OBJECTID":32434478,"DCGIS.ADDRESSES_PT.OBJECTID":217211539,"DCGIS.ADDRESSES_PT.SE_ANNO_CAD_DATA":null}},{"type":"Feature","id":32434479,"geometry":{"type":"Point","coordinates":[-77.03167368368338,38.895301924933094]},"properties":{"DCGIS.PLACE_NAMES_PT.NAME":"SHEPHERD STATUE","DCGIS.ADDRESSES_PT.ADDRESS":null,"DCGIS.ADDRESSES_PT.WARD":"Ward 2","DCGIS.ADDRESSES_PT.SMD":"SMD 2C03","DCGIS.ADDRESSES_PT.ANC":"ANC 2C","MAR.VW_PLACE_NAME_CATEGORIES.CATEGORY":"MONUMENT / PLAZA / STATUE","DCGIS.ADDRESSES_PT.SSL":null,"DCGIS.PLACE_NAMES_PT.STATUS":"ACTIVE","DCGIS.PLACE_NAMES_PT.PLACE_NAME_ID":11682,"DCGIS.PLACE_NAMES_PT.MAR_ID":310230,"DCGIS.PLACE_NAMES_PT.BEFORE_DATE":null,"DCGIS.PLACE_NAMES_PT.BEFORE_DATE_SOURCE":null,"DCGIS.PLACE_NAMES_PT.BEGIN_DATE":null,"DCGIS.PLACE_NAMES_PT.BEGIN_DATE_SOURCE":null,"DCGIS.PLACE_NAMES_PT.FIRST_KNOWN_DATE":null,"DCGIS.PLACE_NAMES_PT.FIRST_KNOWN_DATE_SOURCE":null,"DCGIS.PLACE_NAMES_PT.CREATED_DATE":1330965820000,"DCGIS.PLACE_NAMES_PT.LAST_EDITED_DATE":1330965820000,"DCGIS.PLACE_NAMES_PT.SE_ANNO_CAD_DATA":null,"DCGIS.PLACE_NAMES_PT.OBJECTID":32434479,"DCGIS.ADDRESSES_PT.OBJECTID":217229123,"DCGIS.ADDRESSES_PT.SE_ANNO_CAD_DATA":null}},{"type":"Feature","id":32434480,"geometry":{"type":"Point","coordinates":[-77.03167368368338,38.895301924933094]},"properties":{"DCGIS.PLACE_NAMES_PT.NAME":"ALEXANDER ROBEY SHEPHERD STATUE","DCGIS.ADDRESSES_PT.ADDRESS":null,"DCGIS.ADDRESSES_PT.WARD":"Ward 2","DCGIS.ADDRESSES_PT.SMD":"SMD 2C03","DCGIS.ADDRESSES_PT.ANC":"ANC 2C","MAR.VW_PLACE_NAME_CATEGORIES.CATEGORY":"MONUMENT / PLAZA / STATUE","DCGIS.ADDRESSES_PT.SSL":null,"DCGIS.PLACE_NAMES_PT.STATUS":"ACTIVE","DCGIS.PLACE_NAMES_PT.PLACE_NAME_ID":11739,"DCGIS.PLACE_NAMES_PT.MAR_ID":310230,"DCGIS.PLACE_NAMES_PT.BEFORE_DATE":null,"DCGIS.PLACE_NAMES_PT.BEFORE_DATE_SOURCE":null,"DCGIS.PLACE_NAMES_PT.BEGIN_DATE":null,"DCGIS.PLACE_NAMES_PT.BEGIN_DATE_SOURCE":null,"DCGIS.PLACE_NAMES_PT.FIRST_KNOWN_DATE":null,"DCGIS.PLACE_NAMES_PT.FIRST_KNOWN_DATE_SOURCE":null,"DCGIS.PLACE_NAMES_PT.CREATED_DATE":1334071146000,"DCGIS.PLACE_NAMES_PT.LAST_EDITED_DATE":1334071146000,"DCGIS.PLACE_NAMES_PT.SE_ANNO_CAD_DATA":null,"DCGIS.PLACE_NAMES_PT.OBJECTID":32434480,"DCGIS.ADDRESSES_PT.OBJECTID":217229123,"DCGIS.ADDRESSES_PT.SE_ANNO_CAD_DATA":null}},{"type":"Feature","id":32434491,"geometry":{"type":"Point","coordinates":[-77.020630379219085,38.915558955497566]},"properties":{"DCGIS.PLACE_NAMES_PT.NAME":"DUKE ELLINGTON STATUE","DCGIS.ADDRESSES_PT.ADDRESS":null,"DCGIS.ADDRESSES_PT.WARD":"Ward 2","DCGIS.ADDRESSES_PT.SMD":"SMD 2G01","DCGIS.ADDRESSES_PT.ANC":"ANC 2G","MAR.VW_PLACE_NAME_CATEGORIES.CATEGORY":"MONUMENT / PLAZA / STATUE","DCGIS.ADDRESSES_PT.SSL":null,"DCGIS.PLACE_NAMES_PT.STATUS":"ACTIVE","DCGIS.PLACE_NAMES_PT.PLACE_NAME_ID":11722,"DCGIS.PLACE_NAMES_PT.MAR_ID":310369,"DCGIS.PLACE_NAMES_PT.BEFORE_DATE":null,"DCGIS.PLACE_NAMES_PT.BEFORE_DATE_SOURCE":null,"DCGIS.PLACE_NAMES_PT.BEGIN_DATE":null,"DCGIS.PLACE_NAMES_PT.BEGIN_DATE_SOURCE":null,"DCGIS.PLACE_NAMES_PT.FIRST_KNOWN_DATE":null,"DCGIS.PLACE_NAMES_PT.FIRST_KNOWN_DATE_SOURCE":null,"DCGIS.PLACE_NAMES_PT.CREATED_DATE":1333551905000,"DCGIS.PLACE_NAMES_PT.LAST_EDITED_DATE":1333551905000,"DCGIS.PLACE_NAMES_PT.SE_ANNO_CAD_DATA":null,"DCGIS.PLACE_NAMES_PT.OBJECTID":32434491,"DCGIS.ADDRESSES_PT.OBJECTID":217211433,"DCGIS.ADDRESSES_PT.SE_ANNO_CAD_DATA":null}},{"type":"Feature","id":32434492,"geometry":{"type":"Point","coordinates":[-77.007354133362298,38.874034939570592]},"properties":{"DCGIS.PLACE_NAMES_PT.NAME":"WALTER JOHNSON STATUE","DCGIS.ADDRESSES_PT.ADDRESS":null,"DCGIS.ADDRESSES_PT.WARD":"Ward 8","DCGIS.ADDRESSES_PT.SMD":"SMD 8F02","DCGIS.ADDRESSES_PT.ANC":"ANC 8F","MAR.VW_PLACE_NAME_CATEGORIES.CATEGORY":"MONUMENT / PLAZA / STATUE","DCGIS.ADDRESSES_PT.SSL":"0705    0804","DCGIS.PLACE_NAMES_PT.STATUS":"ACTIVE","DCGIS.PLACE_NAMES_PT.PLACE_NAME_ID":11723,"DCGIS.PLACE_NAMES_PT.MAR_ID":310372,"DCGIS.PLACE_NAMES_PT.BEFORE_DATE":null,"DCGIS.PLACE_NAMES_PT.BEFORE_DATE_SOURCE":null,"DCGIS.PLACE_NAMES_PT.BEGIN_DATE":null,"DCGIS.PLACE_NAMES_PT.BEGIN_DATE_SOURCE":null,"DCGIS.PLACE_NAMES_PT.FIRST_KNOWN_DATE":null,"DCGIS.PLACE_NAMES_PT.FIRST_KNOWN_DATE_SOURCE":null,"DCGIS.PLACE_NAMES_PT.CREATED_DATE":1334069553000,"DCGIS.PLACE_NAMES_PT.LAST_EDITED_DATE":1334069553000,"DCGIS.PLACE_NAMES_PT.SE_ANNO_CAD_DATA":null,"DCGIS.PLACE_NAMES_PT.OBJECTID":32434492,"DCGIS.ADDRESSES_PT.OBJECTID":217212189,"DCGIS.ADDRESSES_PT.SE_ANNO_CAD_DATA":null}},{"type":"Feature","id":32434493,"geometry":{"type":"Point","coordinates":[-77.00743203775491,38.874055563876212]},"properties":{"DCGIS.PLACE_NAMES_PT.NAME":"FRANK HOWARD STATUE","DCGIS.ADDRESSES_PT.ADDRESS":null,"DCGIS.ADDRESSES_PT.WARD":"Ward 8","DCGIS.ADDRESSES_PT.SMD":"SMD 8F02","DCGIS.ADDRESSES_PT.ANC":"ANC 8F","MAR.VW_PLACE_NAME_CATEGORIES.CATEGORY":"MONUMENT / PLAZA / STATUE","DCGIS.ADDRESSES_PT.SSL":"0705    0804","DCGIS.PLACE_NAMES_PT.STATUS":"ACTIVE","DCGIS.PLACE_NAMES_PT.PLACE_NAME_ID":11724,"DCGIS.PLACE_NAMES_PT.MAR_ID":310373,"DCGIS.PLACE_NAMES_PT.BEFORE_DATE":null,"DCGIS.PLACE_NAMES_PT.BEFORE_DATE_SOURCE":null,"DCGIS.PLACE_NAMES_PT.BEGIN_DATE":null,"DCGIS.PLACE_NAMES_PT.BEGIN_DATE_SOURCE":null,"DCGIS.PLACE_NAMES_PT.FIRST_KNOWN_DATE":null,"DCGIS.PLACE_NAMES_PT.FIRST_KNOWN_DATE_SOURCE":null,"DCGIS.PLACE_NAMES_PT.CREATED_DATE":1334069646000,"DCGIS.PLACE_NAMES_PT.LAST_EDITED_DATE":1334069646000,"DCGIS.PLACE_NAMES_PT.SE_ANNO_CAD_DATA":null,"DCGIS.PLACE_NAMES_PT.OBJECTID":32434493,"DCGIS.ADDRESSES_PT.OBJECTID":217210909,"DCGIS.ADDRESSES_PT.SE_ANNO_CAD_DATA":null}},{"type":"Feature","id":32434494,"geometry":{"type":"Point","coordinates":[-77.007518350170415,38.874033037346599]},"properties":{"DCGIS.PLACE_NAMES_PT.NAME":"JOSH GIBSON STATUE","DCGIS.ADDRESSES_PT.ADDRESS":null,"DCGIS.ADDRESSES_PT.WARD":"Ward 8","DCGIS.ADDRESSES_PT.SMD":"SMD 8F02","DCGIS.ADDRESSES_PT.ANC":"ANC 8F","MAR.VW_PLACE_NAME_CATEGORIES.CATEGORY":"MONUMENT / PLAZA / STATUE","DCGIS.ADDRESSES_PT.SSL":"0705    0804","DCGIS.PLACE_NAMES_PT.STATUS":"ACTIVE","DCGIS.PLACE_NAMES_PT.PLACE_NAME_ID":11725,"DCGIS.PLACE_NAMES_PT.MAR_ID":310374,"DCGIS.PLACE_NAMES_PT.BEFORE_DATE":null,"DCGIS.PLACE_NAMES_PT.BEFORE_DATE_SOURCE":null,"DCGIS.PLACE_NAMES_PT.BEGIN_DATE":null,"DCGIS.PLACE_NAMES_PT.BEGIN_DATE_SOURCE":null,"DCGIS.PLACE_NAMES_PT.FIRST_KNOWN_DATE":null,"DCGIS.PLACE_NAMES_PT.FIRST_KNOWN_DATE_SOURCE":null,"DCGIS.PLACE_NAMES_PT.CREATED_DATE":1334069780000,"DCGIS.PLACE_NAMES_PT.LAST_EDITED_DATE":1334069780000,"DCGIS.PLACE_NAMES_PT.SE_ANNO_CAD_DATA":null,"DCGIS.PLACE_NAMES_PT.OBJECTID":32434494,"DCGIS.ADDRESSES_PT.OBJECTID":217211319,"DCGIS.ADDRESSES_PT.SE_ANNO_CAD_DATA":null}},{"type":"Feature","id":32434495,"geometry":{"type":"Point","coordinates":[-77.040747080106712,38.892538857279668]},"properties":{"DCGIS.PLACE_NAMES_PT.NAME":"CORDELL HULL STATUE","DCGIS.ADDRESSES_PT.ADDRESS":null,"DCGIS.ADDRESSES_PT.WARD":"Ward 2","DCGIS.ADDRESSES_PT.SMD":"SMD 2A01","DCGIS.ADDRESSES_PT.ANC":"ANC 2A","MAR.VW_PLACE_NAME_CATEGORIES.CATEGORY":"MONUMENT / PLAZA / STATUE","DCGIS.ADDRESSES_PT.SSL":"0173S   0800","DCGIS.PLACE_NAMES_PT.STATUS":"ACTIVE","DCGIS.PLACE_NAMES_PT.PLACE_NAME_ID":11732,"DCGIS.PLACE_NAMES_PT.MAR_ID":310375,"DCGIS.PLACE_NAMES_PT.BEFORE_DATE":null,"DCGIS.PLACE_NAMES_PT.BEFORE_DATE_SOURCE":null,"DCGIS.PLACE_NAMES_PT.BEGIN_DATE":null,"DCGIS.PLACE_NAMES_PT.BEGIN_DATE_SOURCE":null,"DCGIS.PLACE_NAMES_PT.FIRST_KNOWN_DATE":null,"DCGIS.PLACE_NAMES_PT.FIRST_KNOWN_DATE_SOURCE":null,"DCGIS.PLACE_NAMES_PT.CREATED_DATE":1334070690000,"DCGIS.PLACE_NAMES_PT.LAST_EDITED_DATE":1334070690000,"DCGIS.PLACE_NAMES_PT.SE_ANNO_CAD_DATA":null,"DCGIS.PLACE_NAMES_PT.OBJECTID":32434495,"DCGIS.ADDRESSES_PT.OBJECTID":217210834,"DCGIS.ADDRESSES_PT.SE_ANNO_CAD_DATA":null}},{"type":"Feature","id":32434496,"geometry":{"type":"Point","coordinates":[-77.036532742797817,38.907258922609955]},"properties":{"DCGIS.PLACE_NAMES_PT.NAME":"WINFIELD SCOTT STATUE ","DCGIS.ADDRESSES_PT.ADDRESS":null,"DCGIS.ADDRESSES_PT.WARD":"Ward 2","DCGIS.ADDRESSES_PT.SMD":"SMD 2B04","DCGIS.ADDRESSES_PT.ANC":"ANC 2B","MAR.VW_PLACE_NAME_CATEGORIES.CATEGORY":"MONUMENT / PLAZA / STATUE","DCGIS.ADDRESSES_PT.SSL":"RES 00630000","DCGIS.PLACE_NAMES_PT.STATUS":"ACTIVE","DCGIS.PLACE_NAMES_PT.PLACE_NAME_ID":11744,"DCGIS.PLACE_NAMES_PT.MAR_ID":310376,"DCGIS.PLACE_NAMES_PT.BEFORE_DATE":null,"DCGIS.PLACE_NAMES_PT.BEFORE_DATE_SOURCE":null,"DCGIS.PLACE_NAMES_PT.BEGIN_DATE":null,"DCGIS.PLACE_NAMES_PT.BEGIN_DATE_SOURCE":null,"DCGIS.PLACE_NAMES_PT.FIRST_KNOWN_DATE":null,"DCGIS.PLACE_NAMES_PT.FIRST_KNOWN_DATE_SOURCE":null,"DCGIS.PLACE_NAMES_PT.CREATED_DATE":1334071563000,"DCGIS.PLACE_NAMES_PT.LAST_EDITED_DATE":1334071563000,"DCGIS.PLACE_NAMES_PT.SE_ANNO_CAD_DATA":null,"DCGIS.PLACE_NAMES_PT.OBJECTID":32434496,"DCGIS.ADDRESSES_PT.OBJECTID":217211170,"DCGIS.ADDRESSES_PT.SE_ANNO_CAD_DATA":null}},{"type":"Feature","id":32434497,"geometry":{"type":"Point","coordinates":[-76.998272806698068,38.886402058750178]},"properties":{"DCGIS.PLACE_NAMES_PT.NAME":"OLIVE RISLEY SEWARD STATUE","DCGIS.ADDRESSES_PT.ADDRESS":null,"DCGIS.ADDRESSES_PT.WARD":"Ward 6","DCGIS.ADDRESSES_PT.SMD":"SMD 6B02","DCGIS.ADDRESSES_PT.ANC":"ANC 6B","MAR.VW_PLACE_NAME_CATEGORIES.CATEGORY":"MONUMENT / PLAZA / STATUE","DCGIS.ADDRESSES_PT.SSL":null,"DCGIS.PLACE_NAMES_PT.STATUS":"ACTIVE","DCGIS.PLACE_NAMES_PT.PLACE_NAME_ID":11745,"DCGIS.PLACE_NAMES_PT.MAR_ID":310377,"DCGIS.PLACE_NAMES_PT.BEFORE_DATE":null,"DCGIS.PLACE_NAMES_PT.BEFORE_DATE_SOURCE":null,"DCGIS.PLACE_NAMES_PT.BEGIN_DATE":null,"DCGIS.PLACE_NAMES_PT.BEGIN_DATE_SOURCE":null,"DCGIS.PLACE_NAMES_PT.FIRST_KNOWN_DATE":null,"DCGIS.PLACE_NAMES_PT.FIRST_KNOWN_DATE_SOURCE":null,"DCGIS.PLACE_NAMES_PT.CREATED_DATE":1334071833000,"DCGIS.PLACE_NAMES_PT.LAST_EDITED_DATE":1334071833000,"DCGIS.PLACE_NAMES_PT.SE_ANNO_CAD_DATA":null,"DCGIS.PLACE_NAMES_PT.OBJECTID":32434497,"DCGIS.ADDRESSES_PT.OBJECTID":217211171,"DCGIS.ADDRESSES_PT.SE_ANNO_CAD_DATA":null}},{"type":"Feature","id":32434498,"geometry":{"type":"Point","coordinates":[-77.038917414670138,38.879463632535945]},"properties":{"DCGIS.PLACE_NAMES_PT.NAME":"GEORGE MASON STATUE","DCGIS.ADDRESSES_PT.ADDRESS":null,"DCGIS.ADDRESSES_PT.WARD":"Ward 2","DCGIS.ADDRESSES_PT.SMD":"SMD 2A01","DCGIS.ADDRESSES_PT.ANC":"ANC 2A","MAR.VW_PLACE_NAME_CATEGORIES.CATEGORY":"MONUMENT / PLAZA / STATUE","DCGIS.ADDRESSES_PT.SSL":"PAR 03160005","DCGIS.PLACE_NAMES_PT.STATUS":"ACTIVE","DCGIS.PLACE_NAMES_PT.PLACE_NAME_ID":11747,"DCGIS.PLACE_NAMES_PT.MAR_ID":310378,"DCGIS.PLACE_NAMES_PT.BEFORE_DATE":null,"DCGIS.PLACE_NAMES_PT.BEFORE_DATE_SOURCE":null,"DCGIS.PLACE_NAMES_PT.BEGIN_DATE":null,"DCGIS.PLACE_NAMES_PT.BEGIN_DATE_SOURCE":null,"DCGIS.PLACE_NAMES_PT.FIRST_KNOWN_DATE":null,"DCGIS.PLACE_NAMES_PT.FIRST_KNOWN_DATE_SOURCE":null,"DCGIS.PLACE_NAMES_PT.CREATED_DATE":1334072085000,"DCGIS.PLACE_NAMES_PT.LAST_EDITED_DATE":1334072085000,"DCGIS.PLACE_NAMES_PT.SE_ANNO_CAD_DATA":null,"DCGIS.PLACE_NAMES_PT.OBJECTID":32434498,"DCGIS.ADDRESSES_PT.OBJECTID":217211320,"DCGIS.ADDRESSES_PT.SE_ANNO_CAD_DATA":null}},{"type":"Feature","id":32434499,"geometry":{"type":"Point","coordinates":[-77.0486245972738,38.899769202593461]},"properties":{"DCGIS.PLACE_NAMES_PT.NAME":"ALEXANDER PUSHKIN STATUE","DCGIS.ADDRESSES_PT.ADDRESS":null,"DCGIS.ADDRESSES_PT.WARD":"Ward 2","DCGIS.ADDRESSES_PT.SMD":"SMD 2A08","DCGIS.ADDRESSES_PT.ANC":"ANC 2A","MAR.VW_PLACE_NAME_CATEGORIES.CATEGORY":"MONUMENT / PLAZA / STATUE","DCGIS.ADDRESSES_PT.SSL":"0077    0059","DCGIS.PLACE_NAMES_PT.STATUS":"ACTIVE","DCGIS.PLACE_NAMES_PT.PLACE_NAME_ID":11748,"DCGIS.PLACE_NAMES_PT.MAR_ID":310379,"DCGIS.PLACE_NAMES_PT.BEFORE_DATE":null,"DCGIS.PLACE_NAMES_PT.BEFORE_DATE_SOURCE":null,"DCGIS.PLACE_NAMES_PT.BEGIN_DATE":null,"DCGIS.PLACE_NAMES_PT.BEGIN_DATE_SOURCE":null,"DCGIS.PLACE_NAMES_PT.FIRST_KNOWN_DATE":null,"DCGIS.PLACE_NAMES_PT.FIRST_KNOWN_DATE_SOURCE":null,"DCGIS.PLACE_NAMES_PT.CREATED_DATE":1334072679000,"DCGIS.PLACE_NAMES_PT.LAST_EDITED_DATE":1334072679000,"DCGIS.PLACE_NAMES_PT.SE_ANNO_CAD_DATA":null,"DCGIS.PLACE_NAMES_PT.OBJECTID":32434499,"DCGIS.ADDRESSES_PT.OBJECTID":217210910,"DCGIS.ADDRESSES_PT.SE_ANNO_CAD_DATA":null}},{"type":"Feature","id":32434500,"geometry":{"type":"Point","coordinates":[-77.090421710239866,38.940721875744472]},"properties":{"DCGIS.PLACE_NAMES_PT.NAME":"JOHN WESLEY STATUE","DCGIS.ADDRESSES_PT.ADDRESS":null,"DCGIS.ADDRESSES_PT.WARD":"Ward 3","DCGIS.ADDRESSES_PT.SMD":"SMD 3E07","DCGIS.ADDRESSES_PT.ANC":"ANC 3E","MAR.VW_PLACE_NAME_CATEGORIES.CATEGORY":"MONUMENT / PLAZA / STATUE","DCGIS.ADDRESSES_PT.SSL":"1600    0818","DCGIS.PLACE_NAMES_PT.STATUS":"ACTIVE","DCGIS.PLACE_NAMES_PT.PLACE_NAME_ID":11750,"DCGIS.PLACE_NAMES_PT.MAR_ID":310380,"DCGIS.PLACE_NAMES_PT.BEFORE_DATE":null,"DCGIS.PLACE_NAMES_PT.BEFORE_DATE_SOURCE":null,"DCGIS.PLACE_NAMES_PT.BEGIN_DATE":null,"DCGIS.PLACE_NAMES_PT.BEGIN_DATE_SOURCE":null,"DCGIS.PLACE_NAMES_PT.FIRST_KNOWN_DATE":null,"DCGIS.PLACE_NAMES_PT.FIRST_KNOWN_DATE_SOURCE":null,"DCGIS.PLACE_NAMES_PT.CREATED_DATE":1334073103000,"DCGIS.PLACE_NAMES_PT.LAST_EDITED_DATE":1334073103000,"DCGIS.PLACE_NAMES_PT.SE_ANNO_CAD_DATA":null,"DCGIS.PLACE_NAMES_PT.OBJECTID":32434500,"DCGIS.ADDRESSES_PT.OBJECTID":217210911,"DCGIS.ADDRESSES_PT.SE_ANNO_CAD_DATA":null}},{"type":"Feature","id":32434501,"geometry":{"type":"Point","coordinates":[-77.045789696595833,38.899392897825074]},"properties":{"DCGIS.PLACE_NAMES_PT.NAME":"GEORGE WASHINGTON STATUE","DCGIS.ADDRESSES_PT.ADDRESS":null,"DCGIS.ADDRESSES_PT.WARD":"Ward 2","DCGIS.ADDRESSES_PT.SMD":"SMD 2A07","DCGIS.ADDRESSES_PT.ANC":"ANC 2A","MAR.VW_PLACE_NAME_CATEGORIES.CATEGORY":"MONUMENT / PLAZA / STATUE","DCGIS.ADDRESSES_PT.SSL":"0102    0839","DCGIS.PLACE_NAMES_PT.STATUS":"ACTIVE","DCGIS.PLACE_NAMES_PT.PLACE_NAME_ID":11751,"DCGIS.PLACE_NAMES_PT.MAR_ID":310381,"DCGIS.PLACE_NAMES_PT.BEFORE_DATE":null,"DCGIS.PLACE_NAMES_PT.BEFORE_DATE_SOURCE":null,"DCGIS.PLACE_NAMES_PT.BEGIN_DATE":null,"DCGIS.PLACE_NAMES_PT.BEGIN_DATE_SOURCE":null,"DCGIS.PLACE_NAMES_PT.FIRST_KNOWN_DATE":null,"DCGIS.PLACE_NAMES_PT.FIRST_KNOWN_DATE_SOURCE":null,"DCGIS.PLACE_NAMES_PT.CREATED_DATE":1334073379000,"DCGIS.PLACE_NAMES_PT.LAST_EDITED_DATE":1334073379000,"DCGIS.PLACE_NAMES_PT.SE_ANNO_CAD_DATA":null,"DCGIS.PLACE_NAMES_PT.OBJECTID":32434501,"DCGIS.ADDRESSES_PT.OBJECTID":217210265,"DCGIS.ADDRESSES_PT.SE_ANNO_CAD_DATA":null}},{"type":"Feature","id":32434502,"geometry":{"type":"Point","coordinates":[-76.985180327523409,38.936822348717925]},"properties":{"DCGIS.PLACE_NAMES_PT.NAME":"SAINT BERNADETTE STATUE","DCGIS.ADDRESSES_PT.ADDRESS":null,"DCGIS.ADDRESSES_PT.WARD":"Ward 5","DCGIS.ADDRESSES_PT.SMD":"SMD 5B02","DCGIS.ADDRESSES_PT.ANC":"ANC 5B","MAR.VW_PLACE_NAME_CATEGORIES.CATEGORY":"MONUMENT / PLAZA / STATUE","DCGIS.ADDRESSES_PT.SSL":"PAR 01460072","DCGIS.PLACE_NAMES_PT.STATUS":"ACTIVE","DCGIS.PLACE_NAMES_PT.PLACE_NAME_ID":11761,"DCGIS.PLACE_NAMES_PT.MAR_ID":310382,"DCGIS.PLACE_NAMES_PT.BEFORE_DATE":null,"DCGIS.PLACE_NAMES_PT.BEFORE_DATE_SOURCE":null,"DCGIS.PLACE_NAMES_PT.BEGIN_DATE":null,"DCGIS.PLACE_NAMES_PT.BEGIN_DATE_SOURCE":null,"DCGIS.PLACE_NAMES_PT.FIRST_KNOWN_DATE":null,"DCGIS.PLACE_NAMES_PT.FIRST_KNOWN_DATE_SOURCE":null,"DCGIS.PLACE_NAMES_PT.CREATED_DATE":1334078369000,"DCGIS.PLACE_NAMES_PT.LAST_EDITED_DATE":1334078369000,"DCGIS.PLACE_NAMES_PT.SE_ANNO_CAD_DATA":null,"DCGIS.PLACE_NAMES_PT.OBJECTID":32434502,"DCGIS.ADDRESSES_PT.OBJECTID":217230591,"DCGIS.ADDRESSES_PT.SE_ANNO_CAD_DATA":null}},{"type":"Feature","id":32434503,"geometry":{"type":"Point","coordinates":[-77.004393989758327,38.938066800802147]},"properties":{"DCGIS.PLACE_NAMES_PT.NAME":"JOHN PAUL II STATUE","DCGIS.ADDRESSES_PT.ADDRESS":null,"DCGIS.ADDRESSES_PT.WARD":"Ward 5","DCGIS.ADDRESSES_PT.SMD":"SMD 5A05","DCGIS.ADDRESSES_PT.ANC":"ANC 5A","MAR.VW_PLACE_NAME_CATEGORIES.CATEGORY":"MONUMENT / PLAZA / STATUE","DCGIS.ADDRESSES_PT.SSL":"3663    0004","DCGIS.PLACE_NAMES_PT.STATUS":"ACTIVE","DCGIS.PLACE_NAMES_PT.PLACE_NAME_ID":11766,"DCGIS.PLACE_NAMES_PT.MAR_ID":310384,"DCGIS.PLACE_NAMES_PT.BEFORE_DATE":null,"DCGIS.PLACE_NAMES_PT.BEFORE_DATE_SOURCE":null,"DCGIS.PLACE_NAMES_PT.BEGIN_DATE":null,"DCGIS.PLACE_NAMES_PT.BEGIN_DATE_SOURCE":null,"DCGIS.PLACE_NAMES_PT.FIRST_KNOWN_DATE":null,"DCGIS.PLACE_NAMES_PT.FIRST_KNOWN_DATE_SOURCE":null,"DCGIS.PLACE_NAMES_PT.CREATED_DATE":1334132572000,"DCGIS.PLACE_NAMES_PT.LAST_EDITED_DATE":1334132572000,"DCGIS.PLACE_NAMES_PT.SE_ANNO_CAD_DATA":null,"DCGIS.PLACE_NAMES_PT.OBJECTID":32434503,"DCGIS.ADDRESSES_PT.OBJECTID":217118709,"DCGIS.ADDRESSES_PT.SE_ANNO_CAD_DATA":null}},{"type":"Feature","id":32434504,"geometry":{"type":"Point","coordinates":[-77.004393989758327,38.938066800802147]},"properties":{"DCGIS.PLACE_NAMES_PT.NAME":"POPE JOHN PAUL II STATUE","DCGIS.ADDRESSES_PT.ADDRESS":null,"DCGIS.ADDRESSES_PT.WARD":"Ward 5","DCGIS.ADDRESSES_PT.SMD":"SMD 5A05","DCGIS.ADDRESSES_PT.ANC":"ANC 5A","MAR.VW_PLACE_NAME_CATEGORIES.CATEGORY":"MONUMENT / PLAZA / STATUE","DCGIS.ADDRESSES_PT.SSL":"3663    0004","DCGIS.PLACE_NAMES_PT.STATUS":"ACTIVE","DCGIS.PLACE_NAMES_PT.PLACE_NAME_ID":11765,"DCGIS.PLACE_NAMES_PT.MAR_ID":310384,"DCGIS.PLACE_NAMES_PT.BEFORE_DATE":null,"DCGIS.PLACE_NAMES_PT.BEFORE_DATE_SOURCE":null,"DCGIS.PLACE_NAMES_PT.BEGIN_DATE":null,"DCGIS.PLACE_NAMES_PT.BEGIN_DATE_SOURCE":null,"DCGIS.PLACE_NAMES_PT.FIRST_KNOWN_DATE":null,"DCGIS.PLACE_NAMES_PT.FIRST_KNOWN_DATE_SOURCE":null,"DCGIS.PLACE_NAMES_PT.CREATED_DATE":1334132570000,"DCGIS.PLACE_NAMES_PT.LAST_EDITED_DATE":1334132570000,"DCGIS.PLACE_NAMES_PT.SE_ANNO_CAD_DATA":null,"DCGIS.PLACE_NAMES_PT.OBJECTID":32434504,"DCGIS.ADDRESSES_PT.OBJECTID":217118709,"DCGIS.ADDRESSES_PT.SE_ANNO_CAD_DATA":null}},{"type":"Feature","id":32434505,"geometry":{"type":"Point","coordinates":[-77.040780965604114,38.894951827771209]},"properties":{"DCGIS.PLACE_NAMES_PT.NAME":"JANE DELANO STATUE","DCGIS.ADDRESSES_PT.ADDRESS":null,"DCGIS.ADDRESSES_PT.WARD":"Ward 2","DCGIS.ADDRESSES_PT.SMD":"SMD 2A01","DCGIS.ADDRESSES_PT.ANC":"ANC 2A","MAR.VW_PLACE_NAME_CATEGORIES.CATEGORY":"MONUMENT / PLAZA / STATUE","DCGIS.ADDRESSES_PT.SSL":"0172    0800","DCGIS.PLACE_NAMES_PT.STATUS":"ACTIVE","DCGIS.PLACE_NAMES_PT.PLACE_NAME_ID":11778,"DCGIS.PLACE_NAMES_PT.MAR_ID":310385,"DCGIS.PLACE_NAMES_PT.BEFORE_DATE":null,"DCGIS.PLACE_NAMES_PT.BEFORE_DATE_SOURCE":null,"DCGIS.PLACE_NAMES_PT.BEGIN_DATE":null,"DCGIS.PLACE_NAMES_PT.BEGIN_DATE_SOURCE":null,"DCGIS.PLACE_NAMES_PT.FIRST_KNOWN_DATE":null,"DCGIS.PLACE_NAMES_PT.FIRST_KNOWN_DATE_SOURCE":null,"DCGIS.PLACE_NAMES_PT.CREATED_DATE":1334136645000,"DCGIS.PLACE_NAMES_PT.LAST_EDITED_DATE":1334136645000,"DCGIS.PLACE_NAMES_PT.SE_ANNO_CAD_DATA":null,"DCGIS.PLACE_NAMES_PT.OBJECTID":32434505,"DCGIS.ADDRESSES_PT.OBJECTID":217204360,"DCGIS.ADDRESSES_PT.SE_ANNO_CAD_DATA":null}},{"type":"Feature","id":32434508,"geometry":{"type":"Point","coordinates":[-76.985650606147559,38.937239671788682]},"properties":{"DCGIS.PLACE_NAMES_PT.NAME":"SAINT CHRISTOPHER STATUE","DCGIS.ADDRESSES_PT.ADDRESS":null,"DCGIS.ADDRESSES_PT.WARD":"Ward 5","DCGIS.ADDRESSES_PT.SMD":"SMD 5B02","DCGIS.ADDRESSES_PT.ANC":"ANC 5B","MAR.VW_PLACE_NAME_CATEGORIES.CATEGORY":"MONUMENT / PLAZA / STATUE","DCGIS.ADDRESSES_PT.SSL":"PAR 01460072","DCGIS.PLACE_NAMES_PT.STATUS":"ACTIVE","DCGIS.PLACE_NAMES_PT.PLACE_NAME_ID":11801,"DCGIS.PLACE_NAMES_PT.MAR_ID":310388,"DCGIS.PLACE_NAMES_PT.BEFORE_DATE":null,"DCGIS.PLACE_NAMES_PT.BEFORE_DATE_SOURCE":null,"DCGIS.PLACE_NAMES_PT.BEGIN_DATE":null,"DCGIS.PLACE_NAMES_PT.BEGIN_DATE_SOURCE":null,"DCGIS.PLACE_NAMES_PT.FIRST_KNOWN_DATE":null,"DCGIS.PLACE_NAMES_PT.FIRST_KNOWN_DATE_SOURCE":null,"DCGIS.PLACE_NAMES_PT.CREATED_DATE":1334232346000,"DCGIS.PLACE_NAMES_PT.LAST_EDITED_DATE":1334232346000,"DCGIS.PLACE_NAMES_PT.SE_ANNO_CAD_DATA":null,"DCGIS.PLACE_NAMES_PT.OBJECTID":32434508,"DCGIS.ADDRESSES_PT.OBJECTID":217210266,"DCGIS.ADDRESSES_PT.SE_ANNO_CAD_DATA":null}},{"type":"Feature","id":32434509,"geometry":{"type":"Point","coordinates":[-76.985691735092104,38.937479928143162]},"properties":{"DCGIS.PLACE_NAMES_PT.NAME":"SAINT FRANCIS OF ASSISI STATUE","DCGIS.ADDRESSES_PT.ADDRESS":null,"DCGIS.ADDRESSES_PT.WARD":"Ward 5","DCGIS.ADDRESSES_PT.SMD":"SMD 5B02","DCGIS.ADDRESSES_PT.ANC":"ANC 5B","MAR.VW_PLACE_NAME_CATEGORIES.CATEGORY":"MONUMENT / PLAZA / STATUE","DCGIS.ADDRESSES_PT.SSL":"PAR 01460072","DCGIS.PLACE_NAMES_PT.STATUS":"ACTIVE","DCGIS.PLACE_NAMES_PT.PLACE_NAME_ID":11803,"DCGIS.PLACE_NAMES_PT.MAR_ID":310389,"DCGIS.PLACE_NAMES_PT.BEFORE_DATE":null,"DCGIS.PLACE_NAMES_PT.BEFORE_DATE_SOURCE":null,"DCGIS.PLACE_NAMES_PT.BEGIN_DATE":null,"DCGIS.PLACE_NAMES_PT.BEGIN_DATE_SOURCE":null,"DCGIS.PLACE_NAMES_PT.FIRST_KNOWN_DATE":null,"DCGIS.PLACE_NAMES_PT.FIRST_KNOWN_DATE_SOURCE":null,"DCGIS.PLACE_NAMES_PT.CREATED_DATE":1334232602000,"DCGIS.PLACE_NAMES_PT.LAST_EDITED_DATE":1334232602000,"DCGIS.PLACE_NAMES_PT.SE_ANNO_CAD_DATA":null,"DCGIS.PLACE_NAMES_PT.OBJECTID":32434509,"DCGIS.ADDRESSES_PT.OBJECTID":217211124,"DCGIS.ADDRESSES_PT.SE_ANNO_CAD_DATA":null}},{"type":"Feature","id":32434510,"geometry":{"type":"Point","coordinates":[-77.052265909425671,38.913495095919814]},"properties":{"DCGIS.PLACE_NAMES_PT.NAME":"SAINT JEROME STATUE","DCGIS.ADDRESSES_PT.ADDRESS":null,"DCGIS.ADDRESSES_PT.WARD":"Ward 2","DCGIS.ADDRESSES_PT.SMD":"SMD 2D02","DCGIS.ADDRESSES_PT.ANC":"ANC 2D","MAR.VW_PLACE_NAME_CATEGORIES.CATEGORY":"MONUMENT / PLAZA / STATUE","DCGIS.ADDRESSES_PT.SSL":null,"DCGIS.PLACE_NAMES_PT.STATUS":"ACTIVE","DCGIS.PLACE_NAMES_PT.PLACE_NAME_ID":11804,"DCGIS.PLACE_NAMES_PT.MAR_ID":310390,"DCGIS.PLACE_NAMES_PT.BEFORE_DATE":null,"DCGIS.PLACE_NAMES_PT.BEFORE_DATE_SOURCE":null,"DCGIS.PLACE_NAMES_PT.BEGIN_DATE":null,"DCGIS.PLACE_NAMES_PT.BEGIN_DATE_SOURCE":null,"DCGIS.PLACE_NAMES_PT.FIRST_KNOWN_DATE":null,"DCGIS.PLACE_NAMES_PT.FIRST_KNOWN_DATE_SOURCE":null,"DCGIS.PLACE_NAMES_PT.CREATED_DATE":1334233410000,"DCGIS.PLACE_NAMES_PT.LAST_EDITED_DATE":1334233410000,"DCGIS.PLACE_NAMES_PT.SE_ANNO_CAD_DATA":null,"DCGIS.PLACE_NAMES_PT.OBJECTID":32434510,"DCGIS.ADDRESSES_PT.OBJECTID":217210267,"DCGIS.ADDRESSES_PT.SE_ANNO_CAD_DATA":null}},{"type":"Feature","id":32434511,"geometry":{"type":"Point","coordinates":[-77.02962868360035,38.909654755672506]},"properties":{"DCGIS.PLACE_NAMES_PT.NAME":"JOHN LOGAN STATUE","DCGIS.ADDRESSES_PT.ADDRESS":null,"DCGIS.ADDRESSES_PT.WARD":"Ward 2","DCGIS.ADDRESSES_PT.SMD":"SMD 2F07","DCGIS.ADDRESSES_PT.ANC":"ANC 2F","MAR.VW_PLACE_NAME_CATEGORIES.CATEGORY":"MONUMENT / PLAZA / STATUE","DCGIS.ADDRESSES_PT.SSL":"RES 01530000","DCGIS.PLACE_NAMES_PT.STATUS":"ACTIVE","DCGIS.PLACE_NAMES_PT.PLACE_NAME_ID":11808,"DCGIS.PLACE_NAMES_PT.MAR_ID":310391,"DCGIS.PLACE_NAMES_PT.BEFORE_DATE":null,"DCGIS.PLACE_NAMES_PT.BEFORE_DATE_SOURCE":null,"DCGIS.PLACE_NAMES_PT.BEGIN_DATE":null,"DCGIS.PLACE_NAMES_PT.BEGIN_DATE_SOURCE":null,"DCGIS.PLACE_NAMES_PT.FIRST_KNOWN_DATE":null,"DCGIS.PLACE_NAMES_PT.FIRST_KNOWN_DATE_SOURCE":null,"DCGIS.PLACE_NAMES_PT.CREATED_DATE":1334234142000,"DCGIS.PLACE_NAMES_PT.LAST_EDITED_DATE":1334234142000,"DCGIS.PLACE_NAMES_PT.SE_ANNO_CAD_DATA":null,"DCGIS.PLACE_NAMES_PT.OBJECTID":32434511,"DCGIS.ADDRESSES_PT.OBJECTID":217211059,"DCGIS.ADDRESSES_PT.SE_ANNO_CAD_DATA":null}},{"type":"Feature","id":32434512,"geometry":{"type":"Point","coordinates":[-77.02962868360035,38.909654755672506]},"properties":{"DCGIS.PLACE_NAMES_PT.NAME":"JOHN A LOGAN STATUE","DCGIS.ADDRESSES_PT.ADDRESS":null,"DCGIS.ADDRESSES_PT.WARD":"Ward 2","DCGIS.ADDRESSES_PT.SMD":"SMD 2F07","DCGIS.ADDRESSES_PT.ANC":"ANC 2F","MAR.VW_PLACE_NAME_CATEGORIES.CATEGORY":"MONUMENT / PLAZA / STATUE","DCGIS.ADDRESSES_PT.SSL":"RES 01530000","DCGIS.PLACE_NAMES_PT.STATUS":"ACTIVE","DCGIS.PLACE_NAMES_PT.PLACE_NAME_ID":11807,"DCGIS.PLACE_NAMES_PT.MAR_ID":310391,"DCGIS.PLACE_NAMES_PT.BEFORE_DATE":null,"DCGIS.PLACE_NAMES_PT.BEFORE_DATE_SOURCE":null,"DCGIS.PLACE_NAMES_PT.BEGIN_DATE":null,"DCGIS.PLACE_NAMES_PT.BEGIN_DATE_SOURCE":null,"DCGIS.PLACE_NAMES_PT.FIRST_KNOWN_DATE":null,"DCGIS.PLACE_NAMES_PT.FIRST_KNOWN_DATE_SOURCE":null,"DCGIS.PLACE_NAMES_PT.CREATED_DATE":1334234142000,"DCGIS.PLACE_NAMES_PT.LAST_EDITED_DATE":1334234142000,"DCGIS.PLACE_NAMES_PT.SE_ANNO_CAD_DATA":null,"DCGIS.PLACE_NAMES_PT.OBJECTID":32434512,"DCGIS.ADDRESSES_PT.OBJECTID":217211059,"DCGIS.ADDRESSES_PT.SE_ANNO_CAD_DATA":null}},{"type":"Feature","id":32434513,"geometry":{"type":"Point","coordinates":[-77.059453464572712,38.904201981186205]},"properties":{"DCGIS.PLACE_NAMES_PT.NAME":"WILLIAM O. DOUGLAS STATUE","DCGIS.ADDRESSES_PT.ADDRESS":null,"DCGIS.ADDRESSES_PT.WARD":"Ward 2","DCGIS.ADDRESSES_PT.SMD":"SMD 2E05","DCGIS.ADDRESSES_PT.ANC":"ANC 2E","MAR.VW_PLACE_NAME_CATEGORIES.CATEGORY":"MONUMENT / PLAZA / STATUE","DCGIS.ADDRESSES_PT.SSL":"1197    0851","DCGIS.PLACE_NAMES_PT.STATUS":"ACTIVE","DCGIS.PLACE_NAMES_PT.PLACE_NAME_ID":11813,"DCGIS.PLACE_NAMES_PT.MAR_ID":310392,"DCGIS.PLACE_NAMES_PT.BEFORE_DATE":null,"DCGIS.PLACE_NAMES_PT.BEFORE_DATE_SOURCE":null,"DCGIS.PLACE_NAMES_PT.BEGIN_DATE":null,"DCGIS.PLACE_NAMES_PT.BEGIN_DATE_SOURCE":null,"DCGIS.PLACE_NAMES_PT.FIRST_KNOWN_DATE":null,"DCGIS.PLACE_NAMES_PT.FIRST_KNOWN_DATE_SOURCE":null,"DCGIS.PLACE_NAMES_PT.CREATED_DATE":1334653078000,"DCGIS.PLACE_NAMES_PT.LAST_EDITED_DATE":1334653078000,"DCGIS.PLACE_NAMES_PT.SE_ANNO_CAD_DATA":null,"DCGIS.PLACE_NAMES_PT.OBJECTID":32434513,"DCGIS.ADDRESSES_PT.OBJECTID":217212231,"DCGIS.ADDRESSES_PT.SE_ANNO_CAD_DATA":null}},{"type":"Feature","id":32434514,"geometry":{"type":"Point","coordinates":[-77.059453464572712,38.904201981186205]},"properties":{"DCGIS.PLACE_NAMES_PT.NAME":"SUPREME COURT JUSTICE WILLIAM O. DOUGAS STATUE","DCGIS.ADDRESSES_PT.ADDRESS":null,"DCGIS.ADDRESSES_PT.WARD":"Ward 2","DCGIS.ADDRESSES_PT.SMD":"SMD 2E05","DCGIS.ADDRESSES_PT.ANC":"ANC 2E","MAR.VW_PLACE_NAME_CATEGORIES.CATEGORY":"MONUMENT / PLAZA / STATUE","DCGIS.ADDRESSES_PT.SSL":"1197    0851","DCGIS.PLACE_NAMES_PT.STATUS":"ACTIVE","DCGIS.PLACE_NAMES_PT.PLACE_NAME_ID":11814,"DCGIS.PLACE_NAMES_PT.MAR_ID":310392,"DCGIS.PLACE_NAMES_PT.BEFORE_DATE":null,"DCGIS.PLACE_NAMES_PT.BEFORE_DATE_SOURCE":null,"DCGIS.PLACE_NAMES_PT.BEGIN_DATE":null,"DCGIS.PLACE_NAMES_PT.BEGIN_DATE_SOURCE":null,"DCGIS.PLACE_NAMES_PT.FIRST_KNOWN_DATE":null,"DCGIS.PLACE_NAMES_PT.FIRST_KNOWN_DATE_SOURCE":null,"DCGIS.PLACE_NAMES_PT.CREATED_DATE":1334653079000,"DCGIS.PLACE_NAMES_PT.LAST_EDITED_DATE":1334653079000,"DCGIS.PLACE_NAMES_PT.SE_ANNO_CAD_DATA":null,"DCGIS.PLACE_NAMES_PT.OBJECTID":32434514,"DCGIS.ADDRESSES_PT.OBJECTID":217212231,"DCGIS.ADDRESSES_PT.SE_ANNO_CAD_DATA":null}},{"type":"Feature","id":32434515,"geometry":{"type":"Point","coordinates":[-77.040773191279385,38.892442458574429]},"properties":{"DCGIS.PLACE_NAMES_PT.NAME":"SOR JUANA INES DE LA CRUZ STATUE","DCGIS.ADDRESSES_PT.ADDRESS":null,"DCGIS.ADDRESSES_PT.WARD":"Ward 2","DCGIS.ADDRESSES_PT.SMD":"SMD 2A01","DCGIS.ADDRESSES_PT.ANC":"ANC 2A","MAR.VW_PLACE_NAME_CATEGORIES.CATEGORY":"MONUMENT / PLAZA / STATUE","DCGIS.ADDRESSES_PT.SSL":"0173S   0800","DCGIS.PLACE_NAMES_PT.STATUS":"ACTIVE","DCGIS.PLACE_NAMES_PT.PLACE_NAME_ID":11820,"DCGIS.PLACE_NAMES_PT.MAR_ID":310394,"DCGIS.PLACE_NAMES_PT.BEFORE_DATE":null,"DCGIS.PLACE_NAMES_PT.BEFORE_DATE_SOURCE":null,"DCGIS.PLACE_NAMES_PT.BEGIN_DATE":null,"DCGIS.PLACE_NAMES_PT.BEGIN_DATE_SOURCE":null,"DCGIS.PLACE_NAMES_PT.FIRST_KNOWN_DATE":null,"DCGIS.PLACE_NAMES_PT.FIRST_KNOWN_DATE_SOURCE":null,"DCGIS.PLACE_NAMES_PT.CREATED_DATE":1334673587000,"DCGIS.PLACE_NAMES_PT.LAST_EDITED_DATE":1334673587000,"DCGIS.PLACE_NAMES_PT.SE_ANNO_CAD_DATA":null,"DCGIS.PLACE_NAMES_PT.OBJECTID":32434515,"DCGIS.ADDRESSES_PT.OBJECTID":217212232,"DCGIS.ADDRESSES_PT.SE_ANNO_CAD_DATA":null}},{"type":"Feature","id":32434516,"geometry":{"type":"Point","coordinates":[-77.053516711793307,38.939906737050066]},"properties":{"DCGIS.PLACE_NAMES_PT.NAME":"MICHAEL KOVATS DE FABRICY STATUE","DCGIS.ADDRESSES_PT.ADDRESS":null,"DCGIS.ADDRESSES_PT.WARD":"Ward 3","DCGIS.ADDRESSES_PT.SMD":"SMD 3C04","DCGIS.ADDRESSES_PT.ANC":"ANC 3C","MAR.VW_PLACE_NAME_CATEGORIES.CATEGORY":"MONUMENT / PLAZA / STATUE","DCGIS.ADDRESSES_PT.SSL":"2231    0006","DCGIS.PLACE_NAMES_PT.STATUS":"ACTIVE","DCGIS.PLACE_NAMES_PT.PLACE_NAME_ID":11822,"DCGIS.PLACE_NAMES_PT.MAR_ID":310395,"DCGIS.PLACE_NAMES_PT.BEFORE_DATE":null,"DCGIS.PLACE_NAMES_PT.BEFORE_DATE_SOURCE":null,"DCGIS.PLACE_NAMES_PT.BEGIN_DATE":null,"DCGIS.PLACE_NAMES_PT.BEGIN_DATE_SOURCE":null,"DCGIS.PLACE_NAMES_PT.FIRST_KNOWN_DATE":null,"DCGIS.PLACE_NAMES_PT.FIRST_KNOWN_DATE_SOURCE":null,"DCGIS.PLACE_NAMES_PT.CREATED_DATE":1334674195000,"DCGIS.PLACE_NAMES_PT.LAST_EDITED_DATE":1334674195000,"DCGIS.PLACE_NAMES_PT.SE_ANNO_CAD_DATA":null,"DCGIS.PLACE_NAMES_PT.OBJECTID":32434516,"DCGIS.ADDRESSES_PT.OBJECTID":217211025,"DCGIS.ADDRESSES_PT.SE_ANNO_CAD_DATA":null}},{"type":"Feature","id":32434517,"geometry":{"type":"Point","coordinates":[-77.040502002684974,38.893733092334024]},"properties":{"DCGIS.PLACE_NAMES_PT.NAME":"FOUNDERS OF THE DAUGHTERS OF THE AMERICAN REVOLUTION MEMORIAL","DCGIS.ADDRESSES_PT.ADDRESS":null,"DCGIS.ADDRESSES_PT.WARD":"Ward 2","DCGIS.ADDRESSES_PT.SMD":"SMD 2A01","DCGIS.ADDRESSES_PT.ANC":"ANC 2A","MAR.VW_PLACE_NAME_CATEGORIES.CATEGORY":"MONUMENT / PLAZA / STATUE","DCGIS.ADDRESSES_PT.SSL":"0173    0809","DCGIS.PLACE_NAMES_PT.STATUS":"ACTIVE","DCGIS.PLACE_NAMES_PT.PLACE_NAME_ID":11823,"DCGIS.PLACE_NAMES_PT.MAR_ID":310396,"DCGIS.PLACE_NAMES_PT.BEFORE_DATE":null,"DCGIS.PLACE_NAMES_PT.BEFORE_DATE_SOURCE":null,"DCGIS.PLACE_NAMES_PT.BEGIN_DATE":null,"DCGIS.PLACE_NAMES_PT.BEGIN_DATE_SOURCE":null,"DCGIS.PLACE_NAMES_PT.FIRST_KNOWN_DATE":null,"DCGIS.PLACE_NAMES_PT.FIRST_KNOWN_DATE_SOURCE":null,"DCGIS.PLACE_NAMES_PT.CREATED_DATE":1334674517000,"DCGIS.PLACE_NAMES_PT.LAST_EDITED_DATE":1334674517000,"DCGIS.PLACE_NAMES_PT.SE_ANNO_CAD_DATA":null,"DCGIS.PLACE_NAMES_PT.OBJECTID":32434517,"DCGIS.ADDRESSES_PT.OBJECTID":217211141,"DCGIS.ADDRESSES_PT.SE_ANNO_CAD_DATA":null}},{"type":"Feature","id":32434518,"geometry":{"type":"Point","coordinates":[-77.040337093954392,38.893405424843479]},"properties":{"DCGIS.PLACE_NAMES_PT.NAME":"JOSE CECILIO DEL VALLE STATUE","DCGIS.ADDRESSES_PT.ADDRESS":null,"DCGIS.ADDRESSES_PT.WARD":"Ward 2","DCGIS.ADDRESSES_PT.SMD":"SMD 2A01","DCGIS.ADDRESSES_PT.ANC":"ANC 2A","MAR.VW_PLACE_NAME_CATEGORIES.CATEGORY":"MONUMENT / PLAZA / STATUE","DCGIS.ADDRESSES_PT.SSL":"0173S   0800","DCGIS.PLACE_NAMES_PT.STATUS":"ACTIVE","DCGIS.PLACE_NAMES_PT.PLACE_NAME_ID":11825,"DCGIS.PLACE_NAMES_PT.MAR_ID":310397,"DCGIS.PLACE_NAMES_PT.BEFORE_DATE":null,"DCGIS.PLACE_NAMES_PT.BEFORE_DATE_SOURCE":null,"DCGIS.PLACE_NAMES_PT.BEGIN_DATE":null,"DCGIS.PLACE_NAMES_PT.BEGIN_DATE_SOURCE":null,"DCGIS.PLACE_NAMES_PT.FIRST_KNOWN_DATE":null,"DCGIS.PLACE_NAMES_PT.FIRST_KNOWN_DATE_SOURCE":null,"DCGIS.PLACE_NAMES_PT.CREATED_DATE":1334676879000,"DCGIS.PLACE_NAMES_PT.LAST_EDITED_DATE":1334676879000,"DCGIS.PLACE_NAMES_PT.SE_ANNO_CAD_DATA":null,"DCGIS.PLACE_NAMES_PT.OBJECTID":32434518,"DCGIS.ADDRESSES_PT.OBJECTID":217211435,"DCGIS.ADDRESSES_PT.SE_ANNO_CAD_DATA":null}},{"type":"Feature","id":32434519,"geometry":{"type":"Point","coordinates":[-77.018346613749372,38.893177091629809]},"properties":{"DCGIS.PLACE_NAMES_PT.NAME":"THE SPIRIT OF HAIDA GWAII SCULPTURE","DCGIS.ADDRESSES_PT.ADDRESS":null,"DCGIS.ADDRESSES_PT.WARD":"Ward 6","DCGIS.ADDRESSES_PT.SMD":"SMD 6E08","DCGIS.ADDRESSES_PT.ANC":"ANC 6E","MAR.VW_PLACE_NAME_CATEGORIES.CATEGORY":"MONUMENT / PLAZA / STATUE","DCGIS.ADDRESSES_PT.SSL":"0491    0033","DCGIS.PLACE_NAMES_PT.STATUS":"ACTIVE","DCGIS.PLACE_NAMES_PT.PLACE_NAME_ID":11826,"DCGIS.PLACE_NAMES_PT.MAR_ID":310398,"DCGIS.PLACE_NAMES_PT.BEFORE_DATE":null,"DCGIS.PLACE_NAMES_PT.BEFORE_DATE_SOURCE":null,"DCGIS.PLACE_NAMES_PT.BEGIN_DATE":null,"DCGIS.PLACE_NAMES_PT.BEGIN_DATE_SOURCE":null,"DCGIS.PLACE_NAMES_PT.FIRST_KNOWN_DATE":null,"DCGIS.PLACE_NAMES_PT.FIRST_KNOWN_DATE_SOURCE":null,"DCGIS.PLACE_NAMES_PT.CREATED_DATE":1334677568000,"DCGIS.PLACE_NAMES_PT.LAST_EDITED_DATE":1334677568000,"DCGIS.PLACE_NAMES_PT.SE_ANNO_CAD_DATA":null,"DCGIS.PLACE_NAMES_PT.OBJECTID":32434519,"DCGIS.ADDRESSES_PT.OBJECTID":217211436,"DCGIS.ADDRESSES_PT.SE_ANNO_CAD_DATA":null}},{"type":"Feature","id":32434520,"geometry":{"type":"Point","coordinates":[-77.048588044135698,38.911264776568679]},"properties":{"DCGIS.PLACE_NAMES_PT.NAME":"TOMAS GARRIGUE MASARYK STATUE","DCGIS.ADDRESSES_PT.ADDRESS":null,"DCGIS.ADDRESSES_PT.WARD":"Ward 2","DCGIS.ADDRESSES_PT.SMD":"SMD 2B02","DCGIS.ADDRESSES_PT.ANC":"ANC 2B","MAR.VW_PLACE_NAME_CATEGORIES.CATEGORY":"MONUMENT / PLAZA / STATUE","DCGIS.ADDRESSES_PT.SSL":"0067    0832","DCGIS.PLACE_NAMES_PT.STATUS":"ACTIVE","DCGIS.PLACE_NAMES_PT.PLACE_NAME_ID":11829,"DCGIS.PLACE_NAMES_PT.MAR_ID":310400,"DCGIS.PLACE_NAMES_PT.BEFORE_DATE":null,"DCGIS.PLACE_NAMES_PT.BEFORE_DATE_SOURCE":null,"DCGIS.PLACE_NAMES_PT.BEGIN_DATE":null,"DCGIS.PLACE_NAMES_PT.BEGIN_DATE_SOURCE":null,"DCGIS.PLACE_NAMES_PT.FIRST_KNOWN_DATE":null,"DCGIS.PLACE_NAMES_PT.FIRST_KNOWN_DATE_SOURCE":null,"DCGIS.PLACE_NAMES_PT.CREATED_DATE":1334738701000,"DCGIS.PLACE_NAMES_PT.LAST_EDITED_DATE":1334738701000,"DCGIS.PLACE_NAMES_PT.SE_ANNO_CAD_DATA":null,"DCGIS.PLACE_NAMES_PT.OBJECTID":32434520,"DCGIS.ADDRESSES_PT.OBJECTID":217211172,"DCGIS.ADDRESSES_PT.SE_ANNO_CAD_DATA":null}},{"type":"Feature","id":32434521,"geometry":{"type":"Point","coordinates":[-77.034110541325234,38.901963103434795]},"properties":{"DCGIS.PLACE_NAMES_PT.NAME":"JAMES B MCPHERSON STATUE","DCGIS.ADDRESSES_PT.ADDRESS":null,"DCGIS.ADDRESSES_PT.WARD":"Ward 2","DCGIS.ADDRESSES_PT.SMD":"SMD 2C02","DCGIS.ADDRESSES_PT.ANC":"ANC 2C","MAR.VW_PLACE_NAME_CATEGORIES.CATEGORY":"MONUMENT / PLAZA / STATUE","DCGIS.ADDRESSES_PT.SSL":"0218W   0800","DCGIS.PLACE_NAMES_PT.STATUS":"ACTIVE","DCGIS.PLACE_NAMES_PT.PLACE_NAME_ID":11832,"DCGIS.PLACE_NAMES_PT.MAR_ID":310401,"DCGIS.PLACE_NAMES_PT.BEFORE_DATE":null,"DCGIS.PLACE_NAMES_PT.BEFORE_DATE_SOURCE":null,"DCGIS.PLACE_NAMES_PT.BEGIN_DATE":null,"DCGIS.PLACE_NAMES_PT.BEGIN_DATE_SOURCE":null,"DCGIS.PLACE_NAMES_PT.FIRST_KNOWN_DATE":null,"DCGIS.PLACE_NAMES_PT.FIRST_KNOWN_DATE_SOURCE":null,"DCGIS.PLACE_NAMES_PT.CREATED_DATE":1334739032000,"DCGIS.PLACE_NAMES_PT.LAST_EDITED_DATE":1334739032000,"DCGIS.PLACE_NAMES_PT.SE_ANNO_CAD_DATA":null,"DCGIS.PLACE_NAMES_PT.OBJECTID":32434521,"DCGIS.ADDRESSES_PT.OBJECTID":217116835,"DCGIS.ADDRESSES_PT.SE_ANNO_CAD_DATA":null}},{"type":"Feature","id":32434522,"geometry":{"type":"Point","coordinates":[-77.040263875769483,38.892551456398671]},"properties":{"DCGIS.PLACE_NAMES_PT.NAME":"TERESA DE LA PARRA STATUE","DCGIS.ADDRESSES_PT.ADDRESS":null,"DCGIS.ADDRESSES_PT.WARD":"Ward 2","DCGIS.ADDRESSES_PT.SMD":"SMD 2A01","DCGIS.ADDRESSES_PT.ANC":"ANC 2A","MAR.VW_PLACE_NAME_CATEGORIES.CATEGORY":"MONUMENT / PLAZA / STATUE","DCGIS.ADDRESSES_PT.SSL":"0173S   0800","DCGIS.PLACE_NAMES_PT.STATUS":"ACTIVE","DCGIS.PLACE_NAMES_PT.PLACE_NAME_ID":11833,"DCGIS.PLACE_NAMES_PT.MAR_ID":310402,"DCGIS.PLACE_NAMES_PT.BEFORE_DATE":null,"DCGIS.PLACE_NAMES_PT.BEFORE_DATE_SOURCE":null,"DCGIS.PLACE_NAMES_PT.BEGIN_DATE":null,"DCGIS.PLACE_NAMES_PT.BEGIN_DATE_SOURCE":null,"DCGIS.PLACE_NAMES_PT.FIRST_KNOWN_DATE":null,"DCGIS.PLACE_NAMES_PT.FIRST_KNOWN_DATE_SOURCE":null,"DCGIS.PLACE_NAMES_PT.CREATED_DATE":1334739258000,"DCGIS.PLACE_NAMES_PT.LAST_EDITED_DATE":1334739258000,"DCGIS.PLACE_NAMES_PT.SE_ANNO_CAD_DATA":null,"DCGIS.PLACE_NAMES_PT.OBJECTID":32434522,"DCGIS.ADDRESSES_PT.OBJECTID":217211437,"DCGIS.ADDRESSES_PT.SE_ANNO_CAD_DATA":null}},{"type":"Feature","id":32434523,"geometry":{"type":"Point","coordinates":[-77.020699852155673,38.892719163079008]},"properties":{"DCGIS.PLACE_NAMES_PT.NAME":"MAN CONTROLLING TRADE SCULPTURE","DCGIS.ADDRESSES_PT.ADDRESS":null,"DCGIS.ADDRESSES_PT.WARD":"Ward 2","DCGIS.ADDRESSES_PT.SMD":"SMD 2C03","DCGIS.ADDRESSES_PT.ANC":"ANC 2C","MAR.VW_PLACE_NAME_CATEGORIES.CATEGORY":"MONUMENT / PLAZA / STATUE","DCGIS.ADDRESSES_PT.SSL":null,"DCGIS.PLACE_NAMES_PT.STATUS":"ACTIVE","DCGIS.PLACE_NAMES_PT.PLACE_NAME_ID":11836,"DCGIS.PLACE_NAMES_PT.MAR_ID":310403,"DCGIS.PLACE_NAMES_PT.BEFORE_DATE":null,"DCGIS.PLACE_NAMES_PT.BEFORE_DATE_SOURCE":null,"DCGIS.PLACE_NAMES_PT.BEGIN_DATE":null,"DCGIS.PLACE_NAMES_PT.BEGIN_DATE_SOURCE":null,"DCGIS.PLACE_NAMES_PT.FIRST_KNOWN_DATE":null,"DCGIS.PLACE_NAMES_PT.FIRST_KNOWN_DATE_SOURCE":null,"DCGIS.PLACE_NAMES_PT.CREATED_DATE":1334740631000,"DCGIS.PLACE_NAMES_PT.LAST_EDITED_DATE":1334740631000,"DCGIS.PLACE_NAMES_PT.SE_ANNO_CAD_DATA":null,"DCGIS.PLACE_NAMES_PT.OBJECTID":32434523,"DCGIS.ADDRESSES_PT.OBJECTID":217211125,"DCGIS.ADDRESSES_PT.SE_ANNO_CAD_DATA":null}},{"type":"Feature","id":32434524,"geometry":{"type":"Point","coordinates":[-77.005766389884869,38.888703390015372]},"properties":{"DCGIS.PLACE_NAMES_PT.NAME":"THE COURT OF NEPTUNE FOUNTAIN","DCGIS.ADDRESSES_PT.ADDRESS":null,"DCGIS.ADDRESSES_PT.WARD":"Ward 6","DCGIS.ADDRESSES_PT.SMD":"SMD 6B01","DCGIS.ADDRESSES_PT.ANC":"ANC 6B","MAR.VW_PLACE_NAME_CATEGORIES.CATEGORY":"MONUMENT / PLAZA / STATUE","DCGIS.ADDRESSES_PT.SSL":null,"DCGIS.PLACE_NAMES_PT.STATUS":"ACTIVE","DCGIS.PLACE_NAMES_PT.PLACE_NAME_ID":11837,"DCGIS.PLACE_NAMES_PT.MAR_ID":310404,"DCGIS.PLACE_NAMES_PT.BEFORE_DATE":null,"DCGIS.PLACE_NAMES_PT.BEFORE_DATE_SOURCE":null,"DCGIS.PLACE_NAMES_PT.BEGIN_DATE":null,"DCGIS.PLACE_NAMES_PT.BEGIN_DATE_SOURCE":null,"DCGIS.PLACE_NAMES_PT.FIRST_KNOWN_DATE":null,"DCGIS.PLACE_NAMES_PT.FIRST_KNOWN_DATE_SOURCE":null,"DCGIS.PLACE_NAMES_PT.CREATED_DATE":1334740805000,"DCGIS.PLACE_NAMES_PT.LAST_EDITED_DATE":1334740805000,"DCGIS.PLACE_NAMES_PT.SE_ANNO_CAD_DATA":null,"DCGIS.PLACE_NAMES_PT.OBJECTID":32434524,"DCGIS.ADDRESSES_PT.OBJECTID":217211438,"DCGIS.ADDRESSES_PT.SE_ANNO_CAD_DATA":null}},{"type":"Feature","id":32434525,"geometry":{"type":"Point","coordinates":[-77.023224134926323,38.892306375226234]},"properties":{"DCGIS.PLACE_NAMES_PT.NAME":"HERITAGE AND GAURDIANSHIP SCULPTURE","DCGIS.ADDRESSES_PT.ADDRESS":null,"DCGIS.ADDRESSES_PT.WARD":"Ward 2","DCGIS.ADDRESSES_PT.SMD":"SMD 2C03","DCGIS.ADDRESSES_PT.ANC":"ANC 2C","MAR.VW_PLACE_NAME_CATEGORIES.CATEGORY":"MONUMENT / PLAZA / STATUE","DCGIS.ADDRESSES_PT.SSL":"0432S   0800","DCGIS.PLACE_NAMES_PT.STATUS":"ACTIVE","DCGIS.PLACE_NAMES_PT.PLACE_NAME_ID":11838,"DCGIS.PLACE_NAMES_PT.MAR_ID":310405,"DCGIS.PLACE_NAMES_PT.BEFORE_DATE":null,"DCGIS.PLACE_NAMES_PT.BEFORE_DATE_SOURCE":null,"DCGIS.PLACE_NAMES_PT.BEGIN_DATE":null,"DCGIS.PLACE_NAMES_PT.BEGIN_DATE_SOURCE":null,"DCGIS.PLACE_NAMES_PT.FIRST_KNOWN_DATE":null,"DCGIS.PLACE_NAMES_PT.FIRST_KNOWN_DATE_SOURCE":null,"DCGIS.PLACE_NAMES_PT.CREATED_DATE":1334741009000,"DCGIS.PLACE_NAMES_PT.LAST_EDITED_DATE":1334741009000,"DCGIS.PLACE_NAMES_PT.SE_ANNO_CAD_DATA":null,"DCGIS.PLACE_NAMES_PT.OBJECTID":32434525,"DCGIS.ADDRESSES_PT.OBJECTID":217211605,"DCGIS.ADDRESSES_PT.SE_ANNO_CAD_DATA":null}},{"type":"Feature","id":32434530,"geometry":{"type":"Point","coordinates":[-77.029717390261226,38.894815356522997]},"properties":{"DCGIS.PLACE_NAMES_PT.NAME":"MOYNIHAN PLACE","DCGIS.ADDRESSES_PT.ADDRESS":null,"DCGIS.ADDRESSES_PT.WARD":"Ward 2","DCGIS.ADDRESSES_PT.SMD":"SMD 2C03","DCGIS.ADDRESSES_PT.ANC":"ANC 2C","MAR.VW_PLACE_NAME_CATEGORIES.CATEGORY":"MONUMENT / PLAZA / STATUE","DCGIS.ADDRESSES_PT.SSL":"0258    0824","DCGIS.PLACE_NAMES_PT.STATUS":"ACTIVE","DCGIS.PLACE_NAMES_PT.PLACE_NAME_ID":11902,"DCGIS.PLACE_NAMES_PT.MAR_ID":310462,"DCGIS.PLACE_NAMES_PT.BEFORE_DATE":null,"DCGIS.PLACE_NAMES_PT.BEFORE_DATE_SOURCE":null,"DCGIS.PLACE_NAMES_PT.BEGIN_DATE":null,"DCGIS.PLACE_NAMES_PT.BEGIN_DATE_SOURCE":null,"DCGIS.PLACE_NAMES_PT.FIRST_KNOWN_DATE":null,"DCGIS.PLACE_NAMES_PT.FIRST_KNOWN_DATE_SOURCE":null,"DCGIS.PLACE_NAMES_PT.CREATED_DATE":1338807239000,"DCGIS.PLACE_NAMES_PT.LAST_EDITED_DATE":1338807239000,"DCGIS.PLACE_NAMES_PT.SE_ANNO_CAD_DATA":null,"DCGIS.PLACE_NAMES_PT.OBJECTID":32434530,"DCGIS.ADDRESSES_PT.OBJECTID":217211146,"DCGIS.ADDRESSES_PT.SE_ANNO_CAD_DATA":null}},{"type":"Feature","id":32434557,"geometry":{"type":"Point","coordinates":[-76.993147408983859,38.905784902665403]},"properties":{"DCGIS.PLACE_NAMES_PT.NAME":"GALLAUDET UNIVERSITY BISON SCULPTURE","DCGIS.ADDRESSES_PT.ADDRESS":null,"DCGIS.ADDRESSES_PT.WARD":"Ward 5","DCGIS.ADDRESSES_PT.SMD":"SMD 5D01","DCGIS.ADDRESSES_PT.ANC":"ANC 5D","MAR.VW_PLACE_NAME_CATEGORIES.CATEGORY":"MONUMENT / PLAZA / STATUE","DCGIS.ADDRESSES_PT.SSL":"3593    0004","DCGIS.PLACE_NAMES_PT.STATUS":"ACTIVE","DCGIS.PLACE_NAMES_PT.PLACE_NAME_ID":12711,"DCGIS.PLACE_NAMES_PT.MAR_ID":310885,"DCGIS.PLACE_NAMES_PT.BEFORE_DATE":null,"DCGIS.PLACE_NAMES_PT.BEFORE_DATE_SOURCE":null,"DCGIS.PLACE_NAMES_PT.BEGIN_DATE":null,"DCGIS.PLACE_NAMES_PT.BEGIN_DATE_SOURCE":null,"DCGIS.PLACE_NAMES_PT.FIRST_KNOWN_DATE":null,"DCGIS.PLACE_NAMES_PT.FIRST_KNOWN_DATE_SOURCE":null,"DCGIS.PLACE_NAMES_PT.CREATED_DATE":1358255112000,"DCGIS.PLACE_NAMES_PT.LAST_EDITED_DATE":1358255112000,"DCGIS.PLACE_NAMES_PT.SE_ANNO_CAD_DATA":null,"DCGIS.PLACE_NAMES_PT.OBJECTID":32434557,"DCGIS.ADDRESSES_PT.OBJECTID":217214364,"DCGIS.ADDRESSES_PT.SE_ANNO_CAD_DATA":null}},{"type":"Feature","id":32434558,"geometry":{"type":"Point","coordinates":[-76.991751333723712,38.908888008328653]},"properties":{"DCGIS.PLACE_NAMES_PT.NAME":"GALLAUDET UNIVERSITY HANSON PLAZA","DCGIS.ADDRESSES_PT.ADDRESS":null,"DCGIS.ADDRESSES_PT.WARD":"Ward 5","DCGIS.ADDRESSES_PT.SMD":"SMD 5D01","DCGIS.ADDRESSES_PT.ANC":"ANC 5D","MAR.VW_PLACE_NAME_CATEGORIES.CATEGORY":"MONUMENT / PLAZA / STATUE","DCGIS.ADDRESSES_PT.SSL":"3593    0004","DCGIS.PLACE_NAMES_PT.STATUS":"ACTIVE","DCGIS.PLACE_NAMES_PT.PLACE_NAME_ID":12712,"DCGIS.PLACE_NAMES_PT.MAR_ID":310886,"DCGIS.PLACE_NAMES_PT.BEFORE_DATE":null,"DCGIS.PLACE_NAMES_PT.BEFORE_DATE_SOURCE":null,"DCGIS.PLACE_NAMES_PT.BEGIN_DATE":null,"DCGIS.PLACE_NAMES_PT.BEGIN_DATE_SOURCE":null,"DCGIS.PLACE_NAMES_PT.FIRST_KNOWN_DATE":null,"DCGIS.PLACE_NAMES_PT.FIRST_KNOWN_DATE_SOURCE":null,"DCGIS.PLACE_NAMES_PT.CREATED_DATE":1358255516000,"DCGIS.PLACE_NAMES_PT.LAST_EDITED_DATE":1358255516000,"DCGIS.PLACE_NAMES_PT.SE_ANNO_CAD_DATA":null,"DCGIS.PLACE_NAMES_PT.OBJECTID":32434558,"DCGIS.ADDRESSES_PT.OBJECTID":217214410,"DCGIS.ADDRESSES_PT.SE_ANNO_CAD_DATA":null}},{"type":"Feature","id":32434561,"geometry":{"type":"Point","coordinates":[-77.088251902877261,38.937647830519175]},"properties":{"DCGIS.PLACE_NAMES_PT.NAME":"LEO TOLSTOY STATUE","DCGIS.ADDRESSES_PT.ADDRESS":null,"DCGIS.ADDRESSES_PT.WARD":"Ward 3","DCGIS.ADDRESSES_PT.SMD":"SMD 3E07","DCGIS.ADDRESSES_PT.ANC":"ANC 3E","MAR.VW_PLACE_NAME_CATEGORIES.CATEGORY":"MONUMENT / PLAZA / STATUE","DCGIS.ADDRESSES_PT.SSL":"1600    0001","DCGIS.PLACE_NAMES_PT.STATUS":"ACTIVE","DCGIS.PLACE_NAMES_PT.PLACE_NAME_ID":12749,"DCGIS.PLACE_NAMES_PT.MAR_ID":310948,"DCGIS.PLACE_NAMES_PT.BEFORE_DATE":null,"DCGIS.PLACE_NAMES_PT.BEFORE_DATE_SOURCE":null,"DCGIS.PLACE_NAMES_PT.BEGIN_DATE":null,"DCGIS.PLACE_NAMES_PT.BEGIN_DATE_SOURCE":null,"DCGIS.PLACE_NAMES_PT.FIRST_KNOWN_DATE":null,"DCGIS.PLACE_NAMES_PT.FIRST_KNOWN_DATE_SOURCE":null,"DCGIS.PLACE_NAMES_PT.CREATED_DATE":1362053440000,"DCGIS.PLACE_NAMES_PT.LAST_EDITED_DATE":1362053440000,"DCGIS.PLACE_NAMES_PT.SE_ANNO_CAD_DATA":null,"DCGIS.PLACE_NAMES_PT.OBJECTID":32434561,"DCGIS.ADDRESSES_PT.OBJECTID":217214605,"DCGIS.ADDRESSES_PT.SE_ANNO_CAD_DATA":null}},{"type":"Feature","id":32434562,"geometry":{"type":"Point","coordinates":[-77.088251902877261,38.937647830519175]},"properties":{"DCGIS.PLACE_NAMES_PT.NAME":"AMERICAN UNIVERSITY LEO TOLSTOY STATUE","DCGIS.ADDRESSES_PT.ADDRESS":null,"DCGIS.ADDRESSES_PT.WARD":"Ward 3","DCGIS.ADDRESSES_PT.SMD":"SMD 3E07","DCGIS.ADDRESSES_PT.ANC":"ANC 3E","MAR.VW_PLACE_NAME_CATEGORIES.CATEGORY":"MONUMENT / PLAZA / STATUE","DCGIS.ADDRESSES_PT.SSL":"1600    0001","DCGIS.PLACE_NAMES_PT.STATUS":"ACTIVE","DCGIS.PLACE_NAMES_PT.PLACE_NAME_ID":12750,"DCGIS.PLACE_NAMES_PT.MAR_ID":310948,"DCGIS.PLACE_NAMES_PT.BEFORE_DATE":null,"DCGIS.PLACE_NAMES_PT.BEFORE_DATE_SOURCE":null,"DCGIS.PLACE_NAMES_PT.BEGIN_DATE":null,"DCGIS.PLACE_NAMES_PT.BEGIN_DATE_SOURCE":null,"DCGIS.PLACE_NAMES_PT.FIRST_KNOWN_DATE":null,"DCGIS.PLACE_NAMES_PT.FIRST_KNOWN_DATE_SOURCE":null,"DCGIS.PLACE_NAMES_PT.CREATED_DATE":1362053442000,"DCGIS.PLACE_NAMES_PT.LAST_EDITED_DATE":1362053442000,"DCGIS.PLACE_NAMES_PT.SE_ANNO_CAD_DATA":null,"DCGIS.PLACE_NAMES_PT.OBJECTID":32434562,"DCGIS.ADDRESSES_PT.OBJECTID":217214605,"DCGIS.ADDRESSES_PT.SE_ANNO_CAD_DATA":null}},{"type":"Feature","id":32434563,"geometry":{"type":"Point","coordinates":[-77.015580371623884,38.901228899704705]},"properties":{"DCGIS.PLACE_NAMES_PT.NAME":"ARIA SCULPTURE","DCGIS.ADDRESSES_PT.ADDRESS":null,"DCGIS.ADDRESSES_PT.WARD":"Ward 6","DCGIS.ADDRESSES_PT.SMD":"SMD 6E08","DCGIS.ADDRESSES_PT.ANC":"ANC 6E","MAR.VW_PLACE_NAME_CATEGORIES.CATEGORY":"MONUMENT / PLAZA / STATUE","DCGIS.ADDRESSES_PT.SSL":null,"DCGIS.PLACE_NAMES_PT.STATUS":"ACTIVE","DCGIS.PLACE_NAMES_PT.PLACE_NAME_ID":12751,"DCGIS.PLACE_NAMES_PT.MAR_ID":310949,"DCGIS.PLACE_NAMES_PT.BEFORE_DATE":null,"DCGIS.PLACE_NAMES_PT.BEFORE_DATE_SOURCE":null,"DCGIS.PLACE_NAMES_PT.BEGIN_DATE":null,"DCGIS.PLACE_NAMES_PT.BEGIN_DATE_SOURCE":null,"DCGIS.PLACE_NAMES_PT.FIRST_KNOWN_DATE":null,"DCGIS.PLACE_NAMES_PT.FIRST_KNOWN_DATE_SOURCE":null,"DCGIS.PLACE_NAMES_PT.CREATED_DATE":1362054341000,"DCGIS.PLACE_NAMES_PT.LAST_EDITED_DATE":1362054341000,"DCGIS.PLACE_NAMES_PT.SE_ANNO_CAD_DATA":null,"DCGIS.PLACE_NAMES_PT.OBJECTID":32434563,"DCGIS.ADDRESSES_PT.OBJECTID":217214606,"DCGIS.ADDRESSES_PT.SE_ANNO_CAD_DATA":null}},{"type":"Feature","id":32434564,"geometry":{"type":"Point","coordinates":[-76.988078191835569,38.892520313417926]},"properties":{"DCGIS.PLACE_NAMES_PT.NAME":"BALANCE STATUE","DCGIS.ADDRESSES_PT.ADDRESS":null,"DCGIS.ADDRESSES_PT.WARD":"Ward 6","DCGIS.ADDRESSES_PT.SMD":"SMD 6A04","DCGIS.ADDRESSES_PT.ANC":"ANC 6A","MAR.VW_PLACE_NAME_CATEGORIES.CATEGORY":"MONUMENT / PLAZA / STATUE","DCGIS.ADDRESSES_PT.SSL":"RES 02670000","DCGIS.PLACE_NAMES_PT.STATUS":"ACTIVE","DCGIS.PLACE_NAMES_PT.PLACE_NAME_ID":12752,"DCGIS.PLACE_NAMES_PT.MAR_ID":310951,"DCGIS.PLACE_NAMES_PT.BEFORE_DATE":null,"DCGIS.PLACE_NAMES_PT.BEFORE_DATE_SOURCE":null,"DCGIS.PLACE_NAMES_PT.BEGIN_DATE":null,"DCGIS.PLACE_NAMES_PT.BEGIN_DATE_SOURCE":null,"DCGIS.PLACE_NAMES_PT.FIRST_KNOWN_DATE":null,"DCGIS.PLACE_NAMES_PT.FIRST_KNOWN_DATE_SOURCE":null,"DCGIS.PLACE_NAMES_PT.CREATED_DATE":1362054940000,"DCGIS.PLACE_NAMES_PT.LAST_EDITED_DATE":1362054940000,"DCGIS.PLACE_NAMES_PT.SE_ANNO_CAD_DATA":null,"DCGIS.PLACE_NAMES_PT.OBJECTID":32434564,"DCGIS.ADDRESSES_PT.OBJECTID":217215055,"DCGIS.ADDRESSES_PT.SE_ANNO_CAD_DATA":null}},{"type":"Feature","id":32434579,"geometry":{"type":"Point","coordinates":[-77.001773027947863,38.872751190195793]},"properties":{"DCGIS.PLACE_NAMES_PT.NAME":"LIGHT TOWER","DCGIS.ADDRESSES_PT.ADDRESS":null,"DCGIS.ADDRESSES_PT.WARD":"Ward 8","DCGIS.ADDRESSES_PT.SMD":"SMD 8F02","DCGIS.ADDRESSES_PT.ANC":"ANC 8F","MAR.VW_PLACE_NAME_CATEGORIES.CATEGORY":"MONUMENT / PLAZA / STATUE","DCGIS.ADDRESSES_PT.SSL":"0771    0816","DCGIS.PLACE_NAMES_PT.STATUS":"ACTIVE","DCGIS.PLACE_NAMES_PT.PLACE_NAME_ID":12926,"DCGIS.PLACE_NAMES_PT.MAR_ID":311454,"DCGIS.PLACE_NAMES_PT.BEFORE_DATE":null,"DCGIS.PLACE_NAMES_PT.BEFORE_DATE_SOURCE":null,"DCGIS.PLACE_NAMES_PT.BEGIN_DATE":null,"DCGIS.PLACE_NAMES_PT.BEGIN_DATE_SOURCE":null,"DCGIS.PLACE_NAMES_PT.FIRST_KNOWN_DATE":null,"DCGIS.PLACE_NAMES_PT.FIRST_KNOWN_DATE_SOURCE":null,"DCGIS.PLACE_NAMES_PT.CREATED_DATE":1377090913000,"DCGIS.PLACE_NAMES_PT.LAST_EDITED_DATE":1377090913000,"DCGIS.PLACE_NAMES_PT.SE_ANNO_CAD_DATA":null,"DCGIS.PLACE_NAMES_PT.OBJECTID":32434579,"DCGIS.ADDRESSES_PT.OBJECTID":217219422,"DCGIS.ADDRESSES_PT.SE_ANNO_CAD_DATA":null}},{"type":"Feature","id":32434580,"geometry":{"type":"Point","coordinates":[-77.001773027947863,38.872751190195793]},"properties":{"DCGIS.PLACE_NAMES_PT.NAME":"THE YARDS PARK LIGHT TOWER","DCGIS.ADDRESSES_PT.ADDRESS":null,"DCGIS.ADDRESSES_PT.WARD":"Ward 8","DCGIS.ADDRESSES_PT.SMD":"SMD 8F02","DCGIS.ADDRESSES_PT.ANC":"ANC 8F","MAR.VW_PLACE_NAME_CATEGORIES.CATEGORY":"MONUMENT / PLAZA / STATUE","DCGIS.ADDRESSES_PT.SSL":"0771    0816","DCGIS.PLACE_NAMES_PT.STATUS":"ACTIVE","DCGIS.PLACE_NAMES_PT.PLACE_NAME_ID":12927,"DCGIS.PLACE_NAMES_PT.MAR_ID":311454,"DCGIS.PLACE_NAMES_PT.BEFORE_DATE":null,"DCGIS.PLACE_NAMES_PT.BEFORE_DATE_SOURCE":null,"DCGIS.PLACE_NAMES_PT.BEGIN_DATE":null,"DCGIS.PLACE_NAMES_PT.BEGIN_DATE_SOURCE":null,"DCGIS.PLACE_NAMES_PT.FIRST_KNOWN_DATE":null,"DCGIS.PLACE_NAMES_PT.FIRST_KNOWN_DATE_SOURCE":null,"DCGIS.PLACE_NAMES_PT.CREATED_DATE":1377090913000,"DCGIS.PLACE_NAMES_PT.LAST_EDITED_DATE":1377090913000,"DCGIS.PLACE_NAMES_PT.SE_ANNO_CAD_DATA":null,"DCGIS.PLACE_NAMES_PT.OBJECTID":32434580,"DCGIS.ADDRESSES_PT.OBJECTID":217219422,"DCGIS.ADDRESSES_PT.SE_ANNO_CAD_DATA":null}},{"type":"Feature","id":32434586,"geometry":{"type":"Point","coordinates":[-76.98281630693549,38.900369458160881]},"properties":{"DCGIS.PLACE_NAMES_PT.NAME":"STARBURST INTERSECTION PLAZA","DCGIS.ADDRESSES_PT.ADDRESS":null,"DCGIS.ADDRESSES_PT.WARD":"Ward 5","DCGIS.ADDRESSES_PT.SMD":"SMD 5D07","DCGIS.ADDRESSES_PT.ANC":"ANC 5D","MAR.VW_PLACE_NAME_CATEGORIES.CATEGORY":"MONUMENT / PLAZA / STATUE","DCGIS.ADDRESSES_PT.SSL":null,"DCGIS.PLACE_NAMES_PT.STATUS":"ACTIVE","DCGIS.PLACE_NAMES_PT.PLACE_NAME_ID":12992,"DCGIS.PLACE_NAMES_PT.MAR_ID":311610,"DCGIS.PLACE_NAMES_PT.BEFORE_DATE":null,"DCGIS.PLACE_NAMES_PT.BEFORE_DATE_SOURCE":null,"DCGIS.PLACE_NAMES_PT.BEGIN_DATE":null,"DCGIS.PLACE_NAMES_PT.BEGIN_DATE_SOURCE":null,"DCGIS.PLACE_NAMES_PT.FIRST_KNOWN_DATE":null,"DCGIS.PLACE_NAMES_PT.FIRST_KNOWN_DATE_SOURCE":null,"DCGIS.PLACE_NAMES_PT.CREATED_DATE":1392134518000,"DCGIS.PLACE_NAMES_PT.LAST_EDITED_DATE":1392134518000,"DCGIS.PLACE_NAMES_PT.SE_ANNO_CAD_DATA":null,"DCGIS.PLACE_NAMES_PT.OBJECTID":32434586,"DCGIS.ADDRESSES_PT.OBJECTID":217123441,"DCGIS.ADDRESSES_PT.SE_ANNO_CAD_DATA":null}},{"type":"Feature","id":32434621,"geometry":{"type":"Point","coordinates":[-77.00957945462828,38.897482157744392]},"properties":{"DCGIS.PLACE_NAMES_PT.NAME":"HOLODOMOR MEMORIAL","DCGIS.ADDRESSES_PT.ADDRESS":null,"DCGIS.ADDRESSES_PT.WARD":"Ward 6","DCGIS.ADDRESSES_PT.SMD":"SMD 6E07","DCGIS.ADDRESSES_PT.ANC":"ANC 6E","MAR.VW_PLACE_NAME_CATEGORIES.CATEGORY":"MONUMENT / PLAZA / STATUE","DCGIS.ADDRESSES_PT.SSL":"RES 00780000","DCGIS.PLACE_NAMES_PT.STATUS":"ACTIVE","DCGIS.PLACE_NAMES_PT.PLACE_NAME_ID":14008,"DCGIS.PLACE_NAMES_PT.MAR_ID":312324,"DCGIS.PLACE_NAMES_PT.BEFORE_DATE":null,"DCGIS.PLACE_NAMES_PT.BEFORE_DATE_SOURCE":null,"DCGIS.PLACE_NAMES_PT.BEGIN_DATE":null,"DCGIS.PLACE_NAMES_PT.BEGIN_DATE_SOURCE":null,"DCGIS.PLACE_NAMES_PT.FIRST_KNOWN_DATE":null,"DCGIS.PLACE_NAMES_PT.FIRST_KNOWN_DATE_SOURCE":null,"DCGIS.PLACE_NAMES_PT.CREATED_DATE":1415364506000,"DCGIS.PLACE_NAMES_PT.LAST_EDITED_DATE":1415364506000,"DCGIS.PLACE_NAMES_PT.SE_ANNO_CAD_DATA":null,"DCGIS.PLACE_NAMES_PT.OBJECTID":32434621,"DCGIS.ADDRESSES_PT.OBJECTID":217221739,"DCGIS.ADDRESSES_PT.SE_ANNO_CAD_DATA":null}},{"type":"Feature","id":32434630,"geometry":{"type":"Point","coordinates":[-76.990463751313129,38.943038801925816]},"properties":{"DCGIS.PLACE_NAMES_PT.NAME":"SAINT VINCENT DE PAUL STATUE","DCGIS.ADDRESSES_PT.ADDRESS":null,"DCGIS.ADDRESSES_PT.WARD":"Ward 5","DCGIS.ADDRESSES_PT.SMD":"SMD 5A03","DCGIS.ADDRESSES_PT.ANC":"ANC 5A","MAR.VW_PLACE_NAME_CATEGORIES.CATEGORY":"MONUMENT / PLAZA / STATUE","DCGIS.ADDRESSES_PT.SSL":"3894    0826","DCGIS.PLACE_NAMES_PT.STATUS":"ACTIVE","DCGIS.PLACE_NAMES_PT.PLACE_NAME_ID":14428,"DCGIS.PLACE_NAMES_PT.MAR_ID":312819,"DCGIS.PLACE_NAMES_PT.BEFORE_DATE":null,"DCGIS.PLACE_NAMES_PT.BEFORE_DATE_SOURCE":null,"DCGIS.PLACE_NAMES_PT.BEGIN_DATE":null,"DCGIS.PLACE_NAMES_PT.BEGIN_DATE_SOURCE":null,"DCGIS.PLACE_NAMES_PT.FIRST_KNOWN_DATE":null,"DCGIS.PLACE_NAMES_PT.FIRST_KNOWN_DATE_SOURCE":null,"DCGIS.PLACE_NAMES_PT.CREATED_DATE":1428923006000,"DCGIS.PLACE_NAMES_PT.LAST_EDITED_DATE":1428923006000,"DCGIS.PLACE_NAMES_PT.SE_ANNO_CAD_DATA":null,"DCGIS.PLACE_NAMES_PT.OBJECTID":32434630,"DCGIS.ADDRESSES_PT.OBJECTID":217121697,"DCGIS.ADDRESSES_PT.SE_ANNO_CAD_DATA":null}},{"type":"Feature","id":32434631,"geometry":{"type":"Point","coordinates":[-76.990463751313129,38.943038801925816]},"properties":{"DCGIS.PLACE_NAMES_PT.NAME":"ST VINCENT DE PAUL STATUE","DCGIS.ADDRESSES_PT.ADDRESS":null,"DCGIS.ADDRESSES_PT.WARD":"Ward 5","DCGIS.ADDRESSES_PT.SMD":"SMD 5A03","DCGIS.ADDRESSES_PT.ANC":"ANC 5A","MAR.VW_PLACE_NAME_CATEGORIES.CATEGORY":"MONUMENT / PLAZA / STATUE","DCGIS.ADDRESSES_PT.SSL":"3894    0826","DCGIS.PLACE_NAMES_PT.STATUS":"ACTIVE","DCGIS.PLACE_NAMES_PT.PLACE_NAME_ID":14429,"DCGIS.PLACE_NAMES_PT.MAR_ID":312819,"DCGIS.PLACE_NAMES_PT.BEFORE_DATE":null,"DCGIS.PLACE_NAMES_PT.BEFORE_DATE_SOURCE":null,"DCGIS.PLACE_NAMES_PT.BEGIN_DATE":null,"DCGIS.PLACE_NAMES_PT.BEGIN_DATE_SOURCE":null,"DCGIS.PLACE_NAMES_PT.FIRST_KNOWN_DATE":null,"DCGIS.PLACE_NAMES_PT.FIRST_KNOWN_DATE_SOURCE":null,"DCGIS.PLACE_NAMES_PT.CREATED_DATE":1428923006000,"DCGIS.PLACE_NAMES_PT.LAST_EDITED_DATE":1428923006000,"DCGIS.PLACE_NAMES_PT.SE_ANNO_CAD_DATA":null,"DCGIS.PLACE_NAMES_PT.OBJECTID":32434631,"DCGIS.ADDRESSES_PT.OBJECTID":217121697,"DCGIS.ADDRESSES_PT.SE_ANNO_CAD_DATA":null}},{"type":"Feature","id":32434649,"geometry":{"type":"Point","coordinates":[-77.02420841747842,38.911316422415673]},"properties":{"DCGIS.PLACE_NAMES_PT.NAME":"CARTER G WOODSON STATUE","DCGIS.ADDRESSES_PT.ADDRESS":null,"DCGIS.ADDRESSES_PT.WARD":"Ward 2","DCGIS.ADDRESSES_PT.SMD":"SMD 2G02","DCGIS.ADDRESSES_PT.ANC":"ANC 2G","MAR.VW_PLACE_NAME_CATEGORIES.CATEGORY":"MONUMENT / PLAZA / STATUE","DCGIS.ADDRESSES_PT.SSL":"0365N   0800","DCGIS.PLACE_NAMES_PT.STATUS":"ACTIVE","DCGIS.PLACE_NAMES_PT.PLACE_NAME_ID":14833,"DCGIS.PLACE_NAMES_PT.MAR_ID":312990,"DCGIS.PLACE_NAMES_PT.BEFORE_DATE":null,"DCGIS.PLACE_NAMES_PT.BEFORE_DATE_SOURCE":null,"DCGIS.PLACE_NAMES_PT.BEGIN_DATE":null,"DCGIS.PLACE_NAMES_PT.BEGIN_DATE_SOURCE":null,"DCGIS.PLACE_NAMES_PT.FIRST_KNOWN_DATE":null,"DCGIS.PLACE_NAMES_PT.FIRST_KNOWN_DATE_SOURCE":null,"DCGIS.PLACE_NAMES_PT.CREATED_DATE":1436784794000,"DCGIS.PLACE_NAMES_PT.LAST_EDITED_DATE":1436784794000,"DCGIS.PLACE_NAMES_PT.SE_ANNO_CAD_DATA":null,"DCGIS.PLACE_NAMES_PT.OBJECTID":32434649,"DCGIS.ADDRESSES_PT.OBJECTID":217222855,"DCGIS.ADDRESSES_PT.SE_ANNO_CAD_DATA":null}},{"type":"Feature","id":32434679,"geometry":{"type":"Point","coordinates":[-77.024843480363216,38.900362584527201]},"properties":{"DCGIS.PLACE_NAMES_PT.NAME":"THE PLAZA AT CITY CENTER","DCGIS.ADDRESSES_PT.ADDRESS":null,"DCGIS.ADDRESSES_PT.WARD":"Ward 2","DCGIS.ADDRESSES_PT.SMD":"SMD 2C04","DCGIS.ADDRESSES_PT.ANC":"ANC 2C","MAR.VW_PLACE_NAME_CATEGORIES.CATEGORY":"MONUMENT / PLAZA / STATUE","DCGIS.ADDRESSES_PT.SSL":null,"DCGIS.PLACE_NAMES_PT.STATUS":"ACTIVE","DCGIS.PLACE_NAMES_PT.PLACE_NAME_ID":15017,"DCGIS.PLACE_NAMES_PT.MAR_ID":313393,"DCGIS.PLACE_NAMES_PT.BEFORE_DATE":null,"DCGIS.PLACE_NAMES_PT.BEFORE_DATE_SOURCE":null,"DCGIS.PLACE_NAMES_PT.BEGIN_DATE":null,"DCGIS.PLACE_NAMES_PT.BEGIN_DATE_SOURCE":null,"DCGIS.PLACE_NAMES_PT.FIRST_KNOWN_DATE":null,"DCGIS.PLACE_NAMES_PT.FIRST_KNOWN_DATE_SOURCE":null,"DCGIS.PLACE_NAMES_PT.CREATED_DATE":1446710209000,"DCGIS.PLACE_NAMES_PT.LAST_EDITED_DATE":1446710209000,"DCGIS.PLACE_NAMES_PT.SE_ANNO_CAD_DATA":null,"DCGIS.PLACE_NAMES_PT.OBJECTID":32434679,"DCGIS.ADDRESSES_PT.OBJECTID":217221916,"DCGIS.ADDRESSES_PT.SE_ANNO_CAD_DATA":null}},{"type":"Feature","id":32434680,"geometry":{"type":"Point","coordinates":[-77.024843480363216,38.900362584527201]},"properties":{"DCGIS.PLACE_NAMES_PT.NAME":"PLAZA AT CITY CENTER","DCGIS.ADDRESSES_PT.ADDRESS":null,"DCGIS.ADDRESSES_PT.WARD":"Ward 2","DCGIS.ADDRESSES_PT.SMD":"SMD 2C04","DCGIS.ADDRESSES_PT.ANC":"ANC 2C","MAR.VW_PLACE_NAME_CATEGORIES.CATEGORY":"MONUMENT / PLAZA / STATUE","DCGIS.ADDRESSES_PT.SSL":null,"DCGIS.PLACE_NAMES_PT.STATUS":"ACTIVE","DCGIS.PLACE_NAMES_PT.PLACE_NAME_ID":15018,"DCGIS.PLACE_NAMES_PT.MAR_ID":313393,"DCGIS.PLACE_NAMES_PT.BEFORE_DATE":null,"DCGIS.PLACE_NAMES_PT.BEFORE_DATE_SOURCE":null,"DCGIS.PLACE_NAMES_PT.BEGIN_DATE":null,"DCGIS.PLACE_NAMES_PT.BEGIN_DATE_SOURCE":null,"DCGIS.PLACE_NAMES_PT.FIRST_KNOWN_DATE":null,"DCGIS.PLACE_NAMES_PT.FIRST_KNOWN_DATE_SOURCE":null,"DCGIS.PLACE_NAMES_PT.CREATED_DATE":1446710209000,"DCGIS.PLACE_NAMES_PT.LAST_EDITED_DATE":1446710209000,"DCGIS.PLACE_NAMES_PT.SE_ANNO_CAD_DATA":null,"DCGIS.PLACE_NAMES_PT.OBJECTID":32434680,"DCGIS.ADDRESSES_PT.OBJECTID":217221916,"DCGIS.ADDRESSES_PT.SE_ANNO_CAD_DATA":null}},{"type":"Feature","id":32434681,"geometry":{"type":"Point","coordinates":[-77.05595427740694,38.916473255777994]},"properties":{"DCGIS.PLACE_NAMES_PT.NAME":"MUSTAFA KEMAL ATATURK STATUE","DCGIS.ADDRESSES_PT.ADDRESS":null,"DCGIS.ADDRESSES_PT.WARD":"Ward 2","DCGIS.ADDRESSES_PT.SMD":"SMD 2D01","DCGIS.ADDRESSES_PT.ANC":"ANC 2D","MAR.VW_PLACE_NAME_CATEGORIES.CATEGORY":"MONUMENT / PLAZA / STATUE","DCGIS.ADDRESSES_PT.SSL":"2505    0056","DCGIS.PLACE_NAMES_PT.STATUS":"ACTIVE","DCGIS.PLACE_NAMES_PT.PLACE_NAME_ID":15058,"DCGIS.PLACE_NAMES_PT.MAR_ID":313427,"DCGIS.PLACE_NAMES_PT.BEFORE_DATE":null,"DCGIS.PLACE_NAMES_PT.BEFORE_DATE_SOURCE":null,"DCGIS.PLACE_NAMES_PT.BEGIN_DATE":null,"DCGIS.PLACE_NAMES_PT.BEGIN_DATE_SOURCE":null,"DCGIS.PLACE_NAMES_PT.FIRST_KNOWN_DATE":null,"DCGIS.PLACE_NAMES_PT.FIRST_KNOWN_DATE_SOURCE":null,"DCGIS.PLACE_NAMES_PT.CREATED_DATE":1448377533000,"DCGIS.PLACE_NAMES_PT.LAST_EDITED_DATE":1448377533000,"DCGIS.PLACE_NAMES_PT.SE_ANNO_CAD_DATA":null,"DCGIS.PLACE_NAMES_PT.OBJECTID":32434681,"DCGIS.ADDRESSES_PT.OBJECTID":217222366,"DCGIS.ADDRESSES_PT.SE_ANNO_CAD_DATA":null}},{"type":"Feature","id":32434686,"geometry":{"type":"Point","coordinates":[-77.01986461154506,38.887777673321331]},"properties":{"DCGIS.PLACE_NAMES_PT.NAME":"CONTINUUM SCULPTURE","DCGIS.ADDRESSES_PT.ADDRESS":null,"DCGIS.ADDRESSES_PT.WARD":"Ward 2","DCGIS.ADDRESSES_PT.SMD":"SMD 2C03","DCGIS.ADDRESSES_PT.ANC":"ANC 2C","MAR.VW_PLACE_NAME_CATEGORIES.CATEGORY":"MONUMENT / PLAZA / STATUE","DCGIS.ADDRESSES_PT.SSL":"PAR 03160007","DCGIS.PLACE_NAMES_PT.STATUS":"ACTIVE","DCGIS.PLACE_NAMES_PT.PLACE_NAME_ID":15158,"DCGIS.PLACE_NAMES_PT.MAR_ID":313809,"DCGIS.PLACE_NAMES_PT.BEFORE_DATE":null,"DCGIS.PLACE_NAMES_PT.BEFORE_DATE_SOURCE":null,"DCGIS.PLACE_NAMES_PT.BEGIN_DATE":null,"DCGIS.PLACE_NAMES_PT.BEGIN_DATE_SOURCE":null,"DCGIS.PLACE_NAMES_PT.FIRST_KNOWN_DATE":null,"DCGIS.PLACE_NAMES_PT.FIRST_KNOWN_DATE_SOURCE":null,"DCGIS.PLACE_NAMES_PT.CREATED_DATE":1452590656000,"DCGIS.PLACE_NAMES_PT.LAST_EDITED_DATE":1452590656000,"DCGIS.PLACE_NAMES_PT.SE_ANNO_CAD_DATA":null,"DCGIS.PLACE_NAMES_PT.OBJECTID":32434686,"DCGIS.ADDRESSES_PT.OBJECTID":217222367,"DCGIS.ADDRESSES_PT.SE_ANNO_CAD_DATA":null}},{"type":"Feature","id":32434687,"geometry":{"type":"Point","coordinates":[-77.019842830341815,38.888618519153006]},"properties":{"DCGIS.PLACE_NAMES_PT.NAME":"AD ASTRA SCULPTURE","DCGIS.ADDRESSES_PT.ADDRESS":null,"DCGIS.ADDRESSES_PT.WARD":"Ward 2","DCGIS.ADDRESSES_PT.SMD":"SMD 2C03","DCGIS.ADDRESSES_PT.ANC":"ANC 2C","MAR.VW_PLACE_NAME_CATEGORIES.CATEGORY":"MONUMENT / PLAZA / STATUE","DCGIS.ADDRESSES_PT.SSL":"PAR 03160007","DCGIS.PLACE_NAMES_PT.STATUS":"ACTIVE","DCGIS.PLACE_NAMES_PT.PLACE_NAME_ID":15159,"DCGIS.PLACE_NAMES_PT.MAR_ID":313810,"DCGIS.PLACE_NAMES_PT.BEFORE_DATE":null,"DCGIS.PLACE_NAMES_PT.BEFORE_DATE_SOURCE":null,"DCGIS.PLACE_NAMES_PT.BEGIN_DATE":null,"DCGIS.PLACE_NAMES_PT.BEGIN_DATE_SOURCE":null,"DCGIS.PLACE_NAMES_PT.FIRST_KNOWN_DATE":null,"DCGIS.PLACE_NAMES_PT.FIRST_KNOWN_DATE_SOURCE":null,"DCGIS.PLACE_NAMES_PT.CREATED_DATE":1452590741000,"DCGIS.PLACE_NAMES_PT.LAST_EDITED_DATE":1452590741000,"DCGIS.PLACE_NAMES_PT.SE_ANNO_CAD_DATA":null,"DCGIS.PLACE_NAMES_PT.OBJECTID":32434687,"DCGIS.ADDRESSES_PT.OBJECTID":217222410,"DCGIS.ADDRESSES_PT.SE_ANNO_CAD_DATA":null}},{"type":"Feature","id":32434688,"geometry":{"type":"Point","coordinates":[-77.036197841010733,38.939569176633682]},"properties":{"DCGIS.PLACE_NAMES_PT.NAME":"SAINT DENNARD: THE EDIFYING SPIRIT - ANCESTRAL GUARDIAN SCULPTURE","DCGIS.ADDRESSES_PT.ADDRESS":null,"DCGIS.ADDRESSES_PT.WARD":"Ward 4","DCGIS.ADDRESSES_PT.SMD":"SMD 4E05","DCGIS.ADDRESSES_PT.ANC":"ANC 4E","MAR.VW_PLACE_NAME_CATEGORIES.CATEGORY":"MONUMENT / PLAZA / STATUE","DCGIS.ADDRESSES_PT.SSL":null,"DCGIS.PLACE_NAMES_PT.STATUS":"ACTIVE","DCGIS.PLACE_NAMES_PT.PLACE_NAME_ID":15237,"DCGIS.PLACE_NAMES_PT.MAR_ID":313865,"DCGIS.PLACE_NAMES_PT.BEFORE_DATE":null,"DCGIS.PLACE_NAMES_PT.BEFORE_DATE_SOURCE":null,"DCGIS.PLACE_NAMES_PT.BEGIN_DATE":null,"DCGIS.PLACE_NAMES_PT.BEGIN_DATE_SOURCE":null,"DCGIS.PLACE_NAMES_PT.FIRST_KNOWN_DATE":null,"DCGIS.PLACE_NAMES_PT.FIRST_KNOWN_DATE_SOURCE":null,"DCGIS.PLACE_NAMES_PT.CREATED_DATE":1455276430000,"DCGIS.PLACE_NAMES_PT.LAST_EDITED_DATE":1455276430000,"DCGIS.PLACE_NAMES_PT.SE_ANNO_CAD_DATA":null,"DCGIS.PLACE_NAMES_PT.OBJECTID":32434688,"DCGIS.ADDRESSES_PT.OBJECTID":217223334,"DCGIS.ADDRESSES_PT.SE_ANNO_CAD_DATA":null}},{"type":"Feature","id":32434689,"geometry":{"type":"Point","coordinates":[-77.036197841010733,38.939569176633682]},"properties":{"DCGIS.PLACE_NAMES_PT.NAME":"ANCESTRAL GUARDIAN SCULPTURE","DCGIS.ADDRESSES_PT.ADDRESS":null,"DCGIS.ADDRESSES_PT.WARD":"Ward 4","DCGIS.ADDRESSES_PT.SMD":"SMD 4E05","DCGIS.ADDRESSES_PT.ANC":"ANC 4E","MAR.VW_PLACE_NAME_CATEGORIES.CATEGORY":"MONUMENT / PLAZA / STATUE","DCGIS.ADDRESSES_PT.SSL":null,"DCGIS.PLACE_NAMES_PT.STATUS":"ACTIVE","DCGIS.PLACE_NAMES_PT.PLACE_NAME_ID":15238,"DCGIS.PLACE_NAMES_PT.MAR_ID":313865,"DCGIS.PLACE_NAMES_PT.BEFORE_DATE":null,"DCGIS.PLACE_NAMES_PT.BEFORE_DATE_SOURCE":null,"DCGIS.PLACE_NAMES_PT.BEGIN_DATE":null,"DCGIS.PLACE_NAMES_PT.BEGIN_DATE_SOURCE":null,"DCGIS.PLACE_NAMES_PT.FIRST_KNOWN_DATE":null,"DCGIS.PLACE_NAMES_PT.FIRST_KNOWN_DATE_SOURCE":null,"DCGIS.PLACE_NAMES_PT.CREATED_DATE":1455276430000,"DCGIS.PLACE_NAMES_PT.LAST_EDITED_DATE":1455276430000,"DCGIS.PLACE_NAMES_PT.SE_ANNO_CAD_DATA":null,"DCGIS.PLACE_NAMES_PT.OBJECTID":32434689,"DCGIS.ADDRESSES_PT.OBJECTID":217223334,"DCGIS.ADDRESSES_PT.SE_ANNO_CAD_DATA":null}},{"type":"Feature","id":32434793,"geometry":{"type":"Point","coordinates":[-77.050430805696692,38.911802244193993]},"properties":{"DCGIS.PLACE_NAMES_PT.NAME":"LETELIER - MOFFITT MONUMENT","DCGIS.ADDRESSES_PT.ADDRESS":null,"DCGIS.ADDRESSES_PT.WARD":"Ward 2","DCGIS.ADDRESSES_PT.SMD":"SMD 2D02","DCGIS.ADDRESSES_PT.ANC":"ANC 2D","MAR.VW_PLACE_NAME_CATEGORIES.CATEGORY":"MONUMENT / PLAZA / STATUE","DCGIS.ADDRESSES_PT.SSL":null,"DCGIS.PLACE_NAMES_PT.STATUS":"ACTIVE","DCGIS.PLACE_NAMES_PT.PLACE_NAME_ID":16179,"DCGIS.PLACE_NAMES_PT.MAR_ID":317384,"DCGIS.PLACE_NAMES_PT.BEFORE_DATE":null,"DCGIS.PLACE_NAMES_PT.BEFORE_DATE_SOURCE":null,"DCGIS.PLACE_NAMES_PT.BEGIN_DATE":null,"DCGIS.PLACE_NAMES_PT.BEGIN_DATE_SOURCE":null,"DCGIS.PLACE_NAMES_PT.FIRST_KNOWN_DATE":null,"DCGIS.PLACE_NAMES_PT.FIRST_KNOWN_DATE_SOURCE":null,"DCGIS.PLACE_NAMES_PT.CREATED_DATE":1517321604000,"DCGIS.PLACE_NAMES_PT.LAST_EDITED_DATE":1517321604000,"DCGIS.PLACE_NAMES_PT.SE_ANNO_CAD_DATA":null,"DCGIS.PLACE_NAMES_PT.OBJECTID":32434793,"DCGIS.ADDRESSES_PT.OBJECTID":217225782,"DCGIS.ADDRESSES_PT.SE_ANNO_CAD_DATA":null}},{"type":"Feature","id":32434794,"geometry":{"type":"Point","coordinates":[-77.050430805696692,38.911802244193993]},"properties":{"DCGIS.PLACE_NAMES_PT.NAME":"ORLANDO LETELIER MEMORIAL","DCGIS.ADDRESSES_PT.ADDRESS":null,"DCGIS.ADDRESSES_PT.WARD":"Ward 2","DCGIS.ADDRESSES_PT.SMD":"SMD 2D02","DCGIS.ADDRESSES_PT.ANC":"ANC 2D","MAR.VW_PLACE_NAME_CATEGORIES.CATEGORY":"MONUMENT / PLAZA / STATUE","DCGIS.ADDRESSES_PT.SSL":null,"DCGIS.PLACE_NAMES_PT.STATUS":"ACTIVE","DCGIS.PLACE_NAMES_PT.PLACE_NAME_ID":16180,"DCGIS.PLACE_NAMES_PT.MAR_ID":317384,"DCGIS.PLACE_NAMES_PT.BEFORE_DATE":null,"DCGIS.PLACE_NAMES_PT.BEFORE_DATE_SOURCE":null,"DCGIS.PLACE_NAMES_PT.BEGIN_DATE":null,"DCGIS.PLACE_NAMES_PT.BEGIN_DATE_SOURCE":null,"DCGIS.PLACE_NAMES_PT.FIRST_KNOWN_DATE":null,"DCGIS.PLACE_NAMES_PT.FIRST_KNOWN_DATE_SOURCE":null,"DCGIS.PLACE_NAMES_PT.CREATED_DATE":1517321604000,"DCGIS.PLACE_NAMES_PT.LAST_EDITED_DATE":1517321604000,"DCGIS.PLACE_NAMES_PT.SE_ANNO_CAD_DATA":null,"DCGIS.PLACE_NAMES_PT.OBJECTID":32434794,"DCGIS.ADDRESSES_PT.OBJECTID":217225782,"DCGIS.ADDRESSES_PT.SE_ANNO_CAD_DATA":null}},{"type":"Feature","id":32434796,"geometry":{"type":"Point","coordinates":[-77.047641808713024,38.928747449494779]},"properties":{"DCGIS.PLACE_NAMES_PT.NAME":"NATIONAL ZOO UNCLE BEAZLEY THE TRICERATOPS","DCGIS.ADDRESSES_PT.ADDRESS":null,"DCGIS.ADDRESSES_PT.WARD":"Ward 3","DCGIS.ADDRESSES_PT.SMD":"SMD 3C03","DCGIS.ADDRESSES_PT.ANC":"ANC 3C","MAR.VW_PLACE_NAME_CATEGORIES.CATEGORY":"MONUMENT / PLAZA / STATUE","DCGIS.ADDRESSES_PT.SSL":"PAR 00670006","DCGIS.PLACE_NAMES_PT.STATUS":"ACTIVE","DCGIS.PLACE_NAMES_PT.PLACE_NAME_ID":16183,"DCGIS.PLACE_NAMES_PT.MAR_ID":317386,"DCGIS.PLACE_NAMES_PT.BEFORE_DATE":null,"DCGIS.PLACE_NAMES_PT.BEFORE_DATE_SOURCE":null,"DCGIS.PLACE_NAMES_PT.BEGIN_DATE":null,"DCGIS.PLACE_NAMES_PT.BEGIN_DATE_SOURCE":null,"DCGIS.PLACE_NAMES_PT.FIRST_KNOWN_DATE":null,"DCGIS.PLACE_NAMES_PT.FIRST_KNOWN_DATE_SOURCE":null,"DCGIS.PLACE_NAMES_PT.CREATED_DATE":1517394310000,"DCGIS.PLACE_NAMES_PT.LAST_EDITED_DATE":1517394310000,"DCGIS.PLACE_NAMES_PT.SE_ANNO_CAD_DATA":null,"DCGIS.PLACE_NAMES_PT.OBJECTID":32434796,"DCGIS.ADDRESSES_PT.OBJECTID":217225783,"DCGIS.ADDRESSES_PT.SE_ANNO_CAD_DATA":null}},{"type":"Feature","id":32434797,"geometry":{"type":"Point","coordinates":[-76.998653993609565,38.872987756617896]},"properties":{"DCGIS.PLACE_NAMES_PT.NAME":"USS BALAO CONNING TOWER","DCGIS.ADDRESSES_PT.ADDRESS":null,"DCGIS.ADDRESSES_PT.WARD":"Ward 8","DCGIS.ADDRESSES_PT.SMD":"SMD 8F02","DCGIS.ADDRESSES_PT.ANC":"ANC 8F","MAR.VW_PLACE_NAME_CATEGORIES.CATEGORY":"MONUMENT / PLAZA / STATUE","DCGIS.ADDRESSES_PT.SSL":null,"DCGIS.PLACE_NAMES_PT.STATUS":"ACTIVE","DCGIS.PLACE_NAMES_PT.PLACE_NAME_ID":16184,"DCGIS.PLACE_NAMES_PT.MAR_ID":317388,"DCGIS.PLACE_NAMES_PT.BEFORE_DATE":null,"DCGIS.PLACE_NAMES_PT.BEFORE_DATE_SOURCE":null,"DCGIS.PLACE_NAMES_PT.BEGIN_DATE":null,"DCGIS.PLACE_NAMES_PT.BEGIN_DATE_SOURCE":null,"DCGIS.PLACE_NAMES_PT.FIRST_KNOWN_DATE":null,"DCGIS.PLACE_NAMES_PT.FIRST_KNOWN_DATE_SOURCE":null,"DCGIS.PLACE_NAMES_PT.CREATED_DATE":1517394927000,"DCGIS.PLACE_NAMES_PT.LAST_EDITED_DATE":1517394927000,"DCGIS.PLACE_NAMES_PT.SE_ANNO_CAD_DATA":null,"DCGIS.PLACE_NAMES_PT.OBJECTID":32434797,"DCGIS.ADDRESSES_PT.OBJECTID":217224847,"DCGIS.ADDRESSES_PT.SE_ANNO_CAD_DATA":null}},{"type":"Feature","id":32434803,"geometry":{"type":"Point","coordinates":[-77.030894192655197,38.895288621145944]},"properties":{"DCGIS.PLACE_NAMES_PT.NAME":"MARION BARRY STATUE","DCGIS.ADDRESSES_PT.ADDRESS":null,"DCGIS.ADDRESSES_PT.WARD":"Ward 2","DCGIS.ADDRESSES_PT.SMD":"SMD 2C03","DCGIS.ADDRESSES_PT.ANC":"ANC 2C","MAR.VW_PLACE_NAME_CATEGORIES.CATEGORY":"MONUMENT / PLAZA / STATUE","DCGIS.ADDRESSES_PT.SSL":null,"DCGIS.PLACE_NAMES_PT.STATUS":"ACTIVE","DCGIS.PLACE_NAMES_PT.PLACE_NAME_ID":16300,"DCGIS.PLACE_NAMES_PT.MAR_ID":317857,"DCGIS.PLACE_NAMES_PT.BEFORE_DATE":null,"DCGIS.PLACE_NAMES_PT.BEFORE_DATE_SOURCE":null,"DCGIS.PLACE_NAMES_PT.BEGIN_DATE":null,"DCGIS.PLACE_NAMES_PT.BEGIN_DATE_SOURCE":null,"DCGIS.PLACE_NAMES_PT.FIRST_KNOWN_DATE":null,"DCGIS.PLACE_NAMES_PT.FIRST_KNOWN_DATE_SOURCE":null,"DCGIS.PLACE_NAMES_PT.CREATED_DATE":1520236527000,"DCGIS.PLACE_NAMES_PT.LAST_EDITED_DATE":1520236527000,"DCGIS.PLACE_NAMES_PT.SE_ANNO_CAD_DATA":null,"DCGIS.PLACE_NAMES_PT.OBJECTID":32434803,"DCGIS.ADDRESSES_PT.OBJECTID":217225875,"DCGIS.ADDRESSES_PT.SE_ANNO_CAD_DATA":null}},{"type":"Feature","id":32434826,"geometry":{"type":"Point","coordinates":[-77.02667592520389,38.880403132445004]},"properties":{"DCGIS.PLACE_NAMES_PT.NAME":"THE WHARF BLAIR PHILLIPS MEMORIAL","DCGIS.ADDRESSES_PT.ADDRESS":null,"DCGIS.ADDRESSES_PT.WARD":"Ward 6","DCGIS.ADDRESSES_PT.SMD":"SMD 6D01","DCGIS.ADDRESSES_PT.ANC":"ANC 6D","MAR.VW_PLACE_NAME_CATEGORIES.CATEGORY":"MONUMENT / PLAZA / STATUE","DCGIS.ADDRESSES_PT.SSL":"0473    0992","DCGIS.PLACE_NAMES_PT.STATUS":"ACTIVE","DCGIS.PLACE_NAMES_PT.PLACE_NAME_ID":16900,"DCGIS.PLACE_NAMES_PT.MAR_ID":320228,"DCGIS.PLACE_NAMES_PT.BEFORE_DATE":null,"DCGIS.PLACE_NAMES_PT.BEFORE_DATE_SOURCE":null,"DCGIS.PLACE_NAMES_PT.BEGIN_DATE":null,"DCGIS.PLACE_NAMES_PT.BEGIN_DATE_SOURCE":null,"DCGIS.PLACE_NAMES_PT.FIRST_KNOWN_DATE":null,"DCGIS.PLACE_NAMES_PT.FIRST_KNOWN_DATE_SOURCE":null,"DCGIS.PLACE_NAMES_PT.CREATED_DATE":1554906302000,"DCGIS.PLACE_NAMES_PT.LAST_EDITED_DATE":1554906302000,"DCGIS.PLACE_NAMES_PT.SE_ANNO_CAD_DATA":null,"DCGIS.PLACE_NAMES_PT.OBJECTID":32434826,"DCGIS.ADDRESSES_PT.OBJECTID":217225275,"DCGIS.ADDRESSES_PT.SE_ANNO_CAD_DATA":null}},{"type":"Feature","id":32434827,"geometry":{"type":"Point","coordinates":[-77.02667592520389,38.880403132445004]},"properties":{"DCGIS.PLACE_NAMES_PT.NAME":"BLAIR PHILLIPS MEMORIAL","DCGIS.ADDRESSES_PT.ADDRESS":null,"DCGIS.ADDRESSES_PT.WARD":"Ward 6","DCGIS.ADDRESSES_PT.SMD":"SMD 6D01","DCGIS.ADDRESSES_PT.ANC":"ANC 6D","MAR.VW_PLACE_NAME_CATEGORIES.CATEGORY":"MONUMENT / PLAZA / STATUE","DCGIS.ADDRESSES_PT.SSL":"0473    0992","DCGIS.PLACE_NAMES_PT.STATUS":"ACTIVE","DCGIS.PLACE_NAMES_PT.PLACE_NAME_ID":16901,"DCGIS.PLACE_NAMES_PT.MAR_ID":320228,"DCGIS.PLACE_NAMES_PT.BEFORE_DATE":null,"DCGIS.PLACE_NAMES_PT.BEFORE_DATE_SOURCE":null,"DCGIS.PLACE_NAMES_PT.BEGIN_DATE":null,"DCGIS.PLACE_NAMES_PT.BEGIN_DATE_SOURCE":null,"DCGIS.PLACE_NAMES_PT.FIRST_KNOWN_DATE":null,"DCGIS.PLACE_NAMES_PT.FIRST_KNOWN_DATE_SOURCE":null,"DCGIS.PLACE_NAMES_PT.CREATED_DATE":1554906302000,"DCGIS.PLACE_NAMES_PT.LAST_EDITED_DATE":1554906302000,"DCGIS.PLACE_NAMES_PT.SE_ANNO_CAD_DATA":null,"DCGIS.PLACE_NAMES_PT.OBJECTID":32434827,"DCGIS.ADDRESSES_PT.OBJECTID":217225275,"DCGIS.ADDRESSES_PT.SE_ANNO_CAD_DATA":null}},{"type":"Feature","id":32434856,"geometry":{"type":"Point","coordinates":[-77.051301085230151,38.903128626335572]},"properties":{"DCGIS.PLACE_NAMES_PT.NAME":"BERNARDO DE GALVEZ STATUE","DCGIS.ADDRESSES_PT.ADDRESS":null,"DCGIS.ADDRESSES_PT.WARD":"Ward 2","DCGIS.ADDRESSES_PT.SMD":"SMD 2A08","DCGIS.ADDRESSES_PT.ANC":"ANC 2A","MAR.VW_PLACE_NAME_CATEGORIES.CATEGORY":"MONUMENT / PLAZA / STATUE","DCGIS.ADDRESSES_PT.SSL":null,"DCGIS.PLACE_NAMES_PT.STATUS":"ACTIVE","DCGIS.PLACE_NAMES_PT.PLACE_NAME_ID":17251,"DCGIS.PLACE_NAMES_PT.MAR_ID":321804,"DCGIS.PLACE_NAMES_PT.BEFORE_DATE":null,"DCGIS.PLACE_NAMES_PT.BEFORE_DATE_SOURCE":null,"DCGIS.PLACE_NAMES_PT.BEGIN_DATE":null,"DCGIS.PLACE_NAMES_PT.BEGIN_DATE_SOURCE":null,"DCGIS.PLACE_NAMES_PT.FIRST_KNOWN_DATE":null,"DCGIS.PLACE_NAMES_PT.FIRST_KNOWN_DATE_SOURCE":null,"DCGIS.PLACE_NAMES_PT.CREATED_DATE":1563440681000,"DCGIS.PLACE_NAMES_PT.LAST_EDITED_DATE":1563440681000,"DCGIS.PLACE_NAMES_PT.SE_ANNO_CAD_DATA":null,"DCGIS.PLACE_NAMES_PT.OBJECTID":32434856,"DCGIS.ADDRESSES_PT.OBJECTID":217228685,"DCGIS.ADDRESSES_PT.SE_ANNO_CAD_DATA":null}},{"type":"Feature","id":32434857,"geometry":{"type":"Point","coordinates":[-77.036550263109888,38.900950997153728]},"properties":{"DCGIS.PLACE_NAMES_PT.NAME":"BLACK LIVES MATTER PLAZA","DCGIS.ADDRESSES_PT.ADDRESS":null,"DCGIS.ADDRESSES_PT.WARD":"Ward 2","DCGIS.ADDRESSES_PT.SMD":"SMD 2C02","DCGIS.ADDRESSES_PT.ANC":"ANC 2C","MAR.VW_PLACE_NAME_CATEGORIES.CATEGORY":"MONUMENT / PLAZA / STATUE","DCGIS.ADDRESSES_PT.SSL":null,"DCGIS.PLACE_NAMES_PT.STATUS":"ACTIVE","DCGIS.PLACE_NAMES_PT.PLACE_NAME_ID":17406,"DCGIS.PLACE_NAMES_PT.MAR_ID":331329,"DCGIS.PLACE_NAMES_PT.BEFORE_DATE":null,"DCGIS.PLACE_NAMES_PT.BEFORE_DATE_SOURCE":null,"DCGIS.PLACE_NAMES_PT.BEGIN_DATE":null,"DCGIS.PLACE_NAMES_PT.BEGIN_DATE_SOURCE":null,"DCGIS.PLACE_NAMES_PT.FIRST_KNOWN_DATE":null,"DCGIS.PLACE_NAMES_PT.FIRST_KNOWN_DATE_SOURCE":null,"DCGIS.PLACE_NAMES_PT.CREATED_DATE":1591620638000,"DCGIS.PLACE_NAMES_PT.LAST_EDITED_DATE":1591620638000,"DCGIS.PLACE_NAMES_PT.SE_ANNO_CAD_DATA":null,"DCGIS.PLACE_NAMES_PT.OBJECTID":32434857,"DCGIS.ADDRESSES_PT.OBJECTID":217225931,"DCGIS.ADDRESSES_PT.SE_ANNO_CAD_DATA":null}},{"type":"Feature","id":32434858,"geometry":{"type":"Point","coordinates":[-77.036550263109888,38.900950997153728]},"properties":{"DCGIS.PLACE_NAMES_PT.NAME":"BLM PLAZA","DCGIS.ADDRESSES_PT.ADDRESS":null,"DCGIS.ADDRESSES_PT.WARD":"Ward 2","DCGIS.ADDRESSES_PT.SMD":"SMD 2C02","DCGIS.ADDRESSES_PT.ANC":"ANC 2C","MAR.VW_PLACE_NAME_CATEGORIES.CATEGORY":"MONUMENT / PLAZA / STATUE","DCGIS.ADDRESSES_PT.SSL":null,"DCGIS.PLACE_NAMES_PT.STATUS":"ACTIVE","DCGIS.PLACE_NAMES_PT.PLACE_NAME_ID":17407,"DCGIS.PLACE_NAMES_PT.MAR_ID":331329,"DCGIS.PLACE_NAMES_PT.BEFORE_DATE":null,"DCGIS.PLACE_NAMES_PT.BEFORE_DATE_SOURCE":null,"DCGIS.PLACE_NAMES_PT.BEGIN_DATE":null,"DCGIS.PLACE_NAMES_PT.BEGIN_DATE_SOURCE":null,"DCGIS.PLACE_NAMES_PT.FIRST_KNOWN_DATE":null,"DCGIS.PLACE_NAMES_PT.FIRST_KNOWN_DATE_SOURCE":null,"DCGIS.PLACE_NAMES_PT.CREATED_DATE":1591620638000,"DCGIS.PLACE_NAMES_PT.LAST_EDITED_DATE":1591620638000,"DCGIS.PLACE_NAMES_PT.SE_ANNO_CAD_DATA":null,"DCGIS.PLACE_NAMES_PT.OBJECTID":32434858,"DCGIS.ADDRESSES_PT.OBJECTID":217225931,"DCGIS.ADDRESSES_PT.SE_ANNO_CAD_DATA":null}},{"type":"Feature","id":32434872,"geometry":{"type":"Point","coordinates":[-77.009072201919494,38.89362112185988]},"properties":{"DCGIS.PLACE_NAMES_PT.NAME":"UPPER SENATE PARK FOUNTAIN","DCGIS.ADDRESSES_PT.ADDRESS":null,"DCGIS.ADDRESSES_PT.WARD":"Ward 6","DCGIS.ADDRESSES_PT.SMD":"SMD 6C02","DCGIS.ADDRESSES_PT.ANC":"ANC 6C","MAR.VW_PLACE_NAME_CATEGORIES.CATEGORY":"MONUMENT / PLAZA / STATUE","DCGIS.ADDRESSES_PT.SSL":"0632    0802","DCGIS.PLACE_NAMES_PT.STATUS":"ACTIVE","DCGIS.PLACE_NAMES_PT.PLACE_NAME_ID":17732,"DCGIS.PLACE_NAMES_PT.MAR_ID":335692,"DCGIS.PLACE_NAMES_PT.BEFORE_DATE":null,"DCGIS.PLACE_NAMES_PT.BEFORE_DATE_SOURCE":null,"DCGIS.PLACE_NAMES_PT.BEGIN_DATE":null,"DCGIS.PLACE_NAMES_PT.BEGIN_DATE_SOURCE":null,"DCGIS.PLACE_NAMES_PT.FIRST_KNOWN_DATE":null,"DCGIS.PLACE_NAMES_PT.FIRST_KNOWN_DATE_SOURCE":null,"DCGIS.PLACE_NAMES_PT.CREATED_DATE":1638349143000,"DCGIS.PLACE_NAMES_PT.LAST_EDITED_DATE":1638349143000,"DCGIS.PLACE_NAMES_PT.SE_ANNO_CAD_DATA":null,"DCGIS.PLACE_NAMES_PT.OBJECTID":32434872,"DCGIS.ADDRESSES_PT.OBJECTID":217119944,"DCGIS.ADDRESSES_PT.SE_ANNO_CAD_DATA":null}},{"type":"Feature","id":32434878,"geometry":{"type":"Point","coordinates":[-77.04641204177743,38.89487603764448]},"properties":{"DCGIS.PLACE_NAMES_PT.NAME":"DISCUS THROWER STATUE","DCGIS.ADDRESSES_PT.ADDRESS":null,"DCGIS.ADDRESSES_PT.WARD":"Ward 2","DCGIS.ADDRESSES_PT.SMD":"SMD 2A01","DCGIS.ADDRESSES_PT.ANC":"ANC 2A","MAR.VW_PLACE_NAME_CATEGORIES.CATEGORY":"MONUMENT / PLAZA / STATUE","DCGIS.ADDRESSES_PT.SSL":"0087E   0807","DCGIS.PLACE_NAMES_PT.STATUS":"ACTIVE","DCGIS.PLACE_NAMES_PT.PLACE_NAME_ID":17749,"DCGIS.PLACE_NAMES_PT.MAR_ID":335799,"DCGIS.PLACE_NAMES_PT.BEFORE_DATE":null,"DCGIS.PLACE_NAMES_PT.BEFORE_DATE_SOURCE":null,"DCGIS.PLACE_NAMES_PT.BEGIN_DATE":null,"DCGIS.PLACE_NAMES_PT.BEGIN_DATE_SOURCE":null,"DCGIS.PLACE_NAMES_PT.FIRST_KNOWN_DATE":null,"DCGIS.PLACE_NAMES_PT.FIRST_KNOWN_DATE_SOURCE":null,"DCGIS.PLACE_NAMES_PT.CREATED_DATE":1640615944000,"DCGIS.PLACE_NAMES_PT.LAST_EDITED_DATE":1640615944000,"DCGIS.PLACE_NAMES_PT.SE_ANNO_CAD_DATA":null,"DCGIS.PLACE_NAMES_PT.OBJECTID":32434878,"DCGIS.ADDRESSES_PT.OBJECTID":217227406,"DCGIS.ADDRESSES_PT.SE_ANNO_CAD_DATA":null}},{"type":"Feature","id":32434932,"geometry":{"type":"Point","coordinates":[-77.005511378920446,38.88062882677167]},"properties":{"DCGIS.PLACE_NAMES_PT.NAME":"FERN PULL II SCULPTURE","DCGIS.ADDRESSES_PT.ADDRESS":null,"DCGIS.ADDRESSES_PT.WARD":"Ward 6","DCGIS.ADDRESSES_PT.SMD":"SMD 6B01","DCGIS.ADDRESSES_PT.ANC":"ANC 6B","MAR.VW_PLACE_NAME_CATEGORIES.CATEGORY":"MONUMENT / PLAZA / STATUE","DCGIS.ADDRESSES_PT.SSL":null,"DCGIS.PLACE_NAMES_PT.STATUS":"ACTIVE","DCGIS.PLACE_NAMES_PT.PLACE_NAME_ID":23027,"DCGIS.PLACE_NAMES_PT.MAR_ID":337105,"DCGIS.PLACE_NAMES_PT.BEFORE_DATE":null,"DCGIS.PLACE_NAMES_PT.BEFORE_DATE_SOURCE":null,"DCGIS.PLACE_NAMES_PT.BEGIN_DATE":null,"DCGIS.PLACE_NAMES_PT.BEGIN_DATE_SOURCE":null,"DCGIS.PLACE_NAMES_PT.FIRST_KNOWN_DATE":null,"DCGIS.PLACE_NAMES_PT.FIRST_KNOWN_DATE_SOURCE":null,"DCGIS.PLACE_NAMES_PT.CREATED_DATE":1668778631000,"DCGIS.PLACE_NAMES_PT.LAST_EDITED_DATE":1668778631000,"DCGIS.PLACE_NAMES_PT.SE_ANNO_CAD_DATA":null,"DCGIS.PLACE_NAMES_PT.OBJECTID":32434932,"DCGIS.ADDRESSES_PT.OBJECTID":217229538,"DCGIS.ADDRESSES_PT.SE_ANNO_CAD_DATA":null}},{"type":"Feature","id":32434163,"geometry":{"type":"Point","coordinates":[-77.036995384738873,38.886748619841072]},"properties":{"DCGIS.PLACE_NAMES_PT.NAME":"ANNUAL LIBRARY","DCGIS.ADDRESSES_PT.ADDRESS":null,"DCGIS.ADDRESSES_PT.WARD":"Ward 2","DCGIS.ADDRESSES_PT.SMD":"SMD 2A01","DCGIS.ADDRESSES_PT.ANC":"ANC 2A","MAR.VW_PLACE_NAME_CATEGORIES.CATEGORY":"MONUMENT / PLAZA / STATUE","DCGIS.ADDRESSES_PT.SSL":"RES 00020000","DCGIS.PLACE_NAMES_PT.STATUS":"ACTIVE","DCGIS.PLACE_NAMES_PT.PLACE_NAME_ID":8740,"DCGIS.PLACE_NAMES_PT.MAR_ID":307924,"DCGIS.PLACE_NAMES_PT.BEFORE_DATE":null,"DCGIS.PLACE_NAMES_PT.BEFORE_DATE_SOURCE":null,"DCGIS.PLACE_NAMES_PT.BEGIN_DATE":null,"DCGIS.PLACE_NAMES_PT.BEGIN_DATE_SOURCE":null,"DCGIS.PLACE_NAMES_PT.FIRST_KNOWN_DATE":null,"DCGIS.PLACE_NAMES_PT.FIRST_KNOWN_DATE_SOURCE":null,"DCGIS.PLACE_NAMES_PT.CREATED_DATE":1251825166000,"DCGIS.PLACE_NAMES_PT.LAST_EDITED_DATE":1251825166000,"DCGIS.PLACE_NAMES_PT.SE_ANNO_CAD_DATA":null,"DCGIS.PLACE_NAMES_PT.OBJECTID":32434163,"DCGIS.ADDRESSES_PT.OBJECTID":217125724,"DCGIS.ADDRESSES_PT.SE_ANNO_CAD_DATA":null}},{"type":"Feature","id":32434168,"geometry":{"type":"Point","coordinates":[-77.061352687242902,38.920502315033005]},"properties":{"DCGIS.PLACE_NAMES_PT.NAME":"KHALIL GIBRAN MEMORIAL","DCGIS.ADDRESSES_PT.ADDRESS":null,"DCGIS.ADDRESSES_PT.WARD":"Ward 3","DCGIS.ADDRESSES_PT.SMD":"SMD 3C07","DCGIS.ADDRESSES_PT.ANC":"ANC 3C","MAR.VW_PLACE_NAME_CATEGORIES.CATEGORY":"MONUMENT / PLAZA / STATUE","DCGIS.ADDRESSES_PT.SSL":"2145    0827","DCGIS.PLACE_NAMES_PT.STATUS":"ACTIVE","DCGIS.PLACE_NAMES_PT.PLACE_NAME_ID":8748,"DCGIS.PLACE_NAMES_PT.MAR_ID":307960,"DCGIS.PLACE_NAMES_PT.BEFORE_DATE":null,"DCGIS.PLACE_NAMES_PT.BEFORE_DATE_SOURCE":null,"DCGIS.PLACE_NAMES_PT.BEGIN_DATE":null,"DCGIS.PLACE_NAMES_PT.BEGIN_DATE_SOURCE":null,"DCGIS.PLACE_NAMES_PT.FIRST_KNOWN_DATE":null,"DCGIS.PLACE_NAMES_PT.FIRST_KNOWN_DATE_SOURCE":null,"DCGIS.PLACE_NAMES_PT.CREATED_DATE":1255625060000,"DCGIS.PLACE_NAMES_PT.LAST_EDITED_DATE":1255625060000,"DCGIS.PLACE_NAMES_PT.SE_ANNO_CAD_DATA":null,"DCGIS.PLACE_NAMES_PT.OBJECTID":32434168,"DCGIS.ADDRESSES_PT.OBJECTID":217132405,"DCGIS.ADDRESSES_PT.SE_ANNO_CAD_DATA":null}},{"type":"Feature","id":32434170,"geometry":{"type":"Point","coordinates":[-77.022945627259887,38.889029813846143]},"properties":{"DCGIS.PLACE_NAMES_PT.NAME":"HIRSHHORN SCULPTURE GARDEN","DCGIS.ADDRESSES_PT.ADDRESS":null,"DCGIS.ADDRESSES_PT.WARD":"Ward 2","DCGIS.ADDRESSES_PT.SMD":"SMD 2C03","DCGIS.ADDRESSES_PT.ANC":"ANC 2C","MAR.VW_PLACE_NAME_CATEGORIES.CATEGORY":"MONUMENT / PLAZA / STATUE","DCGIS.ADDRESSES_PT.SSL":"PAR 03160006","DCGIS.PLACE_NAMES_PT.STATUS":"ACTIVE","DCGIS.PLACE_NAMES_PT.PLACE_NAME_ID":12531,"DCGIS.PLACE_NAMES_PT.MAR_ID":307963,"DCGIS.PLACE_NAMES_PT.BEFORE_DATE":null,"DCGIS.PLACE_NAMES_PT.BEFORE_DATE_SOURCE":null,"DCGIS.PLACE_NAMES_PT.BEGIN_DATE":null,"DCGIS.PLACE_NAMES_PT.BEGIN_DATE_SOURCE":null,"DCGIS.PLACE_NAMES_PT.FIRST_KNOWN_DATE":null,"DCGIS.PLACE_NAMES_PT.FIRST_KNOWN_DATE_SOURCE":null,"DCGIS.PLACE_NAMES_PT.CREATED_DATE":1347629342000,"DCGIS.PLACE_NAMES_PT.LAST_EDITED_DATE":1347629342000,"DCGIS.PLACE_NAMES_PT.SE_ANNO_CAD_DATA":null,"DCGIS.PLACE_NAMES_PT.OBJECTID":32434170,"DCGIS.ADDRESSES_PT.OBJECTID":217132512,"DCGIS.ADDRESSES_PT.SE_ANNO_CAD_DATA":null}},{"type":"Feature","id":32434178,"geometry":{"type":"Point","coordinates":[-77.049660492943914,38.932520280647537]},"properties":{"DCGIS.PLACE_NAMES_PT.NAME":"JULES JUSSERAND MEMORIAL","DCGIS.ADDRESSES_PT.ADDRESS":null,"DCGIS.ADDRESSES_PT.WARD":"Ward 1","DCGIS.ADDRESSES_PT.SMD":"SMD 1D01","DCGIS.ADDRESSES_PT.ANC":"ANC 1D","MAR.VW_PLACE_NAME_CATEGORIES.CATEGORY":"MONUMENT / PLAZA / STATUE","DCGIS.ADDRESSES_PT.SSL":"PAR 00670006","DCGIS.PLACE_NAMES_PT.STATUS":"ACTIVE","DCGIS.PLACE_NAMES_PT.PLACE_NAME_ID":8769,"DCGIS.PLACE_NAMES_PT.MAR_ID":308009,"DCGIS.PLACE_NAMES_PT.BEFORE_DATE":null,"DCGIS.PLACE_NAMES_PT.BEFORE_DATE_SOURCE":null,"DCGIS.PLACE_NAMES_PT.BEGIN_DATE":null,"DCGIS.PLACE_NAMES_PT.BEGIN_DATE_SOURCE":null,"DCGIS.PLACE_NAMES_PT.FIRST_KNOWN_DATE":null,"DCGIS.PLACE_NAMES_PT.FIRST_KNOWN_DATE_SOURCE":null,"DCGIS.PLACE_NAMES_PT.CREATED_DATE":1258394791000,"DCGIS.PLACE_NAMES_PT.LAST_EDITED_DATE":1258394791000,"DCGIS.PLACE_NAMES_PT.SE_ANNO_CAD_DATA":null,"DCGIS.PLACE_NAMES_PT.OBJECTID":32434178,"DCGIS.ADDRESSES_PT.OBJECTID":217139057,"DCGIS.ADDRESSES_PT.SE_ANNO_CAD_DATA":null}},{"type":"Feature","id":32434217,"geometry":{"type":"Point","coordinates":[-77.069480612578559,38.95357858882894]},"properties":{"DCGIS.PLACE_NAMES_PT.NAME":"PETER MUHLENBERG MEMORIAL","DCGIS.ADDRESSES_PT.ADDRESS":null,"DCGIS.ADDRESSES_PT.WARD":"Ward 3","DCGIS.ADDRESSES_PT.SMD":"SMD 3F06","DCGIS.ADDRESSES_PT.ANC":"ANC 3F","MAR.VW_PLACE_NAME_CATEGORIES.CATEGORY":"MONUMENT / PLAZA / STATUE","DCGIS.ADDRESSES_PT.SSL":"1982    0800","DCGIS.PLACE_NAMES_PT.STATUS":"ACTIVE","DCGIS.PLACE_NAMES_PT.PLACE_NAME_ID":9284,"DCGIS.PLACE_NAMES_PT.MAR_ID":308543,"DCGIS.PLACE_NAMES_PT.BEFORE_DATE":null,"DCGIS.PLACE_NAMES_PT.BEFORE_DATE_SOURCE":null,"DCGIS.PLACE_NAMES_PT.BEGIN_DATE":null,"DCGIS.PLACE_NAMES_PT.BEGIN_DATE_SOURCE":null,"DCGIS.PLACE_NAMES_PT.FIRST_KNOWN_DATE":null,"DCGIS.PLACE_NAMES_PT.FIRST_KNOWN_DATE_SOURCE":null,"DCGIS.PLACE_NAMES_PT.CREATED_DATE":1279197002000,"DCGIS.PLACE_NAMES_PT.LAST_EDITED_DATE":1279197002000,"DCGIS.PLACE_NAMES_PT.SE_ANNO_CAD_DATA":null,"DCGIS.PLACE_NAMES_PT.OBJECTID":32434217,"DCGIS.ADDRESSES_PT.OBJECTID":217254050,"DCGIS.ADDRESSES_PT.SE_ANNO_CAD_DATA":null}},{"type":"Feature","id":32434426,"geometry":{"type":"Point","coordinates":[-77.044416519214423,38.886327864282755]},"properties":{"DCGIS.PLACE_NAMES_PT.NAME":"MARTIN LUTHER KING JR MEMORIAL MOUNTAIN OF DESPAIR","DCGIS.ADDRESSES_PT.ADDRESS":null,"DCGIS.ADDRESSES_PT.WARD":"Ward 2","DCGIS.ADDRESSES_PT.SMD":"SMD 2A01","DCGIS.ADDRESSES_PT.ANC":"ANC 2A","MAR.VW_PLACE_NAME_CATEGORIES.CATEGORY":"MONUMENT / PLAZA / STATUE","DCGIS.ADDRESSES_PT.SSL":"RES 03320000","DCGIS.PLACE_NAMES_PT.STATUS":"ACTIVE","DCGIS.PLACE_NAMES_PT.PLACE_NAME_ID":11213,"DCGIS.PLACE_NAMES_PT.MAR_ID":309928,"DCGIS.PLACE_NAMES_PT.BEFORE_DATE":null,"DCGIS.PLACE_NAMES_PT.BEFORE_DATE_SOURCE":null,"DCGIS.PLACE_NAMES_PT.BEGIN_DATE":null,"DCGIS.PLACE_NAMES_PT.BEGIN_DATE_SOURCE":null,"DCGIS.PLACE_NAMES_PT.FIRST_KNOWN_DATE":null,"DCGIS.PLACE_NAMES_PT.FIRST_KNOWN_DATE_SOURCE":null,"DCGIS.PLACE_NAMES_PT.CREATED_DATE":1315910078000,"DCGIS.PLACE_NAMES_PT.LAST_EDITED_DATE":1315910078000,"DCGIS.PLACE_NAMES_PT.SE_ANNO_CAD_DATA":null,"DCGIS.PLACE_NAMES_PT.OBJECTID":32434426,"DCGIS.ADDRESSES_PT.OBJECTID":217209396,"DCGIS.ADDRESSES_PT.SE_ANNO_CAD_DATA":null}},{"type":"Feature","id":32434427,"geometry":{"type":"Point","coordinates":[-77.044416519214423,38.886327864282755]},"properties":{"DCGIS.PLACE_NAMES_PT.NAME":"MOUNTAIN OF DESPAIR","DCGIS.ADDRESSES_PT.ADDRESS":null,"DCGIS.ADDRESSES_PT.WARD":"Ward 2","DCGIS.ADDRESSES_PT.SMD":"SMD 2A01","DCGIS.ADDRESSES_PT.ANC":"ANC 2A","MAR.VW_PLACE_NAME_CATEGORIES.CATEGORY":"MONUMENT / PLAZA / STATUE","DCGIS.ADDRESSES_PT.SSL":"RES 03320000","DCGIS.PLACE_NAMES_PT.STATUS":"ACTIVE","DCGIS.PLACE_NAMES_PT.PLACE_NAME_ID":11216,"DCGIS.PLACE_NAMES_PT.MAR_ID":309928,"DCGIS.PLACE_NAMES_PT.BEFORE_DATE":null,"DCGIS.PLACE_NAMES_PT.BEFORE_DATE_SOURCE":null,"DCGIS.PLACE_NAMES_PT.BEGIN_DATE":null,"DCGIS.PLACE_NAMES_PT.BEGIN_DATE_SOURCE":null,"DCGIS.PLACE_NAMES_PT.FIRST_KNOWN_DATE":null,"DCGIS.PLACE_NAMES_PT.FIRST_KNOWN_DATE_SOURCE":null,"DCGIS.PLACE_NAMES_PT.CREATED_DATE":1315911038000,"DCGIS.PLACE_NAMES_PT.LAST_EDITED_DATE":1315911038000,"DCGIS.PLACE_NAMES_PT.SE_ANNO_CAD_DATA":null,"DCGIS.PLACE_NAMES_PT.OBJECTID":32434427,"DCGIS.ADDRESSES_PT.OBJECTID":217209396,"DCGIS.ADDRESSES_PT.SE_ANNO_CAD_DATA":null}},{"type":"Feature","id":32434428,"geometry":{"type":"Point","coordinates":[-77.044225702741585,38.886228844477372]},"properties":{"DCGIS.PLACE_NAMES_PT.NAME":"MARTIN LUTHER KING JR MEMORIAL STONE OF HOPE","DCGIS.ADDRESSES_PT.ADDRESS":null,"DCGIS.ADDRESSES_PT.WARD":"Ward 2","DCGIS.ADDRESSES_PT.SMD":"SMD 2A01","DCGIS.ADDRESSES_PT.ANC":"ANC 2A","MAR.VW_PLACE_NAME_CATEGORIES.CATEGORY":"MONUMENT / PLAZA / STATUE","DCGIS.ADDRESSES_PT.SSL":"RES 03320000","DCGIS.PLACE_NAMES_PT.STATUS":"ACTIVE","DCGIS.PLACE_NAMES_PT.PLACE_NAME_ID":11214,"DCGIS.PLACE_NAMES_PT.MAR_ID":309929,"DCGIS.PLACE_NAMES_PT.BEFORE_DATE":null,"DCGIS.PLACE_NAMES_PT.BEFORE_DATE_SOURCE":null,"DCGIS.PLACE_NAMES_PT.BEGIN_DATE":null,"DCGIS.PLACE_NAMES_PT.BEGIN_DATE_SOURCE":null,"DCGIS.PLACE_NAMES_PT.FIRST_KNOWN_DATE":null,"DCGIS.PLACE_NAMES_PT.FIRST_KNOWN_DATE_SOURCE":null,"DCGIS.PLACE_NAMES_PT.CREATED_DATE":1315910191000,"DCGIS.PLACE_NAMES_PT.LAST_EDITED_DATE":1315910191000,"DCGIS.PLACE_NAMES_PT.SE_ANNO_CAD_DATA":null,"DCGIS.PLACE_NAMES_PT.OBJECTID":32434428,"DCGIS.ADDRESSES_PT.OBJECTID":217208936,"DCGIS.ADDRESSES_PT.SE_ANNO_CAD_DATA":null}},{"type":"Feature","id":32434429,"geometry":{"type":"Point","coordinates":[-77.044225702741585,38.886228844477372]},"properties":{"DCGIS.PLACE_NAMES_PT.NAME":"STONE OF HOPE","DCGIS.ADDRESSES_PT.ADDRESS":null,"DCGIS.ADDRESSES_PT.WARD":"Ward 2","DCGIS.ADDRESSES_PT.SMD":"SMD 2A01","DCGIS.ADDRESSES_PT.ANC":"ANC 2A","MAR.VW_PLACE_NAME_CATEGORIES.CATEGORY":"MONUMENT / PLAZA / STATUE","DCGIS.ADDRESSES_PT.SSL":"RES 03320000","DCGIS.PLACE_NAMES_PT.STATUS":"ACTIVE","DCGIS.PLACE_NAMES_PT.PLACE_NAME_ID":11215,"DCGIS.PLACE_NAMES_PT.MAR_ID":309929,"DCGIS.PLACE_NAMES_PT.BEFORE_DATE":null,"DCGIS.PLACE_NAMES_PT.BEFORE_DATE_SOURCE":null,"DCGIS.PLACE_NAMES_PT.BEGIN_DATE":null,"DCGIS.PLACE_NAMES_PT.BEGIN_DATE_SOURCE":null,"DCGIS.PLACE_NAMES_PT.FIRST_KNOWN_DATE":null,"DCGIS.PLACE_NAMES_PT.FIRST_KNOWN_DATE_SOURCE":null,"DCGIS.PLACE_NAMES_PT.CREATED_DATE":1315910192000,"DCGIS.PLACE_NAMES_PT.LAST_EDITED_DATE":1315910192000,"DCGIS.PLACE_NAMES_PT.SE_ANNO_CAD_DATA":null,"DCGIS.PLACE_NAMES_PT.OBJECTID":32434429,"DCGIS.ADDRESSES_PT.OBJECTID":217208936,"DCGIS.ADDRESSES_PT.SE_ANNO_CAD_DATA":null}},{"type":"Feature","id":32434451,"geometry":{"type":"Point","coordinates":[-76.997171801768474,38.93400960090122]},"properties":{"DCGIS.PLACE_NAMES_PT.NAME":"CATHOLIC UNIVERSITY OF AMERICA PERINI PLAZA","DCGIS.ADDRESSES_PT.ADDRESS":null,"DCGIS.ADDRESSES_PT.WARD":"Ward 5","DCGIS.ADDRESSES_PT.SMD":"SMD 5A04","DCGIS.ADDRESSES_PT.ANC":"ANC 5A","MAR.VW_PLACE_NAME_CATEGORIES.CATEGORY":"MONUMENT / PLAZA / STATUE","DCGIS.ADDRESSES_PT.SSL":"3821    0044","DCGIS.PLACE_NAMES_PT.STATUS":"ACTIVE","DCGIS.PLACE_NAMES_PT.PLACE_NAME_ID":11416,"DCGIS.PLACE_NAMES_PT.MAR_ID":310155,"DCGIS.PLACE_NAMES_PT.BEFORE_DATE":null,"DCGIS.PLACE_NAMES_PT.BEFORE_DATE_SOURCE":null,"DCGIS.PLACE_NAMES_PT.BEGIN_DATE":null,"DCGIS.PLACE_NAMES_PT.BEGIN_DATE_SOURCE":null,"DCGIS.PLACE_NAMES_PT.FIRST_KNOWN_DATE":null,"DCGIS.PLACE_NAMES_PT.FIRST_KNOWN_DATE_SOURCE":null,"DCGIS.PLACE_NAMES_PT.CREATED_DATE":1324467330000,"DCGIS.PLACE_NAMES_PT.LAST_EDITED_DATE":1324467330000,"DCGIS.PLACE_NAMES_PT.SE_ANNO_CAD_DATA":null,"DCGIS.PLACE_NAMES_PT.OBJECTID":32434451,"DCGIS.ADDRESSES_PT.OBJECTID":217209120,"DCGIS.ADDRESSES_PT.SE_ANNO_CAD_DATA":null}},{"type":"Feature","id":32434304,"geometry":{"type":"Point","coordinates":[-77.003099287007544,38.875073618483647]},"properties":{"DCGIS.PLACE_NAMES_PT.NAME":"TINGEY PLAZA","DCGIS.ADDRESSES_PT.ADDRESS":null,"DCGIS.ADDRESSES_PT.WARD":"Ward 8","DCGIS.ADDRESSES_PT.SMD":"SMD 8F02","DCGIS.ADDRESSES_PT.ANC":"ANC 8F","MAR.VW_PLACE_NAME_CATEGORIES.CATEGORY":"MONUMENT / PLAZA / STATUE","DCGIS.ADDRESSES_PT.SSL":"0770    0804","DCGIS.PLACE_NAMES_PT.STATUS":"ACTIVE","DCGIS.PLACE_NAMES_PT.PLACE_NAME_ID":9706,"DCGIS.PLACE_NAMES_PT.MAR_ID":308886,"DCGIS.PLACE_NAMES_PT.BEFORE_DATE":null,"DCGIS.PLACE_NAMES_PT.BEFORE_DATE_SOURCE":null,"DCGIS.PLACE_NAMES_PT.BEGIN_DATE":null,"DCGIS.PLACE_NAMES_PT.BEGIN_DATE_SOURCE":null,"DCGIS.PLACE_NAMES_PT.FIRST_KNOWN_DATE":null,"DCGIS.PLACE_NAMES_PT.FIRST_KNOWN_DATE_SOURCE":null,"DCGIS.PLACE_NAMES_PT.CREATED_DATE":1283937978000,"DCGIS.PLACE_NAMES_PT.LAST_EDITED_DATE":1283937978000,"DCGIS.PLACE_NAMES_PT.SE_ANNO_CAD_DATA":null,"DCGIS.PLACE_NAMES_PT.OBJECTID":32434304,"DCGIS.ADDRESSES_PT.OBJECTID":217257009,"DCGIS.ADDRESSES_PT.SE_ANNO_CAD_DATA":null}},{"type":"Feature","id":32434310,"geometry":{"type":"Point","coordinates":[-77.087949405753477,38.937125126580746]},"properties":{"DCGIS.PLACE_NAMES_PT.NAME":"AMERICAN UNIVERSITY ERIC FRIEDHEIM QUADRANGLE","DCGIS.ADDRESSES_PT.ADDRESS":null,"DCGIS.ADDRESSES_PT.WARD":"Ward 3","DCGIS.ADDRESSES_PT.SMD":"SMD 3E07","DCGIS.ADDRESSES_PT.ANC":"ANC 3E","MAR.VW_PLACE_NAME_CATEGORIES.CATEGORY":"MONUMENT / PLAZA / STATUE","DCGIS.ADDRESSES_PT.SSL":"1600    0001","DCGIS.PLACE_NAMES_PT.STATUS":"ACTIVE","DCGIS.PLACE_NAMES_PT.PLACE_NAME_ID":9720,"DCGIS.PLACE_NAMES_PT.MAR_ID":308893,"DCGIS.PLACE_NAMES_PT.BEFORE_DATE":null,"DCGIS.PLACE_NAMES_PT.BEFORE_DATE_SOURCE":null,"DCGIS.PLACE_NAMES_PT.BEGIN_DATE":null,"DCGIS.PLACE_NAMES_PT.BEGIN_DATE_SOURCE":null,"DCGIS.PLACE_NAMES_PT.FIRST_KNOWN_DATE":null,"DCGIS.PLACE_NAMES_PT.FIRST_KNOWN_DATE_SOURCE":null,"DCGIS.PLACE_NAMES_PT.CREATED_DATE":1284121022000,"DCGIS.PLACE_NAMES_PT.LAST_EDITED_DATE":1284121022000,"DCGIS.PLACE_NAMES_PT.SE_ANNO_CAD_DATA":null,"DCGIS.PLACE_NAMES_PT.OBJECTID":32434310,"DCGIS.ADDRESSES_PT.OBJECTID":217200526,"DCGIS.ADDRESSES_PT.SE_ANNO_CAD_DATA":null}},{"type":"Feature","id":32434316,"geometry":{"type":"Point","coordinates":[-77.025967032686708,38.916536466693053]},"properties":{"DCGIS.PLACE_NAMES_PT.NAME":"AFRICAN AMERICAN CIVIL WAR MEMORIAL","DCGIS.ADDRESSES_PT.ADDRESS":null,"DCGIS.ADDRESSES_PT.WARD":"Ward 1","DCGIS.ADDRESSES_PT.SMD":"SMD 1B02","DCGIS.ADDRESSES_PT.ANC":"ANC 1B","MAR.VW_PLACE_NAME_CATEGORIES.CATEGORY":"MONUMENT / PLAZA / STATUE","DCGIS.ADDRESSES_PT.SSL":null,"DCGIS.PLACE_NAMES_PT.STATUS":"ACTIVE","DCGIS.PLACE_NAMES_PT.PLACE_NAME_ID":9823,"DCGIS.PLACE_NAMES_PT.MAR_ID":308944,"DCGIS.PLACE_NAMES_PT.BEFORE_DATE":null,"DCGIS.PLACE_NAMES_PT.BEFORE_DATE_SOURCE":null,"DCGIS.PLACE_NAMES_PT.BEGIN_DATE":null,"DCGIS.PLACE_NAMES_PT.BEGIN_DATE_SOURCE":null,"DCGIS.PLACE_NAMES_PT.FIRST_KNOWN_DATE":null,"DCGIS.PLACE_NAMES_PT.FIRST_KNOWN_DATE_SOURCE":null,"DCGIS.PLACE_NAMES_PT.CREATED_DATE":1287049819000,"DCGIS.PLACE_NAMES_PT.LAST_EDITED_DATE":1287049819000,"DCGIS.PLACE_NAMES_PT.SE_ANNO_CAD_DATA":null,"DCGIS.PLACE_NAMES_PT.OBJECTID":32434316,"DCGIS.ADDRESSES_PT.OBJECTID":217181263,"DCGIS.ADDRESSES_PT.SE_ANNO_CAD_DATA":null}},{"type":"Feature","id":32434327,"geometry":{"type":"Point","coordinates":[-77.072909700534197,38.908788077687646]},"properties":{"DCGIS.PLACE_NAMES_PT.NAME":"GEORGETOWN UNIVERSITY RED SQUARE","DCGIS.ADDRESSES_PT.ADDRESS":null,"DCGIS.ADDRESSES_PT.WARD":"Ward 2","DCGIS.ADDRESSES_PT.SMD":"SMD 2E08","DCGIS.ADDRESSES_PT.ANC":"ANC 2E","MAR.VW_PLACE_NAME_CATEGORIES.CATEGORY":"MONUMENT / PLAZA / STATUE","DCGIS.ADDRESSES_PT.SSL":"1321    0833","DCGIS.PLACE_NAMES_PT.STATUS":"ACTIVE","DCGIS.PLACE_NAMES_PT.PLACE_NAME_ID":9886,"DCGIS.PLACE_NAMES_PT.MAR_ID":309131,"DCGIS.PLACE_NAMES_PT.BEFORE_DATE":null,"DCGIS.PLACE_NAMES_PT.BEFORE_DATE_SOURCE":null,"DCGIS.PLACE_NAMES_PT.BEGIN_DATE":null,"DCGIS.PLACE_NAMES_PT.BEGIN_DATE_SOURCE":null,"DCGIS.PLACE_NAMES_PT.FIRST_KNOWN_DATE":null,"DCGIS.PLACE_NAMES_PT.FIRST_KNOWN_DATE_SOURCE":null,"DCGIS.PLACE_NAMES_PT.CREATED_DATE":1290162871000,"DCGIS.PLACE_NAMES_PT.LAST_EDITED_DATE":1290162871000,"DCGIS.PLACE_NAMES_PT.SE_ANNO_CAD_DATA":null,"DCGIS.PLACE_NAMES_PT.OBJECTID":32434327,"DCGIS.ADDRESSES_PT.OBJECTID":217206064,"DCGIS.ADDRESSES_PT.SE_ANNO_CAD_DATA":null}},{"type":"Feature","id":32434331,"geometry":{"type":"Point","coordinates":[-77.045788633022795,38.899172733860453]},"properties":{"DCGIS.PLACE_NAMES_PT.NAME":"GEORGE WASHINGTON UNIVERSITY UNIVERSITY YARD","DCGIS.ADDRESSES_PT.ADDRESS":null,"DCGIS.ADDRESSES_PT.WARD":"Ward 2","DCGIS.ADDRESSES_PT.SMD":"SMD 2A07","DCGIS.ADDRESSES_PT.ANC":"ANC 2A","MAR.VW_PLACE_NAME_CATEGORIES.CATEGORY":"MONUMENT / PLAZA / STATUE","DCGIS.ADDRESSES_PT.SSL":"0102    0839","DCGIS.PLACE_NAMES_PT.STATUS":"ACTIVE","DCGIS.PLACE_NAMES_PT.PLACE_NAME_ID":9918,"DCGIS.PLACE_NAMES_PT.MAR_ID":309142,"DCGIS.PLACE_NAMES_PT.BEFORE_DATE":null,"DCGIS.PLACE_NAMES_PT.BEFORE_DATE_SOURCE":null,"DCGIS.PLACE_NAMES_PT.BEGIN_DATE":null,"DCGIS.PLACE_NAMES_PT.BEGIN_DATE_SOURCE":null,"DCGIS.PLACE_NAMES_PT.FIRST_KNOWN_DATE":null,"DCGIS.PLACE_NAMES_PT.FIRST_KNOWN_DATE_SOURCE":null,"DCGIS.PLACE_NAMES_PT.CREATED_DATE":1290424071000,"DCGIS.PLACE_NAMES_PT.LAST_EDITED_DATE":1290424071000,"DCGIS.PLACE_NAMES_PT.SE_ANNO_CAD_DATA":null,"DCGIS.PLACE_NAMES_PT.OBJECTID":32434331,"DCGIS.ADDRESSES_PT.OBJECTID":217206476,"DCGIS.ADDRESSES_PT.SE_ANNO_CAD_DATA":null}},{"type":"Feature","id":32434332,"geometry":{"type":"Point","coordinates":[-77.047539884869479,38.899035467516889]},"properties":{"DCGIS.PLACE_NAMES_PT.NAME":"GEORGE WASHINGTON UNIVERSITY KOGAN PLAZA","DCGIS.ADDRESSES_PT.ADDRESS":null,"DCGIS.ADDRESSES_PT.WARD":"Ward 2","DCGIS.ADDRESSES_PT.SMD":"SMD 2A07","DCGIS.ADDRESSES_PT.ANC":"ANC 2A","MAR.VW_PLACE_NAME_CATEGORIES.CATEGORY":"MONUMENT / PLAZA / STATUE","DCGIS.ADDRESSES_PT.SSL":"0079    0854","DCGIS.PLACE_NAMES_PT.STATUS":"ACTIVE","DCGIS.PLACE_NAMES_PT.PLACE_NAME_ID":9925,"DCGIS.PLACE_NAMES_PT.MAR_ID":309143,"DCGIS.PLACE_NAMES_PT.BEFORE_DATE":null,"DCGIS.PLACE_NAMES_PT.BEFORE_DATE_SOURCE":null,"DCGIS.PLACE_NAMES_PT.BEGIN_DATE":null,"DCGIS.PLACE_NAMES_PT.BEGIN_DATE_SOURCE":null,"DCGIS.PLACE_NAMES_PT.FIRST_KNOWN_DATE":null,"DCGIS.PLACE_NAMES_PT.FIRST_KNOWN_DATE_SOURCE":null,"DCGIS.PLACE_NAMES_PT.CREATED_DATE":1290425068000,"DCGIS.PLACE_NAMES_PT.LAST_EDITED_DATE":1290425068000,"DCGIS.PLACE_NAMES_PT.SE_ANNO_CAD_DATA":null,"DCGIS.PLACE_NAMES_PT.OBJECTID":32434332,"DCGIS.ADDRESSES_PT.OBJECTID":217130636,"DCGIS.ADDRESSES_PT.SE_ANNO_CAD_DATA":null}},{"type":"Feature","id":32434336,"geometry":{"type":"Point","coordinates":[-76.989687582358968,38.908523276669882]},"properties":{"DCGIS.PLACE_NAMES_PT.NAME":"GALLAUDET UNIVERSITY RIDING HIGH SCULPTURE","DCGIS.ADDRESSES_PT.ADDRESS":null,"DCGIS.ADDRESSES_PT.WARD":"Ward 5","DCGIS.ADDRESSES_PT.SMD":"SMD 5D01","DCGIS.ADDRESSES_PT.ANC":"ANC 5D","MAR.VW_PLACE_NAME_CATEGORIES.CATEGORY":"MONUMENT / PLAZA / STATUE","DCGIS.ADDRESSES_PT.SSL":"3593    0004","DCGIS.PLACE_NAMES_PT.STATUS":"ACTIVE","DCGIS.PLACE_NAMES_PT.PLACE_NAME_ID":9959,"DCGIS.PLACE_NAMES_PT.MAR_ID":309147,"DCGIS.PLACE_NAMES_PT.BEFORE_DATE":null,"DCGIS.PLACE_NAMES_PT.BEFORE_DATE_SOURCE":null,"DCGIS.PLACE_NAMES_PT.BEGIN_DATE":null,"DCGIS.PLACE_NAMES_PT.BEGIN_DATE_SOURCE":null,"DCGIS.PLACE_NAMES_PT.FIRST_KNOWN_DATE":null,"DCGIS.PLACE_NAMES_PT.FIRST_KNOWN_DATE_SOURCE":null,"DCGIS.PLACE_NAMES_PT.CREATED_DATE":1290513000000,"DCGIS.PLACE_NAMES_PT.LAST_EDITED_DATE":1290513000000,"DCGIS.PLACE_NAMES_PT.SE_ANNO_CAD_DATA":null,"DCGIS.PLACE_NAMES_PT.OBJECTID":32434336,"DCGIS.ADDRESSES_PT.OBJECTID":217147415,"DCGIS.ADDRESSES_PT.SE_ANNO_CAD_DATA":null}},{"type":"Feature","id":32434338,"geometry":{"type":"Point","coordinates":[-76.995144274842048,38.90548340308942]},"properties":{"DCGIS.PLACE_NAMES_PT.NAME":"THOMAS HOPKINS GALLAUDET STATUE","DCGIS.ADDRESSES_PT.ADDRESS":null,"DCGIS.ADDRESSES_PT.WARD":"Ward 5","DCGIS.ADDRESSES_PT.SMD":"SMD 5D01","DCGIS.ADDRESSES_PT.ANC":"ANC 5D","MAR.VW_PLACE_NAME_CATEGORIES.CATEGORY":"MONUMENT / PLAZA / STATUE","DCGIS.ADDRESSES_PT.SSL":"3593    0004","DCGIS.PLACE_NAMES_PT.STATUS":"ACTIVE","DCGIS.PLACE_NAMES_PT.PLACE_NAME_ID":11774,"DCGIS.PLACE_NAMES_PT.MAR_ID":309149,"DCGIS.PLACE_NAMES_PT.BEFORE_DATE":null,"DCGIS.PLACE_NAMES_PT.BEFORE_DATE_SOURCE":null,"DCGIS.PLACE_NAMES_PT.BEGIN_DATE":null,"DCGIS.PLACE_NAMES_PT.BEGIN_DATE_SOURCE":null,"DCGIS.PLACE_NAMES_PT.FIRST_KNOWN_DATE":null,"DCGIS.PLACE_NAMES_PT.FIRST_KNOWN_DATE_SOURCE":null,"DCGIS.PLACE_NAMES_PT.CREATED_DATE":1334135557000,"DCGIS.PLACE_NAMES_PT.LAST_EDITED_DATE":1334135557000,"DCGIS.PLACE_NAMES_PT.SE_ANNO_CAD_DATA":null,"DCGIS.PLACE_NAMES_PT.OBJECTID":32434338,"DCGIS.ADDRESSES_PT.OBJECTID":217189578,"DCGIS.ADDRESSES_PT.SE_ANNO_CAD_DATA":null}},{"type":"Feature","id":32434339,"geometry":{"type":"Point","coordinates":[-76.995144274842048,38.90548340308942]},"properties":{"DCGIS.PLACE_NAMES_PT.NAME":"GALLAUDET UNIVERSITY THOMAS HOPKINS GALLAUDET & ALICE COGSWELL STATUE","DCGIS.ADDRESSES_PT.ADDRESS":null,"DCGIS.ADDRESSES_PT.WARD":"Ward 5","DCGIS.ADDRESSES_PT.SMD":"SMD 5D01","DCGIS.ADDRESSES_PT.ANC":"ANC 5D","MAR.VW_PLACE_NAME_CATEGORIES.CATEGORY":"MONUMENT / PLAZA / STATUE","DCGIS.ADDRESSES_PT.SSL":"3593    0004","DCGIS.PLACE_NAMES_PT.STATUS":"ACTIVE","DCGIS.PLACE_NAMES_PT.PLACE_NAME_ID":11773,"DCGIS.PLACE_NAMES_PT.MAR_ID":309149,"DCGIS.PLACE_NAMES_PT.BEFORE_DATE":null,"DCGIS.PLACE_NAMES_PT.BEFORE_DATE_SOURCE":null,"DCGIS.PLACE_NAMES_PT.BEGIN_DATE":null,"DCGIS.PLACE_NAMES_PT.BEGIN_DATE_SOURCE":null,"DCGIS.PLACE_NAMES_PT.FIRST_KNOWN_DATE":null,"DCGIS.PLACE_NAMES_PT.FIRST_KNOWN_DATE_SOURCE":null,"DCGIS.PLACE_NAMES_PT.CREATED_DATE":1334135557000,"DCGIS.PLACE_NAMES_PT.LAST_EDITED_DATE":1334135557000,"DCGIS.PLACE_NAMES_PT.SE_ANNO_CAD_DATA":null,"DCGIS.PLACE_NAMES_PT.OBJECTID":32434339,"DCGIS.ADDRESSES_PT.OBJECTID":217189578,"DCGIS.ADDRESSES_PT.SE_ANNO_CAD_DATA":null}},{"type":"Feature","id":32434340,"geometry":{"type":"Point","coordinates":[-76.995144274842048,38.90548340308942]},"properties":{"DCGIS.PLACE_NAMES_PT.NAME":"ALICE COGSWELL STATUE","DCGIS.ADDRESSES_PT.ADDRESS":null,"DCGIS.ADDRESSES_PT.WARD":"Ward 5","DCGIS.ADDRESSES_PT.SMD":"SMD 5D01","DCGIS.ADDRESSES_PT.ANC":"ANC 5D","MAR.VW_PLACE_NAME_CATEGORIES.CATEGORY":"MONUMENT / PLAZA / STATUE","DCGIS.ADDRESSES_PT.SSL":"3593    0004","DCGIS.PLACE_NAMES_PT.STATUS":"ACTIVE","DCGIS.PLACE_NAMES_PT.PLACE_NAME_ID":11775,"DCGIS.PLACE_NAMES_PT.MAR_ID":309149,"DCGIS.PLACE_NAMES_PT.BEFORE_DATE":null,"DCGIS.PLACE_NAMES_PT.BEFORE_DATE_SOURCE":null,"DCGIS.PLACE_NAMES_PT.BEGIN_DATE":null,"DCGIS.PLACE_NAMES_PT.BEGIN_DATE_SOURCE":null,"DCGIS.PLACE_NAMES_PT.FIRST_KNOWN_DATE":null,"DCGIS.PLACE_NAMES_PT.FIRST_KNOWN_DATE_SOURCE":null,"DCGIS.PLACE_NAMES_PT.CREATED_DATE":1334135557000,"DCGIS.PLACE_NAMES_PT.LAST_EDITED_DATE":1334135557000,"DCGIS.PLACE_NAMES_PT.SE_ANNO_CAD_DATA":null,"DCGIS.PLACE_NAMES_PT.OBJECTID":32434340,"DCGIS.ADDRESSES_PT.OBJECTID":217189578,"DCGIS.ADDRESSES_PT.SE_ANNO_CAD_DATA":null}},{"type":"Feature","id":32434344,"geometry":{"type":"Point","coordinates":[-76.994399319012231,38.906271780626575]},"properties":{"DCGIS.PLACE_NAMES_PT.NAME":"EDWARD MINER GALLAUDET STATUE","DCGIS.ADDRESSES_PT.ADDRESS":null,"DCGIS.ADDRESSES_PT.WARD":"Ward 5","DCGIS.ADDRESSES_PT.SMD":"SMD 5D01","DCGIS.ADDRESSES_PT.ANC":"ANC 5D","MAR.VW_PLACE_NAME_CATEGORIES.CATEGORY":"MONUMENT / PLAZA / STATUE","DCGIS.ADDRESSES_PT.SSL":"3593    0004","DCGIS.PLACE_NAMES_PT.STATUS":"ACTIVE","DCGIS.PLACE_NAMES_PT.PLACE_NAME_ID":11772,"DCGIS.PLACE_NAMES_PT.MAR_ID":309153,"DCGIS.PLACE_NAMES_PT.BEFORE_DATE":null,"DCGIS.PLACE_NAMES_PT.BEFORE_DATE_SOURCE":null,"DCGIS.PLACE_NAMES_PT.BEGIN_DATE":null,"DCGIS.PLACE_NAMES_PT.BEGIN_DATE_SOURCE":null,"DCGIS.PLACE_NAMES_PT.FIRST_KNOWN_DATE":null,"DCGIS.PLACE_NAMES_PT.FIRST_KNOWN_DATE_SOURCE":null,"DCGIS.PLACE_NAMES_PT.CREATED_DATE":1334135464000,"DCGIS.PLACE_NAMES_PT.LAST_EDITED_DATE":1334135464000,"DCGIS.PLACE_NAMES_PT.SE_ANNO_CAD_DATA":null,"DCGIS.PLACE_NAMES_PT.OBJECTID":32434344,"DCGIS.ADDRESSES_PT.OBJECTID":217245354,"DCGIS.ADDRESSES_PT.SE_ANNO_CAD_DATA":null}},{"type":"Feature","id":32434345,"geometry":{"type":"Point","coordinates":[-76.994399319012231,38.906271780626575]},"properties":{"DCGIS.PLACE_NAMES_PT.NAME":"GALLAUDET UNIVERSITY EDWARD MINER GALLAUDET STATUE","DCGIS.ADDRESSES_PT.ADDRESS":null,"DCGIS.ADDRESSES_PT.WARD":"Ward 5","DCGIS.ADDRESSES_PT.SMD":"SMD 5D01","DCGIS.ADDRESSES_PT.ANC":"ANC 5D","MAR.VW_PLACE_NAME_CATEGORIES.CATEGORY":"MONUMENT / PLAZA / STATUE","DCGIS.ADDRESSES_PT.SSL":"3593    0004","DCGIS.PLACE_NAMES_PT.STATUS":"ACTIVE","DCGIS.PLACE_NAMES_PT.PLACE_NAME_ID":11771,"DCGIS.PLACE_NAMES_PT.MAR_ID":309153,"DCGIS.PLACE_NAMES_PT.BEFORE_DATE":null,"DCGIS.PLACE_NAMES_PT.BEFORE_DATE_SOURCE":null,"DCGIS.PLACE_NAMES_PT.BEGIN_DATE":null,"DCGIS.PLACE_NAMES_PT.BEGIN_DATE_SOURCE":null,"DCGIS.PLACE_NAMES_PT.FIRST_KNOWN_DATE":null,"DCGIS.PLACE_NAMES_PT.FIRST_KNOWN_DATE_SOURCE":null,"DCGIS.PLACE_NAMES_PT.CREATED_DATE":1334135464000,"DCGIS.PLACE_NAMES_PT.LAST_EDITED_DATE":1334135464000,"DCGIS.PLACE_NAMES_PT.SE_ANNO_CAD_DATA":null,"DCGIS.PLACE_NAMES_PT.OBJECTID":32434345,"DCGIS.ADDRESSES_PT.OBJECTID":217245354,"DCGIS.ADDRESSES_PT.SE_ANNO_CAD_DATA":null}},{"type":"Feature","id":32434346,"geometry":{"type":"Point","coordinates":[-76.994076037230187,38.906305095583292]},"properties":{"DCGIS.PLACE_NAMES_PT.NAME":"GALLAUDET UNIVERSITY ROCKWALLS","DCGIS.ADDRESSES_PT.ADDRESS":null,"DCGIS.ADDRESSES_PT.WARD":"Ward 5","DCGIS.ADDRESSES_PT.SMD":"SMD 5D01","DCGIS.ADDRESSES_PT.ANC":"ANC 5D","MAR.VW_PLACE_NAME_CATEGORIES.CATEGORY":"MONUMENT / PLAZA / STATUE","DCGIS.ADDRESSES_PT.SSL":"3593    0004","DCGIS.PLACE_NAMES_PT.STATUS":"ACTIVE","DCGIS.PLACE_NAMES_PT.PLACE_NAME_ID":9966,"DCGIS.PLACE_NAMES_PT.MAR_ID":309154,"DCGIS.PLACE_NAMES_PT.BEFORE_DATE":null,"DCGIS.PLACE_NAMES_PT.BEFORE_DATE_SOURCE":null,"DCGIS.PLACE_NAMES_PT.BEGIN_DATE":null,"DCGIS.PLACE_NAMES_PT.BEGIN_DATE_SOURCE":null,"DCGIS.PLACE_NAMES_PT.FIRST_KNOWN_DATE":null,"DCGIS.PLACE_NAMES_PT.FIRST_KNOWN_DATE_SOURCE":null,"DCGIS.PLACE_NAMES_PT.CREATED_DATE":1290524430000,"DCGIS.PLACE_NAMES_PT.LAST_EDITED_DATE":1290524430000,"DCGIS.PLACE_NAMES_PT.SE_ANNO_CAD_DATA":null,"DCGIS.PLACE_NAMES_PT.OBJECTID":32434346,"DCGIS.ADDRESSES_PT.OBJECTID":217115887,"DCGIS.ADDRESSES_PT.SE_ANNO_CAD_DATA":null}},{"type":"Feature","id":32434347,"geometry":{"type":"Point","coordinates":[-76.994094330998635,38.906760378503613]},"properties":{"DCGIS.PLACE_NAMES_PT.NAME":"GALLAUDET UNIVERSITY GALLAUDET MALL","DCGIS.ADDRESSES_PT.ADDRESS":null,"DCGIS.ADDRESSES_PT.WARD":"Ward 5","DCGIS.ADDRESSES_PT.SMD":"SMD 5D01","DCGIS.ADDRESSES_PT.ANC":"ANC 5D","MAR.VW_PLACE_NAME_CATEGORIES.CATEGORY":"MONUMENT / PLAZA / STATUE","DCGIS.ADDRESSES_PT.SSL":"3593    0004","DCGIS.PLACE_NAMES_PT.STATUS":"ACTIVE","DCGIS.PLACE_NAMES_PT.PLACE_NAME_ID":9967,"DCGIS.PLACE_NAMES_PT.MAR_ID":309155,"DCGIS.PLACE_NAMES_PT.BEFORE_DATE":null,"DCGIS.PLACE_NAMES_PT.BEFORE_DATE_SOURCE":null,"DCGIS.PLACE_NAMES_PT.BEGIN_DATE":null,"DCGIS.PLACE_NAMES_PT.BEGIN_DATE_SOURCE":null,"DCGIS.PLACE_NAMES_PT.FIRST_KNOWN_DATE":null,"DCGIS.PLACE_NAMES_PT.FIRST_KNOWN_DATE_SOURCE":null,"DCGIS.PLACE_NAMES_PT.CREATED_DATE":1290524550000,"DCGIS.PLACE_NAMES_PT.LAST_EDITED_DATE":1290524550000,"DCGIS.PLACE_NAMES_PT.SE_ANNO_CAD_DATA":null,"DCGIS.PLACE_NAMES_PT.OBJECTID":32434347,"DCGIS.ADDRESSES_PT.OBJECTID":217208446,"DCGIS.ADDRESSES_PT.SE_ANNO_CAD_DATA":null}},{"type":"Feature","id":32434348,"geometry":{"type":"Point","coordinates":[-77.020109362337024,38.923526372346792]},"properties":{"DCGIS.PLACE_NAMES_PT.NAME":"HOWARD UNIVERSITY UPPER QUADRANGLE","DCGIS.ADDRESSES_PT.ADDRESS":null,"DCGIS.ADDRESSES_PT.WARD":"Ward 1","DCGIS.ADDRESSES_PT.SMD":"SMD 1E05","DCGIS.ADDRESSES_PT.ANC":"ANC 1E","MAR.VW_PLACE_NAME_CATEGORIES.CATEGORY":"MONUMENT / PLAZA / STATUE","DCGIS.ADDRESSES_PT.SSL":"3057    0092","DCGIS.PLACE_NAMES_PT.STATUS":"ACTIVE","DCGIS.PLACE_NAMES_PT.PLACE_NAME_ID":9973,"DCGIS.PLACE_NAMES_PT.MAR_ID":309158,"DCGIS.PLACE_NAMES_PT.BEFORE_DATE":null,"DCGIS.PLACE_NAMES_PT.BEFORE_DATE_SOURCE":null,"DCGIS.PLACE_NAMES_PT.BEGIN_DATE":null,"DCGIS.PLACE_NAMES_PT.BEGIN_DATE_SOURCE":null,"DCGIS.PLACE_NAMES_PT.FIRST_KNOWN_DATE":null,"DCGIS.PLACE_NAMES_PT.FIRST_KNOWN_DATE_SOURCE":null,"DCGIS.PLACE_NAMES_PT.CREATED_DATE":1290527224000,"DCGIS.PLACE_NAMES_PT.LAST_EDITED_DATE":1290527224000,"DCGIS.PLACE_NAMES_PT.SE_ANNO_CAD_DATA":null,"DCGIS.PLACE_NAMES_PT.OBJECTID":32434348,"DCGIS.ADDRESSES_PT.OBJECTID":217147416,"DCGIS.ADDRESSES_PT.SE_ANNO_CAD_DATA":null}},{"type":"Feature","id":32434349,"geometry":{"type":"Point","coordinates":[-76.998666807217461,38.933579390880027]},"properties":{"DCGIS.PLACE_NAMES_PT.NAME":"CATHOLIC UNIVERSITY OF AMERICA PRYZBYLA PLAZA","DCGIS.ADDRESSES_PT.ADDRESS":null,"DCGIS.ADDRESSES_PT.WARD":"Ward 5","DCGIS.ADDRESSES_PT.SMD":"SMD 5A04","DCGIS.ADDRESSES_PT.ANC":"ANC 5A","MAR.VW_PLACE_NAME_CATEGORIES.CATEGORY":"MONUMENT / PLAZA / STATUE","DCGIS.ADDRESSES_PT.SSL":"3821    0044","DCGIS.PLACE_NAMES_PT.STATUS":"ACTIVE","DCGIS.PLACE_NAMES_PT.PLACE_NAME_ID":9995,"DCGIS.PLACE_NAMES_PT.MAR_ID":309161,"DCGIS.PLACE_NAMES_PT.BEFORE_DATE":null,"DCGIS.PLACE_NAMES_PT.BEFORE_DATE_SOURCE":null,"DCGIS.PLACE_NAMES_PT.BEGIN_DATE":null,"DCGIS.PLACE_NAMES_PT.BEGIN_DATE_SOURCE":null,"DCGIS.PLACE_NAMES_PT.FIRST_KNOWN_DATE":null,"DCGIS.PLACE_NAMES_PT.FIRST_KNOWN_DATE_SOURCE":null,"DCGIS.PLACE_NAMES_PT.CREATED_DATE":1290593789000,"DCGIS.PLACE_NAMES_PT.LAST_EDITED_DATE":1290593789000,"DCGIS.PLACE_NAMES_PT.SE_ANNO_CAD_DATA":null,"DCGIS.PLACE_NAMES_PT.OBJECTID":32434349,"DCGIS.ADDRESSES_PT.OBJECTID":217180651,"DCGIS.ADDRESSES_PT.SE_ANNO_CAD_DATA":null}},{"type":"Feature","id":32433580,"geometry":{"type":"Point","coordinates":[-77.016463656799118,38.892150778128638]},"properties":{"DCGIS.PLACE_NAMES_PT.NAME":"GEORGE C. MEADE STATUE","DCGIS.ADDRESSES_PT.ADDRESS":null,"DCGIS.ADDRESSES_PT.WARD":"Ward 6","DCGIS.ADDRESSES_PT.SMD":"SMD 6E08","DCGIS.ADDRESSES_PT.ANC":"ANC 6E","MAR.VW_PLACE_NAME_CATEGORIES.CATEGORY":"MONUMENT / PLAZA / STATUE","DCGIS.ADDRESSES_PT.SSL":null,"DCGIS.PLACE_NAMES_PT.STATUS":"ACTIVE","DCGIS.PLACE_NAMES_PT.PLACE_NAME_ID":11746,"DCGIS.PLACE_NAMES_PT.MAR_ID":294233,"DCGIS.PLACE_NAMES_PT.BEFORE_DATE":null,"DCGIS.PLACE_NAMES_PT.BEFORE_DATE_SOURCE":null,"DCGIS.PLACE_NAMES_PT.BEGIN_DATE":null,"DCGIS.PLACE_NAMES_PT.BEGIN_DATE_SOURCE":null,"DCGIS.PLACE_NAMES_PT.FIRST_KNOWN_DATE":null,"DCGIS.PLACE_NAMES_PT.FIRST_KNOWN_DATE_SOURCE":null,"DCGIS.PLACE_NAMES_PT.CREATED_DATE":1334071899000,"DCGIS.PLACE_NAMES_PT.LAST_EDITED_DATE":1334071899000,"DCGIS.PLACE_NAMES_PT.SE_ANNO_CAD_DATA":null,"DCGIS.PLACE_NAMES_PT.OBJECTID":32433580,"DCGIS.ADDRESSES_PT.OBJECTID":217204723,"DCGIS.ADDRESSES_PT.SE_ANNO_CAD_DATA":null}},{"type":"Feature","id":32433582,"geometry":{"type":"Point","coordinates":[-77.019531714973752,38.892338039853854]},"properties":{"DCGIS.PLACE_NAMES_PT.NAME":"ANDREW W. MELLON FOUNTAIN","DCGIS.ADDRESSES_PT.ADDRESS":null,"DCGIS.ADDRESSES_PT.WARD":"Ward 2","DCGIS.ADDRESSES_PT.SMD":"SMD 2C03","DCGIS.ADDRESSES_PT.ANC":"ANC 2C","MAR.VW_PLACE_NAME_CATEGORIES.CATEGORY":"MONUMENT / PLAZA / STATUE","DCGIS.ADDRESSES_PT.SSL":"0461E   0800","DCGIS.PLACE_NAMES_PT.STATUS":"ACTIVE","DCGIS.PLACE_NAMES_PT.PLACE_NAME_ID":3427,"DCGIS.PLACE_NAMES_PT.MAR_ID":294235,"DCGIS.PLACE_NAMES_PT.BEFORE_DATE":null,"DCGIS.PLACE_NAMES_PT.BEFORE_DATE_SOURCE":null,"DCGIS.PLACE_NAMES_PT.BEGIN_DATE":null,"DCGIS.PLACE_NAMES_PT.BEGIN_DATE_SOURCE":null,"DCGIS.PLACE_NAMES_PT.FIRST_KNOWN_DATE":null,"DCGIS.PLACE_NAMES_PT.FIRST_KNOWN_DATE_SOURCE":null,"DCGIS.PLACE_NAMES_PT.CREATED_DATE":1124106359000,"DCGIS.PLACE_NAMES_PT.LAST_EDITED_DATE":1148913232000,"DCGIS.PLACE_NAMES_PT.SE_ANNO_CAD_DATA":null,"DCGIS.PLACE_NAMES_PT.OBJECTID":32433582,"DCGIS.ADDRESSES_PT.OBJECTID":217204156,"DCGIS.ADDRESSES_PT.SE_ANNO_CAD_DATA":null}},{"type":"Feature","id":32433583,"geometry":{"type":"Point","coordinates":[-77.024741549012745,38.892323900233031]},"properties":{"DCGIS.PLACE_NAMES_PT.NAME":"NATHAN HALE STATUE","DCGIS.ADDRESSES_PT.ADDRESS":null,"DCGIS.ADDRESSES_PT.WARD":"Ward 2","DCGIS.ADDRESSES_PT.SMD":"SMD 2C03","DCGIS.ADDRESSES_PT.ANC":"ANC 2C","MAR.VW_PLACE_NAME_CATEGORIES.CATEGORY":"MONUMENT / PLAZA / STATUE","DCGIS.ADDRESSES_PT.SSL":null,"DCGIS.PLACE_NAMES_PT.STATUS":"ACTIVE","DCGIS.PLACE_NAMES_PT.PLACE_NAME_ID":3428,"DCGIS.PLACE_NAMES_PT.MAR_ID":294236,"DCGIS.PLACE_NAMES_PT.BEFORE_DATE":null,"DCGIS.PLACE_NAMES_PT.BEFORE_DATE_SOURCE":null,"DCGIS.PLACE_NAMES_PT.BEGIN_DATE":null,"DCGIS.PLACE_NAMES_PT.BEGIN_DATE_SOURCE":null,"DCGIS.PLACE_NAMES_PT.FIRST_KNOWN_DATE":null,"DCGIS.PLACE_NAMES_PT.FIRST_KNOWN_DATE_SOURCE":null,"DCGIS.PLACE_NAMES_PT.CREATED_DATE":1124106359000,"DCGIS.PLACE_NAMES_PT.LAST_EDITED_DATE":1148913232000,"DCGIS.PLACE_NAMES_PT.SE_ANNO_CAD_DATA":null,"DCGIS.PLACE_NAMES_PT.OBJECTID":32433583,"DCGIS.ADDRESSES_PT.OBJECTID":217204159,"DCGIS.ADDRESSES_PT.SE_ANNO_CAD_DATA":null}},{"type":"Feature","id":32433584,"geometry":{"type":"Point","coordinates":[-77.015738680491495,38.894546023779213]},"properties":{"DCGIS.PLACE_NAMES_PT.NAME":"ALBERT PIKE STATUE","DCGIS.ADDRESSES_PT.ADDRESS":null,"DCGIS.ADDRESSES_PT.WARD":"Ward 6","DCGIS.ADDRESSES_PT.SMD":"SMD 6E08","DCGIS.ADDRESSES_PT.ANC":"ANC 6E","MAR.VW_PLACE_NAME_CATEGORIES.CATEGORY":"MONUMENT / PLAZA / STATUE","DCGIS.ADDRESSES_PT.SSL":"0533    0832","DCGIS.PLACE_NAMES_PT.STATUS":"ACTIVE","DCGIS.PLACE_NAMES_PT.PLACE_NAME_ID":11742,"DCGIS.PLACE_NAMES_PT.MAR_ID":294237,"DCGIS.PLACE_NAMES_PT.BEFORE_DATE":null,"DCGIS.PLACE_NAMES_PT.BEFORE_DATE_SOURCE":null,"DCGIS.PLACE_NAMES_PT.BEGIN_DATE":null,"DCGIS.PLACE_NAMES_PT.BEGIN_DATE_SOURCE":null,"DCGIS.PLACE_NAMES_PT.FIRST_KNOWN_DATE":null,"DCGIS.PLACE_NAMES_PT.FIRST_KNOWN_DATE_SOURCE":null,"DCGIS.PLACE_NAMES_PT.CREATED_DATE":1334071330000,"DCGIS.PLACE_NAMES_PT.LAST_EDITED_DATE":1334071330000,"DCGIS.PLACE_NAMES_PT.SE_ANNO_CAD_DATA":null,"DCGIS.PLACE_NAMES_PT.OBJECTID":32433584,"DCGIS.ADDRESSES_PT.OBJECTID":217204682,"DCGIS.ADDRESSES_PT.SE_ANNO_CAD_DATA":null}},{"type":"Feature","id":32433585,"geometry":{"type":"Point","coordinates":[-77.015738680491495,38.894546023779213]},"properties":{"DCGIS.PLACE_NAMES_PT.NAME":"ALBERT PIKE MEMORIAL","DCGIS.ADDRESSES_PT.ADDRESS":null,"DCGIS.ADDRESSES_PT.WARD":"Ward 6","DCGIS.ADDRESSES_PT.SMD":"SMD 6E08","DCGIS.ADDRESSES_PT.ANC":"ANC 6E","MAR.VW_PLACE_NAME_CATEGORIES.CATEGORY":"MONUMENT / PLAZA / STATUE","DCGIS.ADDRESSES_PT.SSL":"0533    0832","DCGIS.PLACE_NAMES_PT.STATUS":"ACTIVE","DCGIS.PLACE_NAMES_PT.PLACE_NAME_ID":24023,"DCGIS.PLACE_NAMES_PT.MAR_ID":294237,"DCGIS.PLACE_NAMES_PT.BEFORE_DATE":null,"DCGIS.PLACE_NAMES_PT.BEFORE_DATE_SOURCE":null,"DCGIS.PLACE_NAMES_PT.BEGIN_DATE":null,"DCGIS.PLACE_NAMES_PT.BEGIN_DATE_SOURCE":null,"DCGIS.PLACE_NAMES_PT.FIRST_KNOWN_DATE":null,"DCGIS.PLACE_NAMES_PT.FIRST_KNOWN_DATE_SOURCE":null,"DCGIS.PLACE_NAMES_PT.CREATED_DATE":1763711060000,"DCGIS.PLACE_NAMES_PT.LAST_EDITED_DATE":1763711060000,"DCGIS.PLACE_NAMES_PT.SE_ANNO_CAD_DATA":null,"DCGIS.PLACE_NAMES_PT.OBJECTID":32433585,"DCGIS.ADDRESSES_PT.OBJECTID":217204682,"DCGIS.ADDRESSES_PT.SE_ANNO_CAD_DATA":null}},{"type":"Feature","id":32433586,"geometry":{"type":"Point","coordinates":[-77.010435651415591,38.89452166480703]},"properties":{"DCGIS.PLACE_NAMES_PT.NAME":"JAPANESE AMERICAN MEMORIAL","DCGIS.ADDRESSES_PT.ADDRESS":null,"DCGIS.ADDRESSES_PT.WARD":"Ward 6","DCGIS.ADDRESSES_PT.SMD":"SMD 6E08","DCGIS.ADDRESSES_PT.ANC":"ANC 6E","MAR.VW_PLACE_NAME_CATEGORIES.CATEGORY":"MONUMENT / PLAZA / STATUE","DCGIS.ADDRESSES_PT.SSL":"0632    0802","DCGIS.PLACE_NAMES_PT.STATUS":"ACTIVE","DCGIS.PLACE_NAMES_PT.PLACE_NAME_ID":3430,"DCGIS.PLACE_NAMES_PT.MAR_ID":294238,"DCGIS.PLACE_NAMES_PT.BEFORE_DATE":null,"DCGIS.PLACE_NAMES_PT.BEFORE_DATE_SOURCE":null,"DCGIS.PLACE_NAMES_PT.BEGIN_DATE":null,"DCGIS.PLACE_NAMES_PT.BEGIN_DATE_SOURCE":null,"DCGIS.PLACE_NAMES_PT.FIRST_KNOWN_DATE":null,"DCGIS.PLACE_NAMES_PT.FIRST_KNOWN_DATE_SOURCE":null,"DCGIS.PLACE_NAMES_PT.CREATED_DATE":1124106359000,"DCGIS.PLACE_NAMES_PT.LAST_EDITED_DATE":1124106359000,"DCGIS.PLACE_NAMES_PT.SE_ANNO_CAD_DATA":null,"DCGIS.PLACE_NAMES_PT.OBJECTID":32433586,"DCGIS.ADDRESSES_PT.OBJECTID":217204144,"DCGIS.ADDRESSES_PT.SE_ANNO_CAD_DATA":null}},{"type":"Feature","id":32433587,"geometry":{"type":"Point","coordinates":[-77.040782215556035,38.894718600648801]},"properties":{"DCGIS.PLACE_NAMES_PT.NAME":"RED CROSS MEN & WOMEN KILLED IN SERVICE","DCGIS.ADDRESSES_PT.ADDRESS":null,"DCGIS.ADDRESSES_PT.WARD":"Ward 2","DCGIS.ADDRESSES_PT.SMD":"SMD 2A01","DCGIS.ADDRESSES_PT.ANC":"ANC 2A","MAR.VW_PLACE_NAME_CATEGORIES.CATEGORY":"MONUMENT / PLAZA / STATUE","DCGIS.ADDRESSES_PT.SSL":"0172    0800","DCGIS.PLACE_NAMES_PT.STATUS":"ACTIVE","DCGIS.PLACE_NAMES_PT.PLACE_NAME_ID":3431,"DCGIS.PLACE_NAMES_PT.MAR_ID":294239,"DCGIS.PLACE_NAMES_PT.BEFORE_DATE":null,"DCGIS.PLACE_NAMES_PT.BEFORE_DATE_SOURCE":null,"DCGIS.PLACE_NAMES_PT.BEGIN_DATE":null,"DCGIS.PLACE_NAMES_PT.BEGIN_DATE_SOURCE":null,"DCGIS.PLACE_NAMES_PT.FIRST_KNOWN_DATE":null,"DCGIS.PLACE_NAMES_PT.FIRST_KNOWN_DATE_SOURCE":null,"DCGIS.PLACE_NAMES_PT.CREATED_DATE":1124106359000,"DCGIS.PLACE_NAMES_PT.LAST_EDITED_DATE":1124106359000,"DCGIS.PLACE_NAMES_PT.SE_ANNO_CAD_DATA":null,"DCGIS.PLACE_NAMES_PT.OBJECTID":32433587,"DCGIS.ADDRESSES_PT.OBJECTID":217124214,"DCGIS.ADDRESSES_PT.SE_ANNO_CAD_DATA":null}},{"type":"Feature","id":32433588,"geometry":{"type":"Point","coordinates":[-77.03976282871642,38.895296118317418]},"properties":{"DCGIS.PLACE_NAMES_PT.NAME":"ARMENIAN EARTHQUAKE MEMORIAL","DCGIS.ADDRESSES_PT.ADDRESS":null,"DCGIS.ADDRESSES_PT.WARD":"Ward 2","DCGIS.ADDRESSES_PT.SMD":"SMD 2A01","DCGIS.ADDRESSES_PT.ANC":"ANC 2A","MAR.VW_PLACE_NAME_CATEGORIES.CATEGORY":"MONUMENT / PLAZA / STATUE","DCGIS.ADDRESSES_PT.SSL":null,"DCGIS.PLACE_NAMES_PT.STATUS":"ACTIVE","DCGIS.PLACE_NAMES_PT.PLACE_NAME_ID":3434,"DCGIS.PLACE_NAMES_PT.MAR_ID":294242,"DCGIS.PLACE_NAMES_PT.BEFORE_DATE":null,"DCGIS.PLACE_NAMES_PT.BEFORE_DATE_SOURCE":null,"DCGIS.PLACE_NAMES_PT.BEGIN_DATE":null,"DCGIS.PLACE_NAMES_PT.BEGIN_DATE_SOURCE":null,"DCGIS.PLACE_NAMES_PT.FIRST_KNOWN_DATE":null,"DCGIS.PLACE_NAMES_PT.FIRST_KNOWN_DATE_SOURCE":null,"DCGIS.PLACE_NAMES_PT.CREATED_DATE":1124106359000,"DCGIS.PLACE_NAMES_PT.LAST_EDITED_DATE":1167222791000,"DCGIS.PLACE_NAMES_PT.SE_ANNO_CAD_DATA":null,"DCGIS.PLACE_NAMES_PT.OBJECTID":32433588,"DCGIS.ADDRESSES_PT.OBJECTID":217204260,"DCGIS.ADDRESSES_PT.SE_ANNO_CAD_DATA":null}},{"type":"Feature","id":32433589,"geometry":{"type":"Point","coordinates":[-77.037451339407639,38.895281207731578]},"properties":{"DCGIS.PLACE_NAMES_PT.NAME":"BUTT-MILLET MEMORIAL FOUNTAIN","DCGIS.ADDRESSES_PT.ADDRESS":null,"DCGIS.ADDRESSES_PT.WARD":"Ward 2","DCGIS.ADDRESSES_PT.SMD":"SMD 2A07","DCGIS.ADDRESSES_PT.ANC":"ANC 2A","MAR.VW_PLACE_NAME_CATEGORIES.CATEGORY":"MONUMENT / PLAZA / STATUE","DCGIS.ADDRESSES_PT.SSL":"0187S   0803","DCGIS.PLACE_NAMES_PT.STATUS":"ACTIVE","DCGIS.PLACE_NAMES_PT.PLACE_NAME_ID":10142,"DCGIS.PLACE_NAMES_PT.MAR_ID":294243,"DCGIS.PLACE_NAMES_PT.BEFORE_DATE":null,"DCGIS.PLACE_NAMES_PT.BEFORE_DATE_SOURCE":null,"DCGIS.PLACE_NAMES_PT.BEGIN_DATE":null,"DCGIS.PLACE_NAMES_PT.BEGIN_DATE_SOURCE":null,"DCGIS.PLACE_NAMES_PT.FIRST_KNOWN_DATE":null,"DCGIS.PLACE_NAMES_PT.FIRST_KNOWN_DATE_SOURCE":null,"DCGIS.PLACE_NAMES_PT.CREATED_DATE":1301661596000,"DCGIS.PLACE_NAMES_PT.LAST_EDITED_DATE":1301661596000,"DCGIS.PLACE_NAMES_PT.SE_ANNO_CAD_DATA":null,"DCGIS.PLACE_NAMES_PT.OBJECTID":32433589,"DCGIS.ADDRESSES_PT.OBJECTID":217204756,"DCGIS.ADDRESSES_PT.SE_ANNO_CAD_DATA":null}},{"type":"Feature","id":32433591,"geometry":{"type":"Point","coordinates":[-77.034234197726164,38.893943641271122]},"properties":{"DCGIS.PLACE_NAMES_PT.NAME":"BOY SCOUT MEMORIAL","DCGIS.ADDRESSES_PT.ADDRESS":null,"DCGIS.ADDRESSES_PT.WARD":"Ward 2","DCGIS.ADDRESSES_PT.SMD":"SMD 2A07","DCGIS.ADDRESSES_PT.ANC":"ANC 2A","MAR.VW_PLACE_NAME_CATEGORIES.CATEGORY":"MONUMENT / PLAZA / STATUE","DCGIS.ADDRESSES_PT.SSL":"0187S   0803","DCGIS.PLACE_NAMES_PT.STATUS":"ACTIVE","DCGIS.PLACE_NAMES_PT.PLACE_NAME_ID":9288,"DCGIS.PLACE_NAMES_PT.MAR_ID":294246,"DCGIS.PLACE_NAMES_PT.BEFORE_DATE":null,"DCGIS.PLACE_NAMES_PT.BEFORE_DATE_SOURCE":null,"DCGIS.PLACE_NAMES_PT.BEGIN_DATE":null,"DCGIS.PLACE_NAMES_PT.BEGIN_DATE_SOURCE":null,"DCGIS.PLACE_NAMES_PT.FIRST_KNOWN_DATE":null,"DCGIS.PLACE_NAMES_PT.FIRST_KNOWN_DATE_SOURCE":null,"DCGIS.PLACE_NAMES_PT.CREATED_DATE":1279272414000,"DCGIS.PLACE_NAMES_PT.LAST_EDITED_DATE":1279272414000,"DCGIS.PLACE_NAMES_PT.SE_ANNO_CAD_DATA":null,"DCGIS.PLACE_NAMES_PT.OBJECTID":32433591,"DCGIS.ADDRESSES_PT.OBJECTID":217204755,"DCGIS.ADDRESSES_PT.SE_ANNO_CAD_DATA":null}},{"type":"Feature","id":32433592,"geometry":{"type":"Point","coordinates":[-77.037961148422923,38.892588981633338]},"properties":{"DCGIS.PLACE_NAMES_PT.NAME":"SECOND DIVISION MEMORIAL","DCGIS.ADDRESSES_PT.ADDRESS":null,"DCGIS.ADDRESSES_PT.WARD":"Ward 2","DCGIS.ADDRESSES_PT.SMD":"SMD 2A07","DCGIS.ADDRESSES_PT.ANC":"ANC 2A","MAR.VW_PLACE_NAME_CATEGORIES.CATEGORY":"MONUMENT / PLAZA / STATUE","DCGIS.ADDRESSES_PT.SSL":"0187S   0803","DCGIS.PLACE_NAMES_PT.STATUS":"ACTIVE","DCGIS.PLACE_NAMES_PT.PLACE_NAME_ID":3439,"DCGIS.PLACE_NAMES_PT.MAR_ID":294247,"DCGIS.PLACE_NAMES_PT.BEFORE_DATE":null,"DCGIS.PLACE_NAMES_PT.BEFORE_DATE_SOURCE":null,"DCGIS.PLACE_NAMES_PT.BEGIN_DATE":null,"DCGIS.PLACE_NAMES_PT.BEGIN_DATE_SOURCE":null,"DCGIS.PLACE_NAMES_PT.FIRST_KNOWN_DATE":null,"DCGIS.PLACE_NAMES_PT.FIRST_KNOWN_DATE_SOURCE":null,"DCGIS.PLACE_NAMES_PT.CREATED_DATE":1124106359000,"DCGIS.PLACE_NAMES_PT.LAST_EDITED_DATE":1124106359000,"DCGIS.PLACE_NAMES_PT.SE_ANNO_CAD_DATA":null,"DCGIS.PLACE_NAMES_PT.OBJECTID":32433592,"DCGIS.ADDRESSES_PT.OBJECTID":217204759,"DCGIS.ADDRESSES_PT.SE_ANNO_CAD_DATA":null}},{"type":"Feature","id":32433596,"geometry":{"type":"Point","coordinates":[-77.017525380758613,38.896755972311915]},"properties":{"DCGIS.PLACE_NAMES_PT.NAME":"NATIONAL LAW ENFORCEMENT OFFICERS MEMORIAL","DCGIS.ADDRESSES_PT.ADDRESS":null,"DCGIS.ADDRESSES_PT.WARD":"Ward 6","DCGIS.ADDRESSES_PT.SMD":"SMD 6E08","DCGIS.ADDRESSES_PT.ANC":"ANC 6E","MAR.VW_PLACE_NAME_CATEGORIES.CATEGORY":"MONUMENT / PLAZA / STATUE","DCGIS.ADDRESSES_PT.SSL":"0488E   0800","DCGIS.PLACE_NAMES_PT.STATUS":"ACTIVE","DCGIS.PLACE_NAMES_PT.PLACE_NAME_ID":3444,"DCGIS.PLACE_NAMES_PT.MAR_ID":294251,"DCGIS.PLACE_NAMES_PT.BEFORE_DATE":null,"DCGIS.PLACE_NAMES_PT.BEFORE_DATE_SOURCE":null,"DCGIS.PLACE_NAMES_PT.BEGIN_DATE":null,"DCGIS.PLACE_NAMES_PT.BEGIN_DATE_SOURCE":null,"DCGIS.PLACE_NAMES_PT.FIRST_KNOWN_DATE":null,"DCGIS.PLACE_NAMES_PT.FIRST_KNOWN_DATE_SOURCE":null,"DCGIS.PLACE_NAMES_PT.CREATED_DATE":1124106359000,"DCGIS.PLACE_NAMES_PT.LAST_EDITED_DATE":1179932498000,"DCGIS.PLACE_NAMES_PT.SE_ANNO_CAD_DATA":null,"DCGIS.PLACE_NAMES_PT.OBJECTID":32433596,"DCGIS.ADDRESSES_PT.OBJECTID":217203948,"DCGIS.ADDRESSES_PT.SE_ANNO_CAD_DATA":null}},{"type":"Feature","id":32433597,"geometry":{"type":"Point","coordinates":[-77.017525380758613,38.896755972311915]},"properties":{"DCGIS.PLACE_NAMES_PT.NAME":"JUDICIARY SQUARE","DCGIS.ADDRESSES_PT.ADDRESS":null,"DCGIS.ADDRESSES_PT.WARD":"Ward 6","DCGIS.ADDRESSES_PT.SMD":"SMD 6E08","DCGIS.ADDRESSES_PT.ANC":"ANC 6E","MAR.VW_PLACE_NAME_CATEGORIES.CATEGORY":"MONUMENT / PLAZA / STATUE","DCGIS.ADDRESSES_PT.SSL":"0488E   0800","DCGIS.PLACE_NAMES_PT.STATUS":"ACTIVE","DCGIS.PLACE_NAMES_PT.PLACE_NAME_ID":7869,"DCGIS.PLACE_NAMES_PT.MAR_ID":294251,"DCGIS.PLACE_NAMES_PT.BEFORE_DATE":null,"DCGIS.PLACE_NAMES_PT.BEFORE_DATE_SOURCE":null,"DCGIS.PLACE_NAMES_PT.BEGIN_DATE":null,"DCGIS.PLACE_NAMES_PT.BEGIN_DATE_SOURCE":null,"DCGIS.PLACE_NAMES_PT.FIRST_KNOWN_DATE":null,"DCGIS.PLACE_NAMES_PT.FIRST_KNOWN_DATE_SOURCE":null,"DCGIS.PLACE_NAMES_PT.CREATED_DATE":1164202067000,"DCGIS.PLACE_NAMES_PT.LAST_EDITED_DATE":1164202067000,"DCGIS.PLACE_NAMES_PT.SE_ANNO_CAD_DATA":null,"DCGIS.PLACE_NAMES_PT.OBJECTID":32433597,"DCGIS.ADDRESSES_PT.OBJECTID":217203948,"DCGIS.ADDRESSES_PT.SE_ANNO_CAD_DATA":null}},{"type":"Feature","id":32433598,"geometry":{"type":"Point","coordinates":[-77.070135206541707,38.92953470237218]},"properties":{"DCGIS.PLACE_NAMES_PT.NAME":"WASHINGTON NATIONAL CATHEDRAL GEORGE WASHINGTON STATUE","DCGIS.ADDRESSES_PT.ADDRESS":null,"DCGIS.ADDRESSES_PT.WARD":"Ward 3","DCGIS.ADDRESSES_PT.SMD":"SMD 3C08","DCGIS.ADDRESSES_PT.ANC":"ANC 3C","MAR.VW_PLACE_NAME_CATEGORIES.CATEGORY":"MONUMENT / PLAZA / STATUE","DCGIS.ADDRESSES_PT.SSL":"1944    0025","DCGIS.PLACE_NAMES_PT.STATUS":"ACTIVE","DCGIS.PLACE_NAMES_PT.PLACE_NAME_ID":11834,"DCGIS.PLACE_NAMES_PT.MAR_ID":294260,"DCGIS.PLACE_NAMES_PT.BEFORE_DATE":null,"DCGIS.PLACE_NAMES_PT.BEFORE_DATE_SOURCE":null,"DCGIS.PLACE_NAMES_PT.BEGIN_DATE":null,"DCGIS.PLACE_NAMES_PT.BEGIN_DATE_SOURCE":null,"DCGIS.PLACE_NAMES_PT.FIRST_KNOWN_DATE":null,"DCGIS.PLACE_NAMES_PT.FIRST_KNOWN_DATE_SOURCE":null,"DCGIS.PLACE_NAMES_PT.CREATED_DATE":1334739690000,"DCGIS.PLACE_NAMES_PT.LAST_EDITED_DATE":1334739690000,"DCGIS.PLACE_NAMES_PT.SE_ANNO_CAD_DATA":null,"DCGIS.PLACE_NAMES_PT.OBJECTID":32433598,"DCGIS.ADDRESSES_PT.OBJECTID":217203879,"DCGIS.ADDRESSES_PT.SE_ANNO_CAD_DATA":null}},{"type":"Feature","id":32433599,"geometry":{"type":"Point","coordinates":[-77.070135206541707,38.92953470237218]},"properties":{"DCGIS.PLACE_NAMES_PT.NAME":"GEORGE WASHINGTON STATUE","DCGIS.ADDRESSES_PT.ADDRESS":null,"DCGIS.ADDRESSES_PT.WARD":"Ward 3","DCGIS.ADDRESSES_PT.SMD":"SMD 3C08","DCGIS.ADDRESSES_PT.ANC":"ANC 3C","MAR.VW_PLACE_NAME_CATEGORIES.CATEGORY":"MONUMENT / PLAZA / STATUE","DCGIS.ADDRESSES_PT.SSL":"1944    0025","DCGIS.PLACE_NAMES_PT.STATUS":"ACTIVE","DCGIS.PLACE_NAMES_PT.PLACE_NAME_ID":11835,"DCGIS.PLACE_NAMES_PT.MAR_ID":294260,"DCGIS.PLACE_NAMES_PT.BEFORE_DATE":null,"DCGIS.PLACE_NAMES_PT.BEFORE_DATE_SOURCE":null,"DCGIS.PLACE_NAMES_PT.BEGIN_DATE":null,"DCGIS.PLACE_NAMES_PT.BEGIN_DATE_SOURCE":null,"DCGIS.PLACE_NAMES_PT.FIRST_KNOWN_DATE":null,"DCGIS.PLACE_NAMES_PT.FIRST_KNOWN_DATE_SOURCE":null,"DCGIS.PLACE_NAMES_PT.CREATED_DATE":1334739690000,"DCGIS.PLACE_NAMES_PT.LAST_EDITED_DATE":1334739690000,"DCGIS.PLACE_NAMES_PT.SE_ANNO_CAD_DATA":null,"DCGIS.PLACE_NAMES_PT.OBJECTID":32433599,"DCGIS.ADDRESSES_PT.OBJECTID":217203879,"DCGIS.ADDRESSES_PT.SE_ANNO_CAD_DATA":null}},{"type":"Feature","id":32433601,"geometry":{"type":"Point","coordinates":[-77.035383027412919,38.900040971648487]},"properties":{"DCGIS.PLACE_NAMES_PT.NAME":"THADDEUS KOSCIUSZKO STATUE","DCGIS.ADDRESSES_PT.ADDRESS":null,"DCGIS.ADDRESSES_PT.WARD":"Ward 2","DCGIS.ADDRESSES_PT.SMD":"SMD 2A07","DCGIS.ADDRESSES_PT.ANC":"ANC 2A","MAR.VW_PLACE_NAME_CATEGORIES.CATEGORY":"MONUMENT / PLAZA / STATUE","DCGIS.ADDRESSES_PT.SSL":"0187    0800","DCGIS.PLACE_NAMES_PT.STATUS":"ACTIVE","DCGIS.PLACE_NAMES_PT.PLACE_NAME_ID":11767,"DCGIS.PLACE_NAMES_PT.MAR_ID":294263,"DCGIS.PLACE_NAMES_PT.BEFORE_DATE":null,"DCGIS.PLACE_NAMES_PT.BEFORE_DATE_SOURCE":null,"DCGIS.PLACE_NAMES_PT.BEGIN_DATE":null,"DCGIS.PLACE_NAMES_PT.BEGIN_DATE_SOURCE":null,"DCGIS.PLACE_NAMES_PT.FIRST_KNOWN_DATE":null,"DCGIS.PLACE_NAMES_PT.FIRST_KNOWN_DATE_SOURCE":null,"DCGIS.PLACE_NAMES_PT.CREATED_DATE":1334132663000,"DCGIS.PLACE_NAMES_PT.LAST_EDITED_DATE":1334132663000,"DCGIS.PLACE_NAMES_PT.SE_ANNO_CAD_DATA":null,"DCGIS.PLACE_NAMES_PT.OBJECTID":32433601,"DCGIS.ADDRESSES_PT.OBJECTID":217204001,"DCGIS.ADDRESSES_PT.SE_ANNO_CAD_DATA":null}},{"type":"Feature","id":32433602,"geometry":{"type":"Point","coordinates":[-77.035383027412919,38.900040971648487]},"properties":{"DCGIS.PLACE_NAMES_PT.NAME":"TADEUSZ KOSCIUSZKO STATUE","DCGIS.ADDRESSES_PT.ADDRESS":null,"DCGIS.ADDRESSES_PT.WARD":"Ward 2","DCGIS.ADDRESSES_PT.SMD":"SMD 2A07","DCGIS.ADDRESSES_PT.ANC":"ANC 2A","MAR.VW_PLACE_NAME_CATEGORIES.CATEGORY":"MONUMENT / PLAZA / STATUE","DCGIS.ADDRESSES_PT.SSL":"0187    0800","DCGIS.PLACE_NAMES_PT.STATUS":"ACTIVE","DCGIS.PLACE_NAMES_PT.PLACE_NAME_ID":11768,"DCGIS.PLACE_NAMES_PT.MAR_ID":294263,"DCGIS.PLACE_NAMES_PT.BEFORE_DATE":null,"DCGIS.PLACE_NAMES_PT.BEFORE_DATE_SOURCE":null,"DCGIS.PLACE_NAMES_PT.BEGIN_DATE":null,"DCGIS.PLACE_NAMES_PT.BEGIN_DATE_SOURCE":null,"DCGIS.PLACE_NAMES_PT.FIRST_KNOWN_DATE":null,"DCGIS.PLACE_NAMES_PT.FIRST_KNOWN_DATE_SOURCE":null,"DCGIS.PLACE_NAMES_PT.CREATED_DATE":1334132663000,"DCGIS.PLACE_NAMES_PT.LAST_EDITED_DATE":1334132663000,"DCGIS.PLACE_NAMES_PT.SE_ANNO_CAD_DATA":null,"DCGIS.PLACE_NAMES_PT.OBJECTID":32433602,"DCGIS.ADDRESSES_PT.OBJECTID":217204001,"DCGIS.ADDRESSES_PT.SE_ANNO_CAD_DATA":null}},{"type":"Feature","id":32433603,"geometry":{"type":"Point","coordinates":[-77.036577807572314,38.899585951653336]},"properties":{"DCGIS.PLACE_NAMES_PT.NAME":"BARUCH BERNARD BENCH OF INSPIRATION","DCGIS.ADDRESSES_PT.ADDRESS":null,"DCGIS.ADDRESSES_PT.WARD":"Ward 2","DCGIS.ADDRESSES_PT.SMD":"SMD 2A07","DCGIS.ADDRESSES_PT.ANC":"ANC 2A","MAR.VW_PLACE_NAME_CATEGORIES.CATEGORY":"MONUMENT / PLAZA / STATUE","DCGIS.ADDRESSES_PT.SSL":"0187    0800","DCGIS.PLACE_NAMES_PT.STATUS":"ACTIVE","DCGIS.PLACE_NAMES_PT.PLACE_NAME_ID":3457,"DCGIS.PLACE_NAMES_PT.MAR_ID":294264,"DCGIS.PLACE_NAMES_PT.BEFORE_DATE":null,"DCGIS.PLACE_NAMES_PT.BEFORE_DATE_SOURCE":null,"DCGIS.PLACE_NAMES_PT.BEGIN_DATE":null,"DCGIS.PLACE_NAMES_PT.BEGIN_DATE_SOURCE":null,"DCGIS.PLACE_NAMES_PT.FIRST_KNOWN_DATE":null,"DCGIS.PLACE_NAMES_PT.FIRST_KNOWN_DATE_SOURCE":null,"DCGIS.PLACE_NAMES_PT.CREATED_DATE":1124106359000,"DCGIS.PLACE_NAMES_PT.LAST_EDITED_DATE":1179932498000,"DCGIS.PLACE_NAMES_PT.SE_ANNO_CAD_DATA":null,"DCGIS.PLACE_NAMES_PT.OBJECTID":32433603,"DCGIS.ADDRESSES_PT.OBJECTID":217204003,"DCGIS.ADDRESSES_PT.SE_ANNO_CAD_DATA":null}},{"type":"Feature","id":32433604,"geometry":{"type":"Point","coordinates":[-77.021649528345634,38.899820646590463]},"properties":{"DCGIS.PLACE_NAMES_PT.NAME":"CHINESE FRIENDSHIP ARCHWAY","DCGIS.ADDRESSES_PT.ADDRESS":null,"DCGIS.ADDRESSES_PT.WARD":"Ward 2","DCGIS.ADDRESSES_PT.SMD":"SMD 2C01","DCGIS.ADDRESSES_PT.ANC":"ANC 2C","MAR.VW_PLACE_NAME_CATEGORIES.CATEGORY":"MONUMENT / PLAZA / STATUE","DCGIS.ADDRESSES_PT.SSL":null,"DCGIS.PLACE_NAMES_PT.STATUS":"ACTIVE","DCGIS.PLACE_NAMES_PT.PLACE_NAME_ID":3459,"DCGIS.PLACE_NAMES_PT.MAR_ID":294266,"DCGIS.PLACE_NAMES_PT.BEFORE_DATE":null,"DCGIS.PLACE_NAMES_PT.BEFORE_DATE_SOURCE":null,"DCGIS.PLACE_NAMES_PT.BEGIN_DATE":null,"DCGIS.PLACE_NAMES_PT.BEGIN_DATE_SOURCE":null,"DCGIS.PLACE_NAMES_PT.FIRST_KNOWN_DATE":null,"DCGIS.PLACE_NAMES_PT.FIRST_KNOWN_DATE_SOURCE":null,"DCGIS.PLACE_NAMES_PT.CREATED_DATE":1124106359000,"DCGIS.PLACE_NAMES_PT.LAST_EDITED_DATE":1124106359000,"DCGIS.PLACE_NAMES_PT.SE_ANNO_CAD_DATA":null,"DCGIS.PLACE_NAMES_PT.OBJECTID":32433604,"DCGIS.ADDRESSES_PT.OBJECTID":217204287,"DCGIS.ADDRESSES_PT.SE_ANNO_CAD_DATA":null}},{"type":"Feature","id":32433606,"geometry":{"type":"Point","coordinates":[-77.036547796500983,38.899511912313095]},"properties":{"DCGIS.PLACE_NAMES_PT.NAME":"ANDREW JACKSON STATUE","DCGIS.ADDRESSES_PT.ADDRESS":null,"DCGIS.ADDRESSES_PT.WARD":"Ward 2","DCGIS.ADDRESSES_PT.SMD":"SMD 2A07","DCGIS.ADDRESSES_PT.ANC":"ANC 2A","MAR.VW_PLACE_NAME_CATEGORIES.CATEGORY":"MONUMENT / PLAZA / STATUE","DCGIS.ADDRESSES_PT.SSL":"0187    0800","DCGIS.PLACE_NAMES_PT.STATUS":"ACTIVE","DCGIS.PLACE_NAMES_PT.PLACE_NAME_ID":11734,"DCGIS.PLACE_NAMES_PT.MAR_ID":294268,"DCGIS.PLACE_NAMES_PT.BEFORE_DATE":null,"DCGIS.PLACE_NAMES_PT.BEFORE_DATE_SOURCE":null,"DCGIS.PLACE_NAMES_PT.BEGIN_DATE":null,"DCGIS.PLACE_NAMES_PT.BEGIN_DATE_SOURCE":null,"DCGIS.PLACE_NAMES_PT.FIRST_KNOWN_DATE":null,"DCGIS.PLACE_NAMES_PT.FIRST_KNOWN_DATE_SOURCE":null,"DCGIS.PLACE_NAMES_PT.CREATED_DATE":1334070778000,"DCGIS.PLACE_NAMES_PT.LAST_EDITED_DATE":1334070778000,"DCGIS.PLACE_NAMES_PT.SE_ANNO_CAD_DATA":null,"DCGIS.PLACE_NAMES_PT.OBJECTID":32433606,"DCGIS.ADDRESSES_PT.OBJECTID":217204000,"DCGIS.ADDRESSES_PT.SE_ANNO_CAD_DATA":null}},{"type":"Feature","id":32433607,"geometry":{"type":"Point","coordinates":[-77.046983138382245,38.890547105859731]},"properties":{"DCGIS.PLACE_NAMES_PT.NAME":"WOMEN WHO SERVED IN VIETNAM","DCGIS.ADDRESSES_PT.ADDRESS":null,"DCGIS.ADDRESSES_PT.WARD":"Ward 2","DCGIS.ADDRESSES_PT.SMD":"SMD 2A01","DCGIS.ADDRESSES_PT.ANC":"ANC 2A","MAR.VW_PLACE_NAME_CATEGORIES.CATEGORY":"MONUMENT / PLAZA / STATUE","DCGIS.ADDRESSES_PT.SSL":"RES 03320000","DCGIS.PLACE_NAMES_PT.STATUS":"ACTIVE","DCGIS.PLACE_NAMES_PT.PLACE_NAME_ID":3464,"DCGIS.PLACE_NAMES_PT.MAR_ID":294271,"DCGIS.PLACE_NAMES_PT.BEFORE_DATE":null,"DCGIS.PLACE_NAMES_PT.BEFORE_DATE_SOURCE":null,"DCGIS.PLACE_NAMES_PT.BEGIN_DATE":null,"DCGIS.PLACE_NAMES_PT.BEGIN_DATE_SOURCE":null,"DCGIS.PLACE_NAMES_PT.FIRST_KNOWN_DATE":null,"DCGIS.PLACE_NAMES_PT.FIRST_KNOWN_DATE_SOURCE":null,"DCGIS.PLACE_NAMES_PT.CREATED_DATE":1124106359000,"DCGIS.PLACE_NAMES_PT.LAST_EDITED_DATE":1124106359000,"DCGIS.PLACE_NAMES_PT.SE_ANNO_CAD_DATA":null,"DCGIS.PLACE_NAMES_PT.OBJECTID":32433607,"DCGIS.ADDRESSES_PT.OBJECTID":217120249,"DCGIS.ADDRESSES_PT.SE_ANNO_CAD_DATA":null}},{"type":"Feature","id":32433608,"geometry":{"type":"Point","coordinates":[-77.021659803485321,38.893796119971462]},"properties":{"DCGIS.PLACE_NAMES_PT.NAME":"COGSWELL TEMPERANCE FOUNTAIN","DCGIS.ADDRESSES_PT.ADDRESS":null,"DCGIS.ADDRESSES_PT.WARD":"Ward 2","DCGIS.ADDRESSES_PT.SMD":"SMD 2C03","DCGIS.ADDRESSES_PT.ANC":"ANC 2C","MAR.VW_PLACE_NAME_CATEGORIES.CATEGORY":"MONUMENT / PLAZA / STATUE","DCGIS.ADDRESSES_PT.SSL":null,"DCGIS.PLACE_NAMES_PT.STATUS":"ACTIVE","DCGIS.PLACE_NAMES_PT.PLACE_NAME_ID":3465,"DCGIS.PLACE_NAMES_PT.MAR_ID":294272,"DCGIS.PLACE_NAMES_PT.BEFORE_DATE":null,"DCGIS.PLACE_NAMES_PT.BEFORE_DATE_SOURCE":null,"DCGIS.PLACE_NAMES_PT.BEGIN_DATE":null,"DCGIS.PLACE_NAMES_PT.BEGIN_DATE_SOURCE":null,"DCGIS.PLACE_NAMES_PT.FIRST_KNOWN_DATE":null,"DCGIS.PLACE_NAMES_PT.FIRST_KNOWN_DATE_SOURCE":null,"DCGIS.PLACE_NAMES_PT.CREATED_DATE":1124106359000,"DCGIS.PLACE_NAMES_PT.LAST_EDITED_DATE":1124106359000,"DCGIS.PLACE_NAMES_PT.SE_ANNO_CAD_DATA":null,"DCGIS.PLACE_NAMES_PT.OBJECTID":32433608,"DCGIS.ADDRESSES_PT.OBJECTID":217120292,"DCGIS.ADDRESSES_PT.SE_ANNO_CAD_DATA":null}},{"type":"Feature","id":32433609,"geometry":{"type":"Point","coordinates":[-77.017552975596374,38.895059782738691]},"properties":{"DCGIS.PLACE_NAMES_PT.NAME":"ABRAHAM LINCOLN STATUE","DCGIS.ADDRESSES_PT.ADDRESS":null,"DCGIS.ADDRESSES_PT.WARD":"Ward 6","DCGIS.ADDRESSES_PT.SMD":"SMD 6E08","DCGIS.ADDRESSES_PT.ANC":"ANC 6E","MAR.VW_PLACE_NAME_CATEGORIES.CATEGORY":"MONUMENT / PLAZA / STATUE","DCGIS.ADDRESSES_PT.SSL":"0489E   0800","DCGIS.PLACE_NAMES_PT.STATUS":"ACTIVE","DCGIS.PLACE_NAMES_PT.PLACE_NAME_ID":11828,"DCGIS.PLACE_NAMES_PT.MAR_ID":294273,"DCGIS.PLACE_NAMES_PT.BEFORE_DATE":null,"DCGIS.PLACE_NAMES_PT.BEFORE_DATE_SOURCE":null,"DCGIS.PLACE_NAMES_PT.BEGIN_DATE":null,"DCGIS.PLACE_NAMES_PT.BEGIN_DATE_SOURCE":null,"DCGIS.PLACE_NAMES_PT.FIRST_KNOWN_DATE":null,"DCGIS.PLACE_NAMES_PT.FIRST_KNOWN_DATE_SOURCE":null,"DCGIS.PLACE_NAMES_PT.CREATED_DATE":1334738566000,"DCGIS.PLACE_NAMES_PT.LAST_EDITED_DATE":1334738566000,"DCGIS.PLACE_NAMES_PT.SE_ANNO_CAD_DATA":null,"DCGIS.PLACE_NAMES_PT.OBJECTID":32433609,"DCGIS.ADDRESSES_PT.OBJECTID":217204681,"DCGIS.ADDRESSES_PT.SE_ANNO_CAD_DATA":null}},{"type":"Feature","id":32433610,"geometry":{"type":"Point","coordinates":[-77.037722368003173,38.899022294772486]},"properties":{"DCGIS.PLACE_NAMES_PT.NAME":"COUNT JEAN BAPISTE ROCHAMBEAU STATUE","DCGIS.ADDRESSES_PT.ADDRESS":null,"DCGIS.ADDRESSES_PT.WARD":"Ward 2","DCGIS.ADDRESSES_PT.SMD":"SMD 2A07","DCGIS.ADDRESSES_PT.ANC":"ANC 2A","MAR.VW_PLACE_NAME_CATEGORIES.CATEGORY":"MONUMENT / PLAZA / STATUE","DCGIS.ADDRESSES_PT.SSL":"0187    0800","DCGIS.PLACE_NAMES_PT.STATUS":"ACTIVE","DCGIS.PLACE_NAMES_PT.PLACE_NAME_ID":3467,"DCGIS.PLACE_NAMES_PT.MAR_ID":294274,"DCGIS.PLACE_NAMES_PT.BEFORE_DATE":null,"DCGIS.PLACE_NAMES_PT.BEFORE_DATE_SOURCE":null,"DCGIS.PLACE_NAMES_PT.BEGIN_DATE":null,"DCGIS.PLACE_NAMES_PT.BEGIN_DATE_SOURCE":null,"DCGIS.PLACE_NAMES_PT.FIRST_KNOWN_DATE":null,"DCGIS.PLACE_NAMES_PT.FIRST_KNOWN_DATE_SOURCE":null,"DCGIS.PLACE_NAMES_PT.CREATED_DATE":1124106359000,"DCGIS.PLACE_NAMES_PT.LAST_EDITED_DATE":1179932498000,"DCGIS.PLACE_NAMES_PT.SE_ANNO_CAD_DATA":null,"DCGIS.PLACE_NAMES_PT.OBJECTID":32433610,"DCGIS.ADDRESSES_PT.OBJECTID":217208492,"DCGIS.ADDRESSES_PT.SE_ANNO_CAD_DATA":null}},{"type":"Feature","id":32433611,"geometry":{"type":"Point","coordinates":[-77.037722368003173,38.899022294772486]},"properties":{"DCGIS.PLACE_NAMES_PT.NAME":"COMTE JEAN DE ROCHAMBEAU STATUE","DCGIS.ADDRESSES_PT.ADDRESS":null,"DCGIS.ADDRESSES_PT.WARD":"Ward 2","DCGIS.ADDRESSES_PT.SMD":"SMD 2A07","DCGIS.ADDRESSES_PT.ANC":"ANC 2A","MAR.VW_PLACE_NAME_CATEGORIES.CATEGORY":"MONUMENT / PLAZA / STATUE","DCGIS.ADDRESSES_PT.SSL":"0187    0800","DCGIS.PLACE_NAMES_PT.STATUS":"ACTIVE","DCGIS.PLACE_NAMES_PT.PLACE_NAME_ID":11781,"DCGIS.PLACE_NAMES_PT.MAR_ID":294274,"DCGIS.PLACE_NAMES_PT.BEFORE_DATE":null,"DCGIS.PLACE_NAMES_PT.BEFORE_DATE_SOURCE":null,"DCGIS.PLACE_NAMES_PT.BEGIN_DATE":null,"DCGIS.PLACE_NAMES_PT.BEGIN_DATE_SOURCE":null,"DCGIS.PLACE_NAMES_PT.FIRST_KNOWN_DATE":null,"DCGIS.PLACE_NAMES_PT.FIRST_KNOWN_DATE_SOURCE":null,"DCGIS.PLACE_NAMES_PT.CREATED_DATE":1334139300000,"DCGIS.PLACE_NAMES_PT.LAST_EDITED_DATE":1334139300000,"DCGIS.PLACE_NAMES_PT.SE_ANNO_CAD_DATA":null,"DCGIS.PLACE_NAMES_PT.OBJECTID":32433611,"DCGIS.ADDRESSES_PT.OBJECTID":217208492,"DCGIS.ADDRESSES_PT.SE_ANNO_CAD_DATA":null}},{"type":"Feature","id":32433612,"geometry":{"type":"Point","coordinates":[-77.03772024345929,38.900018710361103]},"properties":{"DCGIS.PLACE_NAMES_PT.NAME":"FREDERICK VON STEUBEN STATUE","DCGIS.ADDRESSES_PT.ADDRESS":null,"DCGIS.ADDRESSES_PT.WARD":"Ward 2","DCGIS.ADDRESSES_PT.SMD":"SMD 2A07","DCGIS.ADDRESSES_PT.ANC":"ANC 2A","MAR.VW_PLACE_NAME_CATEGORIES.CATEGORY":"MONUMENT / PLAZA / STATUE","DCGIS.ADDRESSES_PT.SSL":"0187    0800","DCGIS.PLACE_NAMES_PT.STATUS":"ACTIVE","DCGIS.PLACE_NAMES_PT.PLACE_NAME_ID":11810,"DCGIS.PLACE_NAMES_PT.MAR_ID":294275,"DCGIS.PLACE_NAMES_PT.BEFORE_DATE":null,"DCGIS.PLACE_NAMES_PT.BEFORE_DATE_SOURCE":null,"DCGIS.PLACE_NAMES_PT.BEGIN_DATE":null,"DCGIS.PLACE_NAMES_PT.BEGIN_DATE_SOURCE":null,"DCGIS.PLACE_NAMES_PT.FIRST_KNOWN_DATE":null,"DCGIS.PLACE_NAMES_PT.FIRST_KNOWN_DATE_SOURCE":null,"DCGIS.PLACE_NAMES_PT.CREATED_DATE":1334235950000,"DCGIS.PLACE_NAMES_PT.LAST_EDITED_DATE":1334235950000,"DCGIS.PLACE_NAMES_PT.SE_ANNO_CAD_DATA":null,"DCGIS.PLACE_NAMES_PT.OBJECTID":32433612,"DCGIS.ADDRESSES_PT.OBJECTID":217204004,"DCGIS.ADDRESSES_PT.SE_ANNO_CAD_DATA":null}},{"type":"Feature","id":32433613,"geometry":{"type":"Point","coordinates":[-77.03772024345929,38.900018710361103]},"properties":{"DCGIS.PLACE_NAMES_PT.NAME":"FRIEDRICH WILHELM VON STEUBEN STATUE","DCGIS.ADDRESSES_PT.ADDRESS":null,"DCGIS.ADDRESSES_PT.WARD":"Ward 2","DCGIS.ADDRESSES_PT.SMD":"SMD 2A07","DCGIS.ADDRESSES_PT.ANC":"ANC 2A","MAR.VW_PLACE_NAME_CATEGORIES.CATEGORY":"MONUMENT / PLAZA / STATUE","DCGIS.ADDRESSES_PT.SSL":"0187    0800","DCGIS.PLACE_NAMES_PT.STATUS":"ACTIVE","DCGIS.PLACE_NAMES_PT.PLACE_NAME_ID":11811,"DCGIS.PLACE_NAMES_PT.MAR_ID":294275,"DCGIS.PLACE_NAMES_PT.BEFORE_DATE":null,"DCGIS.PLACE_NAMES_PT.BEFORE_DATE_SOURCE":null,"DCGIS.PLACE_NAMES_PT.BEGIN_DATE":null,"DCGIS.PLACE_NAMES_PT.BEGIN_DATE_SOURCE":null,"DCGIS.PLACE_NAMES_PT.FIRST_KNOWN_DATE":null,"DCGIS.PLACE_NAMES_PT.FIRST_KNOWN_DATE_SOURCE":null,"DCGIS.PLACE_NAMES_PT.CREATED_DATE":1334235950000,"DCGIS.PLACE_NAMES_PT.LAST_EDITED_DATE":1334235950000,"DCGIS.PLACE_NAMES_PT.SE_ANNO_CAD_DATA":null,"DCGIS.PLACE_NAMES_PT.OBJECTID":32433613,"DCGIS.ADDRESSES_PT.OBJECTID":217204004,"DCGIS.ADDRESSES_PT.SE_ANNO_CAD_DATA":null}},{"type":"Feature","id":32433615,"geometry":{"type":"Point","coordinates":[-77.050114480925629,38.902536391488013]},"properties":{"DCGIS.PLACE_NAMES_PT.NAME":"WASHINGTON CIRCLE","DCGIS.ADDRESSES_PT.ADDRESS":null,"DCGIS.ADDRESSES_PT.WARD":"Ward 2","DCGIS.ADDRESSES_PT.SMD":"SMD 2A08","DCGIS.ADDRESSES_PT.ANC":"ANC 2A","MAR.VW_PLACE_NAME_CATEGORIES.CATEGORY":"MONUMENT / PLAZA / STATUE","DCGIS.ADDRESSES_PT.SSL":"0040N   0800","DCGIS.PLACE_NAMES_PT.STATUS":"ACTIVE","DCGIS.PLACE_NAMES_PT.PLACE_NAME_ID":3471,"DCGIS.PLACE_NAMES_PT.MAR_ID":294277,"DCGIS.PLACE_NAMES_PT.BEFORE_DATE":null,"DCGIS.PLACE_NAMES_PT.BEFORE_DATE_SOURCE":null,"DCGIS.PLACE_NAMES_PT.BEGIN_DATE":null,"DCGIS.PLACE_NAMES_PT.BEGIN_DATE_SOURCE":null,"DCGIS.PLACE_NAMES_PT.FIRST_KNOWN_DATE":null,"DCGIS.PLACE_NAMES_PT.FIRST_KNOWN_DATE_SOURCE":null,"DCGIS.PLACE_NAMES_PT.CREATED_DATE":1124106359000,"DCGIS.PLACE_NAMES_PT.LAST_EDITED_DATE":1124106359000,"DCGIS.PLACE_NAMES_PT.SE_ANNO_CAD_DATA":null,"DCGIS.PLACE_NAMES_PT.OBJECTID":32433615,"DCGIS.ADDRESSES_PT.OBJECTID":217116703,"DCGIS.ADDRESSES_PT.SE_ANNO_CAD_DATA":null}},{"type":"Feature","id":32433616,"geometry":{"type":"Point","coordinates":[-77.050114480925629,38.902536391488013]},"properties":{"DCGIS.PLACE_NAMES_PT.NAME":"GEORGE WASHINGTON STATUE","DCGIS.ADDRESSES_PT.ADDRESS":null,"DCGIS.ADDRESSES_PT.WARD":"Ward 2","DCGIS.ADDRESSES_PT.SMD":"SMD 2A08","DCGIS.ADDRESSES_PT.ANC":"ANC 2A","MAR.VW_PLACE_NAME_CATEGORIES.CATEGORY":"MONUMENT / PLAZA / STATUE","DCGIS.ADDRESSES_PT.SSL":"0040N   0800","DCGIS.PLACE_NAMES_PT.STATUS":"ACTIVE","DCGIS.PLACE_NAMES_PT.PLACE_NAME_ID":3472,"DCGIS.PLACE_NAMES_PT.MAR_ID":294277,"DCGIS.PLACE_NAMES_PT.BEFORE_DATE":null,"DCGIS.PLACE_NAMES_PT.BEFORE_DATE_SOURCE":null,"DCGIS.PLACE_NAMES_PT.BEGIN_DATE":null,"DCGIS.PLACE_NAMES_PT.BEGIN_DATE_SOURCE":null,"DCGIS.PLACE_NAMES_PT.FIRST_KNOWN_DATE":null,"DCGIS.PLACE_NAMES_PT.FIRST_KNOWN_DATE_SOURCE":null,"DCGIS.PLACE_NAMES_PT.CREATED_DATE":1124106359000,"DCGIS.PLACE_NAMES_PT.LAST_EDITED_DATE":1158420210000,"DCGIS.PLACE_NAMES_PT.SE_ANNO_CAD_DATA":null,"DCGIS.PLACE_NAMES_PT.OBJECTID":32433616,"DCGIS.ADDRESSES_PT.OBJECTID":217116703,"DCGIS.ADDRESSES_PT.SE_ANNO_CAD_DATA":null}},{"type":"Feature","id":32433619,"geometry":{"type":"Point","coordinates":[-77.026522200074453,38.904016725767093]},"properties":{"DCGIS.PLACE_NAMES_PT.NAME":"SAMUEL GOMPERS STATUE","DCGIS.ADDRESSES_PT.ADDRESS":null,"DCGIS.ADDRESSES_PT.WARD":"Ward 2","DCGIS.ADDRESSES_PT.SMD":"SMD 2F08","DCGIS.ADDRESSES_PT.ANC":"ANC 2F","MAR.VW_PLACE_NAME_CATEGORIES.CATEGORY":"MONUMENT / PLAZA / STATUE","DCGIS.ADDRESSES_PT.SSL":"RES 00690000","DCGIS.PLACE_NAMES_PT.STATUS":"ACTIVE","DCGIS.PLACE_NAMES_PT.PLACE_NAME_ID":9788,"DCGIS.PLACE_NAMES_PT.MAR_ID":294281,"DCGIS.PLACE_NAMES_PT.BEFORE_DATE":null,"DCGIS.PLACE_NAMES_PT.BEFORE_DATE_SOURCE":null,"DCGIS.PLACE_NAMES_PT.BEGIN_DATE":null,"DCGIS.PLACE_NAMES_PT.BEGIN_DATE_SOURCE":null,"DCGIS.PLACE_NAMES_PT.FIRST_KNOWN_DATE":null,"DCGIS.PLACE_NAMES_PT.FIRST_KNOWN_DATE_SOURCE":null,"DCGIS.PLACE_NAMES_PT.CREATED_DATE":1286353557000,"DCGIS.PLACE_NAMES_PT.LAST_EDITED_DATE":1286353557000,"DCGIS.PLACE_NAMES_PT.SE_ANNO_CAD_DATA":null,"DCGIS.PLACE_NAMES_PT.OBJECTID":32433619,"DCGIS.ADDRESSES_PT.OBJECTID":217204567,"DCGIS.ADDRESSES_PT.SE_ANNO_CAD_DATA":null}},{"type":"Feature","id":32433620,"geometry":{"type":"Point","coordinates":[-77.027452414460797,38.903891745168437]},"properties":{"DCGIS.PLACE_NAMES_PT.NAME":"EDMUND BURKE STATUE","DCGIS.ADDRESSES_PT.ADDRESS":null,"DCGIS.ADDRESSES_PT.WARD":"Ward 2","DCGIS.ADDRESSES_PT.SMD":"SMD 2C04","DCGIS.ADDRESSES_PT.ANC":"ANC 2C","MAR.VW_PLACE_NAME_CATEGORIES.CATEGORY":"MONUMENT / PLAZA / STATUE","DCGIS.ADDRESSES_PT.SSL":"RES 00680000","DCGIS.PLACE_NAMES_PT.STATUS":"ACTIVE","DCGIS.PLACE_NAMES_PT.PLACE_NAME_ID":3478,"DCGIS.PLACE_NAMES_PT.MAR_ID":294282,"DCGIS.PLACE_NAMES_PT.BEFORE_DATE":null,"DCGIS.PLACE_NAMES_PT.BEFORE_DATE_SOURCE":null,"DCGIS.PLACE_NAMES_PT.BEGIN_DATE":null,"DCGIS.PLACE_NAMES_PT.BEGIN_DATE_SOURCE":null,"DCGIS.PLACE_NAMES_PT.FIRST_KNOWN_DATE":null,"DCGIS.PLACE_NAMES_PT.FIRST_KNOWN_DATE_SOURCE":null,"DCGIS.PLACE_NAMES_PT.CREATED_DATE":1124106359000,"DCGIS.PLACE_NAMES_PT.LAST_EDITED_DATE":1224268494000,"DCGIS.PLACE_NAMES_PT.SE_ANNO_CAD_DATA":null,"DCGIS.PLACE_NAMES_PT.OBJECTID":32433620,"DCGIS.ADDRESSES_PT.OBJECTID":217204724,"DCGIS.ADDRESSES_PT.SE_ANNO_CAD_DATA":null}},{"type":"Feature","id":32433623,"geometry":{"type":"Point","coordinates":[-77.040228578624721,38.905794662243132]},"properties":{"DCGIS.PLACE_NAMES_PT.NAME":"NUNS OF THE BATTLEFIELD","DCGIS.ADDRESSES_PT.ADDRESS":null,"DCGIS.ADDRESSES_PT.WARD":"Ward 2","DCGIS.ADDRESSES_PT.SMD":"SMD 2C02","DCGIS.ADDRESSES_PT.ANC":"ANC 2C","MAR.VW_PLACE_NAME_CATEGORIES.CATEGORY":"MONUMENT / PLAZA / STATUE","DCGIS.ADDRESSES_PT.SSL":"RES 01510000","DCGIS.PLACE_NAMES_PT.STATUS":"ACTIVE","DCGIS.PLACE_NAMES_PT.PLACE_NAME_ID":3484,"DCGIS.PLACE_NAMES_PT.MAR_ID":294286,"DCGIS.PLACE_NAMES_PT.BEFORE_DATE":null,"DCGIS.PLACE_NAMES_PT.BEFORE_DATE_SOURCE":null,"DCGIS.PLACE_NAMES_PT.BEGIN_DATE":null,"DCGIS.PLACE_NAMES_PT.BEGIN_DATE_SOURCE":null,"DCGIS.PLACE_NAMES_PT.FIRST_KNOWN_DATE":null,"DCGIS.PLACE_NAMES_PT.FIRST_KNOWN_DATE_SOURCE":null,"DCGIS.PLACE_NAMES_PT.CREATED_DATE":1124106359000,"DCGIS.PLACE_NAMES_PT.LAST_EDITED_DATE":1124106359000,"DCGIS.PLACE_NAMES_PT.SE_ANNO_CAD_DATA":null,"DCGIS.PLACE_NAMES_PT.OBJECTID":32433623,"DCGIS.ADDRESSES_PT.OBJECTID":217204622,"DCGIS.ADDRESSES_PT.SE_ANNO_CAD_DATA":null}},{"type":"Feature","id":32433624,"geometry":{"type":"Point","coordinates":[-77.040228578624721,38.905794662243132]},"properties":{"DCGIS.PLACE_NAMES_PT.NAME":"CIVIL WAR NURSES STATUE","DCGIS.ADDRESSES_PT.ADDRESS":null,"DCGIS.ADDRESSES_PT.WARD":"Ward 2","DCGIS.ADDRESSES_PT.SMD":"SMD 2C02","DCGIS.ADDRESSES_PT.ANC":"ANC 2C","MAR.VW_PLACE_NAME_CATEGORIES.CATEGORY":"MONUMENT / PLAZA / STATUE","DCGIS.ADDRESSES_PT.SSL":"RES 01510000","DCGIS.PLACE_NAMES_PT.STATUS":"ACTIVE","DCGIS.PLACE_NAMES_PT.PLACE_NAME_ID":17479,"DCGIS.PLACE_NAMES_PT.MAR_ID":294286,"DCGIS.PLACE_NAMES_PT.BEFORE_DATE":null,"DCGIS.PLACE_NAMES_PT.BEFORE_DATE_SOURCE":null,"DCGIS.PLACE_NAMES_PT.BEGIN_DATE":null,"DCGIS.PLACE_NAMES_PT.BEGIN_DATE_SOURCE":null,"DCGIS.PLACE_NAMES_PT.FIRST_KNOWN_DATE":null,"DCGIS.PLACE_NAMES_PT.FIRST_KNOWN_DATE_SOURCE":null,"DCGIS.PLACE_NAMES_PT.CREATED_DATE":1594832573000,"DCGIS.PLACE_NAMES_PT.LAST_EDITED_DATE":1594832573000,"DCGIS.PLACE_NAMES_PT.SE_ANNO_CAD_DATA":null,"DCGIS.PLACE_NAMES_PT.OBJECTID":32433624,"DCGIS.ADDRESSES_PT.OBJECTID":217204622,"DCGIS.ADDRESSES_PT.SE_ANNO_CAD_DATA":null}},{"type":"Feature","id":32433628,"geometry":{"type":"Point","coordinates":[-77.035376755329352,38.899016722819532]},"properties":{"DCGIS.PLACE_NAMES_PT.NAME":"MARQUIS GILBERT DE LAFAYETTE STATUE","DCGIS.ADDRESSES_PT.ADDRESS":null,"DCGIS.ADDRESSES_PT.WARD":"Ward 2","DCGIS.ADDRESSES_PT.SMD":"SMD 2A07","DCGIS.ADDRESSES_PT.ANC":"ANC 2A","MAR.VW_PLACE_NAME_CATEGORIES.CATEGORY":"MONUMENT / PLAZA / STATUE","DCGIS.ADDRESSES_PT.SSL":"0187    0800","DCGIS.PLACE_NAMES_PT.STATUS":"ACTIVE","DCGIS.PLACE_NAMES_PT.PLACE_NAME_ID":11824,"DCGIS.PLACE_NAMES_PT.MAR_ID":294294,"DCGIS.PLACE_NAMES_PT.BEFORE_DATE":null,"DCGIS.PLACE_NAMES_PT.BEFORE_DATE_SOURCE":null,"DCGIS.PLACE_NAMES_PT.BEGIN_DATE":null,"DCGIS.PLACE_NAMES_PT.BEGIN_DATE_SOURCE":null,"DCGIS.PLACE_NAMES_PT.FIRST_KNOWN_DATE":null,"DCGIS.PLACE_NAMES_PT.FIRST_KNOWN_DATE_SOURCE":null,"DCGIS.PLACE_NAMES_PT.CREATED_DATE":1334676584000,"DCGIS.PLACE_NAMES_PT.LAST_EDITED_DATE":1334676584000,"DCGIS.PLACE_NAMES_PT.SE_ANNO_CAD_DATA":null,"DCGIS.PLACE_NAMES_PT.OBJECTID":32433628,"DCGIS.ADDRESSES_PT.OBJECTID":217120133,"DCGIS.ADDRESSES_PT.SE_ANNO_CAD_DATA":null}},{"type":"Feature","id":32433629,"geometry":{"type":"Point","coordinates":[-77.031959939837094,38.905660380022439]},"properties":{"DCGIS.PLACE_NAMES_PT.NAME":"GEORGE THOMAS STATUE","DCGIS.ADDRESSES_PT.ADDRESS":null,"DCGIS.ADDRESSES_PT.WARD":"Ward 2","DCGIS.ADDRESSES_PT.SMD":"SMD 2F05","DCGIS.ADDRESSES_PT.ANC":"ANC 2F","MAR.VW_PLACE_NAME_CATEGORIES.CATEGORY":"MONUMENT / PLAZA / STATUE","DCGIS.ADDRESSES_PT.SSL":"RES 00660000","DCGIS.PLACE_NAMES_PT.STATUS":"ACTIVE","DCGIS.PLACE_NAMES_PT.PLACE_NAME_ID":11783,"DCGIS.PLACE_NAMES_PT.MAR_ID":294296,"DCGIS.PLACE_NAMES_PT.BEFORE_DATE":null,"DCGIS.PLACE_NAMES_PT.BEFORE_DATE_SOURCE":null,"DCGIS.PLACE_NAMES_PT.BEGIN_DATE":null,"DCGIS.PLACE_NAMES_PT.BEGIN_DATE_SOURCE":null,"DCGIS.PLACE_NAMES_PT.FIRST_KNOWN_DATE":null,"DCGIS.PLACE_NAMES_PT.FIRST_KNOWN_DATE_SOURCE":null,"DCGIS.PLACE_NAMES_PT.CREATED_DATE":1334139515000,"DCGIS.PLACE_NAMES_PT.LAST_EDITED_DATE":1334139515000,"DCGIS.PLACE_NAMES_PT.SE_ANNO_CAD_DATA":null,"DCGIS.PLACE_NAMES_PT.OBJECTID":32433629,"DCGIS.ADDRESSES_PT.OBJECTID":217204143,"DCGIS.ADDRESSES_PT.SE_ANNO_CAD_DATA":null}},{"type":"Feature","id":32433630,"geometry":{"type":"Point","coordinates":[-77.031959939837094,38.905660380022439]},"properties":{"DCGIS.PLACE_NAMES_PT.NAME":"GEORGE HENRY THOMAS STATUE","DCGIS.ADDRESSES_PT.ADDRESS":null,"DCGIS.ADDRESSES_PT.WARD":"Ward 2","DCGIS.ADDRESSES_PT.SMD":"SMD 2F05","DCGIS.ADDRESSES_PT.ANC":"ANC 2F","MAR.VW_PLACE_NAME_CATEGORIES.CATEGORY":"MONUMENT / PLAZA / STATUE","DCGIS.ADDRESSES_PT.SSL":"RES 00660000","DCGIS.PLACE_NAMES_PT.STATUS":"ACTIVE","DCGIS.PLACE_NAMES_PT.PLACE_NAME_ID":11784,"DCGIS.PLACE_NAMES_PT.MAR_ID":294296,"DCGIS.PLACE_NAMES_PT.BEFORE_DATE":null,"DCGIS.PLACE_NAMES_PT.BEFORE_DATE_SOURCE":null,"DCGIS.PLACE_NAMES_PT.BEGIN_DATE":null,"DCGIS.PLACE_NAMES_PT.BEGIN_DATE_SOURCE":null,"DCGIS.PLACE_NAMES_PT.FIRST_KNOWN_DATE":null,"DCGIS.PLACE_NAMES_PT.FIRST_KNOWN_DATE_SOURCE":null,"DCGIS.PLACE_NAMES_PT.CREATED_DATE":1334139515000,"DCGIS.PLACE_NAMES_PT.LAST_EDITED_DATE":1334139515000,"DCGIS.PLACE_NAMES_PT.SE_ANNO_CAD_DATA":null,"DCGIS.PLACE_NAMES_PT.OBJECTID":32433630,"DCGIS.ADDRESSES_PT.OBJECTID":217204143,"DCGIS.ADDRESSES_PT.SE_ANNO_CAD_DATA":null}},{"type":"Feature","id":32433631,"geometry":{"type":"Point","coordinates":[-77.03572602577924,38.907244848811523]},"properties":{"DCGIS.PLACE_NAMES_PT.NAME":"SAMUEL HAHNEMANN STATUE","DCGIS.ADDRESSES_PT.ADDRESS":null,"DCGIS.ADDRESSES_PT.WARD":"Ward 2","DCGIS.ADDRESSES_PT.SMD":"SMD 2F05","DCGIS.ADDRESSES_PT.ANC":"ANC 2F","MAR.VW_PLACE_NAME_CATEGORIES.CATEGORY":"MONUMENT / PLAZA / STATUE","DCGIS.ADDRESSES_PT.SSL":"RES 00640000","DCGIS.PLACE_NAMES_PT.STATUS":"ACTIVE","DCGIS.PLACE_NAMES_PT.PLACE_NAME_ID":11728,"DCGIS.PLACE_NAMES_PT.MAR_ID":294297,"DCGIS.PLACE_NAMES_PT.BEFORE_DATE":null,"DCGIS.PLACE_NAMES_PT.BEFORE_DATE_SOURCE":null,"DCGIS.PLACE_NAMES_PT.BEGIN_DATE":null,"DCGIS.PLACE_NAMES_PT.BEGIN_DATE_SOURCE":null,"DCGIS.PLACE_NAMES_PT.FIRST_KNOWN_DATE":null,"DCGIS.PLACE_NAMES_PT.FIRST_KNOWN_DATE_SOURCE":null,"DCGIS.PLACE_NAMES_PT.CREATED_DATE":1334070039000,"DCGIS.PLACE_NAMES_PT.LAST_EDITED_DATE":1334070039000,"DCGIS.PLACE_NAMES_PT.SE_ANNO_CAD_DATA":null,"DCGIS.PLACE_NAMES_PT.OBJECTID":32433631,"DCGIS.ADDRESSES_PT.OBJECTID":217204566,"DCGIS.ADDRESSES_PT.SE_ANNO_CAD_DATA":null}},{"type":"Feature","id":32433633,"geometry":{"type":"Point","coordinates":[-77.036712275300303,38.927681116143113]},"properties":{"DCGIS.PLACE_NAMES_PT.NAME":"FRANCIS ASBURY STATUE","DCGIS.ADDRESSES_PT.ADDRESS":null,"DCGIS.ADDRESSES_PT.WARD":"Ward 1","DCGIS.ADDRESSES_PT.SMD":"SMD 1D05","DCGIS.ADDRESSES_PT.ANC":"ANC 1D","MAR.VW_PLACE_NAME_CATEGORIES.CATEGORY":"MONUMENT / PLAZA / STATUE","DCGIS.ADDRESSES_PT.SSL":"RES 309B0000","DCGIS.PLACE_NAMES_PT.STATUS":"ACTIVE","DCGIS.PLACE_NAMES_PT.PLACE_NAME_ID":3500,"DCGIS.PLACE_NAMES_PT.MAR_ID":294300,"DCGIS.PLACE_NAMES_PT.BEFORE_DATE":null,"DCGIS.PLACE_NAMES_PT.BEFORE_DATE_SOURCE":null,"DCGIS.PLACE_NAMES_PT.BEGIN_DATE":null,"DCGIS.PLACE_NAMES_PT.BEGIN_DATE_SOURCE":null,"DCGIS.PLACE_NAMES_PT.FIRST_KNOWN_DATE":null,"DCGIS.PLACE_NAMES_PT.FIRST_KNOWN_DATE_SOURCE":null,"DCGIS.PLACE_NAMES_PT.CREATED_DATE":1124106359000,"DCGIS.PLACE_NAMES_PT.LAST_EDITED_DATE":1224268494000,"DCGIS.PLACE_NAMES_PT.SE_ANNO_CAD_DATA":null,"DCGIS.PLACE_NAMES_PT.OBJECTID":32433633,"DCGIS.ADDRESSES_PT.OBJECTID":217217789,"DCGIS.ADDRESSES_PT.SE_ANNO_CAD_DATA":null}},{"type":"Feature","id":32433636,"geometry":{"type":"Point","coordinates":[-77.085896239673914,38.937922086519528]},"properties":{"DCGIS.PLACE_NAMES_PT.NAME":"ARTEMAS WARD STATUE","DCGIS.ADDRESSES_PT.ADDRESS":null,"DCGIS.ADDRESSES_PT.WARD":"Ward 3","DCGIS.ADDRESSES_PT.SMD":"SMD 3E07","DCGIS.ADDRESSES_PT.ANC":"ANC 3E","MAR.VW_PLACE_NAME_CATEGORIES.CATEGORY":"MONUMENT / PLAZA / STATUE","DCGIS.ADDRESSES_PT.SSL":"RES 05720000","DCGIS.PLACE_NAMES_PT.STATUS":"ACTIVE","DCGIS.PLACE_NAMES_PT.PLACE_NAME_ID":11786,"DCGIS.PLACE_NAMES_PT.MAR_ID":294305,"DCGIS.PLACE_NAMES_PT.BEFORE_DATE":null,"DCGIS.PLACE_NAMES_PT.BEFORE_DATE_SOURCE":null,"DCGIS.PLACE_NAMES_PT.BEGIN_DATE":null,"DCGIS.PLACE_NAMES_PT.BEGIN_DATE_SOURCE":null,"DCGIS.PLACE_NAMES_PT.FIRST_KNOWN_DATE":null,"DCGIS.PLACE_NAMES_PT.FIRST_KNOWN_DATE_SOURCE":null,"DCGIS.PLACE_NAMES_PT.CREATED_DATE":1334139627000,"DCGIS.PLACE_NAMES_PT.LAST_EDITED_DATE":1334139627000,"DCGIS.PLACE_NAMES_PT.SE_ANNO_CAD_DATA":null,"DCGIS.PLACE_NAMES_PT.OBJECTID":32433636,"DCGIS.ADDRESSES_PT.OBJECTID":217205474,"DCGIS.ADDRESSES_PT.SE_ANNO_CAD_DATA":null}},{"type":"Feature","id":32433637,"geometry":{"type":"Point","coordinates":[-77.010987189495026,38.892741289946379]},"properties":{"DCGIS.PLACE_NAMES_PT.NAME":"ROBERT TAFT MEMORIAL","DCGIS.ADDRESSES_PT.ADDRESS":null,"DCGIS.ADDRESSES_PT.WARD":"Ward 6","DCGIS.ADDRESSES_PT.SMD":"SMD 6C02","DCGIS.ADDRESSES_PT.ANC":"ANC 6C","MAR.VW_PLACE_NAME_CATEGORIES.CATEGORY":"MONUMENT / PLAZA / STATUE","DCGIS.ADDRESSES_PT.SSL":"0633    0805","DCGIS.PLACE_NAMES_PT.STATUS":"ACTIVE","DCGIS.PLACE_NAMES_PT.PLACE_NAME_ID":11755,"DCGIS.PLACE_NAMES_PT.MAR_ID":294307,"DCGIS.PLACE_NAMES_PT.BEFORE_DATE":null,"DCGIS.PLACE_NAMES_PT.BEFORE_DATE_SOURCE":null,"DCGIS.PLACE_NAMES_PT.BEGIN_DATE":null,"DCGIS.PLACE_NAMES_PT.BEGIN_DATE_SOURCE":null,"DCGIS.PLACE_NAMES_PT.FIRST_KNOWN_DATE":null,"DCGIS.PLACE_NAMES_PT.FIRST_KNOWN_DATE_SOURCE":null,"DCGIS.PLACE_NAMES_PT.CREATED_DATE":1334074136000,"DCGIS.PLACE_NAMES_PT.LAST_EDITED_DATE":1334074136000,"DCGIS.PLACE_NAMES_PT.SE_ANNO_CAD_DATA":null,"DCGIS.PLACE_NAMES_PT.OBJECTID":32433637,"DCGIS.ADDRESSES_PT.OBJECTID":217204134,"DCGIS.ADDRESSES_PT.SE_ANNO_CAD_DATA":null}},{"type":"Feature","id":32433638,"geometry":{"type":"Point","coordinates":[-77.010987189495026,38.892741289946379]},"properties":{"DCGIS.PLACE_NAMES_PT.NAME":"ROBERT TAFT STATUE","DCGIS.ADDRESSES_PT.ADDRESS":null,"DCGIS.ADDRESSES_PT.WARD":"Ward 6","DCGIS.ADDRESSES_PT.SMD":"SMD 6C02","DCGIS.ADDRESSES_PT.ANC":"ANC 6C","MAR.VW_PLACE_NAME_CATEGORIES.CATEGORY":"MONUMENT / PLAZA / STATUE","DCGIS.ADDRESSES_PT.SSL":"0633    0805","DCGIS.PLACE_NAMES_PT.STATUS":"ACTIVE","DCGIS.PLACE_NAMES_PT.PLACE_NAME_ID":11753,"DCGIS.PLACE_NAMES_PT.MAR_ID":294307,"DCGIS.PLACE_NAMES_PT.BEFORE_DATE":null,"DCGIS.PLACE_NAMES_PT.BEFORE_DATE_SOURCE":null,"DCGIS.PLACE_NAMES_PT.BEGIN_DATE":null,"DCGIS.PLACE_NAMES_PT.BEGIN_DATE_SOURCE":null,"DCGIS.PLACE_NAMES_PT.FIRST_KNOWN_DATE":null,"DCGIS.PLACE_NAMES_PT.FIRST_KNOWN_DATE_SOURCE":null,"DCGIS.PLACE_NAMES_PT.CREATED_DATE":1334074038000,"DCGIS.PLACE_NAMES_PT.LAST_EDITED_DATE":1334074038000,"DCGIS.PLACE_NAMES_PT.SE_ANNO_CAD_DATA":null,"DCGIS.PLACE_NAMES_PT.OBJECTID":32433638,"DCGIS.ADDRESSES_PT.OBJECTID":217204134,"DCGIS.ADDRESSES_PT.SE_ANNO_CAD_DATA":null}},{"type":"Feature","id":32433639,"geometry":{"type":"Point","coordinates":[-77.010987189495026,38.892741289946379]},"properties":{"DCGIS.PLACE_NAMES_PT.NAME":"ROBERT A. TAFT CARILLON","DCGIS.ADDRESSES_PT.ADDRESS":null,"DCGIS.ADDRESSES_PT.WARD":"Ward 6","DCGIS.ADDRESSES_PT.SMD":"SMD 6C02","DCGIS.ADDRESSES_PT.ANC":"ANC 6C","MAR.VW_PLACE_NAME_CATEGORIES.CATEGORY":"MONUMENT / PLAZA / STATUE","DCGIS.ADDRESSES_PT.SSL":"0633    0805","DCGIS.PLACE_NAMES_PT.STATUS":"ACTIVE","DCGIS.PLACE_NAMES_PT.PLACE_NAME_ID":11754,"DCGIS.PLACE_NAMES_PT.MAR_ID":294307,"DCGIS.PLACE_NAMES_PT.BEFORE_DATE":null,"DCGIS.PLACE_NAMES_PT.BEFORE_DATE_SOURCE":null,"DCGIS.PLACE_NAMES_PT.BEGIN_DATE":null,"DCGIS.PLACE_NAMES_PT.BEGIN_DATE_SOURCE":null,"DCGIS.PLACE_NAMES_PT.FIRST_KNOWN_DATE":null,"DCGIS.PLACE_NAMES_PT.FIRST_KNOWN_DATE_SOURCE":null,"DCGIS.PLACE_NAMES_PT.CREATED_DATE":1334074135000,"DCGIS.PLACE_NAMES_PT.LAST_EDITED_DATE":1334074135000,"DCGIS.PLACE_NAMES_PT.SE_ANNO_CAD_DATA":null,"DCGIS.PLACE_NAMES_PT.OBJECTID":32433639,"DCGIS.ADDRESSES_PT.OBJECTID":217204134,"DCGIS.ADDRESSES_PT.SE_ANNO_CAD_DATA":null}},{"type":"Feature","id":32433640,"geometry":{"type":"Point","coordinates":[-77.010987189495026,38.892741289946379]},"properties":{"DCGIS.PLACE_NAMES_PT.NAME":"TAFT MEMORIAL","DCGIS.ADDRESSES_PT.ADDRESS":null,"DCGIS.ADDRESSES_PT.WARD":"Ward 6","DCGIS.ADDRESSES_PT.SMD":"SMD 6C02","DCGIS.ADDRESSES_PT.ANC":"ANC 6C","MAR.VW_PLACE_NAME_CATEGORIES.CATEGORY":"MONUMENT / PLAZA / STATUE","DCGIS.ADDRESSES_PT.SSL":"0633    0805","DCGIS.PLACE_NAMES_PT.STATUS":"ACTIVE","DCGIS.PLACE_NAMES_PT.PLACE_NAME_ID":15146,"DCGIS.PLACE_NAMES_PT.MAR_ID":294307,"DCGIS.PLACE_NAMES_PT.BEFORE_DATE":null,"DCGIS.PLACE_NAMES_PT.BEFORE_DATE_SOURCE":null,"DCGIS.PLACE_NAMES_PT.BEGIN_DATE":null,"DCGIS.PLACE_NAMES_PT.BEGIN_DATE_SOURCE":null,"DCGIS.PLACE_NAMES_PT.FIRST_KNOWN_DATE":null,"DCGIS.PLACE_NAMES_PT.FIRST_KNOWN_DATE_SOURCE":null,"DCGIS.PLACE_NAMES_PT.CREATED_DATE":1450785473000,"DCGIS.PLACE_NAMES_PT.LAST_EDITED_DATE":1450785473000,"DCGIS.PLACE_NAMES_PT.SE_ANNO_CAD_DATA":null,"DCGIS.PLACE_NAMES_PT.OBJECTID":32433640,"DCGIS.ADDRESSES_PT.OBJECTID":217204134,"DCGIS.ADDRESSES_PT.SE_ANNO_CAD_DATA":null}},{"type":"Feature","id":32433642,"geometry":{"type":"Point","coordinates":[-77.036191848300163,38.93140008989247]},"properties":{"DCGIS.PLACE_NAMES_PT.NAME":"JAMES CARDINAL GIBBONS STATUE","DCGIS.ADDRESSES_PT.ADDRESS":null,"DCGIS.ADDRESSES_PT.WARD":"Ward 1","DCGIS.ADDRESSES_PT.SMD":"SMD 1A05","DCGIS.ADDRESSES_PT.ANC":"ANC 1A","MAR.VW_PLACE_NAME_CATEGORIES.CATEGORY":"MONUMENT / PLAZA / STATUE","DCGIS.ADDRESSES_PT.SSL":"2675W   0803","DCGIS.PLACE_NAMES_PT.STATUS":"ACTIVE","DCGIS.PLACE_NAMES_PT.PLACE_NAME_ID":9282,"DCGIS.PLACE_NAMES_PT.MAR_ID":294311,"DCGIS.PLACE_NAMES_PT.BEFORE_DATE":null,"DCGIS.PLACE_NAMES_PT.BEFORE_DATE_SOURCE":null,"DCGIS.PLACE_NAMES_PT.BEGIN_DATE":null,"DCGIS.PLACE_NAMES_PT.BEGIN_DATE_SOURCE":null,"DCGIS.PLACE_NAMES_PT.FIRST_KNOWN_DATE":null,"DCGIS.PLACE_NAMES_PT.FIRST_KNOWN_DATE_SOURCE":null,"DCGIS.PLACE_NAMES_PT.CREATED_DATE":1279195936000,"DCGIS.PLACE_NAMES_PT.LAST_EDITED_DATE":1279195936000,"DCGIS.PLACE_NAMES_PT.SE_ANNO_CAD_DATA":null,"DCGIS.PLACE_NAMES_PT.OBJECTID":32433642,"DCGIS.ADDRESSES_PT.OBJECTID":217116705,"DCGIS.ADDRESSES_PT.SE_ANNO_CAD_DATA":null}},{"type":"Feature","id":32433644,"geometry":{"type":"Point","coordinates":[-77.034302292055628,38.898432850932778]},"properties":{"DCGIS.PLACE_NAMES_PT.NAME":"ALBERT GALLATIN STATUE","DCGIS.ADDRESSES_PT.ADDRESS":null,"DCGIS.ADDRESSES_PT.WARD":"Ward 2","DCGIS.ADDRESSES_PT.SMD":"SMD 2A07","DCGIS.ADDRESSES_PT.ANC":"ANC 2A","MAR.VW_PLACE_NAME_CATEGORIES.CATEGORY":"MONUMENT / PLAZA / STATUE","DCGIS.ADDRESSES_PT.SSL":"0187S   0802","DCGIS.PLACE_NAMES_PT.STATUS":"ACTIVE","DCGIS.PLACE_NAMES_PT.PLACE_NAME_ID":11770,"DCGIS.PLACE_NAMES_PT.MAR_ID":294318,"DCGIS.PLACE_NAMES_PT.BEFORE_DATE":null,"DCGIS.PLACE_NAMES_PT.BEFORE_DATE_SOURCE":null,"DCGIS.PLACE_NAMES_PT.BEGIN_DATE":null,"DCGIS.PLACE_NAMES_PT.BEGIN_DATE_SOURCE":null,"DCGIS.PLACE_NAMES_PT.FIRST_KNOWN_DATE":null,"DCGIS.PLACE_NAMES_PT.FIRST_KNOWN_DATE_SOURCE":null,"DCGIS.PLACE_NAMES_PT.CREATED_DATE":1334135397000,"DCGIS.PLACE_NAMES_PT.LAST_EDITED_DATE":1334135397000,"DCGIS.PLACE_NAMES_PT.SE_ANNO_CAD_DATA":null,"DCGIS.PLACE_NAMES_PT.OBJECTID":32433644,"DCGIS.ADDRESSES_PT.OBJECTID":217204760,"DCGIS.ADDRESSES_PT.SE_ANNO_CAD_DATA":null}},{"type":"Feature","id":32433645,"geometry":{"type":"Point","coordinates":[-77.033303634646089,38.896228342538286]},"properties":{"DCGIS.PLACE_NAMES_PT.NAME":"BALD EAGLE","DCGIS.ADDRESSES_PT.ADDRESS":null,"DCGIS.ADDRESSES_PT.WARD":"Ward 2","DCGIS.ADDRESSES_PT.SMD":"SMD 2C03","DCGIS.ADDRESSES_PT.ANC":"ANC 2C","MAR.VW_PLACE_NAME_CATEGORIES.CATEGORY":"MONUMENT / PLAZA / STATUE","DCGIS.ADDRESSES_PT.SSL":"0226    0802","DCGIS.PLACE_NAMES_PT.STATUS":"ACTIVE","DCGIS.PLACE_NAMES_PT.PLACE_NAME_ID":3522,"DCGIS.PLACE_NAMES_PT.MAR_ID":294320,"DCGIS.PLACE_NAMES_PT.BEFORE_DATE":null,"DCGIS.PLACE_NAMES_PT.BEFORE_DATE_SOURCE":null,"DCGIS.PLACE_NAMES_PT.BEGIN_DATE":null,"DCGIS.PLACE_NAMES_PT.BEGIN_DATE_SOURCE":null,"DCGIS.PLACE_NAMES_PT.FIRST_KNOWN_DATE":null,"DCGIS.PLACE_NAMES_PT.FIRST_KNOWN_DATE_SOURCE":null,"DCGIS.PLACE_NAMES_PT.CREATED_DATE":1124106359000,"DCGIS.PLACE_NAMES_PT.LAST_EDITED_DATE":1124106359000,"DCGIS.PLACE_NAMES_PT.SE_ANNO_CAD_DATA":null,"DCGIS.PLACE_NAMES_PT.OBJECTID":32433645,"DCGIS.ADDRESSES_PT.OBJECTID":217224803,"DCGIS.ADDRESSES_PT.SE_ANNO_CAD_DATA":null}},{"type":"Feature","id":32433646,"geometry":{"type":"Point","coordinates":[-77.032429568262074,38.89587627123047]},"properties":{"DCGIS.PLACE_NAMES_PT.NAME":"JOHN J. PERSHING STATUE","DCGIS.ADDRESSES_PT.ADDRESS":null,"DCGIS.ADDRESSES_PT.WARD":"Ward 2","DCGIS.ADDRESSES_PT.SMD":"SMD 2C03","DCGIS.ADDRESSES_PT.ANC":"ANC 2C","MAR.VW_PLACE_NAME_CATEGORIES.CATEGORY":"MONUMENT / PLAZA / STATUE","DCGIS.ADDRESSES_PT.SSL":"0226    0802","DCGIS.PLACE_NAMES_PT.STATUS":"ACTIVE","DCGIS.PLACE_NAMES_PT.PLACE_NAME_ID":11741,"DCGIS.PLACE_NAMES_PT.MAR_ID":294322,"DCGIS.PLACE_NAMES_PT.BEFORE_DATE":null,"DCGIS.PLACE_NAMES_PT.BEFORE_DATE_SOURCE":null,"DCGIS.PLACE_NAMES_PT.BEGIN_DATE":null,"DCGIS.PLACE_NAMES_PT.BEGIN_DATE_SOURCE":null,"DCGIS.PLACE_NAMES_PT.FIRST_KNOWN_DATE":null,"DCGIS.PLACE_NAMES_PT.FIRST_KNOWN_DATE_SOURCE":null,"DCGIS.PLACE_NAMES_PT.CREATED_DATE":1334071296000,"DCGIS.PLACE_NAMES_PT.LAST_EDITED_DATE":1334071296000,"DCGIS.PLACE_NAMES_PT.SE_ANNO_CAD_DATA":null,"DCGIS.PLACE_NAMES_PT.OBJECTID":32433646,"DCGIS.ADDRESSES_PT.OBJECTID":217204164,"DCGIS.ADDRESSES_PT.SE_ANNO_CAD_DATA":null}},{"type":"Feature","id":32433648,"geometry":{"type":"Point","coordinates":[-77.031711690258135,38.896262747111059]},"properties":{"DCGIS.PLACE_NAMES_PT.NAME":"THAI BELL","DCGIS.ADDRESSES_PT.ADDRESS":null,"DCGIS.ADDRESSES_PT.WARD":"Ward 2","DCGIS.ADDRESSES_PT.SMD":"SMD 2C03","DCGIS.ADDRESSES_PT.ANC":"ANC 2C","MAR.VW_PLACE_NAME_CATEGORIES.CATEGORY":"MONUMENT / PLAZA / STATUE","DCGIS.ADDRESSES_PT.SSL":"0254    0838","DCGIS.PLACE_NAMES_PT.STATUS":"ACTIVE","DCGIS.PLACE_NAMES_PT.PLACE_NAME_ID":3526,"DCGIS.PLACE_NAMES_PT.MAR_ID":294324,"DCGIS.PLACE_NAMES_PT.BEFORE_DATE":null,"DCGIS.PLACE_NAMES_PT.BEFORE_DATE_SOURCE":null,"DCGIS.PLACE_NAMES_PT.BEGIN_DATE":null,"DCGIS.PLACE_NAMES_PT.BEGIN_DATE_SOURCE":null,"DCGIS.PLACE_NAMES_PT.FIRST_KNOWN_DATE":null,"DCGIS.PLACE_NAMES_PT.FIRST_KNOWN_DATE_SOURCE":null,"DCGIS.PLACE_NAMES_PT.CREATED_DATE":1124106359000,"DCGIS.PLACE_NAMES_PT.LAST_EDITED_DATE":1124106359000,"DCGIS.PLACE_NAMES_PT.SE_ANNO_CAD_DATA":null,"DCGIS.PLACE_NAMES_PT.OBJECTID":32433648,"DCGIS.ADDRESSES_PT.OBJECTID":217204769,"DCGIS.ADDRESSES_PT.SE_ANNO_CAD_DATA":null}},{"type":"Feature","id":32433649,"geometry":{"type":"Point","coordinates":[-77.029965684079897,38.89589999070926]},"properties":{"DCGIS.PLACE_NAMES_PT.NAME":"COUNT CASMIR PULASKI STATUE","DCGIS.ADDRESSES_PT.ADDRESS":null,"DCGIS.ADDRESSES_PT.WARD":"Ward 2","DCGIS.ADDRESSES_PT.SMD":"SMD 2C03","DCGIS.ADDRESSES_PT.ANC":"ANC 2C","MAR.VW_PLACE_NAME_CATEGORIES.CATEGORY":"MONUMENT / PLAZA / STATUE","DCGIS.ADDRESSES_PT.SSL":"0254S   0800","DCGIS.PLACE_NAMES_PT.STATUS":"ACTIVE","DCGIS.PLACE_NAMES_PT.PLACE_NAME_ID":3527,"DCGIS.PLACE_NAMES_PT.MAR_ID":294325,"DCGIS.PLACE_NAMES_PT.BEFORE_DATE":null,"DCGIS.PLACE_NAMES_PT.BEFORE_DATE_SOURCE":null,"DCGIS.PLACE_NAMES_PT.BEGIN_DATE":null,"DCGIS.PLACE_NAMES_PT.BEGIN_DATE_SOURCE":null,"DCGIS.PLACE_NAMES_PT.FIRST_KNOWN_DATE":null,"DCGIS.PLACE_NAMES_PT.FIRST_KNOWN_DATE_SOURCE":null,"DCGIS.PLACE_NAMES_PT.CREATED_DATE":1124106359000,"DCGIS.PLACE_NAMES_PT.LAST_EDITED_DATE":1152877898000,"DCGIS.PLACE_NAMES_PT.SE_ANNO_CAD_DATA":null,"DCGIS.PLACE_NAMES_PT.OBJECTID":32433649,"DCGIS.ADDRESSES_PT.OBJECTID":217120692,"DCGIS.ADDRESSES_PT.SE_ANNO_CAD_DATA":null}},{"type":"Feature","id":32433650,"geometry":{"type":"Point","coordinates":[-77.023607683985887,38.893494412513725]},"properties":{"DCGIS.PLACE_NAMES_PT.NAME":"PRESIDENT FRANKLIN DELANO ROOSEVELT MEMORIAL","DCGIS.ADDRESSES_PT.ADDRESS":null,"DCGIS.ADDRESSES_PT.WARD":"Ward 2","DCGIS.ADDRESSES_PT.SMD":"SMD 2C03","DCGIS.ADDRESSES_PT.ANC":"ANC 2C","MAR.VW_PLACE_NAME_CATEGORIES.CATEGORY":"MONUMENT / PLAZA / STATUE","DCGIS.ADDRESSES_PT.SSL":"0432S   0804","DCGIS.PLACE_NAMES_PT.STATUS":"ACTIVE","DCGIS.PLACE_NAMES_PT.PLACE_NAME_ID":3528,"DCGIS.PLACE_NAMES_PT.MAR_ID":294326,"DCGIS.PLACE_NAMES_PT.BEFORE_DATE":null,"DCGIS.PLACE_NAMES_PT.BEFORE_DATE_SOURCE":null,"DCGIS.PLACE_NAMES_PT.BEGIN_DATE":null,"DCGIS.PLACE_NAMES_PT.BEGIN_DATE_SOURCE":null,"DCGIS.PLACE_NAMES_PT.FIRST_KNOWN_DATE":null,"DCGIS.PLACE_NAMES_PT.FIRST_KNOWN_DATE_SOURCE":null,"DCGIS.PLACE_NAMES_PT.CREATED_DATE":1124106359000,"DCGIS.PLACE_NAMES_PT.LAST_EDITED_DATE":1148913232000,"DCGIS.PLACE_NAMES_PT.SE_ANNO_CAD_DATA":null,"DCGIS.PLACE_NAMES_PT.OBJECTID":32433650,"DCGIS.ADDRESSES_PT.OBJECTID":217204160,"DCGIS.ADDRESSES_PT.SE_ANNO_CAD_DATA":null}},{"type":"Feature","id":32433651,"geometry":{"type":"Point","coordinates":[-77.023056449983827,38.894189248156216]},"properties":{"DCGIS.PLACE_NAMES_PT.NAME":"LONE SAILOR","DCGIS.ADDRESSES_PT.ADDRESS":null,"DCGIS.ADDRESSES_PT.WARD":"Ward 2","DCGIS.ADDRESSES_PT.SMD":"SMD 2C03","DCGIS.ADDRESSES_PT.ANC":"ANC 2C","MAR.VW_PLACE_NAME_CATEGORIES.CATEGORY":"MONUMENT / PLAZA / STATUE","DCGIS.ADDRESSES_PT.SSL":"0408    0833","DCGIS.PLACE_NAMES_PT.STATUS":"ACTIVE","DCGIS.PLACE_NAMES_PT.PLACE_NAME_ID":3529,"DCGIS.PLACE_NAMES_PT.MAR_ID":294327,"DCGIS.PLACE_NAMES_PT.BEFORE_DATE":null,"DCGIS.PLACE_NAMES_PT.BEFORE_DATE_SOURCE":null,"DCGIS.PLACE_NAMES_PT.BEGIN_DATE":null,"DCGIS.PLACE_NAMES_PT.BEGIN_DATE_SOURCE":null,"DCGIS.PLACE_NAMES_PT.FIRST_KNOWN_DATE":null,"DCGIS.PLACE_NAMES_PT.FIRST_KNOWN_DATE_SOURCE":null,"DCGIS.PLACE_NAMES_PT.CREATED_DATE":1124106359000,"DCGIS.PLACE_NAMES_PT.LAST_EDITED_DATE":1124106359000,"DCGIS.PLACE_NAMES_PT.SE_ANNO_CAD_DATA":null,"DCGIS.PLACE_NAMES_PT.OBJECTID":32433651,"DCGIS.ADDRESSES_PT.OBJECTID":217204387,"DCGIS.ADDRESSES_PT.SE_ANNO_CAD_DATA":null}},{"type":"Feature","id":32433652,"geometry":{"type":"Point","coordinates":[-77.023056449983827,38.894189248156216]},"properties":{"DCGIS.PLACE_NAMES_PT.NAME":"NAVY MEMORIAL","DCGIS.ADDRESSES_PT.ADDRESS":null,"DCGIS.ADDRESSES_PT.WARD":"Ward 2","DCGIS.ADDRESSES_PT.SMD":"SMD 2C03","DCGIS.ADDRESSES_PT.ANC":"ANC 2C","MAR.VW_PLACE_NAME_CATEGORIES.CATEGORY":"MONUMENT / PLAZA / STATUE","DCGIS.ADDRESSES_PT.SSL":"0408    0833","DCGIS.PLACE_NAMES_PT.STATUS":"ACTIVE","DCGIS.PLACE_NAMES_PT.PLACE_NAME_ID":10826,"DCGIS.PLACE_NAMES_PT.MAR_ID":294327,"DCGIS.PLACE_NAMES_PT.BEFORE_DATE":null,"DCGIS.PLACE_NAMES_PT.BEFORE_DATE_SOURCE":null,"DCGIS.PLACE_NAMES_PT.BEGIN_DATE":null,"DCGIS.PLACE_NAMES_PT.BEGIN_DATE_SOURCE":null,"DCGIS.PLACE_NAMES_PT.FIRST_KNOWN_DATE":null,"DCGIS.PLACE_NAMES_PT.FIRST_KNOWN_DATE_SOURCE":null,"DCGIS.PLACE_NAMES_PT.CREATED_DATE":1312448792000,"DCGIS.PLACE_NAMES_PT.LAST_EDITED_DATE":1312448792000,"DCGIS.PLACE_NAMES_PT.SE_ANNO_CAD_DATA":null,"DCGIS.PLACE_NAMES_PT.OBJECTID":32433652,"DCGIS.ADDRESSES_PT.OBJECTID":217204387,"DCGIS.ADDRESSES_PT.SE_ANNO_CAD_DATA":null}},{"type":"Feature","id":32433653,"geometry":{"type":"Point","coordinates":[-77.022780651075777,38.893257746663402]},"properties":{"DCGIS.PLACE_NAMES_PT.NAME":"FUTURE STATUE","DCGIS.ADDRESSES_PT.ADDRESS":null,"DCGIS.ADDRESSES_PT.WARD":"Ward 2","DCGIS.ADDRESSES_PT.SMD":"SMD 2C03","DCGIS.ADDRESSES_PT.ANC":"ANC 2C","MAR.VW_PLACE_NAME_CATEGORIES.CATEGORY":"MONUMENT / PLAZA / STATUE","DCGIS.ADDRESSES_PT.SSL":"0432S   0802","DCGIS.PLACE_NAMES_PT.STATUS":"ACTIVE","DCGIS.PLACE_NAMES_PT.PLACE_NAME_ID":3530,"DCGIS.PLACE_NAMES_PT.MAR_ID":294328,"DCGIS.PLACE_NAMES_PT.BEFORE_DATE":null,"DCGIS.PLACE_NAMES_PT.BEFORE_DATE_SOURCE":null,"DCGIS.PLACE_NAMES_PT.BEGIN_DATE":null,"DCGIS.PLACE_NAMES_PT.BEGIN_DATE_SOURCE":null,"DCGIS.PLACE_NAMES_PT.FIRST_KNOWN_DATE":null,"DCGIS.PLACE_NAMES_PT.FIRST_KNOWN_DATE_SOURCE":null,"DCGIS.PLACE_NAMES_PT.CREATED_DATE":1124106359000,"DCGIS.PLACE_NAMES_PT.LAST_EDITED_DATE":1158420210000,"DCGIS.PLACE_NAMES_PT.SE_ANNO_CAD_DATA":null,"DCGIS.PLACE_NAMES_PT.OBJECTID":32433653,"DCGIS.ADDRESSES_PT.OBJECTID":217204162,"DCGIS.ADDRESSES_PT.SE_ANNO_CAD_DATA":null}},{"type":"Feature","id":32433656,"geometry":{"type":"Point","coordinates":[-77.05091355435431,38.911132624859903]},"properties":{"DCGIS.PLACE_NAMES_PT.NAME":"BUFFALOES STATUE (BUFFALO BRIDGE)","DCGIS.ADDRESSES_PT.ADDRESS":null,"DCGIS.ADDRESSES_PT.WARD":"Ward 2","DCGIS.ADDRESSES_PT.SMD":"SMD 2D02","DCGIS.ADDRESSES_PT.ANC":"ANC 2D","MAR.VW_PLACE_NAME_CATEGORIES.CATEGORY":"MONUMENT / PLAZA / STATUE","DCGIS.ADDRESSES_PT.SSL":"PAR 03050007","DCGIS.PLACE_NAMES_PT.STATUS":"ACTIVE","DCGIS.PLACE_NAMES_PT.PLACE_NAME_ID":11927,"DCGIS.PLACE_NAMES_PT.MAR_ID":294331,"DCGIS.PLACE_NAMES_PT.BEFORE_DATE":null,"DCGIS.PLACE_NAMES_PT.BEFORE_DATE_SOURCE":null,"DCGIS.PLACE_NAMES_PT.BEGIN_DATE":null,"DCGIS.PLACE_NAMES_PT.BEGIN_DATE_SOURCE":null,"DCGIS.PLACE_NAMES_PT.FIRST_KNOWN_DATE":null,"DCGIS.PLACE_NAMES_PT.FIRST_KNOWN_DATE_SOURCE":null,"DCGIS.PLACE_NAMES_PT.CREATED_DATE":1339491755000,"DCGIS.PLACE_NAMES_PT.LAST_EDITED_DATE":1339491755000,"DCGIS.PLACE_NAMES_PT.SE_ANNO_CAD_DATA":null,"DCGIS.PLACE_NAMES_PT.OBJECTID":32433656,"DCGIS.ADDRESSES_PT.OBJECTID":217256549,"DCGIS.ADDRESSES_PT.SE_ANNO_CAD_DATA":null}},{"type":"Feature","id":32433657,"geometry":{"type":"Point","coordinates":[-77.05984104179413,38.910769951505934]},"properties":{"DCGIS.PLACE_NAMES_PT.NAME":"COOKE'S ROW","DCGIS.ADDRESSES_PT.ADDRESS":null,"DCGIS.ADDRESSES_PT.WARD":"Ward 2","DCGIS.ADDRESSES_PT.SMD":"SMD 2E07","DCGIS.ADDRESSES_PT.ANC":"ANC 2E","MAR.VW_PLACE_NAME_CATEGORIES.CATEGORY":"MONUMENT / PLAZA / STATUE","DCGIS.ADDRESSES_PT.SSL":"1282    0802","DCGIS.PLACE_NAMES_PT.STATUS":"ACTIVE","DCGIS.PLACE_NAMES_PT.PLACE_NAME_ID":3535,"DCGIS.PLACE_NAMES_PT.MAR_ID":294332,"DCGIS.PLACE_NAMES_PT.BEFORE_DATE":null,"DCGIS.PLACE_NAMES_PT.BEFORE_DATE_SOURCE":null,"DCGIS.PLACE_NAMES_PT.BEGIN_DATE":null,"DCGIS.PLACE_NAMES_PT.BEGIN_DATE_SOURCE":null,"DCGIS.PLACE_NAMES_PT.FIRST_KNOWN_DATE":null,"DCGIS.PLACE_NAMES_PT.FIRST_KNOWN_DATE_SOURCE":null,"DCGIS.PLACE_NAMES_PT.CREATED_DATE":1124106359000,"DCGIS.PLACE_NAMES_PT.LAST_EDITED_DATE":1124106359000,"DCGIS.PLACE_NAMES_PT.SE_ANNO_CAD_DATA":null,"DCGIS.PLACE_NAMES_PT.OBJECTID":32433657,"DCGIS.ADDRESSES_PT.OBJECTID":217204246,"DCGIS.ADDRESSES_PT.SE_ANNO_CAD_DATA":null}},{"type":"Feature","id":32433658,"geometry":{"type":"Point","coordinates":[-77.046970117479631,38.911037166777518]},"properties":{"DCGIS.PLACE_NAMES_PT.NAME":"MAHATMA GANDHI STATUE","DCGIS.ADDRESSES_PT.ADDRESS":null,"DCGIS.ADDRESSES_PT.WARD":"Ward 2","DCGIS.ADDRESSES_PT.SMD":"SMD 2B02","DCGIS.ADDRESSES_PT.ANC":"ANC 2B","MAR.VW_PLACE_NAME_CATEGORIES.CATEGORY":"MONUMENT / PLAZA / STATUE","DCGIS.ADDRESSES_PT.SSL":"0066S   0800","DCGIS.PLACE_NAMES_PT.STATUS":"ACTIVE","DCGIS.PLACE_NAMES_PT.PLACE_NAME_ID":3537,"DCGIS.PLACE_NAMES_PT.MAR_ID":294333,"DCGIS.PLACE_NAMES_PT.BEFORE_DATE":null,"DCGIS.PLACE_NAMES_PT.BEFORE_DATE_SOURCE":null,"DCGIS.PLACE_NAMES_PT.BEGIN_DATE":null,"DCGIS.PLACE_NAMES_PT.BEGIN_DATE_SOURCE":null,"DCGIS.PLACE_NAMES_PT.FIRST_KNOWN_DATE":null,"DCGIS.PLACE_NAMES_PT.FIRST_KNOWN_DATE_SOURCE":null,"DCGIS.PLACE_NAMES_PT.CREATED_DATE":1124106359000,"DCGIS.PLACE_NAMES_PT.LAST_EDITED_DATE":1224268494000,"DCGIS.PLACE_NAMES_PT.SE_ANNO_CAD_DATA":null,"DCGIS.PLACE_NAMES_PT.OBJECTID":32433658,"DCGIS.ADDRESSES_PT.OBJECTID":217119021,"DCGIS.ADDRESSES_PT.SE_ANNO_CAD_DATA":null}},{"type":"Feature","id":32433659,"geometry":{"type":"Point","coordinates":[-77.046970117479631,38.911037166777518]},"properties":{"DCGIS.PLACE_NAMES_PT.NAME":"MOHANDAS K. GANDHI STATUE","DCGIS.ADDRESSES_PT.ADDRESS":null,"DCGIS.ADDRESSES_PT.WARD":"Ward 2","DCGIS.ADDRESSES_PT.SMD":"SMD 2B02","DCGIS.ADDRESSES_PT.ANC":"ANC 2B","MAR.VW_PLACE_NAME_CATEGORIES.CATEGORY":"MONUMENT / PLAZA / STATUE","DCGIS.ADDRESSES_PT.SSL":"0066S   0800","DCGIS.PLACE_NAMES_PT.STATUS":"ACTIVE","DCGIS.PLACE_NAMES_PT.PLACE_NAME_ID":11776,"DCGIS.PLACE_NAMES_PT.MAR_ID":294333,"DCGIS.PLACE_NAMES_PT.BEFORE_DATE":null,"DCGIS.PLACE_NAMES_PT.BEFORE_DATE_SOURCE":null,"DCGIS.PLACE_NAMES_PT.BEGIN_DATE":null,"DCGIS.PLACE_NAMES_PT.BEGIN_DATE_SOURCE":null,"DCGIS.PLACE_NAMES_PT.FIRST_KNOWN_DATE":null,"DCGIS.PLACE_NAMES_PT.FIRST_KNOWN_DATE_SOURCE":null,"DCGIS.PLACE_NAMES_PT.CREATED_DATE":1334135785000,"DCGIS.PLACE_NAMES_PT.LAST_EDITED_DATE":1334135785000,"DCGIS.PLACE_NAMES_PT.SE_ANNO_CAD_DATA":null,"DCGIS.PLACE_NAMES_PT.OBJECTID":32433659,"DCGIS.ADDRESSES_PT.OBJECTID":217119021,"DCGIS.ADDRESSES_PT.SE_ANNO_CAD_DATA":null}},{"type":"Feature","id":32433660,"geometry":{"type":"Point","coordinates":[-77.046970117479631,38.911037166777518]},"properties":{"DCGIS.PLACE_NAMES_PT.NAME":"MOHANDAS GANDHI STATUE","DCGIS.ADDRESSES_PT.ADDRESS":null,"DCGIS.ADDRESSES_PT.WARD":"Ward 2","DCGIS.ADDRESSES_PT.SMD":"SMD 2B02","DCGIS.ADDRESSES_PT.ANC":"ANC 2B","MAR.VW_PLACE_NAME_CATEGORIES.CATEGORY":"MONUMENT / PLAZA / STATUE","DCGIS.ADDRESSES_PT.SSL":"0066S   0800","DCGIS.PLACE_NAMES_PT.STATUS":"ACTIVE","DCGIS.PLACE_NAMES_PT.PLACE_NAME_ID":11777,"DCGIS.PLACE_NAMES_PT.MAR_ID":294333,"DCGIS.PLACE_NAMES_PT.BEFORE_DATE":null,"DCGIS.PLACE_NAMES_PT.BEFORE_DATE_SOURCE":null,"DCGIS.PLACE_NAMES_PT.BEGIN_DATE":null,"DCGIS.PLACE_NAMES_PT.BEGIN_DATE_SOURCE":null,"DCGIS.PLACE_NAMES_PT.FIRST_KNOWN_DATE":null,"DCGIS.PLACE_NAMES_PT.FIRST_KNOWN_DATE_SOURCE":null,"DCGIS.PLACE_NAMES_PT.CREATED_DATE":1334135785000,"DCGIS.PLACE_NAMES_PT.LAST_EDITED_DATE":1334135785000,"DCGIS.PLACE_NAMES_PT.SE_ANNO_CAD_DATA":null,"DCGIS.PLACE_NAMES_PT.OBJECTID":32433660,"DCGIS.ADDRESSES_PT.OBJECTID":217119021,"DCGIS.ADDRESSES_PT.SE_ANNO_CAD_DATA":null}},{"type":"Feature","id":32433661,"geometry":{"type":"Point","coordinates":[-77.061098517842865,38.913082462977741]},"properties":{"DCGIS.PLACE_NAMES_PT.NAME":"SARAH RITTENHOUSE","DCGIS.ADDRESSES_PT.ADDRESS":null,"DCGIS.ADDRESSES_PT.WARD":"Ward 2","DCGIS.ADDRESSES_PT.SMD":"SMD 2E07","DCGIS.ADDRESSES_PT.ANC":"ANC 2E","MAR.VW_PLACE_NAME_CATEGORIES.CATEGORY":"MONUMENT / PLAZA / STATUE","DCGIS.ADDRESSES_PT.SSL":"2156    0800","DCGIS.PLACE_NAMES_PT.STATUS":"ACTIVE","DCGIS.PLACE_NAMES_PT.PLACE_NAME_ID":3540,"DCGIS.PLACE_NAMES_PT.MAR_ID":294336,"DCGIS.PLACE_NAMES_PT.BEFORE_DATE":null,"DCGIS.PLACE_NAMES_PT.BEFORE_DATE_SOURCE":null,"DCGIS.PLACE_NAMES_PT.BEGIN_DATE":null,"DCGIS.PLACE_NAMES_PT.BEGIN_DATE_SOURCE":null,"DCGIS.PLACE_NAMES_PT.FIRST_KNOWN_DATE":null,"DCGIS.PLACE_NAMES_PT.FIRST_KNOWN_DATE_SOURCE":null,"DCGIS.PLACE_NAMES_PT.CREATED_DATE":1124106359000,"DCGIS.PLACE_NAMES_PT.LAST_EDITED_DATE":1124106359000,"DCGIS.PLACE_NAMES_PT.SE_ANNO_CAD_DATA":null,"DCGIS.PLACE_NAMES_PT.OBJECTID":32433661,"DCGIS.ADDRESSES_PT.OBJECTID":217208441,"DCGIS.ADDRESSES_PT.SE_ANNO_CAD_DATA":null}},{"type":"Feature","id":32433662,"geometry":{"type":"Point","coordinates":[-77.061098517842865,38.913082462977741]},"properties":{"DCGIS.PLACE_NAMES_PT.NAME":"ARMILLARY SPHERE","DCGIS.ADDRESSES_PT.ADDRESS":null,"DCGIS.ADDRESSES_PT.WARD":"Ward 2","DCGIS.ADDRESSES_PT.SMD":"SMD 2E07","DCGIS.ADDRESSES_PT.ANC":"ANC 2E","MAR.VW_PLACE_NAME_CATEGORIES.CATEGORY":"MONUMENT / PLAZA / STATUE","DCGIS.ADDRESSES_PT.SSL":"2156    0800","DCGIS.PLACE_NAMES_PT.STATUS":"ACTIVE","DCGIS.PLACE_NAMES_PT.PLACE_NAME_ID":3541,"DCGIS.PLACE_NAMES_PT.MAR_ID":294336,"DCGIS.PLACE_NAMES_PT.BEFORE_DATE":null,"DCGIS.PLACE_NAMES_PT.BEFORE_DATE_SOURCE":null,"DCGIS.PLACE_NAMES_PT.BEGIN_DATE":null,"DCGIS.PLACE_NAMES_PT.BEGIN_DATE_SOURCE":null,"DCGIS.PLACE_NAMES_PT.FIRST_KNOWN_DATE":null,"DCGIS.PLACE_NAMES_PT.FIRST_KNOWN_DATE_SOURCE":null,"DCGIS.PLACE_NAMES_PT.CREATED_DATE":1124106359000,"DCGIS.PLACE_NAMES_PT.LAST_EDITED_DATE":1124106359000,"DCGIS.PLACE_NAMES_PT.SE_ANNO_CAD_DATA":null,"DCGIS.PLACE_NAMES_PT.OBJECTID":32433662,"DCGIS.ADDRESSES_PT.OBJECTID":217208441,"DCGIS.ADDRESSES_PT.SE_ANNO_CAD_DATA":null}},{"type":"Feature","id":32433664,"geometry":{"type":"Point","coordinates":[-77.037297251571346,38.907251834699927]},"properties":{"DCGIS.PLACE_NAMES_PT.NAME":"DANIEL WEBSTER STATUE","DCGIS.ADDRESSES_PT.ADDRESS":null,"DCGIS.ADDRESSES_PT.WARD":"Ward 2","DCGIS.ADDRESSES_PT.SMD":"SMD 2B04","DCGIS.ADDRESSES_PT.ANC":"ANC 2B","MAR.VW_PLACE_NAME_CATEGORIES.CATEGORY":"MONUMENT / PLAZA / STATUE","DCGIS.ADDRESSES_PT.SSL":"RES 00620000","DCGIS.PLACE_NAMES_PT.STATUS":"ACTIVE","DCGIS.PLACE_NAMES_PT.PLACE_NAME_ID":3544,"DCGIS.PLACE_NAMES_PT.MAR_ID":294339,"DCGIS.PLACE_NAMES_PT.BEFORE_DATE":null,"DCGIS.PLACE_NAMES_PT.BEFORE_DATE_SOURCE":null,"DCGIS.PLACE_NAMES_PT.BEGIN_DATE":null,"DCGIS.PLACE_NAMES_PT.BEGIN_DATE_SOURCE":null,"DCGIS.PLACE_NAMES_PT.FIRST_KNOWN_DATE":null,"DCGIS.PLACE_NAMES_PT.FIRST_KNOWN_DATE_SOURCE":null,"DCGIS.PLACE_NAMES_PT.CREATED_DATE":1124106359000,"DCGIS.PLACE_NAMES_PT.LAST_EDITED_DATE":1224268494000,"DCGIS.PLACE_NAMES_PT.SE_ANNO_CAD_DATA":null,"DCGIS.PLACE_NAMES_PT.OBJECTID":32433664,"DCGIS.ADDRESSES_PT.OBJECTID":217204623,"DCGIS.ADDRESSES_PT.SE_ANNO_CAD_DATA":null}},{"type":"Feature","id":32433665,"geometry":{"type":"Point","coordinates":[-77.037297251571346,38.907251834699927]},"properties":{"DCGIS.PLACE_NAMES_PT.NAME":"DANIEL WEBSTER MEMORIAL","DCGIS.ADDRESSES_PT.ADDRESS":null,"DCGIS.ADDRESSES_PT.WARD":"Ward 2","DCGIS.ADDRESSES_PT.SMD":"SMD 2B04","DCGIS.ADDRESSES_PT.ANC":"ANC 2B","MAR.VW_PLACE_NAME_CATEGORIES.CATEGORY":"MONUMENT / PLAZA / STATUE","DCGIS.ADDRESSES_PT.SSL":"RES 00620000","DCGIS.PLACE_NAMES_PT.STATUS":"ACTIVE","DCGIS.PLACE_NAMES_PT.PLACE_NAME_ID":11749,"DCGIS.PLACE_NAMES_PT.MAR_ID":294339,"DCGIS.PLACE_NAMES_PT.BEFORE_DATE":null,"DCGIS.PLACE_NAMES_PT.BEFORE_DATE_SOURCE":null,"DCGIS.PLACE_NAMES_PT.BEGIN_DATE":null,"DCGIS.PLACE_NAMES_PT.BEGIN_DATE_SOURCE":null,"DCGIS.PLACE_NAMES_PT.FIRST_KNOWN_DATE":null,"DCGIS.PLACE_NAMES_PT.FIRST_KNOWN_DATE_SOURCE":null,"DCGIS.PLACE_NAMES_PT.CREATED_DATE":1334072912000,"DCGIS.PLACE_NAMES_PT.LAST_EDITED_DATE":1334072912000,"DCGIS.PLACE_NAMES_PT.SE_ANNO_CAD_DATA":null,"DCGIS.PLACE_NAMES_PT.OBJECTID":32433665,"DCGIS.ADDRESSES_PT.OBJECTID":217204623,"DCGIS.ADDRESSES_PT.SE_ANNO_CAD_DATA":null}},{"type":"Feature","id":32433666,"geometry":{"type":"Point","coordinates":[-77.052046554196679,38.890046345712221]},"properties":{"DCGIS.PLACE_NAMES_PT.NAME":"ARTS OF PEACE STATUES","DCGIS.ADDRESSES_PT.ADDRESS":null,"DCGIS.ADDRESSES_PT.WARD":"Ward 2","DCGIS.ADDRESSES_PT.SMD":"SMD 2A04","DCGIS.ADDRESSES_PT.ANC":"ANC 2A","MAR.VW_PLACE_NAME_CATEGORIES.CATEGORY":"MONUMENT / PLAZA / STATUE","DCGIS.ADDRESSES_PT.SSL":"RES 03320000","DCGIS.PLACE_NAMES_PT.STATUS":"ACTIVE","DCGIS.PLACE_NAMES_PT.PLACE_NAME_ID":3546,"DCGIS.PLACE_NAMES_PT.MAR_ID":294341,"DCGIS.PLACE_NAMES_PT.BEFORE_DATE":null,"DCGIS.PLACE_NAMES_PT.BEFORE_DATE_SOURCE":null,"DCGIS.PLACE_NAMES_PT.BEGIN_DATE":null,"DCGIS.PLACE_NAMES_PT.BEGIN_DATE_SOURCE":null,"DCGIS.PLACE_NAMES_PT.FIRST_KNOWN_DATE":null,"DCGIS.PLACE_NAMES_PT.FIRST_KNOWN_DATE_SOURCE":null,"DCGIS.PLACE_NAMES_PT.CREATED_DATE":1124106359000,"DCGIS.PLACE_NAMES_PT.LAST_EDITED_DATE":1124106359000,"DCGIS.PLACE_NAMES_PT.SE_ANNO_CAD_DATA":null,"DCGIS.PLACE_NAMES_PT.OBJECTID":32433666,"DCGIS.ADDRESSES_PT.OBJECTID":217203918,"DCGIS.ADDRESSES_PT.SE_ANNO_CAD_DATA":null}},{"type":"Feature","id":32433673,"geometry":{"type":"Point","coordinates":[-77.038714537681557,38.896171543321998]},"properties":{"DCGIS.PLACE_NAMES_PT.NAME":"FIRST DIVISION MONUMENT","DCGIS.ADDRESSES_PT.ADDRESS":null,"DCGIS.ADDRESSES_PT.WARD":"Ward 2","DCGIS.ADDRESSES_PT.SMD":"SMD 2A07","DCGIS.ADDRESSES_PT.ANC":"ANC 2A","MAR.VW_PLACE_NAME_CATEGORIES.CATEGORY":"MONUMENT / PLAZA / STATUE","DCGIS.ADDRESSES_PT.SSL":"0187S   0803","DCGIS.PLACE_NAMES_PT.STATUS":"ACTIVE","DCGIS.PLACE_NAMES_PT.PLACE_NAME_ID":3552,"DCGIS.PLACE_NAMES_PT.MAR_ID":294347,"DCGIS.PLACE_NAMES_PT.BEFORE_DATE":null,"DCGIS.PLACE_NAMES_PT.BEFORE_DATE_SOURCE":null,"DCGIS.PLACE_NAMES_PT.BEGIN_DATE":null,"DCGIS.PLACE_NAMES_PT.BEGIN_DATE_SOURCE":null,"DCGIS.PLACE_NAMES_PT.FIRST_KNOWN_DATE":null,"DCGIS.PLACE_NAMES_PT.FIRST_KNOWN_DATE_SOURCE":null,"DCGIS.PLACE_NAMES_PT.CREATED_DATE":1124106359000,"DCGIS.PLACE_NAMES_PT.LAST_EDITED_DATE":1124106359000,"DCGIS.PLACE_NAMES_PT.SE_ANNO_CAD_DATA":null,"DCGIS.PLACE_NAMES_PT.OBJECTID":32433673,"DCGIS.ADDRESSES_PT.OBJECTID":217204761,"DCGIS.ADDRESSES_PT.SE_ANNO_CAD_DATA":null}},{"type":"Feature","id":32433674,"geometry":{"type":"Point","coordinates":[-77.031697827450515,38.906572727131575]},"properties":{"DCGIS.PLACE_NAMES_PT.NAME":"MARTIN LUTHER STATUE","DCGIS.ADDRESSES_PT.ADDRESS":null,"DCGIS.ADDRESSES_PT.WARD":"Ward 2","DCGIS.ADDRESSES_PT.SMD":"SMD 2F05","DCGIS.ADDRESSES_PT.ANC":"ANC 2F","MAR.VW_PLACE_NAME_CATEGORIES.CATEGORY":"MONUMENT / PLAZA / STATUE","DCGIS.ADDRESSES_PT.SSL":"0244    0802","DCGIS.PLACE_NAMES_PT.STATUS":"ACTIVE","DCGIS.PLACE_NAMES_PT.PLACE_NAME_ID":3554,"DCGIS.PLACE_NAMES_PT.MAR_ID":294349,"DCGIS.PLACE_NAMES_PT.BEFORE_DATE":null,"DCGIS.PLACE_NAMES_PT.BEFORE_DATE_SOURCE":null,"DCGIS.PLACE_NAMES_PT.BEGIN_DATE":null,"DCGIS.PLACE_NAMES_PT.BEGIN_DATE_SOURCE":null,"DCGIS.PLACE_NAMES_PT.FIRST_KNOWN_DATE":null,"DCGIS.PLACE_NAMES_PT.FIRST_KNOWN_DATE_SOURCE":null,"DCGIS.PLACE_NAMES_PT.CREATED_DATE":1124106359000,"DCGIS.PLACE_NAMES_PT.LAST_EDITED_DATE":1161619543000,"DCGIS.PLACE_NAMES_PT.SE_ANNO_CAD_DATA":null,"DCGIS.PLACE_NAMES_PT.OBJECTID":32433674,"DCGIS.ADDRESSES_PT.OBJECTID":217204563,"DCGIS.ADDRESSES_PT.SE_ANNO_CAD_DATA":null}},{"type":"Feature","id":32433676,"geometry":{"type":"Point","coordinates":[-77.041443874912034,38.892320159073947]},"properties":{"DCGIS.PLACE_NAMES_PT.NAME":"JOSE ARTIGAS STATUE","DCGIS.ADDRESSES_PT.ADDRESS":null,"DCGIS.ADDRESSES_PT.WARD":"Ward 2","DCGIS.ADDRESSES_PT.SMD":"SMD 2A01","DCGIS.ADDRESSES_PT.ANC":"ANC 2A","MAR.VW_PLACE_NAME_CATEGORIES.CATEGORY":"MONUMENT / PLAZA / STATUE","DCGIS.ADDRESSES_PT.SSL":"RES 01100000","DCGIS.PLACE_NAMES_PT.STATUS":"ACTIVE","DCGIS.PLACE_NAMES_PT.PLACE_NAME_ID":11759,"DCGIS.PLACE_NAMES_PT.MAR_ID":294355,"DCGIS.PLACE_NAMES_PT.BEFORE_DATE":null,"DCGIS.PLACE_NAMES_PT.BEFORE_DATE_SOURCE":null,"DCGIS.PLACE_NAMES_PT.BEGIN_DATE":null,"DCGIS.PLACE_NAMES_PT.BEGIN_DATE_SOURCE":null,"DCGIS.PLACE_NAMES_PT.FIRST_KNOWN_DATE":null,"DCGIS.PLACE_NAMES_PT.FIRST_KNOWN_DATE_SOURCE":null,"DCGIS.PLACE_NAMES_PT.CREATED_DATE":1334078148000,"DCGIS.PLACE_NAMES_PT.LAST_EDITED_DATE":1334078148000,"DCGIS.PLACE_NAMES_PT.SE_ANNO_CAD_DATA":null,"DCGIS.PLACE_NAMES_PT.OBJECTID":32433676,"DCGIS.ADDRESSES_PT.OBJECTID":217205556,"DCGIS.ADDRESSES_PT.SE_ANNO_CAD_DATA":null}},{"type":"Feature","id":32433678,"geometry":{"type":"Point","coordinates":[-77.034971530899398,38.919680368373307]},"properties":{"DCGIS.PLACE_NAMES_PT.NAME":"JAMES BUCHANAN STATUE","DCGIS.ADDRESSES_PT.ADDRESS":null,"DCGIS.ADDRESSES_PT.WARD":"Ward 1","DCGIS.ADDRESSES_PT.SMD":"SMD 1B06","DCGIS.ADDRESSES_PT.ANC":"ANC 1B","MAR.VW_PLACE_NAME_CATEGORIES.CATEGORY":"MONUMENT / PLAZA / STATUE","DCGIS.ADDRESSES_PT.SSL":"2570    0809","DCGIS.PLACE_NAMES_PT.STATUS":"ACTIVE","DCGIS.PLACE_NAMES_PT.PLACE_NAME_ID":11762,"DCGIS.PLACE_NAMES_PT.MAR_ID":294358,"DCGIS.PLACE_NAMES_PT.BEFORE_DATE":null,"DCGIS.PLACE_NAMES_PT.BEFORE_DATE_SOURCE":null,"DCGIS.PLACE_NAMES_PT.BEGIN_DATE":null,"DCGIS.PLACE_NAMES_PT.BEGIN_DATE_SOURCE":null,"DCGIS.PLACE_NAMES_PT.FIRST_KNOWN_DATE":null,"DCGIS.PLACE_NAMES_PT.FIRST_KNOWN_DATE_SOURCE":null,"DCGIS.PLACE_NAMES_PT.CREATED_DATE":1334078427000,"DCGIS.PLACE_NAMES_PT.LAST_EDITED_DATE":1334078427000,"DCGIS.PLACE_NAMES_PT.SE_ANNO_CAD_DATA":null,"DCGIS.PLACE_NAMES_PT.OBJECTID":32433678,"DCGIS.ADDRESSES_PT.OBJECTID":217204129,"DCGIS.ADDRESSES_PT.SE_ANNO_CAD_DATA":null}},{"type":"Feature","id":32433679,"geometry":{"type":"Point","coordinates":[-77.036259541012129,38.919365585109361]},"properties":{"DCGIS.PLACE_NAMES_PT.NAME":"DAN`TE ALIGHIERI","DCGIS.ADDRESSES_PT.ADDRESS":null,"DCGIS.ADDRESSES_PT.WARD":"Ward 1","DCGIS.ADDRESSES_PT.SMD":"SMD 1B06","DCGIS.ADDRESSES_PT.ANC":"ANC 1B","MAR.VW_PLACE_NAME_CATEGORIES.CATEGORY":"MONUMENT / PLAZA / STATUE","DCGIS.ADDRESSES_PT.SSL":"2570    0809","DCGIS.PLACE_NAMES_PT.STATUS":"ACTIVE","DCGIS.PLACE_NAMES_PT.PLACE_NAME_ID":3567,"DCGIS.PLACE_NAMES_PT.MAR_ID":294359,"DCGIS.PLACE_NAMES_PT.BEFORE_DATE":null,"DCGIS.PLACE_NAMES_PT.BEFORE_DATE_SOURCE":null,"DCGIS.PLACE_NAMES_PT.BEGIN_DATE":null,"DCGIS.PLACE_NAMES_PT.BEGIN_DATE_SOURCE":null,"DCGIS.PLACE_NAMES_PT.FIRST_KNOWN_DATE":null,"DCGIS.PLACE_NAMES_PT.FIRST_KNOWN_DATE_SOURCE":null,"DCGIS.PLACE_NAMES_PT.CREATED_DATE":1124106359000,"DCGIS.PLACE_NAMES_PT.LAST_EDITED_DATE":1124106359000,"DCGIS.PLACE_NAMES_PT.SE_ANNO_CAD_DATA":null,"DCGIS.PLACE_NAMES_PT.OBJECTID":32433679,"DCGIS.ADDRESSES_PT.OBJECTID":217204128,"DCGIS.ADDRESSES_PT.SE_ANNO_CAD_DATA":null}},{"type":"Feature","id":32433687,"geometry":{"type":"Point","coordinates":[-77.006072979211908,38.889914821065403]},"properties":{"DCGIS.PLACE_NAMES_PT.NAME":"BRICK CAPITOL","DCGIS.ADDRESSES_PT.ADDRESS":null,"DCGIS.ADDRESSES_PT.WARD":"Ward 6","DCGIS.ADDRESSES_PT.SMD":"SMD 6C02","DCGIS.ADDRESSES_PT.ANC":"ANC 6C","MAR.VW_PLACE_NAME_CATEGORIES.CATEGORY":"MONUMENT / PLAZA / STATUE","DCGIS.ADDRESSES_PT.SSL":"0636    0815","DCGIS.PLACE_NAMES_PT.STATUS":"ACTIVE","DCGIS.PLACE_NAMES_PT.PLACE_NAME_ID":3578,"DCGIS.PLACE_NAMES_PT.MAR_ID":294369,"DCGIS.PLACE_NAMES_PT.BEFORE_DATE":null,"DCGIS.PLACE_NAMES_PT.BEFORE_DATE_SOURCE":null,"DCGIS.PLACE_NAMES_PT.BEGIN_DATE":null,"DCGIS.PLACE_NAMES_PT.BEGIN_DATE_SOURCE":null,"DCGIS.PLACE_NAMES_PT.FIRST_KNOWN_DATE":null,"DCGIS.PLACE_NAMES_PT.FIRST_KNOWN_DATE_SOURCE":null,"DCGIS.PLACE_NAMES_PT.CREATED_DATE":1124106359000,"DCGIS.PLACE_NAMES_PT.LAST_EDITED_DATE":1124106359000,"DCGIS.PLACE_NAMES_PT.SE_ANNO_CAD_DATA":null,"DCGIS.PLACE_NAMES_PT.OBJECTID":32433687,"DCGIS.ADDRESSES_PT.OBJECTID":217203925,"DCGIS.ADDRESSES_PT.SE_ANNO_CAD_DATA":null}},{"type":"Feature","id":32433690,"geometry":{"type":"Point","coordinates":[-77.006581669885165,38.896413072205348]},"properties":{"DCGIS.PLACE_NAMES_PT.NAME":"CHRISTOPHER COLUMBUS STATUE","DCGIS.ADDRESSES_PT.ADDRESS":null,"DCGIS.ADDRESSES_PT.WARD":"Ward 6","DCGIS.ADDRESSES_PT.SMD":"SMD 6C04","DCGIS.ADDRESSES_PT.ANC":"ANC 6C","MAR.VW_PLACE_NAME_CATEGORIES.CATEGORY":"MONUMENT / PLAZA / STATUE","DCGIS.ADDRESSES_PT.SSL":"RES 03340000","DCGIS.PLACE_NAMES_PT.STATUS":"ACTIVE","DCGIS.PLACE_NAMES_PT.PLACE_NAME_ID":6703,"DCGIS.PLACE_NAMES_PT.MAR_ID":294375,"DCGIS.PLACE_NAMES_PT.BEFORE_DATE":null,"DCGIS.PLACE_NAMES_PT.BEFORE_DATE_SOURCE":null,"DCGIS.PLACE_NAMES_PT.BEGIN_DATE":null,"DCGIS.PLACE_NAMES_PT.BEGIN_DATE_SOURCE":null,"DCGIS.PLACE_NAMES_PT.FIRST_KNOWN_DATE":null,"DCGIS.PLACE_NAMES_PT.FIRST_KNOWN_DATE_SOURCE":null,"DCGIS.PLACE_NAMES_PT.CREATED_DATE":1130693604000,"DCGIS.PLACE_NAMES_PT.LAST_EDITED_DATE":1130693604000,"DCGIS.PLACE_NAMES_PT.SE_ANNO_CAD_DATA":null,"DCGIS.PLACE_NAMES_PT.OBJECTID":32433690,"DCGIS.ADDRESSES_PT.OBJECTID":217204612,"DCGIS.ADDRESSES_PT.SE_ANNO_CAD_DATA":null}},{"type":"Feature","id":32433691,"geometry":{"type":"Point","coordinates":[-77.006581669885165,38.896413072205348]},"properties":{"DCGIS.PLACE_NAMES_PT.NAME":"COLUMBUS FOUNTAIN","DCGIS.ADDRESSES_PT.ADDRESS":null,"DCGIS.ADDRESSES_PT.WARD":"Ward 6","DCGIS.ADDRESSES_PT.SMD":"SMD 6C04","DCGIS.ADDRESSES_PT.ANC":"ANC 6C","MAR.VW_PLACE_NAME_CATEGORIES.CATEGORY":"MONUMENT / PLAZA / STATUE","DCGIS.ADDRESSES_PT.SSL":"RES 03340000","DCGIS.PLACE_NAMES_PT.STATUS":"ACTIVE","DCGIS.PLACE_NAMES_PT.PLACE_NAME_ID":6704,"DCGIS.PLACE_NAMES_PT.MAR_ID":294375,"DCGIS.PLACE_NAMES_PT.BEFORE_DATE":null,"DCGIS.PLACE_NAMES_PT.BEFORE_DATE_SOURCE":null,"DCGIS.PLACE_NAMES_PT.BEGIN_DATE":null,"DCGIS.PLACE_NAMES_PT.BEGIN_DATE_SOURCE":null,"DCGIS.PLACE_NAMES_PT.FIRST_KNOWN_DATE":null,"DCGIS.PLACE_NAMES_PT.FIRST_KNOWN_DATE_SOURCE":null,"DCGIS.PLACE_NAMES_PT.CREATED_DATE":1130693604000,"DCGIS.PLACE_NAMES_PT.LAST_EDITED_DATE":1130693604000,"DCGIS.PLACE_NAMES_PT.SE_ANNO_CAD_DATA":null,"DCGIS.PLACE_NAMES_PT.OBJECTID":32433691,"DCGIS.ADDRESSES_PT.OBJECTID":217204612,"DCGIS.ADDRESSES_PT.SE_ANNO_CAD_DATA":null}},{"type":"Feature","id":32433695,"geometry":{"type":"Point","coordinates":[-77.009057427009139,38.894370259053822]},"properties":{"DCGIS.PLACE_NAMES_PT.NAME":"SENATE TERRACE FOUNTAIN","DCGIS.ADDRESSES_PT.ADDRESS":null,"DCGIS.ADDRESSES_PT.WARD":"Ward 6","DCGIS.ADDRESSES_PT.SMD":"SMD 6C02","DCGIS.ADDRESSES_PT.ANC":"ANC 6C","MAR.VW_PLACE_NAME_CATEGORIES.CATEGORY":"MONUMENT / PLAZA / STATUE","DCGIS.ADDRESSES_PT.SSL":null,"DCGIS.PLACE_NAMES_PT.STATUS":"ACTIVE","DCGIS.PLACE_NAMES_PT.PLACE_NAME_ID":3589,"DCGIS.PLACE_NAMES_PT.MAR_ID":294379,"DCGIS.PLACE_NAMES_PT.BEFORE_DATE":null,"DCGIS.PLACE_NAMES_PT.BEFORE_DATE_SOURCE":null,"DCGIS.PLACE_NAMES_PT.BEGIN_DATE":null,"DCGIS.PLACE_NAMES_PT.BEGIN_DATE_SOURCE":null,"DCGIS.PLACE_NAMES_PT.FIRST_KNOWN_DATE":null,"DCGIS.PLACE_NAMES_PT.FIRST_KNOWN_DATE_SOURCE":null,"DCGIS.PLACE_NAMES_PT.CREATED_DATE":1124106359000,"DCGIS.PLACE_NAMES_PT.LAST_EDITED_DATE":1124106359000,"DCGIS.PLACE_NAMES_PT.SE_ANNO_CAD_DATA":null,"DCGIS.PLACE_NAMES_PT.OBJECTID":32433695,"DCGIS.ADDRESSES_PT.OBJECTID":217228427,"DCGIS.ADDRESSES_PT.SE_ANNO_CAD_DATA":null}},{"type":"Feature","id":32433698,"geometry":{"type":"Point","coordinates":[-77.00329576460733,38.892324222255219]},"properties":{"DCGIS.PLACE_NAMES_PT.NAME":"VETERANS OF FOREIGN WARS MEMORIAL","DCGIS.ADDRESSES_PT.ADDRESS":null,"DCGIS.ADDRESSES_PT.WARD":"Ward 6","DCGIS.ADDRESSES_PT.SMD":"SMD 6C02","DCGIS.ADDRESSES_PT.ANC":"ANC 6C","MAR.VW_PLACE_NAME_CATEGORIES.CATEGORY":"MONUMENT / PLAZA / STATUE","DCGIS.ADDRESSES_PT.SSL":"0757    0850","DCGIS.PLACE_NAMES_PT.STATUS":"ACTIVE","DCGIS.PLACE_NAMES_PT.PLACE_NAME_ID":3594,"DCGIS.PLACE_NAMES_PT.MAR_ID":294384,"DCGIS.PLACE_NAMES_PT.BEFORE_DATE":null,"DCGIS.PLACE_NAMES_PT.BEFORE_DATE_SOURCE":null,"DCGIS.PLACE_NAMES_PT.BEGIN_DATE":null,"DCGIS.PLACE_NAMES_PT.BEGIN_DATE_SOURCE":null,"DCGIS.PLACE_NAMES_PT.FIRST_KNOWN_DATE":null,"DCGIS.PLACE_NAMES_PT.FIRST_KNOWN_DATE_SOURCE":null,"DCGIS.PLACE_NAMES_PT.CREATED_DATE":1124106359000,"DCGIS.PLACE_NAMES_PT.LAST_EDITED_DATE":1124106359000,"DCGIS.PLACE_NAMES_PT.SE_ANNO_CAD_DATA":null,"DCGIS.PLACE_NAMES_PT.OBJECTID":32433698,"DCGIS.ADDRESSES_PT.OBJECTID":217204424,"DCGIS.ADDRESSES_PT.SE_ANNO_CAD_DATA":null}},{"type":"Feature","id":32433699,"geometry":{"type":"Point","coordinates":[-77.006075956211447,38.889681143620734]},"properties":{"DCGIS.PLACE_NAMES_PT.NAME":"AUTHORITY OF LAW","DCGIS.ADDRESSES_PT.ADDRESS":null,"DCGIS.ADDRESSES_PT.WARD":"Ward 6","DCGIS.ADDRESSES_PT.SMD":"SMD 6B01","DCGIS.ADDRESSES_PT.ANC":"ANC 6B","MAR.VW_PLACE_NAME_CATEGORIES.CATEGORY":"MONUMENT / PLAZA / STATUE","DCGIS.ADDRESSES_PT.SSL":"0636    0815","DCGIS.PLACE_NAMES_PT.STATUS":"ACTIVE","DCGIS.PLACE_NAMES_PT.PLACE_NAME_ID":3596,"DCGIS.PLACE_NAMES_PT.MAR_ID":294386,"DCGIS.PLACE_NAMES_PT.BEFORE_DATE":null,"DCGIS.PLACE_NAMES_PT.BEFORE_DATE_SOURCE":null,"DCGIS.PLACE_NAMES_PT.BEGIN_DATE":null,"DCGIS.PLACE_NAMES_PT.BEGIN_DATE_SOURCE":null,"DCGIS.PLACE_NAMES_PT.FIRST_KNOWN_DATE":null,"DCGIS.PLACE_NAMES_PT.FIRST_KNOWN_DATE_SOURCE":null,"DCGIS.PLACE_NAMES_PT.CREATED_DATE":1124106359000,"DCGIS.PLACE_NAMES_PT.LAST_EDITED_DATE":1124106359000,"DCGIS.PLACE_NAMES_PT.SE_ANNO_CAD_DATA":null,"DCGIS.PLACE_NAMES_PT.OBJECTID":32433699,"DCGIS.ADDRESSES_PT.OBJECTID":217117093,"DCGIS.ADDRESSES_PT.SE_ANNO_CAD_DATA":null}},{"type":"Feature","id":32433701,"geometry":{"type":"Point","coordinates":[-77.008273818523648,38.885568322733874]},"properties":{"DCGIS.PLACE_NAMES_PT.NAME":"HOUSE EAST FOUNTAIN","DCGIS.ADDRESSES_PT.ADDRESS":null,"DCGIS.ADDRESSES_PT.WARD":"Ward 6","DCGIS.ADDRESSES_PT.SMD":"SMD 6B01","DCGIS.ADDRESSES_PT.ANC":"ANC 6B","MAR.VW_PLACE_NAME_CATEGORIES.CATEGORY":"MONUMENT / PLAZA / STATUE","DCGIS.ADDRESSES_PT.SSL":"0691    0824","DCGIS.PLACE_NAMES_PT.STATUS":"ACTIVE","DCGIS.PLACE_NAMES_PT.PLACE_NAME_ID":3600,"DCGIS.PLACE_NAMES_PT.MAR_ID":294390,"DCGIS.PLACE_NAMES_PT.BEFORE_DATE":null,"DCGIS.PLACE_NAMES_PT.BEFORE_DATE_SOURCE":null,"DCGIS.PLACE_NAMES_PT.BEGIN_DATE":null,"DCGIS.PLACE_NAMES_PT.BEGIN_DATE_SOURCE":null,"DCGIS.PLACE_NAMES_PT.FIRST_KNOWN_DATE":null,"DCGIS.PLACE_NAMES_PT.FIRST_KNOWN_DATE_SOURCE":null,"DCGIS.PLACE_NAMES_PT.CREATED_DATE":1124106359000,"DCGIS.PLACE_NAMES_PT.LAST_EDITED_DATE":1124106359000,"DCGIS.PLACE_NAMES_PT.SE_ANNO_CAD_DATA":null,"DCGIS.PLACE_NAMES_PT.OBJECTID":32433701,"DCGIS.ADDRESSES_PT.OBJECTID":217203776,"DCGIS.ADDRESSES_PT.SE_ANNO_CAD_DATA":null}},{"type":"Feature","id":32433709,"geometry":{"type":"Point","coordinates":[-76.989687590693833,38.865394752058968]},"properties":{"DCGIS.PLACE_NAMES_PT.NAME":"WORLD'S LARGEST CHAIR","DCGIS.ADDRESSES_PT.ADDRESS":null,"DCGIS.ADDRESSES_PT.WARD":"Ward 8","DCGIS.ADDRESSES_PT.SMD":"SMD 8A06","DCGIS.ADDRESSES_PT.ANC":"ANC 8A","MAR.VW_PLACE_NAME_CATEGORIES.CATEGORY":"MONUMENT / PLAZA / STATUE","DCGIS.ADDRESSES_PT.SSL":"5783    0829","DCGIS.PLACE_NAMES_PT.STATUS":"ACTIVE","DCGIS.PLACE_NAMES_PT.PLACE_NAME_ID":3611,"DCGIS.PLACE_NAMES_PT.MAR_ID":294401,"DCGIS.PLACE_NAMES_PT.BEFORE_DATE":null,"DCGIS.PLACE_NAMES_PT.BEFORE_DATE_SOURCE":null,"DCGIS.PLACE_NAMES_PT.BEGIN_DATE":null,"DCGIS.PLACE_NAMES_PT.BEGIN_DATE_SOURCE":null,"DCGIS.PLACE_NAMES_PT.FIRST_KNOWN_DATE":null,"DCGIS.PLACE_NAMES_PT.FIRST_KNOWN_DATE_SOURCE":null,"DCGIS.PLACE_NAMES_PT.CREATED_DATE":1124106359000,"DCGIS.PLACE_NAMES_PT.LAST_EDITED_DATE":1124106359000,"DCGIS.PLACE_NAMES_PT.SE_ANNO_CAD_DATA":null,"DCGIS.PLACE_NAMES_PT.OBJECTID":32433709,"DCGIS.ADDRESSES_PT.OBJECTID":217203772,"DCGIS.ADDRESSES_PT.SE_ANNO_CAD_DATA":null}},{"type":"Feature","id":32433710,"geometry":{"type":"Point","coordinates":[-76.989687590693833,38.865394752058968]},"properties":{"DCGIS.PLACE_NAMES_PT.NAME":"BIG CHAIR","DCGIS.ADDRESSES_PT.ADDRESS":null,"DCGIS.ADDRESSES_PT.WARD":"Ward 8","DCGIS.ADDRESSES_PT.SMD":"SMD 8A06","DCGIS.ADDRESSES_PT.ANC":"ANC 8A","MAR.VW_PLACE_NAME_CATEGORIES.CATEGORY":"MONUMENT / PLAZA / STATUE","DCGIS.ADDRESSES_PT.SSL":"5783    0829","DCGIS.PLACE_NAMES_PT.STATUS":"ACTIVE","DCGIS.PLACE_NAMES_PT.PLACE_NAME_ID":15666,"DCGIS.PLACE_NAMES_PT.MAR_ID":294401,"DCGIS.PLACE_NAMES_PT.BEFORE_DATE":null,"DCGIS.PLACE_NAMES_PT.BEFORE_DATE_SOURCE":null,"DCGIS.PLACE_NAMES_PT.BEGIN_DATE":null,"DCGIS.PLACE_NAMES_PT.BEGIN_DATE_SOURCE":null,"DCGIS.PLACE_NAMES_PT.FIRST_KNOWN_DATE":null,"DCGIS.PLACE_NAMES_PT.FIRST_KNOWN_DATE_SOURCE":null,"DCGIS.PLACE_NAMES_PT.CREATED_DATE":1476890329000,"DCGIS.PLACE_NAMES_PT.LAST_EDITED_DATE":1476890329000,"DCGIS.PLACE_NAMES_PT.SE_ANNO_CAD_DATA":null,"DCGIS.PLACE_NAMES_PT.OBJECTID":32433710,"DCGIS.ADDRESSES_PT.OBJECTID":217203772,"DCGIS.ADDRESSES_PT.SE_ANNO_CAD_DATA":null}},{"type":"Feature","id":32433711,"geometry":{"type":"Point","coordinates":[-77.012925497043753,38.889774453663996]},"properties":{"DCGIS.PLACE_NAMES_PT.NAME":"CIVIL WAR SAILORS","DCGIS.ADDRESSES_PT.ADDRESS":null,"DCGIS.ADDRESSES_PT.WARD":"Ward 6","DCGIS.ADDRESSES_PT.SMD":"SMD 6B01","DCGIS.ADDRESSES_PT.ANC":"ANC 6B","MAR.VW_PLACE_NAME_CATEGORIES.CATEGORY":"MONUMENT / PLAZA / STATUE","DCGIS.ADDRESSES_PT.SSL":null,"DCGIS.PLACE_NAMES_PT.STATUS":"ACTIVE","DCGIS.PLACE_NAMES_PT.PLACE_NAME_ID":3612,"DCGIS.PLACE_NAMES_PT.MAR_ID":294402,"DCGIS.PLACE_NAMES_PT.BEFORE_DATE":null,"DCGIS.PLACE_NAMES_PT.BEFORE_DATE_SOURCE":null,"DCGIS.PLACE_NAMES_PT.BEGIN_DATE":null,"DCGIS.PLACE_NAMES_PT.BEGIN_DATE_SOURCE":null,"DCGIS.PLACE_NAMES_PT.FIRST_KNOWN_DATE":null,"DCGIS.PLACE_NAMES_PT.FIRST_KNOWN_DATE_SOURCE":null,"DCGIS.PLACE_NAMES_PT.CREATED_DATE":1124106359000,"DCGIS.PLACE_NAMES_PT.LAST_EDITED_DATE":1124106359000,"DCGIS.PLACE_NAMES_PT.SE_ANNO_CAD_DATA":null,"DCGIS.PLACE_NAMES_PT.OBJECTID":32433711,"DCGIS.ADDRESSES_PT.OBJECTID":217203891,"DCGIS.ADDRESSES_PT.SE_ANNO_CAD_DATA":null}},{"type":"Feature","id":32433712,"geometry":{"type":"Point","coordinates":[-77.012925497043753,38.889774453663996]},"properties":{"DCGIS.PLACE_NAMES_PT.NAME":"ULYSSES S. GRANT MEMORIAL","DCGIS.ADDRESSES_PT.ADDRESS":null,"DCGIS.ADDRESSES_PT.WARD":"Ward 6","DCGIS.ADDRESSES_PT.SMD":"SMD 6B01","DCGIS.ADDRESSES_PT.ANC":"ANC 6B","MAR.VW_PLACE_NAME_CATEGORIES.CATEGORY":"MONUMENT / PLAZA / STATUE","DCGIS.ADDRESSES_PT.SSL":null,"DCGIS.PLACE_NAMES_PT.STATUS":"ACTIVE","DCGIS.PLACE_NAMES_PT.PLACE_NAME_ID":11672,"DCGIS.PLACE_NAMES_PT.MAR_ID":294402,"DCGIS.PLACE_NAMES_PT.BEFORE_DATE":null,"DCGIS.PLACE_NAMES_PT.BEFORE_DATE_SOURCE":null,"DCGIS.PLACE_NAMES_PT.BEGIN_DATE":null,"DCGIS.PLACE_NAMES_PT.BEGIN_DATE_SOURCE":null,"DCGIS.PLACE_NAMES_PT.FIRST_KNOWN_DATE":null,"DCGIS.PLACE_NAMES_PT.FIRST_KNOWN_DATE_SOURCE":null,"DCGIS.PLACE_NAMES_PT.CREATED_DATE":1330948239000,"DCGIS.PLACE_NAMES_PT.LAST_EDITED_DATE":1330948239000,"DCGIS.PLACE_NAMES_PT.SE_ANNO_CAD_DATA":null,"DCGIS.PLACE_NAMES_PT.OBJECTID":32433712,"DCGIS.ADDRESSES_PT.OBJECTID":217203891,"DCGIS.ADDRESSES_PT.SE_ANNO_CAD_DATA":null}},{"type":"Feature","id":32433713,"geometry":{"type":"Point","coordinates":[-77.012917374028191,38.889473845023076]},"properties":{"DCGIS.PLACE_NAMES_PT.NAME":"ULYSSES GRANT STATUE","DCGIS.ADDRESSES_PT.ADDRESS":null,"DCGIS.ADDRESSES_PT.WARD":"Ward 6","DCGIS.ADDRESSES_PT.SMD":"SMD 6B01","DCGIS.ADDRESSES_PT.ANC":"ANC 6B","MAR.VW_PLACE_NAME_CATEGORIES.CATEGORY":"MONUMENT / PLAZA / STATUE","DCGIS.ADDRESSES_PT.SSL":null,"DCGIS.PLACE_NAMES_PT.STATUS":"ACTIVE","DCGIS.PLACE_NAMES_PT.PLACE_NAME_ID":11727,"DCGIS.PLACE_NAMES_PT.MAR_ID":294403,"DCGIS.PLACE_NAMES_PT.BEFORE_DATE":null,"DCGIS.PLACE_NAMES_PT.BEFORE_DATE_SOURCE":null,"DCGIS.PLACE_NAMES_PT.BEGIN_DATE":null,"DCGIS.PLACE_NAMES_PT.BEGIN_DATE_SOURCE":null,"DCGIS.PLACE_NAMES_PT.FIRST_KNOWN_DATE":null,"DCGIS.PLACE_NAMES_PT.FIRST_KNOWN_DATE_SOURCE":null,"DCGIS.PLACE_NAMES_PT.CREATED_DATE":1334069985000,"DCGIS.PLACE_NAMES_PT.LAST_EDITED_DATE":1334069985000,"DCGIS.PLACE_NAMES_PT.SE_ANNO_CAD_DATA":null,"DCGIS.PLACE_NAMES_PT.OBJECTID":32433713,"DCGIS.ADDRESSES_PT.OBJECTID":217203894,"DCGIS.ADDRESSES_PT.SE_ANNO_CAD_DATA":null}},{"type":"Feature","id":32433715,"geometry":{"type":"Point","coordinates":[-77.039482153990235,38.88824788129466]},"properties":{"DCGIS.PLACE_NAMES_PT.NAME":"JOHN PAUL JONES STATUE","DCGIS.ADDRESSES_PT.ADDRESS":null,"DCGIS.ADDRESSES_PT.WARD":"Ward 2","DCGIS.ADDRESSES_PT.SMD":"SMD 2A01","DCGIS.ADDRESSES_PT.ANC":"ANC 2A","MAR.VW_PLACE_NAME_CATEGORIES.CATEGORY":"MONUMENT / PLAZA / STATUE","DCGIS.ADDRESSES_PT.SSL":"RES 03320000","DCGIS.PLACE_NAMES_PT.STATUS":"ACTIVE","DCGIS.PLACE_NAMES_PT.PLACE_NAME_ID":11736,"DCGIS.PLACE_NAMES_PT.MAR_ID":294408,"DCGIS.PLACE_NAMES_PT.BEFORE_DATE":null,"DCGIS.PLACE_NAMES_PT.BEFORE_DATE_SOURCE":null,"DCGIS.PLACE_NAMES_PT.BEGIN_DATE":null,"DCGIS.PLACE_NAMES_PT.BEGIN_DATE_SOURCE":null,"DCGIS.PLACE_NAMES_PT.FIRST_KNOWN_DATE":null,"DCGIS.PLACE_NAMES_PT.FIRST_KNOWN_DATE_SOURCE":null,"DCGIS.PLACE_NAMES_PT.CREATED_DATE":1334070849000,"DCGIS.PLACE_NAMES_PT.LAST_EDITED_DATE":1334070849000,"DCGIS.PLACE_NAMES_PT.SE_ANNO_CAD_DATA":null,"DCGIS.PLACE_NAMES_PT.OBJECTID":32433715,"DCGIS.ADDRESSES_PT.OBJECTID":217204200,"DCGIS.ADDRESSES_PT.SE_ANNO_CAD_DATA":null}},{"type":"Feature","id":32433716,"geometry":{"type":"Point","coordinates":[-77.009870611627164,38.885568198677738]},"properties":{"DCGIS.PLACE_NAMES_PT.NAME":"HOUSE WEST FOUNTAIN","DCGIS.ADDRESSES_PT.ADDRESS":null,"DCGIS.ADDRESSES_PT.WARD":"Ward 6","DCGIS.ADDRESSES_PT.SMD":"SMD 6B01","DCGIS.ADDRESSES_PT.ANC":"ANC 6B","MAR.VW_PLACE_NAME_CATEGORIES.CATEGORY":"MONUMENT / PLAZA / STATUE","DCGIS.ADDRESSES_PT.SSL":"0637    0810","DCGIS.PLACE_NAMES_PT.STATUS":"ACTIVE","DCGIS.PLACE_NAMES_PT.PLACE_NAME_ID":3619,"DCGIS.PLACE_NAMES_PT.MAR_ID":294409,"DCGIS.PLACE_NAMES_PT.BEFORE_DATE":null,"DCGIS.PLACE_NAMES_PT.BEFORE_DATE_SOURCE":null,"DCGIS.PLACE_NAMES_PT.BEGIN_DATE":null,"DCGIS.PLACE_NAMES_PT.BEGIN_DATE_SOURCE":null,"DCGIS.PLACE_NAMES_PT.FIRST_KNOWN_DATE":null,"DCGIS.PLACE_NAMES_PT.FIRST_KNOWN_DATE_SOURCE":null,"DCGIS.PLACE_NAMES_PT.CREATED_DATE":1124106359000,"DCGIS.PLACE_NAMES_PT.LAST_EDITED_DATE":1124106359000,"DCGIS.PLACE_NAMES_PT.SE_ANNO_CAD_DATA":null,"DCGIS.PLACE_NAMES_PT.OBJECTID":32433716,"DCGIS.ADDRESSES_PT.OBJECTID":217203775,"DCGIS.ADDRESSES_PT.SE_ANNO_CAD_DATA":null}},{"type":"Feature","id":32433717,"geometry":{"type":"Point","coordinates":[-77.011673976524534,38.889262729482589]},"properties":{"DCGIS.PLACE_NAMES_PT.NAME":"LAMP STANDARDS","DCGIS.ADDRESSES_PT.ADDRESS":null,"DCGIS.ADDRESSES_PT.WARD":"Ward 6","DCGIS.ADDRESSES_PT.SMD":"SMD 6B01","DCGIS.ADDRESSES_PT.ANC":"ANC 6B","MAR.VW_PLACE_NAME_CATEGORIES.CATEGORY":"MONUMENT / PLAZA / STATUE","DCGIS.ADDRESSES_PT.SSL":"0636    0815","DCGIS.PLACE_NAMES_PT.STATUS":"ACTIVE","DCGIS.PLACE_NAMES_PT.PLACE_NAME_ID":3623,"DCGIS.PLACE_NAMES_PT.MAR_ID":294413,"DCGIS.PLACE_NAMES_PT.BEFORE_DATE":null,"DCGIS.PLACE_NAMES_PT.BEFORE_DATE_SOURCE":null,"DCGIS.PLACE_NAMES_PT.BEGIN_DATE":null,"DCGIS.PLACE_NAMES_PT.BEGIN_DATE_SOURCE":null,"DCGIS.PLACE_NAMES_PT.FIRST_KNOWN_DATE":null,"DCGIS.PLACE_NAMES_PT.FIRST_KNOWN_DATE_SOURCE":null,"DCGIS.PLACE_NAMES_PT.CREATED_DATE":1124106359000,"DCGIS.PLACE_NAMES_PT.LAST_EDITED_DATE":1124106359000,"DCGIS.PLACE_NAMES_PT.SE_ANNO_CAD_DATA":null,"DCGIS.PLACE_NAMES_PT.OBJECTID":32433717,"DCGIS.ADDRESSES_PT.OBJECTID":217120261,"DCGIS.ADDRESSES_PT.SE_ANNO_CAD_DATA":null}},{"type":"Feature","id":32433718,"geometry":{"type":"Point","coordinates":[-77.012322868873454,38.88898853788114]},"properties":{"DCGIS.PLACE_NAMES_PT.NAME":"JAMES GARFIELD STATUE","DCGIS.ADDRESSES_PT.ADDRESS":null,"DCGIS.ADDRESSES_PT.WARD":"Ward 6","DCGIS.ADDRESSES_PT.SMD":"SMD 6B01","DCGIS.ADDRESSES_PT.ANC":"ANC 6B","MAR.VW_PLACE_NAME_CATEGORIES.CATEGORY":"MONUMENT / PLAZA / STATUE","DCGIS.ADDRESSES_PT.SSL":"RES 02020000","DCGIS.PLACE_NAMES_PT.STATUS":"ACTIVE","DCGIS.PLACE_NAMES_PT.PLACE_NAME_ID":11726,"DCGIS.PLACE_NAMES_PT.MAR_ID":294414,"DCGIS.PLACE_NAMES_PT.BEFORE_DATE":null,"DCGIS.PLACE_NAMES_PT.BEFORE_DATE_SOURCE":null,"DCGIS.PLACE_NAMES_PT.BEGIN_DATE":null,"DCGIS.PLACE_NAMES_PT.BEGIN_DATE_SOURCE":null,"DCGIS.PLACE_NAMES_PT.FIRST_KNOWN_DATE":null,"DCGIS.PLACE_NAMES_PT.FIRST_KNOWN_DATE_SOURCE":null,"DCGIS.PLACE_NAMES_PT.CREATED_DATE":1334069910000,"DCGIS.PLACE_NAMES_PT.LAST_EDITED_DATE":1334069910000,"DCGIS.PLACE_NAMES_PT.SE_ANNO_CAD_DATA":null,"DCGIS.PLACE_NAMES_PT.OBJECTID":32433718,"DCGIS.ADDRESSES_PT.OBJECTID":217258861,"DCGIS.ADDRESSES_PT.SE_ANNO_CAD_DATA":null}},{"type":"Feature","id":32433722,"geometry":{"type":"Point","coordinates":[-77.041190066624864,38.886756674639855]},"properties":{"DCGIS.PLACE_NAMES_PT.NAME":"JAPANESE LANTERN","DCGIS.ADDRESSES_PT.ADDRESS":null,"DCGIS.ADDRESSES_PT.WARD":"Ward 2","DCGIS.ADDRESSES_PT.SMD":"SMD 2A01","DCGIS.ADDRESSES_PT.ANC":"ANC 2A","MAR.VW_PLACE_NAME_CATEGORIES.CATEGORY":"MONUMENT / PLAZA / STATUE","DCGIS.ADDRESSES_PT.SSL":"RES 03320000","DCGIS.PLACE_NAMES_PT.STATUS":"ACTIVE","DCGIS.PLACE_NAMES_PT.PLACE_NAME_ID":3628,"DCGIS.PLACE_NAMES_PT.MAR_ID":294418,"DCGIS.PLACE_NAMES_PT.BEFORE_DATE":null,"DCGIS.PLACE_NAMES_PT.BEFORE_DATE_SOURCE":null,"DCGIS.PLACE_NAMES_PT.BEGIN_DATE":null,"DCGIS.PLACE_NAMES_PT.BEGIN_DATE_SOURCE":null,"DCGIS.PLACE_NAMES_PT.FIRST_KNOWN_DATE":null,"DCGIS.PLACE_NAMES_PT.FIRST_KNOWN_DATE_SOURCE":null,"DCGIS.PLACE_NAMES_PT.CREATED_DATE":1124106359000,"DCGIS.PLACE_NAMES_PT.LAST_EDITED_DATE":1124106359000,"DCGIS.PLACE_NAMES_PT.SE_ANNO_CAD_DATA":null,"DCGIS.PLACE_NAMES_PT.OBJECTID":32433722,"DCGIS.ADDRESSES_PT.OBJECTID":217203965,"DCGIS.ADDRESSES_PT.SE_ANNO_CAD_DATA":null}},{"type":"Feature","id":32433723,"geometry":{"type":"Point","coordinates":[-77.036561964079169,38.889817370795768]},"properties":{"DCGIS.PLACE_NAMES_PT.NAME":"JEFFERSON PIER STONE","DCGIS.ADDRESSES_PT.ADDRESS":null,"DCGIS.ADDRESSES_PT.WARD":"Ward 2","DCGIS.ADDRESSES_PT.SMD":"SMD 2A01","DCGIS.ADDRESSES_PT.ANC":"ANC 2A","MAR.VW_PLACE_NAME_CATEGORIES.CATEGORY":"MONUMENT / PLAZA / STATUE","DCGIS.ADDRESSES_PT.SSL":"RES 00020000","DCGIS.PLACE_NAMES_PT.STATUS":"ACTIVE","DCGIS.PLACE_NAMES_PT.PLACE_NAME_ID":9320,"DCGIS.PLACE_NAMES_PT.MAR_ID":294419,"DCGIS.PLACE_NAMES_PT.BEFORE_DATE":null,"DCGIS.PLACE_NAMES_PT.BEFORE_DATE_SOURCE":null,"DCGIS.PLACE_NAMES_PT.BEGIN_DATE":null,"DCGIS.PLACE_NAMES_PT.BEGIN_DATE_SOURCE":null,"DCGIS.PLACE_NAMES_PT.FIRST_KNOWN_DATE":null,"DCGIS.PLACE_NAMES_PT.FIRST_KNOWN_DATE_SOURCE":null,"DCGIS.PLACE_NAMES_PT.CREATED_DATE":1280240953000,"DCGIS.PLACE_NAMES_PT.LAST_EDITED_DATE":1280240953000,"DCGIS.PLACE_NAMES_PT.SE_ANNO_CAD_DATA":null,"DCGIS.PLACE_NAMES_PT.OBJECTID":32433723,"DCGIS.ADDRESSES_PT.OBJECTID":217205397,"DCGIS.ADDRESSES_PT.SE_ANNO_CAD_DATA":null}},{"type":"Feature","id":32433724,"geometry":{"type":"Point","coordinates":[-77.036561964079169,38.889817370795768]},"properties":{"DCGIS.PLACE_NAMES_PT.NAME":"JEFFERSON PIER MARKER","DCGIS.ADDRESSES_PT.ADDRESS":null,"DCGIS.ADDRESSES_PT.WARD":"Ward 2","DCGIS.ADDRESSES_PT.SMD":"SMD 2A01","DCGIS.ADDRESSES_PT.ANC":"ANC 2A","MAR.VW_PLACE_NAME_CATEGORIES.CATEGORY":"MONUMENT / PLAZA / STATUE","DCGIS.ADDRESSES_PT.SSL":"RES 00020000","DCGIS.PLACE_NAMES_PT.STATUS":"ACTIVE","DCGIS.PLACE_NAMES_PT.PLACE_NAME_ID":16182,"DCGIS.PLACE_NAMES_PT.MAR_ID":294419,"DCGIS.PLACE_NAMES_PT.BEFORE_DATE":null,"DCGIS.PLACE_NAMES_PT.BEFORE_DATE_SOURCE":null,"DCGIS.PLACE_NAMES_PT.BEGIN_DATE":null,"DCGIS.PLACE_NAMES_PT.BEGIN_DATE_SOURCE":null,"DCGIS.PLACE_NAMES_PT.FIRST_KNOWN_DATE":null,"DCGIS.PLACE_NAMES_PT.FIRST_KNOWN_DATE_SOURCE":null,"DCGIS.PLACE_NAMES_PT.CREATED_DATE":1517322125000,"DCGIS.PLACE_NAMES_PT.LAST_EDITED_DATE":1517322125000,"DCGIS.PLACE_NAMES_PT.SE_ANNO_CAD_DATA":null,"DCGIS.PLACE_NAMES_PT.OBJECTID":32433724,"DCGIS.ADDRESSES_PT.OBJECTID":217205397,"DCGIS.ADDRESSES_PT.SE_ANNO_CAD_DATA":null}},{"type":"Feature","id":32433725,"geometry":{"type":"Point","coordinates":[-77.043480918419476,38.887592002264746]},"properties":{"DCGIS.PLACE_NAMES_PT.NAME":"WORLD WAR MEMORIAL (WORLD WAR I)","DCGIS.ADDRESSES_PT.ADDRESS":null,"DCGIS.ADDRESSES_PT.WARD":"Ward 2","DCGIS.ADDRESSES_PT.SMD":"SMD 2A01","DCGIS.ADDRESSES_PT.ANC":"ANC 2A","MAR.VW_PLACE_NAME_CATEGORIES.CATEGORY":"MONUMENT / PLAZA / STATUE","DCGIS.ADDRESSES_PT.SSL":"RES 03320000","DCGIS.PLACE_NAMES_PT.STATUS":"ACTIVE","DCGIS.PLACE_NAMES_PT.PLACE_NAME_ID":3631,"DCGIS.PLACE_NAMES_PT.MAR_ID":294421,"DCGIS.PLACE_NAMES_PT.BEFORE_DATE":null,"DCGIS.PLACE_NAMES_PT.BEFORE_DATE_SOURCE":null,"DCGIS.PLACE_NAMES_PT.BEGIN_DATE":null,"DCGIS.PLACE_NAMES_PT.BEGIN_DATE_SOURCE":null,"DCGIS.PLACE_NAMES_PT.FIRST_KNOWN_DATE":null,"DCGIS.PLACE_NAMES_PT.FIRST_KNOWN_DATE_SOURCE":null,"DCGIS.PLACE_NAMES_PT.CREATED_DATE":1124106359000,"DCGIS.PLACE_NAMES_PT.LAST_EDITED_DATE":1231176190000,"DCGIS.PLACE_NAMES_PT.SE_ANNO_CAD_DATA":null,"DCGIS.PLACE_NAMES_PT.OBJECTID":32433725,"DCGIS.ADDRESSES_PT.OBJECTID":217204202,"DCGIS.ADDRESSES_PT.SE_ANNO_CAD_DATA":null}},{"type":"Feature","id":32433727,"geometry":{"type":"Point","coordinates":[-77.011768652481891,38.887431766952254]},"properties":{"DCGIS.PLACE_NAMES_PT.NAME":"JAMES MADISON STATUE","DCGIS.ADDRESSES_PT.ADDRESS":null,"DCGIS.ADDRESSES_PT.WARD":"Ward 6","DCGIS.ADDRESSES_PT.SMD":"SMD 6B01","DCGIS.ADDRESSES_PT.ANC":"ANC 6B","MAR.VW_PLACE_NAME_CATEGORIES.CATEGORY":"MONUMENT / PLAZA / STATUE","DCGIS.ADDRESSES_PT.SSL":"0635    0825","DCGIS.PLACE_NAMES_PT.STATUS":"ACTIVE","DCGIS.PLACE_NAMES_PT.PLACE_NAME_ID":3634,"DCGIS.PLACE_NAMES_PT.MAR_ID":294424,"DCGIS.PLACE_NAMES_PT.BEFORE_DATE":null,"DCGIS.PLACE_NAMES_PT.BEFORE_DATE_SOURCE":null,"DCGIS.PLACE_NAMES_PT.BEGIN_DATE":null,"DCGIS.PLACE_NAMES_PT.BEGIN_DATE_SOURCE":null,"DCGIS.PLACE_NAMES_PT.FIRST_KNOWN_DATE":null,"DCGIS.PLACE_NAMES_PT.FIRST_KNOWN_DATE_SOURCE":null,"DCGIS.PLACE_NAMES_PT.CREATED_DATE":1124106359000,"DCGIS.PLACE_NAMES_PT.LAST_EDITED_DATE":1157119858000,"DCGIS.PLACE_NAMES_PT.SE_ANNO_CAD_DATA":null,"DCGIS.PLACE_NAMES_PT.OBJECTID":32433727,"DCGIS.ADDRESSES_PT.OBJECTID":217203566,"DCGIS.ADDRESSES_PT.SE_ANNO_CAD_DATA":null}},{"type":"Feature","id":32433728,"geometry":{"type":"Point","coordinates":[-77.025980245395189,38.8891856537712]},"properties":{"DCGIS.PLACE_NAMES_PT.NAME":"JOSEPH HENRY STATUE","DCGIS.ADDRESSES_PT.ADDRESS":null,"DCGIS.ADDRESSES_PT.WARD":"Ward 2","DCGIS.ADDRESSES_PT.SMD":"SMD 2C03","DCGIS.ADDRESSES_PT.ANC":"ANC 2C","MAR.VW_PLACE_NAME_CATEGORIES.CATEGORY":"MONUMENT / PLAZA / STATUE","DCGIS.ADDRESSES_PT.SSL":"PAR 03160006","DCGIS.PLACE_NAMES_PT.STATUS":"ACTIVE","DCGIS.PLACE_NAMES_PT.PLACE_NAME_ID":11731,"DCGIS.PLACE_NAMES_PT.MAR_ID":294426,"DCGIS.PLACE_NAMES_PT.BEFORE_DATE":null,"DCGIS.PLACE_NAMES_PT.BEFORE_DATE_SOURCE":null,"DCGIS.PLACE_NAMES_PT.BEGIN_DATE":null,"DCGIS.PLACE_NAMES_PT.BEGIN_DATE_SOURCE":null,"DCGIS.PLACE_NAMES_PT.FIRST_KNOWN_DATE":null,"DCGIS.PLACE_NAMES_PT.FIRST_KNOWN_DATE_SOURCE":null,"DCGIS.PLACE_NAMES_PT.CREATED_DATE":1334070204000,"DCGIS.PLACE_NAMES_PT.LAST_EDITED_DATE":1334070204000,"DCGIS.PLACE_NAMES_PT.SE_ANNO_CAD_DATA":null,"DCGIS.PLACE_NAMES_PT.OBJECTID":32433728,"DCGIS.ADDRESSES_PT.OBJECTID":217204457,"DCGIS.ADDRESSES_PT.SE_ANNO_CAD_DATA":null}},{"type":"Feature","id":32433729,"geometry":{"type":"Point","coordinates":[-77.025404448417362,38.888395385297862]},"properties":{"DCGIS.PLACE_NAMES_PT.NAME":"ARTHUR VINING DOWNING STATUE","DCGIS.ADDRESSES_PT.ADDRESS":null,"DCGIS.ADDRESSES_PT.WARD":"Ward 2","DCGIS.ADDRESSES_PT.SMD":"SMD 2C03","DCGIS.ADDRESSES_PT.ANC":"ANC 2C","MAR.VW_PLACE_NAME_CATEGORIES.CATEGORY":"MONUMENT / PLAZA / STATUE","DCGIS.ADDRESSES_PT.SSL":"PAR 03160006","DCGIS.PLACE_NAMES_PT.STATUS":"ACTIVE","DCGIS.PLACE_NAMES_PT.PLACE_NAME_ID":3637,"DCGIS.PLACE_NAMES_PT.MAR_ID":294427,"DCGIS.PLACE_NAMES_PT.BEFORE_DATE":null,"DCGIS.PLACE_NAMES_PT.BEFORE_DATE_SOURCE":null,"DCGIS.PLACE_NAMES_PT.BEGIN_DATE":null,"DCGIS.PLACE_NAMES_PT.BEGIN_DATE_SOURCE":null,"DCGIS.PLACE_NAMES_PT.FIRST_KNOWN_DATE":null,"DCGIS.PLACE_NAMES_PT.FIRST_KNOWN_DATE_SOURCE":null,"DCGIS.PLACE_NAMES_PT.CREATED_DATE":1124106359000,"DCGIS.PLACE_NAMES_PT.LAST_EDITED_DATE":1157119858000,"DCGIS.PLACE_NAMES_PT.SE_ANNO_CAD_DATA":null,"DCGIS.PLACE_NAMES_PT.OBJECTID":32433729,"DCGIS.ADDRESSES_PT.OBJECTID":217203892,"DCGIS.ADDRESSES_PT.SE_ANNO_CAD_DATA":null}},{"type":"Feature","id":32433733,"geometry":{"type":"Point","coordinates":[-77.052010124236119,38.88845710372744]},"properties":{"DCGIS.PLACE_NAMES_PT.NAME":"ARTS OF WAR STATUES","DCGIS.ADDRESSES_PT.ADDRESS":null,"DCGIS.ADDRESSES_PT.WARD":"Ward 2","DCGIS.ADDRESSES_PT.SMD":"SMD 2A01","DCGIS.ADDRESSES_PT.ANC":"ANC 2A","MAR.VW_PLACE_NAME_CATEGORIES.CATEGORY":"MONUMENT / PLAZA / STATUE","DCGIS.ADDRESSES_PT.SSL":"RES 03320000","DCGIS.PLACE_NAMES_PT.STATUS":"ACTIVE","DCGIS.PLACE_NAMES_PT.PLACE_NAME_ID":3641,"DCGIS.PLACE_NAMES_PT.MAR_ID":294431,"DCGIS.PLACE_NAMES_PT.BEFORE_DATE":null,"DCGIS.PLACE_NAMES_PT.BEFORE_DATE_SOURCE":null,"DCGIS.PLACE_NAMES_PT.BEGIN_DATE":null,"DCGIS.PLACE_NAMES_PT.BEGIN_DATE_SOURCE":null,"DCGIS.PLACE_NAMES_PT.FIRST_KNOWN_DATE":null,"DCGIS.PLACE_NAMES_PT.FIRST_KNOWN_DATE_SOURCE":null,"DCGIS.PLACE_NAMES_PT.CREATED_DATE":1124106359000,"DCGIS.PLACE_NAMES_PT.LAST_EDITED_DATE":1124106359000,"DCGIS.PLACE_NAMES_PT.SE_ANNO_CAD_DATA":null,"DCGIS.PLACE_NAMES_PT.OBJECTID":32433733,"DCGIS.ADDRESSES_PT.OBJECTID":217204368,"DCGIS.ADDRESSES_PT.SE_ANNO_CAD_DATA":null}},{"type":"Feature","id":32433734,"geometry":{"type":"Point","coordinates":[-77.052143437020945,38.888708378090385]},"properties":{"DCGIS.PLACE_NAMES_PT.NAME":"ARLINGTON BRIDGE EQUESTRIAN STATUES","DCGIS.ADDRESSES_PT.ADDRESS":null,"DCGIS.ADDRESSES_PT.WARD":"Ward 2","DCGIS.ADDRESSES_PT.SMD":"SMD 2A04","DCGIS.ADDRESSES_PT.ANC":"ANC 2A","MAR.VW_PLACE_NAME_CATEGORIES.CATEGORY":"MONUMENT / PLAZA / STATUE","DCGIS.ADDRESSES_PT.SSL":"RES 03320000","DCGIS.PLACE_NAMES_PT.STATUS":"ACTIVE","DCGIS.PLACE_NAMES_PT.PLACE_NAME_ID":3643,"DCGIS.PLACE_NAMES_PT.MAR_ID":294433,"DCGIS.PLACE_NAMES_PT.BEFORE_DATE":null,"DCGIS.PLACE_NAMES_PT.BEFORE_DATE_SOURCE":null,"DCGIS.PLACE_NAMES_PT.BEGIN_DATE":null,"DCGIS.PLACE_NAMES_PT.BEGIN_DATE_SOURCE":null,"DCGIS.PLACE_NAMES_PT.FIRST_KNOWN_DATE":null,"DCGIS.PLACE_NAMES_PT.FIRST_KNOWN_DATE_SOURCE":null,"DCGIS.PLACE_NAMES_PT.CREATED_DATE":1124106359000,"DCGIS.PLACE_NAMES_PT.LAST_EDITED_DATE":1124106359000,"DCGIS.PLACE_NAMES_PT.SE_ANNO_CAD_DATA":null,"DCGIS.PLACE_NAMES_PT.OBJECTID":32433734,"DCGIS.ADDRESSES_PT.OBJECTID":217224801,"DCGIS.ADDRESSES_PT.SE_ANNO_CAD_DATA":null}},{"type":"Feature","id":32433735,"geometry":{"type":"Point","coordinates":[-77.019303841403442,38.871944887122211]},"properties":{"DCGIS.PLACE_NAMES_PT.NAME":"WOMEN'S TITANIC MEMORIAL","DCGIS.ADDRESSES_PT.ADDRESS":null,"DCGIS.ADDRESSES_PT.WARD":"Ward 6","DCGIS.ADDRESSES_PT.SMD":"SMD 6D06","DCGIS.ADDRESSES_PT.ANC":"ANC 6D","MAR.VW_PLACE_NAME_CATEGORIES.CATEGORY":"MONUMENT / PLAZA / STATUE","DCGIS.ADDRESSES_PT.SSL":"PAR 02550013","DCGIS.PLACE_NAMES_PT.STATUS":"ACTIVE","DCGIS.PLACE_NAMES_PT.PLACE_NAME_ID":11782,"DCGIS.PLACE_NAMES_PT.MAR_ID":294435,"DCGIS.PLACE_NAMES_PT.BEFORE_DATE":null,"DCGIS.PLACE_NAMES_PT.BEFORE_DATE_SOURCE":null,"DCGIS.PLACE_NAMES_PT.BEGIN_DATE":null,"DCGIS.PLACE_NAMES_PT.BEGIN_DATE_SOURCE":null,"DCGIS.PLACE_NAMES_PT.FIRST_KNOWN_DATE":null,"DCGIS.PLACE_NAMES_PT.FIRST_KNOWN_DATE_SOURCE":null,"DCGIS.PLACE_NAMES_PT.CREATED_DATE":1334139434000,"DCGIS.PLACE_NAMES_PT.LAST_EDITED_DATE":1334139434000,"DCGIS.PLACE_NAMES_PT.SE_ANNO_CAD_DATA":null,"DCGIS.PLACE_NAMES_PT.OBJECTID":32433735,"DCGIS.ADDRESSES_PT.OBJECTID":217232565,"DCGIS.ADDRESSES_PT.SE_ANNO_CAD_DATA":null}},{"type":"Feature","id":32433736,"geometry":{"type":"Point","coordinates":[-77.043912851477302,38.881675403126842]},"properties":{"DCGIS.PLACE_NAMES_PT.NAME":"AIR MAIL MARKER","DCGIS.ADDRESSES_PT.ADDRESS":null,"DCGIS.ADDRESSES_PT.WARD":"Ward 2","DCGIS.ADDRESSES_PT.SMD":"SMD 2A01","DCGIS.ADDRESSES_PT.ANC":"ANC 2A","MAR.VW_PLACE_NAME_CATEGORIES.CATEGORY":"MONUMENT / PLAZA / STATUE","DCGIS.ADDRESSES_PT.SSL":"RES 03320000","DCGIS.PLACE_NAMES_PT.STATUS":"ACTIVE","DCGIS.PLACE_NAMES_PT.PLACE_NAME_ID":3647,"DCGIS.PLACE_NAMES_PT.MAR_ID":294436,"DCGIS.PLACE_NAMES_PT.BEFORE_DATE":null,"DCGIS.PLACE_NAMES_PT.BEFORE_DATE_SOURCE":null,"DCGIS.PLACE_NAMES_PT.BEGIN_DATE":null,"DCGIS.PLACE_NAMES_PT.BEGIN_DATE_SOURCE":null,"DCGIS.PLACE_NAMES_PT.FIRST_KNOWN_DATE":null,"DCGIS.PLACE_NAMES_PT.FIRST_KNOWN_DATE_SOURCE":null,"DCGIS.PLACE_NAMES_PT.CREATED_DATE":1124106359000,"DCGIS.PLACE_NAMES_PT.LAST_EDITED_DATE":1124106359000,"DCGIS.PLACE_NAMES_PT.SE_ANNO_CAD_DATA":null,"DCGIS.PLACE_NAMES_PT.OBJECTID":32433736,"DCGIS.ADDRESSES_PT.OBJECTID":217204201,"DCGIS.ADDRESSES_PT.SE_ANNO_CAD_DATA":null}},{"type":"Feature","id":32433737,"geometry":{"type":"Point","coordinates":[-77.043912851477302,38.881675403126842]},"properties":{"DCGIS.PLACE_NAMES_PT.NAME":"FIRST AIR MAIL DELIVERY","DCGIS.ADDRESSES_PT.ADDRESS":null,"DCGIS.ADDRESSES_PT.WARD":"Ward 2","DCGIS.ADDRESSES_PT.SMD":"SMD 2A01","DCGIS.ADDRESSES_PT.ANC":"ANC 2A","MAR.VW_PLACE_NAME_CATEGORIES.CATEGORY":"MONUMENT / PLAZA / STATUE","DCGIS.ADDRESSES_PT.SSL":"RES 03320000","DCGIS.PLACE_NAMES_PT.STATUS":"ACTIVE","DCGIS.PLACE_NAMES_PT.PLACE_NAME_ID":3648,"DCGIS.PLACE_NAMES_PT.MAR_ID":294436,"DCGIS.PLACE_NAMES_PT.BEFORE_DATE":null,"DCGIS.PLACE_NAMES_PT.BEFORE_DATE_SOURCE":null,"DCGIS.PLACE_NAMES_PT.BEGIN_DATE":null,"DCGIS.PLACE_NAMES_PT.BEGIN_DATE_SOURCE":null,"DCGIS.PLACE_NAMES_PT.FIRST_KNOWN_DATE":null,"DCGIS.PLACE_NAMES_PT.FIRST_KNOWN_DATE_SOURCE":null,"DCGIS.PLACE_NAMES_PT.CREATED_DATE":1124106359000,"DCGIS.PLACE_NAMES_PT.LAST_EDITED_DATE":1124106359000,"DCGIS.PLACE_NAMES_PT.SE_ANNO_CAD_DATA":null,"DCGIS.PLACE_NAMES_PT.OBJECTID":32433737,"DCGIS.ADDRESSES_PT.OBJECTID":217204201,"DCGIS.ADDRESSES_PT.SE_ANNO_CAD_DATA":null}},{"type":"Feature","id":32433738,"geometry":{"type":"Point","coordinates":[-77.041731712858336,38.883272759676828]},"properties":{"DCGIS.PLACE_NAMES_PT.NAME":"JAPANESE PAGODA","DCGIS.ADDRESSES_PT.ADDRESS":null,"DCGIS.ADDRESSES_PT.WARD":"Ward 2","DCGIS.ADDRESSES_PT.SMD":"SMD 2A01","DCGIS.ADDRESSES_PT.ANC":"ANC 2A","MAR.VW_PLACE_NAME_CATEGORIES.CATEGORY":"MONUMENT / PLAZA / STATUE","DCGIS.ADDRESSES_PT.SSL":"RES 03320000","DCGIS.PLACE_NAMES_PT.STATUS":"ACTIVE","DCGIS.PLACE_NAMES_PT.PLACE_NAME_ID":3649,"DCGIS.PLACE_NAMES_PT.MAR_ID":294437,"DCGIS.PLACE_NAMES_PT.BEFORE_DATE":null,"DCGIS.PLACE_NAMES_PT.BEFORE_DATE_SOURCE":null,"DCGIS.PLACE_NAMES_PT.BEGIN_DATE":null,"DCGIS.PLACE_NAMES_PT.BEGIN_DATE_SOURCE":null,"DCGIS.PLACE_NAMES_PT.FIRST_KNOWN_DATE":null,"DCGIS.PLACE_NAMES_PT.FIRST_KNOWN_DATE_SOURCE":null,"DCGIS.PLACE_NAMES_PT.CREATED_DATE":1124106359000,"DCGIS.PLACE_NAMES_PT.LAST_EDITED_DATE":1124106359000,"DCGIS.PLACE_NAMES_PT.SE_ANNO_CAD_DATA":null,"DCGIS.PLACE_NAMES_PT.OBJECTID":32433738,"DCGIS.ADDRESSES_PT.OBJECTID":217205041,"DCGIS.ADDRESSES_PT.SE_ANNO_CAD_DATA":null}},{"type":"Feature","id":32433739,"geometry":{"type":"Point","coordinates":[-77.038255508935819,38.878544184256604]},"properties":{"DCGIS.PLACE_NAMES_PT.NAME":"CUBAN AMERICAN FRIENDSHIP URN","DCGIS.ADDRESSES_PT.ADDRESS":null,"DCGIS.ADDRESSES_PT.WARD":"Ward 6","DCGIS.ADDRESSES_PT.SMD":"SMD 6D01","DCGIS.ADDRESSES_PT.ANC":"ANC 6D","MAR.VW_PLACE_NAME_CATEGORIES.CATEGORY":"MONUMENT / PLAZA / STATUE","DCGIS.ADDRESSES_PT.SSL":"PAR 03160005","DCGIS.PLACE_NAMES_PT.STATUS":"ACTIVE","DCGIS.PLACE_NAMES_PT.PLACE_NAME_ID":3650,"DCGIS.PLACE_NAMES_PT.MAR_ID":294438,"DCGIS.PLACE_NAMES_PT.BEFORE_DATE":null,"DCGIS.PLACE_NAMES_PT.BEFORE_DATE_SOURCE":null,"DCGIS.PLACE_NAMES_PT.BEGIN_DATE":null,"DCGIS.PLACE_NAMES_PT.BEGIN_DATE_SOURCE":null,"DCGIS.PLACE_NAMES_PT.FIRST_KNOWN_DATE":null,"DCGIS.PLACE_NAMES_PT.FIRST_KNOWN_DATE_SOURCE":null,"DCGIS.PLACE_NAMES_PT.CREATED_DATE":1124106359000,"DCGIS.PLACE_NAMES_PT.LAST_EDITED_DATE":1124106359000,"DCGIS.PLACE_NAMES_PT.SE_ANNO_CAD_DATA":null,"DCGIS.PLACE_NAMES_PT.OBJECTID":32433739,"DCGIS.ADDRESSES_PT.OBJECTID":217224804,"DCGIS.ADDRESSES_PT.SE_ANNO_CAD_DATA":null}},{"type":"Feature","id":32433740,"geometry":{"type":"Point","coordinates":[-77.050191751209837,38.886684869634351]},"properties":{"DCGIS.PLACE_NAMES_PT.NAME":"JOHN ERICSSON STATUE","DCGIS.ADDRESSES_PT.ADDRESS":null,"DCGIS.ADDRESSES_PT.WARD":"Ward 2","DCGIS.ADDRESSES_PT.SMD":"SMD 2A01","DCGIS.ADDRESSES_PT.ANC":"ANC 2A","MAR.VW_PLACE_NAME_CATEGORIES.CATEGORY":"MONUMENT / PLAZA / STATUE","DCGIS.ADDRESSES_PT.SSL":"RES 03320000","DCGIS.PLACE_NAMES_PT.STATUS":"ACTIVE","DCGIS.PLACE_NAMES_PT.PLACE_NAME_ID":11780,"DCGIS.PLACE_NAMES_PT.MAR_ID":294439,"DCGIS.PLACE_NAMES_PT.BEFORE_DATE":null,"DCGIS.PLACE_NAMES_PT.BEFORE_DATE_SOURCE":null,"DCGIS.PLACE_NAMES_PT.BEGIN_DATE":null,"DCGIS.PLACE_NAMES_PT.BEGIN_DATE_SOURCE":null,"DCGIS.PLACE_NAMES_PT.FIRST_KNOWN_DATE":null,"DCGIS.PLACE_NAMES_PT.FIRST_KNOWN_DATE_SOURCE":null,"DCGIS.PLACE_NAMES_PT.CREATED_DATE":1334138992000,"DCGIS.PLACE_NAMES_PT.LAST_EDITED_DATE":1334138992000,"DCGIS.PLACE_NAMES_PT.SE_ANNO_CAD_DATA":null,"DCGIS.PLACE_NAMES_PT.OBJECTID":32433740,"DCGIS.ADDRESSES_PT.OBJECTID":217204367,"DCGIS.ADDRESSES_PT.SE_ANNO_CAD_DATA":null}},{"type":"Feature","id":32433741,"geometry":{"type":"Point","coordinates":[-77.050191751209837,38.886684869634351]},"properties":{"DCGIS.PLACE_NAMES_PT.NAME":"JOHN ERICSSON NATIONAL MEMORIAL","DCGIS.ADDRESSES_PT.ADDRESS":null,"DCGIS.ADDRESSES_PT.WARD":"Ward 2","DCGIS.ADDRESSES_PT.SMD":"SMD 2A01","DCGIS.ADDRESSES_PT.ANC":"ANC 2A","MAR.VW_PLACE_NAME_CATEGORIES.CATEGORY":"MONUMENT / PLAZA / STATUE","DCGIS.ADDRESSES_PT.SSL":"RES 03320000","DCGIS.PLACE_NAMES_PT.STATUS":"ACTIVE","DCGIS.PLACE_NAMES_PT.PLACE_NAME_ID":11779,"DCGIS.PLACE_NAMES_PT.MAR_ID":294439,"DCGIS.PLACE_NAMES_PT.BEFORE_DATE":null,"DCGIS.PLACE_NAMES_PT.BEFORE_DATE_SOURCE":null,"DCGIS.PLACE_NAMES_PT.BEGIN_DATE":null,"DCGIS.PLACE_NAMES_PT.BEGIN_DATE_SOURCE":null,"DCGIS.PLACE_NAMES_PT.FIRST_KNOWN_DATE":null,"DCGIS.PLACE_NAMES_PT.FIRST_KNOWN_DATE_SOURCE":null,"DCGIS.PLACE_NAMES_PT.CREATED_DATE":1334138992000,"DCGIS.PLACE_NAMES_PT.LAST_EDITED_DATE":1334138992000,"DCGIS.PLACE_NAMES_PT.SE_ANNO_CAD_DATA":null,"DCGIS.PLACE_NAMES_PT.OBJECTID":32433741,"DCGIS.ADDRESSES_PT.OBJECTID":217204367,"DCGIS.ADDRESSES_PT.SE_ANNO_CAD_DATA":null}},{"type":"Feature","id":32433742,"geometry":{"type":"Point","coordinates":[-76.989174358185679,38.889811241582656]},"properties":{"DCGIS.PLACE_NAMES_PT.NAME":"MARY MCLEOD BETHUNE STATUE","DCGIS.ADDRESSES_PT.ADDRESS":null,"DCGIS.ADDRESSES_PT.WARD":"Ward 6","DCGIS.ADDRESSES_PT.SMD":"SMD 6A04","DCGIS.ADDRESSES_PT.ANC":"ANC 6A","MAR.VW_PLACE_NAME_CATEGORIES.CATEGORY":"MONUMENT / PLAZA / STATUE","DCGIS.ADDRESSES_PT.SSL":"0988S   0800","DCGIS.PLACE_NAMES_PT.STATUS":"ACTIVE","DCGIS.PLACE_NAMES_PT.PLACE_NAME_ID":11760,"DCGIS.PLACE_NAMES_PT.MAR_ID":294445,"DCGIS.PLACE_NAMES_PT.BEFORE_DATE":null,"DCGIS.PLACE_NAMES_PT.BEFORE_DATE_SOURCE":null,"DCGIS.PLACE_NAMES_PT.BEGIN_DATE":null,"DCGIS.PLACE_NAMES_PT.BEGIN_DATE_SOURCE":null,"DCGIS.PLACE_NAMES_PT.FIRST_KNOWN_DATE":null,"DCGIS.PLACE_NAMES_PT.FIRST_KNOWN_DATE_SOURCE":null,"DCGIS.PLACE_NAMES_PT.CREATED_DATE":1334078198000,"DCGIS.PLACE_NAMES_PT.LAST_EDITED_DATE":1334078198000,"DCGIS.PLACE_NAMES_PT.SE_ANNO_CAD_DATA":null,"DCGIS.PLACE_NAMES_PT.OBJECTID":32433742,"DCGIS.ADDRESSES_PT.OBJECTID":217204312,"DCGIS.ADDRESSES_PT.SE_ANNO_CAD_DATA":null}},{"type":"Feature","id":32433743,"geometry":{"type":"Point","coordinates":[-77.005760148099441,38.889913305492584]},"properties":{"DCGIS.PLACE_NAMES_PT.NAME":"CONTEMPLATION OF JUSTICE","DCGIS.ADDRESSES_PT.ADDRESS":null,"DCGIS.ADDRESSES_PT.WARD":"Ward 6","DCGIS.ADDRESSES_PT.SMD":"SMD 6C02","DCGIS.ADDRESSES_PT.ANC":"ANC 6C","MAR.VW_PLACE_NAME_CATEGORIES.CATEGORY":"MONUMENT / PLAZA / STATUE","DCGIS.ADDRESSES_PT.SSL":null,"DCGIS.PLACE_NAMES_PT.STATUS":"ACTIVE","DCGIS.PLACE_NAMES_PT.PLACE_NAME_ID":3660,"DCGIS.PLACE_NAMES_PT.MAR_ID":294448,"DCGIS.PLACE_NAMES_PT.BEFORE_DATE":null,"DCGIS.PLACE_NAMES_PT.BEFORE_DATE_SOURCE":null,"DCGIS.PLACE_NAMES_PT.BEGIN_DATE":null,"DCGIS.PLACE_NAMES_PT.BEGIN_DATE_SOURCE":null,"DCGIS.PLACE_NAMES_PT.FIRST_KNOWN_DATE":null,"DCGIS.PLACE_NAMES_PT.FIRST_KNOWN_DATE_SOURCE":null,"DCGIS.PLACE_NAMES_PT.CREATED_DATE":1124106359000,"DCGIS.PLACE_NAMES_PT.LAST_EDITED_DATE":1124106359000,"DCGIS.PLACE_NAMES_PT.SE_ANNO_CAD_DATA":null,"DCGIS.PLACE_NAMES_PT.OBJECTID":32433743,"DCGIS.ADDRESSES_PT.OBJECTID":217259215,"DCGIS.ADDRESSES_PT.SE_ANNO_CAD_DATA":null}},{"type":"Feature","id":32433744,"geometry":{"type":"Point","coordinates":[-77.054583068131777,38.896941006857929]},"properties":{"DCGIS.PLACE_NAMES_PT.NAME":"DON QUIXOTE","DCGIS.ADDRESSES_PT.ADDRESS":null,"DCGIS.ADDRESSES_PT.WARD":"Ward 2","DCGIS.ADDRESSES_PT.SMD":"SMD 2A04","DCGIS.ADDRESSES_PT.ANC":"ANC 2A","MAR.VW_PLACE_NAME_CATEGORIES.CATEGORY":"MONUMENT / PLAZA / STATUE","DCGIS.ADDRESSES_PT.SSL":"0012    0806","DCGIS.PLACE_NAMES_PT.STATUS":"ACTIVE","DCGIS.PLACE_NAMES_PT.PLACE_NAME_ID":3661,"DCGIS.PLACE_NAMES_PT.MAR_ID":294449,"DCGIS.PLACE_NAMES_PT.BEFORE_DATE":null,"DCGIS.PLACE_NAMES_PT.BEFORE_DATE_SOURCE":null,"DCGIS.PLACE_NAMES_PT.BEGIN_DATE":null,"DCGIS.PLACE_NAMES_PT.BEGIN_DATE_SOURCE":null,"DCGIS.PLACE_NAMES_PT.FIRST_KNOWN_DATE":null,"DCGIS.PLACE_NAMES_PT.FIRST_KNOWN_DATE_SOURCE":null,"DCGIS.PLACE_NAMES_PT.CREATED_DATE":1124106359000,"DCGIS.PLACE_NAMES_PT.LAST_EDITED_DATE":1124106359000,"DCGIS.PLACE_NAMES_PT.SE_ANNO_CAD_DATA":null,"DCGIS.PLACE_NAMES_PT.OBJECTID":32433744,"DCGIS.ADDRESSES_PT.OBJECTID":217203975,"DCGIS.ADDRESSES_PT.SE_ANNO_CAD_DATA":null}},{"type":"Feature","id":32433745,"geometry":{"type":"Point","coordinates":[-77.053634454010009,38.898781585036836]},"properties":{"DCGIS.PLACE_NAMES_PT.NAME":"BENITO PABLO JUAREZ STATUE","DCGIS.ADDRESSES_PT.ADDRESS":null,"DCGIS.ADDRESSES_PT.WARD":"Ward 2","DCGIS.ADDRESSES_PT.SMD":"SMD 2A04","DCGIS.ADDRESSES_PT.ANC":"ANC 2A","MAR.VW_PLACE_NAME_CATEGORIES.CATEGORY":"MONUMENT / PLAZA / STATUE","DCGIS.ADDRESSES_PT.SSL":"0008E   0800","DCGIS.PLACE_NAMES_PT.STATUS":"ACTIVE","DCGIS.PLACE_NAMES_PT.PLACE_NAME_ID":11735,"DCGIS.PLACE_NAMES_PT.MAR_ID":294450,"DCGIS.PLACE_NAMES_PT.BEFORE_DATE":null,"DCGIS.PLACE_NAMES_PT.BEFORE_DATE_SOURCE":null,"DCGIS.PLACE_NAMES_PT.BEGIN_DATE":null,"DCGIS.PLACE_NAMES_PT.BEGIN_DATE_SOURCE":null,"DCGIS.PLACE_NAMES_PT.FIRST_KNOWN_DATE":null,"DCGIS.PLACE_NAMES_PT.FIRST_KNOWN_DATE_SOURCE":null,"DCGIS.PLACE_NAMES_PT.CREATED_DATE":1334070819000,"DCGIS.PLACE_NAMES_PT.LAST_EDITED_DATE":1334070819000,"DCGIS.PLACE_NAMES_PT.SE_ANNO_CAD_DATA":null,"DCGIS.PLACE_NAMES_PT.OBJECTID":32433745,"DCGIS.ADDRESSES_PT.OBJECTID":217204706,"DCGIS.ADDRESSES_PT.SE_ANNO_CAD_DATA":null}},{"type":"Feature","id":32433747,"geometry":{"type":"Point","coordinates":[-77.010343953389579,38.94739126575606]},"properties":{"DCGIS.PLACE_NAMES_PT.NAME":"ADAMS MEMORIAL","DCGIS.ADDRESSES_PT.ADDRESS":null,"DCGIS.ADDRESSES_PT.WARD":"Ward 4","DCGIS.ADDRESSES_PT.SMD":"SMD 4D05","DCGIS.ADDRESSES_PT.ANC":"ANC 4D","MAR.VW_PLACE_NAME_CATEGORIES.CATEGORY":"MONUMENT / PLAZA / STATUE","DCGIS.ADDRESSES_PT.SSL":"PAR 01110037","DCGIS.PLACE_NAMES_PT.STATUS":"ACTIVE","DCGIS.PLACE_NAMES_PT.PLACE_NAME_ID":3665,"DCGIS.PLACE_NAMES_PT.MAR_ID":294452,"DCGIS.PLACE_NAMES_PT.BEFORE_DATE":null,"DCGIS.PLACE_NAMES_PT.BEFORE_DATE_SOURCE":null,"DCGIS.PLACE_NAMES_PT.BEGIN_DATE":null,"DCGIS.PLACE_NAMES_PT.BEGIN_DATE_SOURCE":null,"DCGIS.PLACE_NAMES_PT.FIRST_KNOWN_DATE":null,"DCGIS.PLACE_NAMES_PT.FIRST_KNOWN_DATE_SOURCE":null,"DCGIS.PLACE_NAMES_PT.CREATED_DATE":1124106359000,"DCGIS.PLACE_NAMES_PT.LAST_EDITED_DATE":1124106359000,"DCGIS.PLACE_NAMES_PT.SE_ANNO_CAD_DATA":null,"DCGIS.PLACE_NAMES_PT.OBJECTID":32433747,"DCGIS.ADDRESSES_PT.OBJECTID":217118408,"DCGIS.ADDRESSES_PT.SE_ANNO_CAD_DATA":null}},{"type":"Feature","id":32433752,"geometry":{"type":"Point","coordinates":[-77.012673520363364,38.887143043743457]},"properties":{"DCGIS.PLACE_NAMES_PT.NAME":"BARTHOLDI FOUNTAIN","DCGIS.ADDRESSES_PT.ADDRESS":null,"DCGIS.ADDRESSES_PT.WARD":"Ward 6","DCGIS.ADDRESSES_PT.SMD":"SMD 6B01","DCGIS.ADDRESSES_PT.ANC":"ANC 6B","MAR.VW_PLACE_NAME_CATEGORIES.CATEGORY":"MONUMENT / PLAZA / STATUE","DCGIS.ADDRESSES_PT.SSL":null,"DCGIS.PLACE_NAMES_PT.STATUS":"ACTIVE","DCGIS.PLACE_NAMES_PT.PLACE_NAME_ID":5254,"DCGIS.PLACE_NAMES_PT.MAR_ID":295833,"DCGIS.PLACE_NAMES_PT.BEFORE_DATE":null,"DCGIS.PLACE_NAMES_PT.BEFORE_DATE_SOURCE":null,"DCGIS.PLACE_NAMES_PT.BEGIN_DATE":null,"DCGIS.PLACE_NAMES_PT.BEGIN_DATE_SOURCE":null,"DCGIS.PLACE_NAMES_PT.FIRST_KNOWN_DATE":null,"DCGIS.PLACE_NAMES_PT.FIRST_KNOWN_DATE_SOURCE":null,"DCGIS.PLACE_NAMES_PT.CREATED_DATE":1127666755000,"DCGIS.PLACE_NAMES_PT.LAST_EDITED_DATE":1127666755000,"DCGIS.PLACE_NAMES_PT.SE_ANNO_CAD_DATA":null,"DCGIS.PLACE_NAMES_PT.OBJECTID":32433752,"DCGIS.ADDRESSES_PT.OBJECTID":217218926,"DCGIS.ADDRESSES_PT.SE_ANNO_CAD_DATA":null}},{"type":"Feature","id":32433875,"geometry":{"type":"Point","coordinates":[-77.048852064602329,38.890030519473193]},"properties":{"DCGIS.PLACE_NAMES_PT.NAME":"VIETNAM VETERANS MEMORIAL INFORMATION KIOSK","DCGIS.ADDRESSES_PT.ADDRESS":null,"DCGIS.ADDRESSES_PT.WARD":"Ward 2","DCGIS.ADDRESSES_PT.SMD":"SMD 2A01","DCGIS.ADDRESSES_PT.ANC":"ANC 2A","MAR.VW_PLACE_NAME_CATEGORIES.CATEGORY":"MONUMENT / PLAZA / STATUE","DCGIS.ADDRESSES_PT.SSL":"RES 03320000","DCGIS.PLACE_NAMES_PT.STATUS":"ACTIVE","DCGIS.PLACE_NAMES_PT.PLACE_NAME_ID":7250,"DCGIS.PLACE_NAMES_PT.MAR_ID":301622,"DCGIS.PLACE_NAMES_PT.BEFORE_DATE":null,"DCGIS.PLACE_NAMES_PT.BEFORE_DATE_SOURCE":null,"DCGIS.PLACE_NAMES_PT.BEGIN_DATE":null,"DCGIS.PLACE_NAMES_PT.BEGIN_DATE_SOURCE":null,"DCGIS.PLACE_NAMES_PT.FIRST_KNOWN_DATE":null,"DCGIS.PLACE_NAMES_PT.FIRST_KNOWN_DATE_SOURCE":null,"DCGIS.PLACE_NAMES_PT.CREATED_DATE":1149262837000,"DCGIS.PLACE_NAMES_PT.LAST_EDITED_DATE":1149262837000,"DCGIS.PLACE_NAMES_PT.SE_ANNO_CAD_DATA":null,"DCGIS.PLACE_NAMES_PT.OBJECTID":32433875,"DCGIS.ADDRESSES_PT.OBJECTID":217215708,"DCGIS.ADDRESSES_PT.SE_ANNO_CAD_DATA":null}},{"type":"Feature","id":32433933,"geometry":{"type":"Point","coordinates":[-77.032560987209678,38.888563687621229]},"properties":{"DCGIS.PLACE_NAMES_PT.NAME":"WASHINGTON MONUMENT TOURMOBILE KIOSK","DCGIS.ADDRESSES_PT.ADDRESS":null,"DCGIS.ADDRESSES_PT.WARD":"Ward 2","DCGIS.ADDRESSES_PT.SMD":"SMD 2C03","DCGIS.ADDRESSES_PT.ANC":"ANC 2C","MAR.VW_PLACE_NAME_CATEGORIES.CATEGORY":"MONUMENT / PLAZA / STATUE","DCGIS.ADDRESSES_PT.SSL":"RES 00020000","DCGIS.PLACE_NAMES_PT.STATUS":"ACTIVE","DCGIS.PLACE_NAMES_PT.PLACE_NAME_ID":7335,"DCGIS.PLACE_NAMES_PT.MAR_ID":301707,"DCGIS.PLACE_NAMES_PT.BEFORE_DATE":null,"DCGIS.PLACE_NAMES_PT.BEFORE_DATE_SOURCE":null,"DCGIS.PLACE_NAMES_PT.BEGIN_DATE":null,"DCGIS.PLACE_NAMES_PT.BEGIN_DATE_SOURCE":null,"DCGIS.PLACE_NAMES_PT.FIRST_KNOWN_DATE":null,"DCGIS.PLACE_NAMES_PT.FIRST_KNOWN_DATE_SOURCE":null,"DCGIS.PLACE_NAMES_PT.CREATED_DATE":1149262837000,"DCGIS.PLACE_NAMES_PT.LAST_EDITED_DATE":1149262837000,"DCGIS.PLACE_NAMES_PT.SE_ANNO_CAD_DATA":null,"DCGIS.PLACE_NAMES_PT.OBJECTID":32433933,"DCGIS.ADDRESSES_PT.OBJECTID":217204454,"DCGIS.ADDRESSES_PT.SE_ANNO_CAD_DATA":null}},{"type":"Feature","id":32433937,"geometry":{"type":"Point","coordinates":[-77.046610718681052,38.88420652550527]},"properties":{"DCGIS.PLACE_NAMES_PT.NAME":"FDR MEMORIAL TOURMOBILE KIOSK","DCGIS.ADDRESSES_PT.ADDRESS":null,"DCGIS.ADDRESSES_PT.WARD":"Ward 2","DCGIS.ADDRESSES_PT.SMD":"SMD 2A01","DCGIS.ADDRESSES_PT.ANC":"ANC 2A","MAR.VW_PLACE_NAME_CATEGORIES.CATEGORY":"MONUMENT / PLAZA / STATUE","DCGIS.ADDRESSES_PT.SSL":"RES 03320000","DCGIS.PLACE_NAMES_PT.STATUS":"ACTIVE","DCGIS.PLACE_NAMES_PT.PLACE_NAME_ID":7349,"DCGIS.PLACE_NAMES_PT.MAR_ID":301721,"DCGIS.PLACE_NAMES_PT.BEFORE_DATE":null,"DCGIS.PLACE_NAMES_PT.BEFORE_DATE_SOURCE":null,"DCGIS.PLACE_NAMES_PT.BEGIN_DATE":null,"DCGIS.PLACE_NAMES_PT.BEGIN_DATE_SOURCE":null,"DCGIS.PLACE_NAMES_PT.FIRST_KNOWN_DATE":null,"DCGIS.PLACE_NAMES_PT.FIRST_KNOWN_DATE_SOURCE":null,"DCGIS.PLACE_NAMES_PT.CREATED_DATE":1149262837000,"DCGIS.PLACE_NAMES_PT.LAST_EDITED_DATE":1149262837000,"DCGIS.PLACE_NAMES_PT.SE_ANNO_CAD_DATA":null,"DCGIS.PLACE_NAMES_PT.OBJECTID":32433937,"DCGIS.ADDRESSES_PT.OBJECTID":217214668,"DCGIS.ADDRESSES_PT.SE_ANNO_CAD_DATA":null}},{"type":"Feature","id":32433945,"geometry":{"type":"Point","coordinates":[-77.039198001966199,38.879594250485717]},"properties":{"DCGIS.PLACE_NAMES_PT.NAME":"GEORGE MASON MEMORIAL","DCGIS.ADDRESSES_PT.ADDRESS":null,"DCGIS.ADDRESSES_PT.WARD":"Ward 2","DCGIS.ADDRESSES_PT.SMD":"SMD 2A01","DCGIS.ADDRESSES_PT.ANC":"ANC 2A","MAR.VW_PLACE_NAME_CATEGORIES.CATEGORY":"MONUMENT / PLAZA / STATUE","DCGIS.ADDRESSES_PT.SSL":"PAR 03160005","DCGIS.PLACE_NAMES_PT.STATUS":"ACTIVE","DCGIS.PLACE_NAMES_PT.PLACE_NAME_ID":7401,"DCGIS.PLACE_NAMES_PT.MAR_ID":301856,"DCGIS.PLACE_NAMES_PT.BEFORE_DATE":null,"DCGIS.PLACE_NAMES_PT.BEFORE_DATE_SOURCE":null,"DCGIS.PLACE_NAMES_PT.BEGIN_DATE":null,"DCGIS.PLACE_NAMES_PT.BEGIN_DATE_SOURCE":null,"DCGIS.PLACE_NAMES_PT.FIRST_KNOWN_DATE":null,"DCGIS.PLACE_NAMES_PT.FIRST_KNOWN_DATE_SOURCE":null,"DCGIS.PLACE_NAMES_PT.CREATED_DATE":1150464369000,"DCGIS.PLACE_NAMES_PT.LAST_EDITED_DATE":1150464369000,"DCGIS.PLACE_NAMES_PT.SE_ANNO_CAD_DATA":null,"DCGIS.PLACE_NAMES_PT.OBJECTID":32433945,"DCGIS.ADDRESSES_PT.OBJECTID":217204739,"DCGIS.ADDRESSES_PT.SE_ANNO_CAD_DATA":null}},{"type":"Feature","id":32434037,"geometry":{"type":"Point","coordinates":[-77.044644789751217,38.889364412325783]},"properties":{"DCGIS.PLACE_NAMES_PT.NAME":"REFLECTING POOL","DCGIS.ADDRESSES_PT.ADDRESS":null,"DCGIS.ADDRESSES_PT.WARD":"Ward 2","DCGIS.ADDRESSES_PT.SMD":"SMD 2A01","DCGIS.ADDRESSES_PT.ANC":"ANC 2A","MAR.VW_PLACE_NAME_CATEGORIES.CATEGORY":"MONUMENT / PLAZA / STATUE","DCGIS.ADDRESSES_PT.SSL":"RES 03320000","DCGIS.PLACE_NAMES_PT.STATUS":"ACTIVE","DCGIS.PLACE_NAMES_PT.PLACE_NAME_ID":8092,"DCGIS.PLACE_NAMES_PT.MAR_ID":304149,"DCGIS.PLACE_NAMES_PT.BEFORE_DATE":null,"DCGIS.PLACE_NAMES_PT.BEFORE_DATE_SOURCE":null,"DCGIS.PLACE_NAMES_PT.BEGIN_DATE":null,"DCGIS.PLACE_NAMES_PT.BEGIN_DATE_SOURCE":null,"DCGIS.PLACE_NAMES_PT.FIRST_KNOWN_DATE":null,"DCGIS.PLACE_NAMES_PT.FIRST_KNOWN_DATE_SOURCE":null,"DCGIS.PLACE_NAMES_PT.CREATED_DATE":1177847305000,"DCGIS.PLACE_NAMES_PT.LAST_EDITED_DATE":1177847305000,"DCGIS.PLACE_NAMES_PT.SE_ANNO_CAD_DATA":null,"DCGIS.PLACE_NAMES_PT.OBJECTID":32434037,"DCGIS.ADDRESSES_PT.OBJECTID":217204199,"DCGIS.ADDRESSES_PT.SE_ANNO_CAD_DATA":null}},{"type":"Feature","id":32434039,"geometry":{"type":"Point","coordinates":[-77.0215764006049,38.893593537151695]},"properties":{"DCGIS.PLACE_NAMES_PT.NAME":"STEPHENSON DR. BENJAMIN F. GRAND ARMY OF THE REPUBLIC MEMORIAL","DCGIS.ADDRESSES_PT.ADDRESS":null,"DCGIS.ADDRESSES_PT.WARD":"Ward 2","DCGIS.ADDRESSES_PT.SMD":"SMD 2C03","DCGIS.ADDRESSES_PT.ANC":"ANC 2C","MAR.VW_PLACE_NAME_CATEGORIES.CATEGORY":"MONUMENT / PLAZA / STATUE","DCGIS.ADDRESSES_PT.SSL":"0459    0814","DCGIS.PLACE_NAMES_PT.STATUS":"ACTIVE","DCGIS.PLACE_NAMES_PT.PLACE_NAME_ID":23711,"DCGIS.PLACE_NAMES_PT.MAR_ID":304154,"DCGIS.PLACE_NAMES_PT.BEFORE_DATE":null,"DCGIS.PLACE_NAMES_PT.BEFORE_DATE_SOURCE":null,"DCGIS.PLACE_NAMES_PT.BEGIN_DATE":null,"DCGIS.PLACE_NAMES_PT.BEGIN_DATE_SOURCE":null,"DCGIS.PLACE_NAMES_PT.FIRST_KNOWN_DATE":null,"DCGIS.PLACE_NAMES_PT.FIRST_KNOWN_DATE_SOURCE":null,"DCGIS.PLACE_NAMES_PT.CREATED_DATE":1734347191000,"DCGIS.PLACE_NAMES_PT.LAST_EDITED_DATE":1734347191000,"DCGIS.PLACE_NAMES_PT.SE_ANNO_CAD_DATA":null,"DCGIS.PLACE_NAMES_PT.OBJECTID":32434039,"DCGIS.ADDRESSES_PT.OBJECTID":217204532,"DCGIS.ADDRESSES_PT.SE_ANNO_CAD_DATA":null}},{"type":"Feature","id":32434052,"geometry":{"type":"Point","coordinates":[-77.057193162270806,38.905413652242082]},"properties":{"DCGIS.PLACE_NAMES_PT.NAME":"SIMS HOUSE","DCGIS.ADDRESSES_PT.ADDRESS":null,"DCGIS.ADDRESSES_PT.WARD":"Ward 2","DCGIS.ADDRESSES_PT.SMD":"SMD 2E06","DCGIS.ADDRESSES_PT.ANC":"ANC 2E","MAR.VW_PLACE_NAME_CATEGORIES.CATEGORY":"MONUMENT / PLAZA / STATUE","DCGIS.ADDRESSES_PT.SSL":"1212    0201","DCGIS.PLACE_NAMES_PT.STATUS":"ACTIVE","DCGIS.PLACE_NAMES_PT.PLACE_NAME_ID":8115,"DCGIS.PLACE_NAMES_PT.MAR_ID":304173,"DCGIS.PLACE_NAMES_PT.BEFORE_DATE":null,"DCGIS.PLACE_NAMES_PT.BEFORE_DATE_SOURCE":null,"DCGIS.PLACE_NAMES_PT.BEGIN_DATE":null,"DCGIS.PLACE_NAMES_PT.BEGIN_DATE_SOURCE":null,"DCGIS.PLACE_NAMES_PT.FIRST_KNOWN_DATE":null,"DCGIS.PLACE_NAMES_PT.FIRST_KNOWN_DATE_SOURCE":null,"DCGIS.PLACE_NAMES_PT.CREATED_DATE":1178789511000,"DCGIS.PLACE_NAMES_PT.LAST_EDITED_DATE":1178789511000,"DCGIS.PLACE_NAMES_PT.SE_ANNO_CAD_DATA":null,"DCGIS.PLACE_NAMES_PT.OBJECTID":32434052,"DCGIS.ADDRESSES_PT.OBJECTID":217203990,"DCGIS.ADDRESSES_PT.SE_ANNO_CAD_DATA":null}},{"type":"Feature","id":32434081,"geometry":{"type":"Point","coordinates":[-77.050655087201093,38.912156445269609]},"properties":{"DCGIS.PLACE_NAMES_PT.NAME":"PHILLIP H SHERIDAN STATUE","DCGIS.ADDRESSES_PT.ADDRESS":null,"DCGIS.ADDRESSES_PT.WARD":"Ward 2","DCGIS.ADDRESSES_PT.SMD":"SMD 2D02","DCGIS.ADDRESSES_PT.ANC":"ANC 2D","MAR.VW_PLACE_NAME_CATEGORIES.CATEGORY":"MONUMENT / PLAZA / STATUE","DCGIS.ADDRESSES_PT.SSL":"2512W   0800","DCGIS.PLACE_NAMES_PT.STATUS":"ACTIVE","DCGIS.PLACE_NAMES_PT.PLACE_NAME_ID":11738,"DCGIS.PLACE_NAMES_PT.MAR_ID":304216,"DCGIS.PLACE_NAMES_PT.BEFORE_DATE":null,"DCGIS.PLACE_NAMES_PT.BEFORE_DATE_SOURCE":null,"DCGIS.PLACE_NAMES_PT.BEGIN_DATE":null,"DCGIS.PLACE_NAMES_PT.BEGIN_DATE_SOURCE":null,"DCGIS.PLACE_NAMES_PT.FIRST_KNOWN_DATE":null,"DCGIS.PLACE_NAMES_PT.FIRST_KNOWN_DATE_SOURCE":null,"DCGIS.PLACE_NAMES_PT.CREATED_DATE":1334070977000,"DCGIS.PLACE_NAMES_PT.LAST_EDITED_DATE":1334070977000,"DCGIS.PLACE_NAMES_PT.SE_ANNO_CAD_DATA":null,"DCGIS.PLACE_NAMES_PT.OBJECTID":32434081,"DCGIS.ADDRESSES_PT.OBJECTID":217204487,"DCGIS.ADDRESSES_PT.SE_ANNO_CAD_DATA":null}},{"type":"Feature","id":32434089,"geometry":{"type":"Point","coordinates":[-76.990243099208143,38.889815569662076]},"properties":{"DCGIS.PLACE_NAMES_PT.NAME":"ABRAHAM LINCOLN STATUE","DCGIS.ADDRESSES_PT.ADDRESS":null,"DCGIS.ADDRESSES_PT.WARD":"Ward 6","DCGIS.ADDRESSES_PT.SMD":"SMD 6A04","DCGIS.ADDRESSES_PT.ANC":"ANC 6A","MAR.VW_PLACE_NAME_CATEGORIES.CATEGORY":"MONUMENT / PLAZA / STATUE","DCGIS.ADDRESSES_PT.SSL":"0988S   0800","DCGIS.PLACE_NAMES_PT.STATUS":"ACTIVE","DCGIS.PLACE_NAMES_PT.PLACE_NAME_ID":11827,"DCGIS.PLACE_NAMES_PT.MAR_ID":304227,"DCGIS.PLACE_NAMES_PT.BEFORE_DATE":null,"DCGIS.PLACE_NAMES_PT.BEFORE_DATE_SOURCE":null,"DCGIS.PLACE_NAMES_PT.BEGIN_DATE":null,"DCGIS.PLACE_NAMES_PT.BEGIN_DATE_SOURCE":null,"DCGIS.PLACE_NAMES_PT.FIRST_KNOWN_DATE":null,"DCGIS.PLACE_NAMES_PT.FIRST_KNOWN_DATE_SOURCE":null,"DCGIS.PLACE_NAMES_PT.CREATED_DATE":1334738261000,"DCGIS.PLACE_NAMES_PT.LAST_EDITED_DATE":1334738261000,"DCGIS.PLACE_NAMES_PT.SE_ANNO_CAD_DATA":null,"DCGIS.PLACE_NAMES_PT.OBJECTID":32434089,"DCGIS.ADDRESSES_PT.OBJECTID":217204361,"DCGIS.ADDRESSES_PT.SE_ANNO_CAD_DATA":null}},{"type":"Feature","id":32434090,"geometry":{"type":"Point","coordinates":[-76.990243099208143,38.889815569662076]},"properties":{"DCGIS.PLACE_NAMES_PT.NAME":"EMANCIPATION MONUMENT","DCGIS.ADDRESSES_PT.ADDRESS":null,"DCGIS.ADDRESSES_PT.WARD":"Ward 6","DCGIS.ADDRESSES_PT.SMD":"SMD 6A04","DCGIS.ADDRESSES_PT.ANC":"ANC 6A","MAR.VW_PLACE_NAME_CATEGORIES.CATEGORY":"MONUMENT / PLAZA / STATUE","DCGIS.ADDRESSES_PT.SSL":"0988S   0800","DCGIS.PLACE_NAMES_PT.STATUS":"ACTIVE","DCGIS.PLACE_NAMES_PT.PLACE_NAME_ID":11757,"DCGIS.PLACE_NAMES_PT.MAR_ID":304227,"DCGIS.PLACE_NAMES_PT.BEFORE_DATE":null,"DCGIS.PLACE_NAMES_PT.BEFORE_DATE_SOURCE":null,"DCGIS.PLACE_NAMES_PT.BEGIN_DATE":null,"DCGIS.PLACE_NAMES_PT.BEGIN_DATE_SOURCE":null,"DCGIS.PLACE_NAMES_PT.FIRST_KNOWN_DATE":null,"DCGIS.PLACE_NAMES_PT.FIRST_KNOWN_DATE_SOURCE":null,"DCGIS.PLACE_NAMES_PT.CREATED_DATE":1334078061000,"DCGIS.PLACE_NAMES_PT.LAST_EDITED_DATE":1334078061000,"DCGIS.PLACE_NAMES_PT.SE_ANNO_CAD_DATA":null,"DCGIS.PLACE_NAMES_PT.OBJECTID":32434090,"DCGIS.ADDRESSES_PT.OBJECTID":217204361,"DCGIS.ADDRESSES_PT.SE_ANNO_CAD_DATA":null}},{"type":"Feature","id":32434091,"geometry":{"type":"Point","coordinates":[-76.990243099208143,38.889815569662076]},"properties":{"DCGIS.PLACE_NAMES_PT.NAME":"FREEDMAN'S MEMORIAL","DCGIS.ADDRESSES_PT.ADDRESS":null,"DCGIS.ADDRESSES_PT.WARD":"Ward 6","DCGIS.ADDRESSES_PT.SMD":"SMD 6A04","DCGIS.ADDRESSES_PT.ANC":"ANC 6A","MAR.VW_PLACE_NAME_CATEGORIES.CATEGORY":"MONUMENT / PLAZA / STATUE","DCGIS.ADDRESSES_PT.SSL":"0988S   0800","DCGIS.PLACE_NAMES_PT.STATUS":"ACTIVE","DCGIS.PLACE_NAMES_PT.PLACE_NAME_ID":11758,"DCGIS.PLACE_NAMES_PT.MAR_ID":304227,"DCGIS.PLACE_NAMES_PT.BEFORE_DATE":null,"DCGIS.PLACE_NAMES_PT.BEFORE_DATE_SOURCE":null,"DCGIS.PLACE_NAMES_PT.BEGIN_DATE":null,"DCGIS.PLACE_NAMES_PT.BEGIN_DATE_SOURCE":null,"DCGIS.PLACE_NAMES_PT.FIRST_KNOWN_DATE":null,"DCGIS.PLACE_NAMES_PT.FIRST_KNOWN_DATE_SOURCE":null,"DCGIS.PLACE_NAMES_PT.CREATED_DATE":1334078061000,"DCGIS.PLACE_NAMES_PT.LAST_EDITED_DATE":1334078061000,"DCGIS.PLACE_NAMES_PT.SE_ANNO_CAD_DATA":null,"DCGIS.PLACE_NAMES_PT.OBJECTID":32434091,"DCGIS.ADDRESSES_PT.OBJECTID":217204361,"DCGIS.ADDRESSES_PT.SE_ANNO_CAD_DATA":null}},{"type":"Feature","id":32434102,"geometry":{"type":"Point","coordinates":[-77.024588987489949,38.889140372564604]},"properties":{"DCGIS.PLACE_NAMES_PT.NAME":"ALL HALLOWS GUILD TRAVELING CAROUSEL","DCGIS.ADDRESSES_PT.ADDRESS":null,"DCGIS.ADDRESSES_PT.WARD":"Ward 2","DCGIS.ADDRESSES_PT.SMD":"SMD 2C03","DCGIS.ADDRESSES_PT.ANC":"ANC 2C","MAR.VW_PLACE_NAME_CATEGORIES.CATEGORY":"MONUMENT / PLAZA / STATUE","DCGIS.ADDRESSES_PT.SSL":"PAR 03160006","DCGIS.PLACE_NAMES_PT.STATUS":"ACTIVE","DCGIS.PLACE_NAMES_PT.PLACE_NAME_ID":8190,"DCGIS.PLACE_NAMES_PT.MAR_ID":304242,"DCGIS.PLACE_NAMES_PT.BEFORE_DATE":null,"DCGIS.PLACE_NAMES_PT.BEFORE_DATE_SOURCE":null,"DCGIS.PLACE_NAMES_PT.BEGIN_DATE":null,"DCGIS.PLACE_NAMES_PT.BEGIN_DATE_SOURCE":null,"DCGIS.PLACE_NAMES_PT.FIRST_KNOWN_DATE":null,"DCGIS.PLACE_NAMES_PT.FIRST_KNOWN_DATE_SOURCE":null,"DCGIS.PLACE_NAMES_PT.CREATED_DATE":1178789511000,"DCGIS.PLACE_NAMES_PT.LAST_EDITED_DATE":1178789511000,"DCGIS.PLACE_NAMES_PT.SE_ANNO_CAD_DATA":null,"DCGIS.PLACE_NAMES_PT.OBJECTID":32434102,"DCGIS.ADDRESSES_PT.OBJECTID":217258859,"DCGIS.ADDRESSES_PT.SE_ANNO_CAD_DATA":null}},{"type":"Feature","id":32434103,"geometry":{"type":"Point","coordinates":[-77.024588987489949,38.889140372564604]},"properties":{"DCGIS.PLACE_NAMES_PT.NAME":"CAROUSEL ON THE NATIONAL MALL","DCGIS.ADDRESSES_PT.ADDRESS":null,"DCGIS.ADDRESSES_PT.WARD":"Ward 2","DCGIS.ADDRESSES_PT.SMD":"SMD 2C03","DCGIS.ADDRESSES_PT.ANC":"ANC 2C","MAR.VW_PLACE_NAME_CATEGORIES.CATEGORY":"MONUMENT / PLAZA / STATUE","DCGIS.ADDRESSES_PT.SSL":"PAR 03160006","DCGIS.PLACE_NAMES_PT.STATUS":"ACTIVE","DCGIS.PLACE_NAMES_PT.PLACE_NAME_ID":8679,"DCGIS.PLACE_NAMES_PT.MAR_ID":304242,"DCGIS.PLACE_NAMES_PT.BEFORE_DATE":null,"DCGIS.PLACE_NAMES_PT.BEFORE_DATE_SOURCE":null,"DCGIS.PLACE_NAMES_PT.BEGIN_DATE":null,"DCGIS.PLACE_NAMES_PT.BEGIN_DATE_SOURCE":null,"DCGIS.PLACE_NAMES_PT.FIRST_KNOWN_DATE":null,"DCGIS.PLACE_NAMES_PT.FIRST_KNOWN_DATE_SOURCE":null,"DCGIS.PLACE_NAMES_PT.CREATED_DATE":1242842661000,"DCGIS.PLACE_NAMES_PT.LAST_EDITED_DATE":1242842661000,"DCGIS.PLACE_NAMES_PT.SE_ANNO_CAD_DATA":null,"DCGIS.PLACE_NAMES_PT.OBJECTID":32434103,"DCGIS.ADDRESSES_PT.OBJECTID":217258859,"DCGIS.ADDRESSES_PT.SE_ANNO_CAD_DATA":null}},{"type":"Feature","id":32434104,"geometry":{"type":"Point","coordinates":[-77.052399719193502,38.889248495908951]},"properties":{"DCGIS.PLACE_NAMES_PT.NAME":"THE WATERGATE STEPS","DCGIS.ADDRESSES_PT.ADDRESS":null,"DCGIS.ADDRESSES_PT.WARD":"Ward 2","DCGIS.ADDRESSES_PT.SMD":"SMD 2A04","DCGIS.ADDRESSES_PT.ANC":"ANC 2A","MAR.VW_PLACE_NAME_CATEGORIES.CATEGORY":"MONUMENT / PLAZA / STATUE","DCGIS.ADDRESSES_PT.SSL":"RES 03320000","DCGIS.PLACE_NAMES_PT.STATUS":"ACTIVE","DCGIS.PLACE_NAMES_PT.PLACE_NAME_ID":11926,"DCGIS.PLACE_NAMES_PT.MAR_ID":304243,"DCGIS.PLACE_NAMES_PT.BEFORE_DATE":null,"DCGIS.PLACE_NAMES_PT.BEFORE_DATE_SOURCE":null,"DCGIS.PLACE_NAMES_PT.BEGIN_DATE":null,"DCGIS.PLACE_NAMES_PT.BEGIN_DATE_SOURCE":null,"DCGIS.PLACE_NAMES_PT.FIRST_KNOWN_DATE":null,"DCGIS.PLACE_NAMES_PT.FIRST_KNOWN_DATE_SOURCE":null,"DCGIS.PLACE_NAMES_PT.CREATED_DATE":1339491656000,"DCGIS.PLACE_NAMES_PT.LAST_EDITED_DATE":1339491656000,"DCGIS.PLACE_NAMES_PT.SE_ANNO_CAD_DATA":null,"DCGIS.PLACE_NAMES_PT.OBJECTID":32434104,"DCGIS.ADDRESSES_PT.OBJECTID":217203919,"DCGIS.ADDRESSES_PT.SE_ANNO_CAD_DATA":null}},{"type":"Feature","id":32434137,"geometry":{"type":"Point","coordinates":[-77.063972120080933,38.897291172052711]},"properties":{"DCGIS.PLACE_NAMES_PT.NAME":"THEODORE ROOSEVELT MEMORIAL","DCGIS.ADDRESSES_PT.ADDRESS":null,"DCGIS.ADDRESSES_PT.WARD":"Ward 2","DCGIS.ADDRESSES_PT.SMD":"SMD 2E05","DCGIS.ADDRESSES_PT.ANC":"ANC 2E","MAR.VW_PLACE_NAME_CATEGORIES.CATEGORY":"MONUMENT / PLAZA / STATUE","DCGIS.ADDRESSES_PT.SSL":"PAR 03180001","DCGIS.PLACE_NAMES_PT.STATUS":"ACTIVE","DCGIS.PLACE_NAMES_PT.PLACE_NAME_ID":8578,"DCGIS.PLACE_NAMES_PT.MAR_ID":307328,"DCGIS.PLACE_NAMES_PT.BEFORE_DATE":null,"DCGIS.PLACE_NAMES_PT.BEFORE_DATE_SOURCE":null,"DCGIS.PLACE_NAMES_PT.BEGIN_DATE":null,"DCGIS.PLACE_NAMES_PT.BEGIN_DATE_SOURCE":null,"DCGIS.PLACE_NAMES_PT.FIRST_KNOWN_DATE":null,"DCGIS.PLACE_NAMES_PT.FIRST_KNOWN_DATE_SOURCE":null,"DCGIS.PLACE_NAMES_PT.CREATED_DATE":1224268459000,"DCGIS.PLACE_NAMES_PT.LAST_EDITED_DATE":1224268459000,"DCGIS.PLACE_NAMES_PT.SE_ANNO_CAD_DATA":null,"DCGIS.PLACE_NAMES_PT.OBJECTID":32434137,"DCGIS.ADDRESSES_PT.OBJECTID":217169239,"DCGIS.ADDRESSES_PT.SE_ANNO_CAD_DATA":null}},{"type":"Feature","id":32434138,"geometry":{"type":"Point","coordinates":[-77.063972120080933,38.897291172052711]},"properties":{"DCGIS.PLACE_NAMES_PT.NAME":"THEODORE ROOSEVELT ISLAND NATIONAL MEMORIAL","DCGIS.ADDRESSES_PT.ADDRESS":null,"DCGIS.ADDRESSES_PT.WARD":"Ward 2","DCGIS.ADDRESSES_PT.SMD":"SMD 2E05","DCGIS.ADDRESSES_PT.ANC":"ANC 2E","MAR.VW_PLACE_NAME_CATEGORIES.CATEGORY":"MONUMENT / PLAZA / STATUE","DCGIS.ADDRESSES_PT.SSL":"PAR 03180001","DCGIS.PLACE_NAMES_PT.STATUS":"ACTIVE","DCGIS.PLACE_NAMES_PT.PLACE_NAME_ID":8579,"DCGIS.PLACE_NAMES_PT.MAR_ID":307329,"DCGIS.PLACE_NAMES_PT.BEFORE_DATE":null,"DCGIS.PLACE_NAMES_PT.BEFORE_DATE_SOURCE":null,"DCGIS.PLACE_NAMES_PT.BEGIN_DATE":null,"DCGIS.PLACE_NAMES_PT.BEGIN_DATE_SOURCE":null,"DCGIS.PLACE_NAMES_PT.FIRST_KNOWN_DATE":null,"DCGIS.PLACE_NAMES_PT.FIRST_KNOWN_DATE_SOURCE":null,"DCGIS.PLACE_NAMES_PT.CREATED_DATE":1224268459000,"DCGIS.PLACE_NAMES_PT.LAST_EDITED_DATE":1224268459000,"DCGIS.PLACE_NAMES_PT.SE_ANNO_CAD_DATA":null,"DCGIS.PLACE_NAMES_PT.OBJECTID":32434138,"DCGIS.ADDRESSES_PT.OBJECTID":217213761,"DCGIS.ADDRESSES_PT.SE_ANNO_CAD_DATA":null}},{"type":"Feature","id":32423098,"geometry":{"type":"Point","coordinates":[-77.035243731334475,38.88946987246289]},"properties":{"DCGIS.PLACE_NAMES_PT.NAME":"WASHINGTON MONUMENT","DCGIS.ADDRESSES_PT.ADDRESS":"1551 INDEPENDENCE AVENUE SW","DCGIS.ADDRESSES_PT.WARD":"Ward 2","DCGIS.ADDRESSES_PT.SMD":"SMD 2A01","DCGIS.ADDRESSES_PT.ANC":"ANC 2A","MAR.VW_PLACE_NAME_CATEGORIES.CATEGORY":"MONUMENT / PLAZA / STATUE","DCGIS.ADDRESSES_PT.SSL":"RES 00020000","DCGIS.PLACE_NAMES_PT.STATUS":"ACTIVE","DCGIS.PLACE_NAMES_PT.PLACE_NAME_ID":15078,"DCGIS.PLACE_NAMES_PT.MAR_ID":313458,"DCGIS.PLACE_NAMES_PT.BEFORE_DATE":null,"DCGIS.PLACE_NAMES_PT.BEFORE_DATE_SOURCE":null,"DCGIS.PLACE_NAMES_PT.BEGIN_DATE":null,"DCGIS.PLACE_NAMES_PT.BEGIN_DATE_SOURCE":null,"DCGIS.PLACE_NAMES_PT.FIRST_KNOWN_DATE":null,"DCGIS.PLACE_NAMES_PT.FIRST_KNOWN_DATE_SOURCE":null,"DCGIS.PLACE_NAMES_PT.CREATED_DATE":1449823426000,"DCGIS.PLACE_NAMES_PT.LAST_EDITED_DATE":1449823426000,"DCGIS.PLACE_NAMES_PT.SE_ANNO_CAD_DATA":null,"DCGIS.PLACE_NAMES_PT.OBJECTID":32423098,"DCGIS.ADDRESSES_PT.OBJECTID":217119570,"DCGIS.ADDRESSES_PT.SE_ANNO_CAD_DATA":null}},{"type":"Feature","id":32433517,"geometry":{"type":"Point","coordinates":[-77.022197878610612,38.893750346513052]},"properties":{"DCGIS.PLACE_NAMES_PT.NAME":"WINFIELD SCOTT HANCOCK STATUE","DCGIS.ADDRESSES_PT.ADDRESS":null,"DCGIS.ADDRESSES_PT.WARD":"Ward 2","DCGIS.ADDRESSES_PT.SMD":"SMD 2C03","DCGIS.ADDRESSES_PT.ANC":"ANC 2C","MAR.VW_PLACE_NAME_CATEGORIES.CATEGORY":"MONUMENT / PLAZA / STATUE","DCGIS.ADDRESSES_PT.SSL":"0432S   0805","DCGIS.PLACE_NAMES_PT.STATUS":"ACTIVE","DCGIS.PLACE_NAMES_PT.PLACE_NAME_ID":11730,"DCGIS.PLACE_NAMES_PT.MAR_ID":294159,"DCGIS.PLACE_NAMES_PT.BEFORE_DATE":null,"DCGIS.PLACE_NAMES_PT.BEFORE_DATE_SOURCE":null,"DCGIS.PLACE_NAMES_PT.BEGIN_DATE":null,"DCGIS.PLACE_NAMES_PT.BEGIN_DATE_SOURCE":null,"DCGIS.PLACE_NAMES_PT.FIRST_KNOWN_DATE":null,"DCGIS.PLACE_NAMES_PT.FIRST_KNOWN_DATE_SOURCE":null,"DCGIS.PLACE_NAMES_PT.CREATED_DATE":1334070160000,"DCGIS.PLACE_NAMES_PT.LAST_EDITED_DATE":1334070160000,"DCGIS.PLACE_NAMES_PT.SE_ANNO_CAD_DATA":null,"DCGIS.PLACE_NAMES_PT.OBJECTID":32433517,"DCGIS.ADDRESSES_PT.OBJECTID":217204533,"DCGIS.ADDRESSES_PT.SE_ANNO_CAD_DATA":null}},{"type":"Feature","id":32433518,"geometry":{"type":"Point","coordinates":[-77.023158546683021,38.898342895707358]},"properties":{"DCGIS.PLACE_NAMES_PT.NAME":"VAQUERO STATUE","DCGIS.ADDRESSES_PT.ADDRESS":null,"DCGIS.ADDRESSES_PT.WARD":"Ward 2","DCGIS.ADDRESSES_PT.SMD":"SMD 2C01","DCGIS.ADDRESSES_PT.ANC":"ANC 2C","MAR.VW_PLACE_NAME_CATEGORIES.CATEGORY":"MONUMENT / PLAZA / STATUE","DCGIS.ADDRESSES_PT.SSL":"0429S   0800","DCGIS.PLACE_NAMES_PT.STATUS":"ACTIVE","DCGIS.PLACE_NAMES_PT.PLACE_NAME_ID":3346,"DCGIS.PLACE_NAMES_PT.MAR_ID":294161,"DCGIS.PLACE_NAMES_PT.BEFORE_DATE":null,"DCGIS.PLACE_NAMES_PT.BEFORE_DATE_SOURCE":null,"DCGIS.PLACE_NAMES_PT.BEGIN_DATE":null,"DCGIS.PLACE_NAMES_PT.BEGIN_DATE_SOURCE":null,"DCGIS.PLACE_NAMES_PT.FIRST_KNOWN_DATE":null,"DCGIS.PLACE_NAMES_PT.FIRST_KNOWN_DATE_SOURCE":null,"DCGIS.PLACE_NAMES_PT.CREATED_DATE":1124106359000,"DCGIS.PLACE_NAMES_PT.LAST_EDITED_DATE":1224268494000,"DCGIS.PLACE_NAMES_PT.SE_ANNO_CAD_DATA":null,"DCGIS.PLACE_NAMES_PT.OBJECTID":32433518,"DCGIS.ADDRESSES_PT.OBJECTID":217204286,"DCGIS.ADDRESSES_PT.SE_ANNO_CAD_DATA":null}},{"type":"Feature","id":32433520,"geometry":{"type":"Point","coordinates":[-77.02337626614154,38.893286726017941]},"properties":{"DCGIS.PLACE_NAMES_PT.NAME":"PAST STATUE","DCGIS.ADDRESSES_PT.ADDRESS":null,"DCGIS.ADDRESSES_PT.WARD":"Ward 2","DCGIS.ADDRESSES_PT.SMD":"SMD 2C03","DCGIS.ADDRESSES_PT.ANC":"ANC 2C","MAR.VW_PLACE_NAME_CATEGORIES.CATEGORY":"MONUMENT / PLAZA / STATUE","DCGIS.ADDRESSES_PT.SSL":"0432S   0803","DCGIS.PLACE_NAMES_PT.STATUS":"ACTIVE","DCGIS.PLACE_NAMES_PT.PLACE_NAME_ID":3352,"DCGIS.PLACE_NAMES_PT.MAR_ID":294166,"DCGIS.PLACE_NAMES_PT.BEFORE_DATE":null,"DCGIS.PLACE_NAMES_PT.BEFORE_DATE_SOURCE":null,"DCGIS.PLACE_NAMES_PT.BEGIN_DATE":null,"DCGIS.PLACE_NAMES_PT.BEGIN_DATE_SOURCE":null,"DCGIS.PLACE_NAMES_PT.FIRST_KNOWN_DATE":null,"DCGIS.PLACE_NAMES_PT.FIRST_KNOWN_DATE_SOURCE":null,"DCGIS.PLACE_NAMES_PT.CREATED_DATE":1124106359000,"DCGIS.PLACE_NAMES_PT.LAST_EDITED_DATE":1150465399000,"DCGIS.PLACE_NAMES_PT.SE_ANNO_CAD_DATA":null,"DCGIS.PLACE_NAMES_PT.OBJECTID":32433520,"DCGIS.ADDRESSES_PT.OBJECTID":217204161,"DCGIS.ADDRESSES_PT.SE_ANNO_CAD_DATA":null}},{"type":"Feature","id":32433521,"geometry":{"type":"Point","coordinates":[-77.027844250486183,38.894663216284584]},"properties":{"DCGIS.PLACE_NAMES_PT.NAME":"BENJAMIN FRANKLIN STATUE","DCGIS.ADDRESSES_PT.ADDRESS":null,"DCGIS.ADDRESSES_PT.WARD":"Ward 2","DCGIS.ADDRESSES_PT.SMD":"SMD 2C03","DCGIS.ADDRESSES_PT.ANC":"ANC 2C","MAR.VW_PLACE_NAME_CATEGORIES.CATEGORY":"MONUMENT / PLAZA / STATUE","DCGIS.ADDRESSES_PT.SSL":"0323    0804","DCGIS.PLACE_NAMES_PT.STATUS":"ACTIVE","DCGIS.PLACE_NAMES_PT.PLACE_NAME_ID":3353,"DCGIS.PLACE_NAMES_PT.MAR_ID":294167,"DCGIS.PLACE_NAMES_PT.BEFORE_DATE":null,"DCGIS.PLACE_NAMES_PT.BEFORE_DATE_SOURCE":null,"DCGIS.PLACE_NAMES_PT.BEGIN_DATE":null,"DCGIS.PLACE_NAMES_PT.BEGIN_DATE_SOURCE":null,"DCGIS.PLACE_NAMES_PT.FIRST_KNOWN_DATE":null,"DCGIS.PLACE_NAMES_PT.FIRST_KNOWN_DATE_SOURCE":null,"DCGIS.PLACE_NAMES_PT.CREATED_DATE":1124106359000,"DCGIS.PLACE_NAMES_PT.LAST_EDITED_DATE":1150465399000,"DCGIS.PLACE_NAMES_PT.SE_ANNO_CAD_DATA":null,"DCGIS.PLACE_NAMES_PT.OBJECTID":32433521,"DCGIS.ADDRESSES_PT.OBJECTID":217119197,"DCGIS.ADDRESSES_PT.SE_ANNO_CAD_DATA":null}},{"type":"Feature","id":32433522,"geometry":{"type":"Point","coordinates":[-77.031492411464939,38.89385838272846]},"properties":{"DCGIS.PLACE_NAMES_PT.NAME":"OSCAR STRAUSS MEMORIAL FOUNTAIN","DCGIS.ADDRESSES_PT.ADDRESS":null,"DCGIS.ADDRESSES_PT.WARD":"Ward 2","DCGIS.ADDRESSES_PT.SMD":"SMD 2C03","DCGIS.ADDRESSES_PT.ANC":"ANC 2C","MAR.VW_PLACE_NAME_CATEGORIES.CATEGORY":"MONUMENT / PLAZA / STATUE","DCGIS.ADDRESSES_PT.SSL":"0257    0824","DCGIS.PLACE_NAMES_PT.STATUS":"ACTIVE","DCGIS.PLACE_NAMES_PT.PLACE_NAME_ID":3355,"DCGIS.PLACE_NAMES_PT.MAR_ID":294169,"DCGIS.PLACE_NAMES_PT.BEFORE_DATE":null,"DCGIS.PLACE_NAMES_PT.BEFORE_DATE_SOURCE":null,"DCGIS.PLACE_NAMES_PT.BEGIN_DATE":null,"DCGIS.PLACE_NAMES_PT.BEGIN_DATE_SOURCE":null,"DCGIS.PLACE_NAMES_PT.FIRST_KNOWN_DATE":null,"DCGIS.PLACE_NAMES_PT.FIRST_KNOWN_DATE_SOURCE":null,"DCGIS.PLACE_NAMES_PT.CREATED_DATE":1124106359000,"DCGIS.PLACE_NAMES_PT.LAST_EDITED_DATE":1148913232000,"DCGIS.PLACE_NAMES_PT.SE_ANNO_CAD_DATA":null,"DCGIS.PLACE_NAMES_PT.OBJECTID":32433522,"DCGIS.ADDRESSES_PT.OBJECTID":217222311,"DCGIS.ADDRESSES_PT.SE_ANNO_CAD_DATA":null}},{"type":"Feature","id":32433523,"geometry":{"type":"Point","coordinates":[-77.034972602376158,38.920219246246724]},"properties":{"DCGIS.PLACE_NAMES_PT.NAME":"DANTE ALIGHERI STATUE","DCGIS.ADDRESSES_PT.ADDRESS":null,"DCGIS.ADDRESSES_PT.WARD":"Ward 1","DCGIS.ADDRESSES_PT.SMD":"SMD 1B06","DCGIS.ADDRESSES_PT.ANC":"ANC 1B","MAR.VW_PLACE_NAME_CATEGORIES.CATEGORY":"MONUMENT / PLAZA / STATUE","DCGIS.ADDRESSES_PT.SSL":"2570    0809","DCGIS.PLACE_NAMES_PT.STATUS":"ACTIVE","DCGIS.PLACE_NAMES_PT.PLACE_NAME_ID":11756,"DCGIS.PLACE_NAMES_PT.MAR_ID":294170,"DCGIS.PLACE_NAMES_PT.BEFORE_DATE":null,"DCGIS.PLACE_NAMES_PT.BEFORE_DATE_SOURCE":null,"DCGIS.PLACE_NAMES_PT.BEGIN_DATE":null,"DCGIS.PLACE_NAMES_PT.BEGIN_DATE_SOURCE":null,"DCGIS.PLACE_NAMES_PT.FIRST_KNOWN_DATE":null,"DCGIS.PLACE_NAMES_PT.FIRST_KNOWN_DATE_SOURCE":null,"DCGIS.PLACE_NAMES_PT.CREATED_DATE":1334077833000,"DCGIS.PLACE_NAMES_PT.LAST_EDITED_DATE":1334077833000,"DCGIS.PLACE_NAMES_PT.SE_ANNO_CAD_DATA":null,"DCGIS.PLACE_NAMES_PT.OBJECTID":32433523,"DCGIS.ADDRESSES_PT.OBJECTID":217204130,"DCGIS.ADDRESSES_PT.SE_ANNO_CAD_DATA":null}},{"type":"Feature","id":32433524,"geometry":{"type":"Point","coordinates":[-77.033792234883393,38.893193913146135]},"properties":{"DCGIS.PLACE_NAMES_PT.NAME":"PATENTEES OF THE DISTRICT OF COLUMBIA","DCGIS.ADDRESSES_PT.ADDRESS":null,"DCGIS.ADDRESSES_PT.WARD":"Ward 2","DCGIS.ADDRESSES_PT.SMD":"SMD 2A07","DCGIS.ADDRESSES_PT.ANC":"ANC 2A","MAR.VW_PLACE_NAME_CATEGORIES.CATEGORY":"MONUMENT / PLAZA / STATUE","DCGIS.ADDRESSES_PT.SSL":null,"DCGIS.PLACE_NAMES_PT.STATUS":"ACTIVE","DCGIS.PLACE_NAMES_PT.PLACE_NAME_ID":3359,"DCGIS.PLACE_NAMES_PT.MAR_ID":294173,"DCGIS.PLACE_NAMES_PT.BEFORE_DATE":null,"DCGIS.PLACE_NAMES_PT.BEFORE_DATE_SOURCE":null,"DCGIS.PLACE_NAMES_PT.BEGIN_DATE":null,"DCGIS.PLACE_NAMES_PT.BEGIN_DATE_SOURCE":null,"DCGIS.PLACE_NAMES_PT.FIRST_KNOWN_DATE":null,"DCGIS.PLACE_NAMES_PT.FIRST_KNOWN_DATE_SOURCE":null,"DCGIS.PLACE_NAMES_PT.CREATED_DATE":1124106359000,"DCGIS.PLACE_NAMES_PT.LAST_EDITED_DATE":1124106359000,"DCGIS.PLACE_NAMES_PT.SE_ANNO_CAD_DATA":null,"DCGIS.PLACE_NAMES_PT.OBJECTID":32433524,"DCGIS.ADDRESSES_PT.OBJECTID":217204757,"DCGIS.ADDRESSES_PT.SE_ANNO_CAD_DATA":null}},{"type":"Feature","id":32433525,"geometry":{"type":"Point","coordinates":[-77.034291641862438,38.896661719441262]},"properties":{"DCGIS.PLACE_NAMES_PT.NAME":"ALEXANDER HAMILTON STATUE","DCGIS.ADDRESSES_PT.ADDRESS":null,"DCGIS.ADDRESSES_PT.WARD":"Ward 2","DCGIS.ADDRESSES_PT.SMD":"SMD 2A07","DCGIS.ADDRESSES_PT.ANC":"ANC 2A","MAR.VW_PLACE_NAME_CATEGORIES.CATEGORY":"MONUMENT / PLAZA / STATUE","DCGIS.ADDRESSES_PT.SSL":"0187S   0803","DCGIS.PLACE_NAMES_PT.STATUS":"ACTIVE","DCGIS.PLACE_NAMES_PT.PLACE_NAME_ID":11729,"DCGIS.PLACE_NAMES_PT.MAR_ID":294176,"DCGIS.PLACE_NAMES_PT.BEFORE_DATE":null,"DCGIS.PLACE_NAMES_PT.BEFORE_DATE_SOURCE":null,"DCGIS.PLACE_NAMES_PT.BEGIN_DATE":null,"DCGIS.PLACE_NAMES_PT.BEGIN_DATE_SOURCE":null,"DCGIS.PLACE_NAMES_PT.FIRST_KNOWN_DATE":null,"DCGIS.PLACE_NAMES_PT.FIRST_KNOWN_DATE_SOURCE":null,"DCGIS.PLACE_NAMES_PT.CREATED_DATE":1334070112000,"DCGIS.PLACE_NAMES_PT.LAST_EDITED_DATE":1334070112000,"DCGIS.PLACE_NAMES_PT.SE_ANNO_CAD_DATA":null,"DCGIS.PLACE_NAMES_PT.OBJECTID":32433525,"DCGIS.ADDRESSES_PT.OBJECTID":217222548,"DCGIS.ADDRESSES_PT.SE_ANNO_CAD_DATA":null}},{"type":"Feature","id":32433527,"geometry":{"type":"Point","coordinates":[-77.035707172078688,38.920710608511627]},"properties":{"DCGIS.PLACE_NAMES_PT.NAME":"JOAN OF ARC STATUE","DCGIS.ADDRESSES_PT.ADDRESS":null,"DCGIS.ADDRESSES_PT.WARD":"Ward 1","DCGIS.ADDRESSES_PT.SMD":"SMD 1B06","DCGIS.ADDRESSES_PT.ANC":"ANC 1B","MAR.VW_PLACE_NAME_CATEGORIES.CATEGORY":"MONUMENT / PLAZA / STATUE","DCGIS.ADDRESSES_PT.SSL":"2570    0809","DCGIS.PLACE_NAMES_PT.STATUS":"ACTIVE","DCGIS.PLACE_NAMES_PT.PLACE_NAME_ID":11764,"DCGIS.PLACE_NAMES_PT.MAR_ID":294179,"DCGIS.PLACE_NAMES_PT.BEFORE_DATE":null,"DCGIS.PLACE_NAMES_PT.BEFORE_DATE_SOURCE":null,"DCGIS.PLACE_NAMES_PT.BEGIN_DATE":null,"DCGIS.PLACE_NAMES_PT.BEGIN_DATE_SOURCE":null,"DCGIS.PLACE_NAMES_PT.FIRST_KNOWN_DATE":null,"DCGIS.PLACE_NAMES_PT.FIRST_KNOWN_DATE_SOURCE":null,"DCGIS.PLACE_NAMES_PT.CREATED_DATE":1334132374000,"DCGIS.PLACE_NAMES_PT.LAST_EDITED_DATE":1334132374000,"DCGIS.PLACE_NAMES_PT.SE_ANNO_CAD_DATA":null,"DCGIS.PLACE_NAMES_PT.OBJECTID":32433527,"DCGIS.ADDRESSES_PT.OBJECTID":217204127,"DCGIS.ADDRESSES_PT.SE_ANNO_CAD_DATA":null}},{"type":"Feature","id":32433528,"geometry":{"type":"Point","coordinates":[-77.036720952583124,38.892353268648755]},"properties":{"DCGIS.PLACE_NAMES_PT.NAME":"HAUPT FOUNTAINS","DCGIS.ADDRESSES_PT.ADDRESS":null,"DCGIS.ADDRESSES_PT.WARD":"Ward 2","DCGIS.ADDRESSES_PT.SMD":"SMD 2A07","DCGIS.ADDRESSES_PT.ANC":"ANC 2A","MAR.VW_PLACE_NAME_CATEGORIES.CATEGORY":"MONUMENT / PLAZA / STATUE","DCGIS.ADDRESSES_PT.SSL":"0187S   0803","DCGIS.PLACE_NAMES_PT.STATUS":"ACTIVE","DCGIS.PLACE_NAMES_PT.PLACE_NAME_ID":3368,"DCGIS.PLACE_NAMES_PT.MAR_ID":294181,"DCGIS.PLACE_NAMES_PT.BEFORE_DATE":null,"DCGIS.PLACE_NAMES_PT.BEFORE_DATE_SOURCE":null,"DCGIS.PLACE_NAMES_PT.BEGIN_DATE":null,"DCGIS.PLACE_NAMES_PT.BEGIN_DATE_SOURCE":null,"DCGIS.PLACE_NAMES_PT.FIRST_KNOWN_DATE":null,"DCGIS.PLACE_NAMES_PT.FIRST_KNOWN_DATE_SOURCE":null,"DCGIS.PLACE_NAMES_PT.CREATED_DATE":1124106359000,"DCGIS.PLACE_NAMES_PT.LAST_EDITED_DATE":1124106359000,"DCGIS.PLACE_NAMES_PT.SE_ANNO_CAD_DATA":null,"DCGIS.PLACE_NAMES_PT.OBJECTID":32433528,"DCGIS.ADDRESSES_PT.OBJECTID":217117526,"DCGIS.ADDRESSES_PT.SE_ANNO_CAD_DATA":null}},{"type":"Feature","id":32433530,"geometry":{"type":"Point","coordinates":[-77.036328693734646,38.922691708012458]},"properties":{"DCGIS.PLACE_NAMES_PT.NAME":"SERENITY STATUE","DCGIS.ADDRESSES_PT.ADDRESS":null,"DCGIS.ADDRESSES_PT.WARD":"Ward 1","DCGIS.ADDRESSES_PT.SMD":"SMD 1B06","DCGIS.ADDRESSES_PT.ANC":"ANC 1B","MAR.VW_PLACE_NAME_CATEGORIES.CATEGORY":"MONUMENT / PLAZA / STATUE","DCGIS.ADDRESSES_PT.SSL":"2570    0809","DCGIS.PLACE_NAMES_PT.STATUS":"ACTIVE","DCGIS.PLACE_NAMES_PT.PLACE_NAME_ID":3370,"DCGIS.PLACE_NAMES_PT.MAR_ID":294183,"DCGIS.PLACE_NAMES_PT.BEFORE_DATE":null,"DCGIS.PLACE_NAMES_PT.BEFORE_DATE_SOURCE":null,"DCGIS.PLACE_NAMES_PT.BEGIN_DATE":null,"DCGIS.PLACE_NAMES_PT.BEGIN_DATE_SOURCE":null,"DCGIS.PLACE_NAMES_PT.FIRST_KNOWN_DATE":null,"DCGIS.PLACE_NAMES_PT.FIRST_KNOWN_DATE_SOURCE":null,"DCGIS.PLACE_NAMES_PT.CREATED_DATE":1124106359000,"DCGIS.PLACE_NAMES_PT.LAST_EDITED_DATE":1224268493000,"DCGIS.PLACE_NAMES_PT.SE_ANNO_CAD_DATA":null,"DCGIS.PLACE_NAMES_PT.OBJECTID":32433530,"DCGIS.ADDRESSES_PT.OBJECTID":217116706,"DCGIS.ADDRESSES_PT.SE_ANNO_CAD_DATA":null}},{"type":"Feature","id":32433531,"geometry":{"type":"Point","coordinates":[-77.039098273872142,38.896771733074011]},"properties":{"DCGIS.PLACE_NAMES_PT.NAME":"CORCORAN LIONS","DCGIS.ADDRESSES_PT.ADDRESS":null,"DCGIS.ADDRESSES_PT.WARD":"Ward 2","DCGIS.ADDRESSES_PT.SMD":"SMD 2A07","DCGIS.ADDRESSES_PT.ANC":"ANC 2A","MAR.VW_PLACE_NAME_CATEGORIES.CATEGORY":"MONUMENT / PLAZA / STATUE","DCGIS.ADDRESSES_PT.SSL":"0187S   0801","DCGIS.PLACE_NAMES_PT.STATUS":"ACTIVE","DCGIS.PLACE_NAMES_PT.PLACE_NAME_ID":3371,"DCGIS.PLACE_NAMES_PT.MAR_ID":294184,"DCGIS.PLACE_NAMES_PT.BEFORE_DATE":null,"DCGIS.PLACE_NAMES_PT.BEFORE_DATE_SOURCE":null,"DCGIS.PLACE_NAMES_PT.BEGIN_DATE":null,"DCGIS.PLACE_NAMES_PT.BEGIN_DATE_SOURCE":null,"DCGIS.PLACE_NAMES_PT.FIRST_KNOWN_DATE":null,"DCGIS.PLACE_NAMES_PT.FIRST_KNOWN_DATE_SOURCE":null,"DCGIS.PLACE_NAMES_PT.CREATED_DATE":1124106359000,"DCGIS.PLACE_NAMES_PT.LAST_EDITED_DATE":1124106359000,"DCGIS.PLACE_NAMES_PT.SE_ANNO_CAD_DATA":null,"DCGIS.PLACE_NAMES_PT.OBJECTID":32433531,"DCGIS.ADDRESSES_PT.OBJECTID":217204763,"DCGIS.ADDRESSES_PT.SE_ANNO_CAD_DATA":null}},{"type":"Feature","id":32433532,"geometry":{"type":"Point","coordinates":[-77.038960345948908,38.901944110451403]},"properties":{"DCGIS.PLACE_NAMES_PT.NAME":"FARRAGUT SQUARE","DCGIS.ADDRESSES_PT.ADDRESS":null,"DCGIS.ADDRESSES_PT.WARD":"Ward 2","DCGIS.ADDRESSES_PT.SMD":"SMD 2C02","DCGIS.ADDRESSES_PT.ANC":"ANC 2C","MAR.VW_PLACE_NAME_CATEGORIES.CATEGORY":"MONUMENT / PLAZA / STATUE","DCGIS.ADDRESSES_PT.SSL":"0185W   0800","DCGIS.PLACE_NAMES_PT.STATUS":"ACTIVE","DCGIS.PLACE_NAMES_PT.PLACE_NAME_ID":3373,"DCGIS.PLACE_NAMES_PT.MAR_ID":294186,"DCGIS.PLACE_NAMES_PT.BEFORE_DATE":null,"DCGIS.PLACE_NAMES_PT.BEFORE_DATE_SOURCE":null,"DCGIS.PLACE_NAMES_PT.BEGIN_DATE":null,"DCGIS.PLACE_NAMES_PT.BEGIN_DATE_SOURCE":null,"DCGIS.PLACE_NAMES_PT.FIRST_KNOWN_DATE":null,"DCGIS.PLACE_NAMES_PT.FIRST_KNOWN_DATE_SOURCE":null,"DCGIS.PLACE_NAMES_PT.CREATED_DATE":1124106359000,"DCGIS.PLACE_NAMES_PT.LAST_EDITED_DATE":1124106359000,"DCGIS.PLACE_NAMES_PT.SE_ANNO_CAD_DATA":null,"DCGIS.PLACE_NAMES_PT.OBJECTID":32433532,"DCGIS.ADDRESSES_PT.OBJECTID":217119283,"DCGIS.ADDRESSES_PT.SE_ANNO_CAD_DATA":null}},{"type":"Feature","id":32433533,"geometry":{"type":"Point","coordinates":[-77.038960345948908,38.901944110451403]},"properties":{"DCGIS.PLACE_NAMES_PT.NAME":"ADMIRAL DAVID G. FARRAGUT STATUE","DCGIS.ADDRESSES_PT.ADDRESS":null,"DCGIS.ADDRESSES_PT.WARD":"Ward 2","DCGIS.ADDRESSES_PT.SMD":"SMD 2C02","DCGIS.ADDRESSES_PT.ANC":"ANC 2C","MAR.VW_PLACE_NAME_CATEGORIES.CATEGORY":"MONUMENT / PLAZA / STATUE","DCGIS.ADDRESSES_PT.SSL":"0185W   0800","DCGIS.PLACE_NAMES_PT.STATUS":"ACTIVE","DCGIS.PLACE_NAMES_PT.PLACE_NAME_ID":3374,"DCGIS.PLACE_NAMES_PT.MAR_ID":294186,"DCGIS.PLACE_NAMES_PT.BEFORE_DATE":null,"DCGIS.PLACE_NAMES_PT.BEFORE_DATE_SOURCE":null,"DCGIS.PLACE_NAMES_PT.BEGIN_DATE":null,"DCGIS.PLACE_NAMES_PT.BEGIN_DATE_SOURCE":null,"DCGIS.PLACE_NAMES_PT.FIRST_KNOWN_DATE":null,"DCGIS.PLACE_NAMES_PT.FIRST_KNOWN_DATE_SOURCE":null,"DCGIS.PLACE_NAMES_PT.CREATED_DATE":1124106359000,"DCGIS.PLACE_NAMES_PT.LAST_EDITED_DATE":1158420210000,"DCGIS.PLACE_NAMES_PT.SE_ANNO_CAD_DATA":null,"DCGIS.PLACE_NAMES_PT.OBJECTID":32433533,"DCGIS.ADDRESSES_PT.OBJECTID":217119283,"DCGIS.ADDRESSES_PT.SE_ANNO_CAD_DATA":null}},{"type":"Feature","id":32433534,"geometry":{"type":"Point","coordinates":[-77.039670406081271,38.892857944141802]},"properties":{"DCGIS.PLACE_NAMES_PT.NAME":"QUEEN ISABELLA I STATUE","DCGIS.ADDRESSES_PT.ADDRESS":null,"DCGIS.ADDRESSES_PT.WARD":"Ward 2","DCGIS.ADDRESSES_PT.SMD":"SMD 2A01","DCGIS.ADDRESSES_PT.ANC":"ANC 2A","MAR.VW_PLACE_NAME_CATEGORIES.CATEGORY":"MONUMENT / PLAZA / STATUE","DCGIS.ADDRESSES_PT.SSL":"0173S   0800","DCGIS.PLACE_NAMES_PT.STATUS":"ACTIVE","DCGIS.PLACE_NAMES_PT.PLACE_NAME_ID":3375,"DCGIS.PLACE_NAMES_PT.MAR_ID":294187,"DCGIS.PLACE_NAMES_PT.BEFORE_DATE":null,"DCGIS.PLACE_NAMES_PT.BEFORE_DATE_SOURCE":null,"DCGIS.PLACE_NAMES_PT.BEGIN_DATE":null,"DCGIS.PLACE_NAMES_PT.BEGIN_DATE_SOURCE":null,"DCGIS.PLACE_NAMES_PT.FIRST_KNOWN_DATE":null,"DCGIS.PLACE_NAMES_PT.FIRST_KNOWN_DATE_SOURCE":null,"DCGIS.PLACE_NAMES_PT.CREATED_DATE":1124106359000,"DCGIS.PLACE_NAMES_PT.LAST_EDITED_DATE":1170429782000,"DCGIS.PLACE_NAMES_PT.SE_ANNO_CAD_DATA":null,"DCGIS.PLACE_NAMES_PT.OBJECTID":32433534,"DCGIS.ADDRESSES_PT.OBJECTID":217204744,"DCGIS.ADDRESSES_PT.SE_ANNO_CAD_DATA":null}},{"type":"Feature","id":32433535,"geometry":{"type":"Point","coordinates":[-77.039670406081271,38.892857944141802]},"properties":{"DCGIS.PLACE_NAMES_PT.NAME":"QUEEN ISABELLA STATUE","DCGIS.ADDRESSES_PT.ADDRESS":null,"DCGIS.ADDRESSES_PT.WARD":"Ward 2","DCGIS.ADDRESSES_PT.SMD":"SMD 2A01","DCGIS.ADDRESSES_PT.ANC":"ANC 2A","MAR.VW_PLACE_NAME_CATEGORIES.CATEGORY":"MONUMENT / PLAZA / STATUE","DCGIS.ADDRESSES_PT.SSL":"0173S   0800","DCGIS.PLACE_NAMES_PT.STATUS":"ACTIVE","DCGIS.PLACE_NAMES_PT.PLACE_NAME_ID":11733,"DCGIS.PLACE_NAMES_PT.MAR_ID":294187,"DCGIS.PLACE_NAMES_PT.BEFORE_DATE":null,"DCGIS.PLACE_NAMES_PT.BEFORE_DATE_SOURCE":null,"DCGIS.PLACE_NAMES_PT.BEGIN_DATE":null,"DCGIS.PLACE_NAMES_PT.BEGIN_DATE_SOURCE":null,"DCGIS.PLACE_NAMES_PT.FIRST_KNOWN_DATE":null,"DCGIS.PLACE_NAMES_PT.FIRST_KNOWN_DATE_SOURCE":null,"DCGIS.PLACE_NAMES_PT.CREATED_DATE":1334070725000,"DCGIS.PLACE_NAMES_PT.LAST_EDITED_DATE":1334070725000,"DCGIS.PLACE_NAMES_PT.SE_ANNO_CAD_DATA":null,"DCGIS.PLACE_NAMES_PT.OBJECTID":32433535,"DCGIS.ADDRESSES_PT.OBJECTID":217204744,"DCGIS.ADDRESSES_PT.SE_ANNO_CAD_DATA":null}},{"type":"Feature","id":32433536,"geometry":{"type":"Point","coordinates":[-77.041781788443885,38.90718095267583]},"properties":{"DCGIS.PLACE_NAMES_PT.NAME":"JOHN WITHERSPOON STATUE","DCGIS.ADDRESSES_PT.ADDRESS":null,"DCGIS.ADDRESSES_PT.WARD":"Ward 2","DCGIS.ADDRESSES_PT.SMD":"SMD 2B05","DCGIS.ADDRESSES_PT.ANC":"ANC 2B","MAR.VW_PLACE_NAME_CATEGORIES.CATEGORY":"MONUMENT / PLAZA / STATUE","DCGIS.ADDRESSES_PT.SSL":"RES 150A0000","DCGIS.PLACE_NAMES_PT.STATUS":"ACTIVE","DCGIS.PLACE_NAMES_PT.PLACE_NAME_ID":3376,"DCGIS.PLACE_NAMES_PT.MAR_ID":294188,"DCGIS.PLACE_NAMES_PT.BEFORE_DATE":null,"DCGIS.PLACE_NAMES_PT.BEFORE_DATE_SOURCE":null,"DCGIS.PLACE_NAMES_PT.BEGIN_DATE":null,"DCGIS.PLACE_NAMES_PT.BEGIN_DATE_SOURCE":null,"DCGIS.PLACE_NAMES_PT.FIRST_KNOWN_DATE":null,"DCGIS.PLACE_NAMES_PT.FIRST_KNOWN_DATE_SOURCE":null,"DCGIS.PLACE_NAMES_PT.CREATED_DATE":1124106359000,"DCGIS.PLACE_NAMES_PT.LAST_EDITED_DATE":1160749089000,"DCGIS.PLACE_NAMES_PT.SE_ANNO_CAD_DATA":null,"DCGIS.PLACE_NAMES_PT.OBJECTID":32433536,"DCGIS.ADDRESSES_PT.OBJECTID":217204620,"DCGIS.ADDRESSES_PT.SE_ANNO_CAD_DATA":null}},{"type":"Feature","id":32433537,"geometry":{"type":"Point","coordinates":[-77.041992245783192,38.895706299906415]},"properties":{"DCGIS.PLACE_NAMES_PT.NAME":"JOHN A. RAWLINS STATUE","DCGIS.ADDRESSES_PT.ADDRESS":null,"DCGIS.ADDRESSES_PT.WARD":"Ward 2","DCGIS.ADDRESSES_PT.SMD":"SMD 2A01","DCGIS.ADDRESSES_PT.ANC":"ANC 2A","MAR.VW_PLACE_NAME_CATEGORIES.CATEGORY":"MONUMENT / PLAZA / STATUE","DCGIS.ADDRESSES_PT.SSL":"0143S   0801","DCGIS.PLACE_NAMES_PT.STATUS":"ACTIVE","DCGIS.PLACE_NAMES_PT.PLACE_NAME_ID":11743,"DCGIS.PLACE_NAMES_PT.MAR_ID":294189,"DCGIS.PLACE_NAMES_PT.BEFORE_DATE":null,"DCGIS.PLACE_NAMES_PT.BEFORE_DATE_SOURCE":null,"DCGIS.PLACE_NAMES_PT.BEGIN_DATE":null,"DCGIS.PLACE_NAMES_PT.BEGIN_DATE_SOURCE":null,"DCGIS.PLACE_NAMES_PT.FIRST_KNOWN_DATE":null,"DCGIS.PLACE_NAMES_PT.FIRST_KNOWN_DATE_SOURCE":null,"DCGIS.PLACE_NAMES_PT.CREATED_DATE":1334071371000,"DCGIS.PLACE_NAMES_PT.LAST_EDITED_DATE":1334071371000,"DCGIS.PLACE_NAMES_PT.SE_ANNO_CAD_DATA":null,"DCGIS.PLACE_NAMES_PT.OBJECTID":32433537,"DCGIS.ADDRESSES_PT.OBJECTID":217116704,"DCGIS.ADDRESSES_PT.SE_ANNO_CAD_DATA":null}},{"type":"Feature","id":32433538,"geometry":{"type":"Point","coordinates":[-77.042024275158766,38.893133497856788]},"properties":{"DCGIS.PLACE_NAMES_PT.NAME":"SIMON BOLIVAR STATUE","DCGIS.ADDRESSES_PT.ADDRESS":null,"DCGIS.ADDRESSES_PT.WARD":"Ward 2","DCGIS.ADDRESSES_PT.SMD":"SMD 2A01","DCGIS.ADDRESSES_PT.ANC":"ANC 2A","MAR.VW_PLACE_NAME_CATEGORIES.CATEGORY":"MONUMENT / PLAZA / STATUE","DCGIS.ADDRESSES_PT.SSL":"0146    0800","DCGIS.PLACE_NAMES_PT.STATUS":"ACTIVE","DCGIS.PLACE_NAMES_PT.PLACE_NAME_ID":11799,"DCGIS.PLACE_NAMES_PT.MAR_ID":294190,"DCGIS.PLACE_NAMES_PT.BEFORE_DATE":null,"DCGIS.PLACE_NAMES_PT.BEFORE_DATE_SOURCE":null,"DCGIS.PLACE_NAMES_PT.BEGIN_DATE":null,"DCGIS.PLACE_NAMES_PT.BEGIN_DATE_SOURCE":null,"DCGIS.PLACE_NAMES_PT.FIRST_KNOWN_DATE":null,"DCGIS.PLACE_NAMES_PT.FIRST_KNOWN_DATE_SOURCE":null,"DCGIS.PLACE_NAMES_PT.CREATED_DATE":1334232067000,"DCGIS.PLACE_NAMES_PT.LAST_EDITED_DATE":1334232067000,"DCGIS.PLACE_NAMES_PT.SE_ANNO_CAD_DATA":null,"DCGIS.PLACE_NAMES_PT.OBJECTID":32433538,"DCGIS.ADDRESSES_PT.OBJECTID":217204259,"DCGIS.ADDRESSES_PT.SE_ANNO_CAD_DATA":null}},{"type":"Feature","id":32433539,"geometry":{"type":"Point","coordinates":[-77.042024275158766,38.893133497856788]},"properties":{"DCGIS.PLACE_NAMES_PT.NAME":"SIMON BOLIVAR LIBERTADOR STATUE","DCGIS.ADDRESSES_PT.ADDRESS":null,"DCGIS.ADDRESSES_PT.WARD":"Ward 2","DCGIS.ADDRESSES_PT.SMD":"SMD 2A01","DCGIS.ADDRESSES_PT.ANC":"ANC 2A","MAR.VW_PLACE_NAME_CATEGORIES.CATEGORY":"MONUMENT / PLAZA / STATUE","DCGIS.ADDRESSES_PT.SSL":"0146    0800","DCGIS.PLACE_NAMES_PT.STATUS":"ACTIVE","DCGIS.PLACE_NAMES_PT.PLACE_NAME_ID":11800,"DCGIS.PLACE_NAMES_PT.MAR_ID":294190,"DCGIS.PLACE_NAMES_PT.BEFORE_DATE":null,"DCGIS.PLACE_NAMES_PT.BEFORE_DATE_SOURCE":null,"DCGIS.PLACE_NAMES_PT.BEGIN_DATE":null,"DCGIS.PLACE_NAMES_PT.BEGIN_DATE_SOURCE":null,"DCGIS.PLACE_NAMES_PT.FIRST_KNOWN_DATE":null,"DCGIS.PLACE_NAMES_PT.FIRST_KNOWN_DATE_SOURCE":null,"DCGIS.PLACE_NAMES_PT.CREATED_DATE":1334232068000,"DCGIS.PLACE_NAMES_PT.LAST_EDITED_DATE":1334232068000,"DCGIS.PLACE_NAMES_PT.SE_ANNO_CAD_DATA":null,"DCGIS.PLACE_NAMES_PT.OBJECTID":32433539,"DCGIS.ADDRESSES_PT.OBJECTID":217204259,"DCGIS.ADDRESSES_PT.SE_ANNO_CAD_DATA":null}},{"type":"Feature","id":32433540,"geometry":{"type":"Point","coordinates":[-77.041497749494567,38.905870158726529]},"properties":{"DCGIS.PLACE_NAMES_PT.NAME":"HENRY WADSWORTH LONGFELLOW STATUE","DCGIS.ADDRESSES_PT.ADDRESS":null,"DCGIS.ADDRESSES_PT.WARD":"Ward 2","DCGIS.ADDRESSES_PT.SMD":"SMD 2B05","DCGIS.ADDRESSES_PT.ANC":"ANC 2B","MAR.VW_PLACE_NAME_CATEGORIES.CATEGORY":"MONUMENT / PLAZA / STATUE","DCGIS.ADDRESSES_PT.SSL":"RES 01500000","DCGIS.PLACE_NAMES_PT.STATUS":"ACTIVE","DCGIS.PLACE_NAMES_PT.PLACE_NAME_ID":11806,"DCGIS.PLACE_NAMES_PT.MAR_ID":294192,"DCGIS.PLACE_NAMES_PT.BEFORE_DATE":null,"DCGIS.PLACE_NAMES_PT.BEFORE_DATE_SOURCE":null,"DCGIS.PLACE_NAMES_PT.BEGIN_DATE":null,"DCGIS.PLACE_NAMES_PT.BEGIN_DATE_SOURCE":null,"DCGIS.PLACE_NAMES_PT.FIRST_KNOWN_DATE":null,"DCGIS.PLACE_NAMES_PT.FIRST_KNOWN_DATE_SOURCE":null,"DCGIS.PLACE_NAMES_PT.CREATED_DATE":1334233710000,"DCGIS.PLACE_NAMES_PT.LAST_EDITED_DATE":1334233710000,"DCGIS.PLACE_NAMES_PT.SE_ANNO_CAD_DATA":null,"DCGIS.PLACE_NAMES_PT.OBJECTID":32433540,"DCGIS.ADDRESSES_PT.OBJECTID":217258999,"DCGIS.ADDRESSES_PT.SE_ANNO_CAD_DATA":null}},{"type":"Feature","id":32433541,"geometry":{"type":"Point","coordinates":[-77.045241874445964,38.89501972979992]},"properties":{"DCGIS.PLACE_NAMES_PT.NAME":"GENERAL JOSE DE SAN MARTIN STATUE","DCGIS.ADDRESSES_PT.ADDRESS":null,"DCGIS.ADDRESSES_PT.WARD":"Ward 2","DCGIS.ADDRESSES_PT.SMD":"SMD 2A01","DCGIS.ADDRESSES_PT.ANC":"ANC 2A","MAR.VW_PLACE_NAME_CATEGORIES.CATEGORY":"MONUMENT / PLAZA / STATUE","DCGIS.ADDRESSES_PT.SSL":"0104S   0817","DCGIS.PLACE_NAMES_PT.STATUS":"ACTIVE","DCGIS.PLACE_NAMES_PT.PLACE_NAME_ID":12779,"DCGIS.PLACE_NAMES_PT.MAR_ID":294193,"DCGIS.PLACE_NAMES_PT.BEFORE_DATE":null,"DCGIS.PLACE_NAMES_PT.BEFORE_DATE_SOURCE":null,"DCGIS.PLACE_NAMES_PT.BEGIN_DATE":null,"DCGIS.PLACE_NAMES_PT.BEGIN_DATE_SOURCE":null,"DCGIS.PLACE_NAMES_PT.FIRST_KNOWN_DATE":null,"DCGIS.PLACE_NAMES_PT.FIRST_KNOWN_DATE_SOURCE":null,"DCGIS.PLACE_NAMES_PT.CREATED_DATE":1366728294000,"DCGIS.PLACE_NAMES_PT.LAST_EDITED_DATE":1366728294000,"DCGIS.PLACE_NAMES_PT.SE_ANNO_CAD_DATA":null,"DCGIS.PLACE_NAMES_PT.OBJECTID":32433541,"DCGIS.ADDRESSES_PT.OBJECTID":217204033,"DCGIS.ADDRESSES_PT.SE_ANNO_CAD_DATA":null}},{"type":"Feature","id":32433542,"geometry":{"type":"Point","coordinates":[-77.048964018929652,38.910061375072466]},"properties":{"DCGIS.PLACE_NAMES_PT.NAME":"TARAS SHEVCHENKO STATUE","DCGIS.ADDRESSES_PT.ADDRESS":null,"DCGIS.ADDRESSES_PT.WARD":"Ward 2","DCGIS.ADDRESSES_PT.SMD":"SMD 2B02","DCGIS.ADDRESSES_PT.ANC":"ANC 2B","MAR.VW_PLACE_NAME_CATEGORIES.CATEGORY":"MONUMENT / PLAZA / STATUE","DCGIS.ADDRESSES_PT.SSL":"RES 057D0000","DCGIS.PLACE_NAMES_PT.STATUS":"ACTIVE","DCGIS.PLACE_NAMES_PT.PLACE_NAME_ID":3384,"DCGIS.PLACE_NAMES_PT.MAR_ID":294195,"DCGIS.PLACE_NAMES_PT.BEFORE_DATE":null,"DCGIS.PLACE_NAMES_PT.BEFORE_DATE_SOURCE":null,"DCGIS.PLACE_NAMES_PT.BEGIN_DATE":null,"DCGIS.PLACE_NAMES_PT.BEGIN_DATE_SOURCE":null,"DCGIS.PLACE_NAMES_PT.FIRST_KNOWN_DATE":null,"DCGIS.PLACE_NAMES_PT.FIRST_KNOWN_DATE_SOURCE":null,"DCGIS.PLACE_NAMES_PT.CREATED_DATE":1124106359000,"DCGIS.PLACE_NAMES_PT.LAST_EDITED_DATE":1224268494000,"DCGIS.PLACE_NAMES_PT.SE_ANNO_CAD_DATA":null,"DCGIS.PLACE_NAMES_PT.OBJECTID":32433542,"DCGIS.ADDRESSES_PT.OBJECTID":217204113,"DCGIS.ADDRESSES_PT.SE_ANNO_CAD_DATA":null}},{"type":"Feature","id":32433543,"geometry":{"type":"Point","coordinates":[-77.048964018929652,38.910061375072466]},"properties":{"DCGIS.PLACE_NAMES_PT.NAME":"TARAS SHEVCHENKO MEMORIAL","DCGIS.ADDRESSES_PT.ADDRESS":null,"DCGIS.ADDRESSES_PT.WARD":"Ward 2","DCGIS.ADDRESSES_PT.SMD":"SMD 2B02","DCGIS.ADDRESSES_PT.ANC":"ANC 2B","MAR.VW_PLACE_NAME_CATEGORIES.CATEGORY":"MONUMENT / PLAZA / STATUE","DCGIS.ADDRESSES_PT.SSL":"RES 057D0000","DCGIS.PLACE_NAMES_PT.STATUS":"ACTIVE","DCGIS.PLACE_NAMES_PT.PLACE_NAME_ID":23744,"DCGIS.PLACE_NAMES_PT.MAR_ID":294195,"DCGIS.PLACE_NAMES_PT.BEFORE_DATE":null,"DCGIS.PLACE_NAMES_PT.BEFORE_DATE_SOURCE":null,"DCGIS.PLACE_NAMES_PT.BEGIN_DATE":null,"DCGIS.PLACE_NAMES_PT.BEGIN_DATE_SOURCE":null,"DCGIS.PLACE_NAMES_PT.FIRST_KNOWN_DATE":null,"DCGIS.PLACE_NAMES_PT.FIRST_KNOWN_DATE_SOURCE":null,"DCGIS.PLACE_NAMES_PT.CREATED_DATE":1745220568000,"DCGIS.PLACE_NAMES_PT.LAST_EDITED_DATE":1745220568000,"DCGIS.PLACE_NAMES_PT.SE_ANNO_CAD_DATA":null,"DCGIS.PLACE_NAMES_PT.OBJECTID":32433543,"DCGIS.ADDRESSES_PT.OBJECTID":217204113,"DCGIS.ADDRESSES_PT.SE_ANNO_CAD_DATA":null}},{"type":"Feature","id":32433547,"geometry":{"type":"Point","coordinates":[-77.049913597083631,38.892736817236695]},"properties":{"DCGIS.PLACE_NAMES_PT.NAME":"THE THREE SERVICEMEN","DCGIS.ADDRESSES_PT.ADDRESS":null,"DCGIS.ADDRESSES_PT.WARD":"Ward 2","DCGIS.ADDRESSES_PT.SMD":"SMD 2A01","DCGIS.ADDRESSES_PT.ANC":"ANC 2A","MAR.VW_PLACE_NAME_CATEGORIES.CATEGORY":"MONUMENT / PLAZA / STATUE","DCGIS.ADDRESSES_PT.SSL":"0062    0809","DCGIS.PLACE_NAMES_PT.STATUS":"ACTIVE","DCGIS.PLACE_NAMES_PT.PLACE_NAME_ID":9434,"DCGIS.PLACE_NAMES_PT.MAR_ID":294199,"DCGIS.PLACE_NAMES_PT.BEFORE_DATE":null,"DCGIS.PLACE_NAMES_PT.BEFORE_DATE_SOURCE":null,"DCGIS.PLACE_NAMES_PT.BEGIN_DATE":null,"DCGIS.PLACE_NAMES_PT.BEGIN_DATE_SOURCE":null,"DCGIS.PLACE_NAMES_PT.FIRST_KNOWN_DATE":null,"DCGIS.PLACE_NAMES_PT.FIRST_KNOWN_DATE_SOURCE":null,"DCGIS.PLACE_NAMES_PT.CREATED_DATE":1281367220000,"DCGIS.PLACE_NAMES_PT.LAST_EDITED_DATE":1281367220000,"DCGIS.PLACE_NAMES_PT.SE_ANNO_CAD_DATA":null,"DCGIS.PLACE_NAMES_PT.OBJECTID":32433547,"DCGIS.ADDRESSES_PT.OBJECTID":217205555,"DCGIS.ADDRESSES_PT.SE_ANNO_CAD_DATA":null}},{"type":"Feature","id":32433548,"geometry":{"type":"Point","coordinates":[-77.048429158276221,38.892413771271698]},"properties":{"DCGIS.PLACE_NAMES_PT.NAME":"ALBERT EINSTEIN MEMORIAL STATUE","DCGIS.ADDRESSES_PT.ADDRESS":null,"DCGIS.ADDRESSES_PT.WARD":"Ward 2","DCGIS.ADDRESSES_PT.SMD":"SMD 2A01","DCGIS.ADDRESSES_PT.ANC":"ANC 2A","MAR.VW_PLACE_NAME_CATEGORIES.CATEGORY":"MONUMENT / PLAZA / STATUE","DCGIS.ADDRESSES_PT.SSL":"0088    0812","DCGIS.PLACE_NAMES_PT.STATUS":"ACTIVE","DCGIS.PLACE_NAMES_PT.PLACE_NAME_ID":3389,"DCGIS.PLACE_NAMES_PT.MAR_ID":294200,"DCGIS.PLACE_NAMES_PT.BEFORE_DATE":null,"DCGIS.PLACE_NAMES_PT.BEFORE_DATE_SOURCE":null,"DCGIS.PLACE_NAMES_PT.BEGIN_DATE":null,"DCGIS.PLACE_NAMES_PT.BEGIN_DATE_SOURCE":null,"DCGIS.PLACE_NAMES_PT.FIRST_KNOWN_DATE":null,"DCGIS.PLACE_NAMES_PT.FIRST_KNOWN_DATE_SOURCE":null,"DCGIS.PLACE_NAMES_PT.CREATED_DATE":1124106359000,"DCGIS.PLACE_NAMES_PT.LAST_EDITED_DATE":1224268494000,"DCGIS.PLACE_NAMES_PT.SE_ANNO_CAD_DATA":null,"DCGIS.PLACE_NAMES_PT.OBJECTID":32433548,"DCGIS.ADDRESSES_PT.OBJECTID":217205283,"DCGIS.ADDRESSES_PT.SE_ANNO_CAD_DATA":null}},{"type":"Feature","id":32433549,"geometry":{"type":"Point","coordinates":[-77.052775526179957,38.913927447304239]},"properties":{"DCGIS.PLACE_NAMES_PT.NAME":"ROBERT EMMET STATUTE","DCGIS.ADDRESSES_PT.ADDRESS":null,"DCGIS.ADDRESSES_PT.WARD":"Ward 2","DCGIS.ADDRESSES_PT.SMD":"SMD 2D02","DCGIS.ADDRESSES_PT.ANC":"ANC 2D","MAR.VW_PLACE_NAME_CATEGORIES.CATEGORY":"MONUMENT / PLAZA / STATUE","DCGIS.ADDRESSES_PT.SSL":"RES 03020000","DCGIS.PLACE_NAMES_PT.STATUS":"ACTIVE","DCGIS.PLACE_NAMES_PT.PLACE_NAME_ID":9286,"DCGIS.PLACE_NAMES_PT.MAR_ID":294201,"DCGIS.PLACE_NAMES_PT.BEFORE_DATE":null,"DCGIS.PLACE_NAMES_PT.BEFORE_DATE_SOURCE":null,"DCGIS.PLACE_NAMES_PT.BEGIN_DATE":null,"DCGIS.PLACE_NAMES_PT.BEGIN_DATE_SOURCE":null,"DCGIS.PLACE_NAMES_PT.FIRST_KNOWN_DATE":null,"DCGIS.PLACE_NAMES_PT.FIRST_KNOWN_DATE_SOURCE":null,"DCGIS.PLACE_NAMES_PT.CREATED_DATE":1279201308000,"DCGIS.PLACE_NAMES_PT.LAST_EDITED_DATE":1279201308000,"DCGIS.PLACE_NAMES_PT.SE_ANNO_CAD_DATA":null,"DCGIS.PLACE_NAMES_PT.OBJECTID":32433549,"DCGIS.ADDRESSES_PT.OBJECTID":217204485,"DCGIS.ADDRESSES_PT.SE_ANNO_CAD_DATA":null}},{"type":"Feature","id":32433551,"geometry":{"type":"Point","coordinates":[-77.059291419192391,38.905372428947608]},"properties":{"DCGIS.PLACE_NAMES_PT.NAME":"THOMAS SIM LEE CORNER","DCGIS.ADDRESSES_PT.ADDRESS":null,"DCGIS.ADDRESSES_PT.WARD":"Ward 2","DCGIS.ADDRESSES_PT.SMD":"SMD 2E06","DCGIS.ADDRESSES_PT.ANC":"ANC 2E","MAR.VW_PLACE_NAME_CATEGORIES.CATEGORY":"MONUMENT / PLAZA / STATUE","DCGIS.ADDRESSES_PT.SSL":"1209    0040","DCGIS.PLACE_NAMES_PT.STATUS":"ACTIVE","DCGIS.PLACE_NAMES_PT.PLACE_NAME_ID":3394,"DCGIS.PLACE_NAMES_PT.MAR_ID":294204,"DCGIS.PLACE_NAMES_PT.BEFORE_DATE":null,"DCGIS.PLACE_NAMES_PT.BEFORE_DATE_SOURCE":null,"DCGIS.PLACE_NAMES_PT.BEGIN_DATE":null,"DCGIS.PLACE_NAMES_PT.BEGIN_DATE_SOURCE":null,"DCGIS.PLACE_NAMES_PT.FIRST_KNOWN_DATE":null,"DCGIS.PLACE_NAMES_PT.FIRST_KNOWN_DATE_SOURCE":null,"DCGIS.PLACE_NAMES_PT.CREATED_DATE":1124106359000,"DCGIS.PLACE_NAMES_PT.LAST_EDITED_DATE":1124106359000,"DCGIS.PLACE_NAMES_PT.SE_ANNO_CAD_DATA":null,"DCGIS.PLACE_NAMES_PT.OBJECTID":32433551,"DCGIS.ADDRESSES_PT.OBJECTID":217204249,"DCGIS.ADDRESSES_PT.SE_ANNO_CAD_DATA":null}},{"type":"Feature","id":32433552,"geometry":{"type":"Point","coordinates":[-77.068086669814676,38.904843798422476]},"properties":{"DCGIS.PLACE_NAMES_PT.NAME":"FRANCIS SCOTT KEY STATUE","DCGIS.ADDRESSES_PT.ADDRESS":null,"DCGIS.ADDRESSES_PT.WARD":"Ward 2","DCGIS.ADDRESSES_PT.SMD":"SMD 2E05","DCGIS.ADDRESSES_PT.ANC":"ANC 2E","MAR.VW_PLACE_NAME_CATEGORIES.CATEGORY":"MONUMENT / PLAZA / STATUE","DCGIS.ADDRESSES_PT.SSL":"1183    0807","DCGIS.PLACE_NAMES_PT.STATUS":"ACTIVE","DCGIS.PLACE_NAMES_PT.PLACE_NAME_ID":11737,"DCGIS.PLACE_NAMES_PT.MAR_ID":294205,"DCGIS.PLACE_NAMES_PT.BEFORE_DATE":null,"DCGIS.PLACE_NAMES_PT.BEFORE_DATE_SOURCE":null,"DCGIS.PLACE_NAMES_PT.BEGIN_DATE":null,"DCGIS.PLACE_NAMES_PT.BEGIN_DATE_SOURCE":null,"DCGIS.PLACE_NAMES_PT.FIRST_KNOWN_DATE":null,"DCGIS.PLACE_NAMES_PT.FIRST_KNOWN_DATE_SOURCE":null,"DCGIS.PLACE_NAMES_PT.CREATED_DATE":1334070876000,"DCGIS.PLACE_NAMES_PT.LAST_EDITED_DATE":1334070876000,"DCGIS.PLACE_NAMES_PT.SE_ANNO_CAD_DATA":null,"DCGIS.PLACE_NAMES_PT.OBJECTID":32433552,"DCGIS.ADDRESSES_PT.OBJECTID":217204017,"DCGIS.ADDRESSES_PT.SE_ANNO_CAD_DATA":null}},{"type":"Feature","id":32433554,"geometry":{"type":"Point","coordinates":[-77.069535689933147,38.910579552563647]},"properties":{"DCGIS.PLACE_NAMES_PT.NAME":"HEALY FATHER PATRICK","DCGIS.ADDRESSES_PT.ADDRESS":null,"DCGIS.ADDRESSES_PT.WARD":"Ward 2","DCGIS.ADDRESSES_PT.SMD":"SMD 2E02","DCGIS.ADDRESSES_PT.ANC":"ANC 2E","MAR.VW_PLACE_NAME_CATEGORIES.CATEGORY":"MONUMENT / PLAZA / STATUE","DCGIS.ADDRESSES_PT.SSL":"1292    0202","DCGIS.PLACE_NAMES_PT.STATUS":"ACTIVE","DCGIS.PLACE_NAMES_PT.PLACE_NAME_ID":3399,"DCGIS.PLACE_NAMES_PT.MAR_ID":294208,"DCGIS.PLACE_NAMES_PT.BEFORE_DATE":null,"DCGIS.PLACE_NAMES_PT.BEFORE_DATE_SOURCE":null,"DCGIS.PLACE_NAMES_PT.BEGIN_DATE":null,"DCGIS.PLACE_NAMES_PT.BEGIN_DATE_SOURCE":null,"DCGIS.PLACE_NAMES_PT.FIRST_KNOWN_DATE":null,"DCGIS.PLACE_NAMES_PT.FIRST_KNOWN_DATE_SOURCE":null,"DCGIS.PLACE_NAMES_PT.CREATED_DATE":1124106359000,"DCGIS.PLACE_NAMES_PT.LAST_EDITED_DATE":1124106359000,"DCGIS.PLACE_NAMES_PT.SE_ANNO_CAD_DATA":null,"DCGIS.PLACE_NAMES_PT.OBJECTID":32433554,"DCGIS.ADDRESSES_PT.OBJECTID":217224754,"DCGIS.ADDRESSES_PT.SE_ANNO_CAD_DATA":null}},{"type":"Feature","id":32433556,"geometry":{"type":"Point","coordinates":[-77.034305728675321,38.895990591975654]},"properties":{"DCGIS.PLACE_NAMES_PT.NAME":"WILLIAM TECUMSEH SHERMAN STATUE","DCGIS.ADDRESSES_PT.ADDRESS":null,"DCGIS.ADDRESSES_PT.WARD":"Ward 2","DCGIS.ADDRESSES_PT.SMD":"SMD 2A07","DCGIS.ADDRESSES_PT.ANC":"ANC 2A","MAR.VW_PLACE_NAME_CATEGORIES.CATEGORY":"MONUMENT / PLAZA / STATUE","DCGIS.ADDRESSES_PT.SSL":"0187S   0803","DCGIS.PLACE_NAMES_PT.STATUS":"ACTIVE","DCGIS.PLACE_NAMES_PT.PLACE_NAME_ID":11809,"DCGIS.PLACE_NAMES_PT.MAR_ID":294210,"DCGIS.PLACE_NAMES_PT.BEFORE_DATE":null,"DCGIS.PLACE_NAMES_PT.BEFORE_DATE_SOURCE":null,"DCGIS.PLACE_NAMES_PT.BEGIN_DATE":null,"DCGIS.PLACE_NAMES_PT.BEGIN_DATE_SOURCE":null,"DCGIS.PLACE_NAMES_PT.FIRST_KNOWN_DATE":null,"DCGIS.PLACE_NAMES_PT.FIRST_KNOWN_DATE_SOURCE":null,"DCGIS.PLACE_NAMES_PT.CREATED_DATE":1334235059000,"DCGIS.PLACE_NAMES_PT.LAST_EDITED_DATE":1334235059000,"DCGIS.PLACE_NAMES_PT.SE_ANNO_CAD_DATA":null,"DCGIS.PLACE_NAMES_PT.OBJECTID":32433556,"DCGIS.ADDRESSES_PT.OBJECTID":217117527,"DCGIS.ADDRESSES_PT.SE_ANNO_CAD_DATA":null}},{"type":"Feature","id":32433557,"geometry":{"type":"Point","coordinates":[-77.051184286355905,38.937973430121538]},"properties":{"DCGIS.PLACE_NAMES_PT.NAME":"JEAN JULES JUSSERAND MEMORIAL","DCGIS.ADDRESSES_PT.ADDRESS":null,"DCGIS.ADDRESSES_PT.WARD":"Ward 4","DCGIS.ADDRESSES_PT.SMD":"SMD 4E06","DCGIS.ADDRESSES_PT.ANC":"ANC 4E","MAR.VW_PLACE_NAME_CATEGORIES.CATEGORY":"MONUMENT / PLAZA / STATUE","DCGIS.ADDRESSES_PT.SSL":"RES 03390000","DCGIS.PLACE_NAMES_PT.STATUS":"ACTIVE","DCGIS.PLACE_NAMES_PT.PLACE_NAME_ID":11715,"DCGIS.PLACE_NAMES_PT.MAR_ID":294212,"DCGIS.PLACE_NAMES_PT.BEFORE_DATE":null,"DCGIS.PLACE_NAMES_PT.BEFORE_DATE_SOURCE":null,"DCGIS.PLACE_NAMES_PT.BEGIN_DATE":null,"DCGIS.PLACE_NAMES_PT.BEGIN_DATE_SOURCE":null,"DCGIS.PLACE_NAMES_PT.FIRST_KNOWN_DATE":null,"DCGIS.PLACE_NAMES_PT.FIRST_KNOWN_DATE_SOURCE":null,"DCGIS.PLACE_NAMES_PT.CREATED_DATE":1332411070000,"DCGIS.PLACE_NAMES_PT.LAST_EDITED_DATE":1332411070000,"DCGIS.PLACE_NAMES_PT.SE_ANNO_CAD_DATA":null,"DCGIS.PLACE_NAMES_PT.OBJECTID":32433557,"DCGIS.ADDRESSES_PT.OBJECTID":217203351,"DCGIS.ADDRESSES_PT.SE_ANNO_CAD_DATA":null}},{"type":"Feature","id":32433558,"geometry":{"type":"Point","coordinates":[-77.051184286355905,38.937973430121538]},"properties":{"DCGIS.PLACE_NAMES_PT.NAME":"JULES JUSSERAND BENCH","DCGIS.ADDRESSES_PT.ADDRESS":null,"DCGIS.ADDRESSES_PT.WARD":"Ward 4","DCGIS.ADDRESSES_PT.SMD":"SMD 4E06","DCGIS.ADDRESSES_PT.ANC":"ANC 4E","MAR.VW_PLACE_NAME_CATEGORIES.CATEGORY":"MONUMENT / PLAZA / STATUE","DCGIS.ADDRESSES_PT.SSL":"RES 03390000","DCGIS.PLACE_NAMES_PT.STATUS":"ACTIVE","DCGIS.PLACE_NAMES_PT.PLACE_NAME_ID":11716,"DCGIS.PLACE_NAMES_PT.MAR_ID":294212,"DCGIS.PLACE_NAMES_PT.BEFORE_DATE":null,"DCGIS.PLACE_NAMES_PT.BEFORE_DATE_SOURCE":null,"DCGIS.PLACE_NAMES_PT.BEGIN_DATE":null,"DCGIS.PLACE_NAMES_PT.BEGIN_DATE_SOURCE":null,"DCGIS.PLACE_NAMES_PT.FIRST_KNOWN_DATE":null,"DCGIS.PLACE_NAMES_PT.FIRST_KNOWN_DATE_SOURCE":null,"DCGIS.PLACE_NAMES_PT.CREATED_DATE":1332411070000,"DCGIS.PLACE_NAMES_PT.LAST_EDITED_DATE":1332411070000,"DCGIS.PLACE_NAMES_PT.SE_ANNO_CAD_DATA":null,"DCGIS.PLACE_NAMES_PT.OBJECTID":32433558,"DCGIS.ADDRESSES_PT.OBJECTID":217203351,"DCGIS.ADDRESSES_PT.SE_ANNO_CAD_DATA":null}},{"type":"Feature","id":32433564,"geometry":{"type":"Point","coordinates":[-77.017548515698849,38.893330987164767]},"properties":{"DCGIS.PLACE_NAMES_PT.NAME":"CHIEF JUSTICE JOHN MARSHALL STATUE","DCGIS.ADDRESSES_PT.ADDRESS":null,"DCGIS.ADDRESSES_PT.WARD":"Ward 6","DCGIS.ADDRESSES_PT.SMD":"SMD 6E08","DCGIS.ADDRESSES_PT.ANC":"ANC 6E","MAR.VW_PLACE_NAME_CATEGORIES.CATEGORY":"MONUMENT / PLAZA / STATUE","DCGIS.ADDRESSES_PT.SSL":null,"DCGIS.PLACE_NAMES_PT.STATUS":"ACTIVE","DCGIS.PLACE_NAMES_PT.PLACE_NAME_ID":3408,"DCGIS.PLACE_NAMES_PT.MAR_ID":294217,"DCGIS.PLACE_NAMES_PT.BEFORE_DATE":null,"DCGIS.PLACE_NAMES_PT.BEFORE_DATE_SOURCE":null,"DCGIS.PLACE_NAMES_PT.BEGIN_DATE":null,"DCGIS.PLACE_NAMES_PT.BEGIN_DATE_SOURCE":null,"DCGIS.PLACE_NAMES_PT.FIRST_KNOWN_DATE":null,"DCGIS.PLACE_NAMES_PT.FIRST_KNOWN_DATE_SOURCE":null,"DCGIS.PLACE_NAMES_PT.CREATED_DATE":1124106359000,"DCGIS.PLACE_NAMES_PT.LAST_EDITED_DATE":1158420210000,"DCGIS.PLACE_NAMES_PT.SE_ANNO_CAD_DATA":null,"DCGIS.PLACE_NAMES_PT.OBJECTID":32433564,"DCGIS.ADDRESSES_PT.OBJECTID":217204722,"DCGIS.ADDRESSES_PT.SE_ANNO_CAD_DATA":null}},{"type":"Feature","id":32433565,"geometry":{"type":"Point","coordinates":[-77.017548515698849,38.893330987164767]},"properties":{"DCGIS.PLACE_NAMES_PT.NAME":"JOHN MARSHALL STATUE","DCGIS.ADDRESSES_PT.ADDRESS":null,"DCGIS.ADDRESSES_PT.WARD":"Ward 6","DCGIS.ADDRESSES_PT.SMD":"SMD 6E08","DCGIS.ADDRESSES_PT.ANC":"ANC 6E","MAR.VW_PLACE_NAME_CATEGORIES.CATEGORY":"MONUMENT / PLAZA / STATUE","DCGIS.ADDRESSES_PT.SSL":null,"DCGIS.PLACE_NAMES_PT.STATUS":"ACTIVE","DCGIS.PLACE_NAMES_PT.PLACE_NAME_ID":11805,"DCGIS.PLACE_NAMES_PT.MAR_ID":294217,"DCGIS.PLACE_NAMES_PT.BEFORE_DATE":null,"DCGIS.PLACE_NAMES_PT.BEFORE_DATE_SOURCE":null,"DCGIS.PLACE_NAMES_PT.BEGIN_DATE":null,"DCGIS.PLACE_NAMES_PT.BEGIN_DATE_SOURCE":null,"DCGIS.PLACE_NAMES_PT.FIRST_KNOWN_DATE":null,"DCGIS.PLACE_NAMES_PT.FIRST_KNOWN_DATE_SOURCE":null,"DCGIS.PLACE_NAMES_PT.CREATED_DATE":1334233659000,"DCGIS.PLACE_NAMES_PT.LAST_EDITED_DATE":1334233659000,"DCGIS.PLACE_NAMES_PT.SE_ANNO_CAD_DATA":null,"DCGIS.PLACE_NAMES_PT.OBJECTID":32433565,"DCGIS.ADDRESSES_PT.OBJECTID":217204722,"DCGIS.ADDRESSES_PT.SE_ANNO_CAD_DATA":null}},{"type":"Feature","id":32433566,"geometry":{"type":"Point","coordinates":[-77.046497394861476,38.916706573726763]},"properties":{"DCGIS.PLACE_NAMES_PT.NAME":"GEORGE B. MCCLELLAN STATUE","DCGIS.ADDRESSES_PT.ADDRESS":null,"DCGIS.ADDRESSES_PT.WARD":"Ward 1","DCGIS.ADDRESSES_PT.SMD":"SMD 1C02","DCGIS.ADDRESSES_PT.ANC":"ANC 1C","MAR.VW_PLACE_NAME_CATEGORIES.CATEGORY":"MONUMENT / PLAZA / STATUE","DCGIS.ADDRESSES_PT.SSL":"2536S   0801","DCGIS.PLACE_NAMES_PT.STATUS":"ACTIVE","DCGIS.PLACE_NAMES_PT.PLACE_NAME_ID":11830,"DCGIS.PLACE_NAMES_PT.MAR_ID":294218,"DCGIS.PLACE_NAMES_PT.BEFORE_DATE":null,"DCGIS.PLACE_NAMES_PT.BEFORE_DATE_SOURCE":null,"DCGIS.PLACE_NAMES_PT.BEGIN_DATE":null,"DCGIS.PLACE_NAMES_PT.BEGIN_DATE_SOURCE":null,"DCGIS.PLACE_NAMES_PT.FIRST_KNOWN_DATE":null,"DCGIS.PLACE_NAMES_PT.FIRST_KNOWN_DATE_SOURCE":null,"DCGIS.PLACE_NAMES_PT.CREATED_DATE":1334738781000,"DCGIS.PLACE_NAMES_PT.LAST_EDITED_DATE":1334738781000,"DCGIS.PLACE_NAMES_PT.SE_ANNO_CAD_DATA":null,"DCGIS.PLACE_NAMES_PT.OBJECTID":32433566,"DCGIS.ADDRESSES_PT.OBJECTID":217203309,"DCGIS.ADDRESSES_PT.SE_ANNO_CAD_DATA":null}},{"type":"Feature","id":32433573,"geometry":{"type":"Point","coordinates":[-77.043441671805056,38.909644760927002]},"properties":{"DCGIS.PLACE_NAMES_PT.NAME":"DUPONT MEMORIAL FOUNTAIN","DCGIS.ADDRESSES_PT.ADDRESS":null,"DCGIS.ADDRESSES_PT.WARD":"Ward 2","DCGIS.ADDRESSES_PT.SMD":"SMD 2B02","DCGIS.ADDRESSES_PT.ANC":"ANC 2B","MAR.VW_PLACE_NAME_CATEGORIES.CATEGORY":"MONUMENT / PLAZA / STATUE","DCGIS.ADDRESSES_PT.SSL":"0114E   0800","DCGIS.PLACE_NAMES_PT.STATUS":"ACTIVE","DCGIS.PLACE_NAMES_PT.PLACE_NAME_ID":3418,"DCGIS.PLACE_NAMES_PT.MAR_ID":294226,"DCGIS.PLACE_NAMES_PT.BEFORE_DATE":null,"DCGIS.PLACE_NAMES_PT.BEFORE_DATE_SOURCE":null,"DCGIS.PLACE_NAMES_PT.BEGIN_DATE":null,"DCGIS.PLACE_NAMES_PT.BEGIN_DATE_SOURCE":null,"DCGIS.PLACE_NAMES_PT.FIRST_KNOWN_DATE":null,"DCGIS.PLACE_NAMES_PT.FIRST_KNOWN_DATE_SOURCE":null,"DCGIS.PLACE_NAMES_PT.CREATED_DATE":1124106359000,"DCGIS.PLACE_NAMES_PT.LAST_EDITED_DATE":1124106359000,"DCGIS.PLACE_NAMES_PT.SE_ANNO_CAD_DATA":null,"DCGIS.PLACE_NAMES_PT.OBJECTID":32433573,"DCGIS.ADDRESSES_PT.OBJECTID":217204624,"DCGIS.ADDRESSES_PT.SE_ANNO_CAD_DATA":null}},{"type":"Feature","id":32433574,"geometry":{"type":"Point","coordinates":[-77.043441671805056,38.909644760927002]},"properties":{"DCGIS.PLACE_NAMES_PT.NAME":"DUPONT CIRCLE","DCGIS.ADDRESSES_PT.ADDRESS":null,"DCGIS.ADDRESSES_PT.WARD":"Ward 2","DCGIS.ADDRESSES_PT.SMD":"SMD 2B02","DCGIS.ADDRESSES_PT.ANC":"ANC 2B","MAR.VW_PLACE_NAME_CATEGORIES.CATEGORY":"MONUMENT / PLAZA / STATUE","DCGIS.ADDRESSES_PT.SSL":"0114E   0800","DCGIS.PLACE_NAMES_PT.STATUS":"ACTIVE","DCGIS.PLACE_NAMES_PT.PLACE_NAME_ID":7073,"DCGIS.PLACE_NAMES_PT.MAR_ID":294226,"DCGIS.PLACE_NAMES_PT.BEFORE_DATE":null,"DCGIS.PLACE_NAMES_PT.BEFORE_DATE_SOURCE":null,"DCGIS.PLACE_NAMES_PT.BEGIN_DATE":null,"DCGIS.PLACE_NAMES_PT.BEGIN_DATE_SOURCE":null,"DCGIS.PLACE_NAMES_PT.FIRST_KNOWN_DATE":null,"DCGIS.PLACE_NAMES_PT.FIRST_KNOWN_DATE_SOURCE":null,"DCGIS.PLACE_NAMES_PT.CREATED_DATE":1145777270000,"DCGIS.PLACE_NAMES_PT.LAST_EDITED_DATE":1145777270000,"DCGIS.PLACE_NAMES_PT.SE_ANNO_CAD_DATA":null,"DCGIS.PLACE_NAMES_PT.OBJECTID":32433574,"DCGIS.ADDRESSES_PT.OBJECTID":217204624,"DCGIS.ADDRESSES_PT.SE_ANNO_CAD_DATA":null}},{"type":"Feature","id":32433577,"geometry":{"type":"Point","coordinates":[-77.042872483348276,38.891098738446061]},"properties":{"DCGIS.PLACE_NAMES_PT.NAME":"SIGNERS OF THE DECLARATION MEMORIAL","DCGIS.ADDRESSES_PT.ADDRESS":null,"DCGIS.ADDRESSES_PT.WARD":"Ward 2","DCGIS.ADDRESSES_PT.SMD":"SMD 2A01","DCGIS.ADDRESSES_PT.ANC":"ANC 2A","MAR.VW_PLACE_NAME_CATEGORIES.CATEGORY":"MONUMENT / PLAZA / STATUE","DCGIS.ADDRESSES_PT.SSL":"RES 03320000","DCGIS.PLACE_NAMES_PT.STATUS":"ACTIVE","DCGIS.PLACE_NAMES_PT.PLACE_NAME_ID":10052,"DCGIS.PLACE_NAMES_PT.MAR_ID":294229,"DCGIS.PLACE_NAMES_PT.BEFORE_DATE":null,"DCGIS.PLACE_NAMES_PT.BEFORE_DATE_SOURCE":null,"DCGIS.PLACE_NAMES_PT.BEGIN_DATE":null,"DCGIS.PLACE_NAMES_PT.BEGIN_DATE_SOURCE":null,"DCGIS.PLACE_NAMES_PT.FIRST_KNOWN_DATE":null,"DCGIS.PLACE_NAMES_PT.FIRST_KNOWN_DATE_SOURCE":null,"DCGIS.PLACE_NAMES_PT.CREATED_DATE":1291971249000,"DCGIS.PLACE_NAMES_PT.LAST_EDITED_DATE":1291971249000,"DCGIS.PLACE_NAMES_PT.SE_ANNO_CAD_DATA":null,"DCGIS.PLACE_NAMES_PT.OBJECTID":32433577,"DCGIS.ADDRESSES_PT.OBJECTID":217203945,"DCGIS.ADDRESSES_PT.SE_ANNO_CAD_DATA":null}},{"type":"Feature","id":32433515,"geometry":{"type":"Point","coordinates":[-77.011794298518538,38.889873665524604]},"properties":{"DCGIS.PLACE_NAMES_PT.NAME":"FLAMINGO FOUNTAIN","DCGIS.ADDRESSES_PT.ADDRESS":null,"DCGIS.ADDRESSES_PT.WARD":"Ward 6","DCGIS.ADDRESSES_PT.SMD":"SMD 6C02","DCGIS.ADDRESSES_PT.ANC":"ANC 6C","MAR.VW_PLACE_NAME_CATEGORIES.CATEGORY":"MONUMENT / PLAZA / STATUE","DCGIS.ADDRESSES_PT.SSL":"0636    0815","DCGIS.PLACE_NAMES_PT.STATUS":"ACTIVE","DCGIS.PLACE_NAMES_PT.PLACE_NAME_ID":3340,"DCGIS.PLACE_NAMES_PT.MAR_ID":294155,"DCGIS.PLACE_NAMES_PT.BEFORE_DATE":null,"DCGIS.PLACE_NAMES_PT.BEFORE_DATE_SOURCE":null,"DCGIS.PLACE_NAMES_PT.BEGIN_DATE":null,"DCGIS.PLACE_NAMES_PT.BEGIN_DATE_SOURCE":null,"DCGIS.PLACE_NAMES_PT.FIRST_KNOWN_DATE":null,"DCGIS.PLACE_NAMES_PT.FIRST_KNOWN_DATE_SOURCE":null,"DCGIS.PLACE_NAMES_PT.CREATED_DATE":1124106359000,"DCGIS.PLACE_NAMES_PT.LAST_EDITED_DATE":1124106359000,"DCGIS.PLACE_NAMES_PT.SE_ANNO_CAD_DATA":null,"DCGIS.PLACE_NAMES_PT.OBJECTID":32433515,"DCGIS.ADDRESSES_PT.OBJECTID":217228428,"DCGIS.ADDRESSES_PT.SE_ANNO_CAD_DATA":null}},{"type":"Feature","id":32433516,"geometry":{"type":"Point","coordinates":[-77.015824114308472,38.892541559651988]},"properties":{"DCGIS.PLACE_NAMES_PT.NAME":"SIR WILLIAM BLACKSTONE STATUE","DCGIS.ADDRESSES_PT.ADDRESS":null,"DCGIS.ADDRESSES_PT.WARD":"Ward 6","DCGIS.ADDRESSES_PT.SMD":"SMD 6E08","DCGIS.ADDRESSES_PT.ANC":"ANC 6E","MAR.VW_PLACE_NAME_CATEGORIES.CATEGORY":"MONUMENT / PLAZA / STATUE","DCGIS.ADDRESSES_PT.SSL":"0533S   0800","DCGIS.PLACE_NAMES_PT.STATUS":"ACTIVE","DCGIS.PLACE_NAMES_PT.PLACE_NAME_ID":3341,"DCGIS.PLACE_NAMES_PT.MAR_ID":294156,"DCGIS.PLACE_NAMES_PT.BEFORE_DATE":null,"DCGIS.PLACE_NAMES_PT.BEFORE_DATE_SOURCE":null,"DCGIS.PLACE_NAMES_PT.BEGIN_DATE":null,"DCGIS.PLACE_NAMES_PT.BEGIN_DATE_SOURCE":null,"DCGIS.PLACE_NAMES_PT.FIRST_KNOWN_DATE":null,"DCGIS.PLACE_NAMES_PT.FIRST_KNOWN_DATE_SOURCE":null,"DCGIS.PLACE_NAMES_PT.CREATED_DATE":1124106359000,"DCGIS.PLACE_NAMES_PT.LAST_EDITED_DATE":1158420210000,"DCGIS.PLACE_NAMES_PT.SE_ANNO_CAD_DATA":null,"DCGIS.PLACE_NAMES_PT.OBJECTID":32433516,"DCGIS.ADDRESSES_PT.OBJECTID":217204721,"DCGIS.ADDRESSES_PT.SE_ANNO_CAD_DATA":null}},{"type":"Feature","id":32433223,"geometry":{"type":"Point","coordinates":[-77.025005335523346,38.88391587296195]},"properties":{"DCGIS.PLACE_NAMES_PT.NAME":"L'ENFANT PLAZA","DCGIS.ADDRESSES_PT.ADDRESS":null,"DCGIS.ADDRESSES_PT.WARD":"Ward 6","DCGIS.ADDRESSES_PT.SMD":"SMD 6D01","DCGIS.ADDRESSES_PT.ANC":"ANC 6D","MAR.VW_PLACE_NAME_CATEGORIES.CATEGORY":"MONUMENT / PLAZA / STATUE","DCGIS.ADDRESSES_PT.SSL":"0387    0872","DCGIS.PLACE_NAMES_PT.STATUS":"ACTIVE","DCGIS.PLACE_NAMES_PT.PLACE_NAME_ID":1047,"DCGIS.PLACE_NAMES_PT.MAR_ID":291695,"DCGIS.PLACE_NAMES_PT.BEFORE_DATE":null,"DCGIS.PLACE_NAMES_PT.BEFORE_DATE_SOURCE":null,"DCGIS.PLACE_NAMES_PT.BEGIN_DATE":null,"DCGIS.PLACE_NAMES_PT.BEGIN_DATE_SOURCE":null,"DCGIS.PLACE_NAMES_PT.FIRST_KNOWN_DATE":null,"DCGIS.PLACE_NAMES_PT.FIRST_KNOWN_DATE_SOURCE":null,"DCGIS.PLACE_NAMES_PT.CREATED_DATE":1122982879000,"DCGIS.PLACE_NAMES_PT.LAST_EDITED_DATE":1122982879000,"DCGIS.PLACE_NAMES_PT.SE_ANNO_CAD_DATA":null,"DCGIS.PLACE_NAMES_PT.OBJECTID":32433223,"DCGIS.ADDRESSES_PT.OBJECTID":217204434,"DCGIS.ADDRESSES_PT.SE_ANNO_CAD_DATA":null}},{"type":"Feature","id":32433224,"geometry":{"type":"Point","coordinates":[-77.025005335523346,38.88391587296195]},"properties":{"DCGIS.PLACE_NAMES_PT.NAME":"L'ENFANT PLAZA SHOPPING MALL","DCGIS.ADDRESSES_PT.ADDRESS":null,"DCGIS.ADDRESSES_PT.WARD":"Ward 6","DCGIS.ADDRESSES_PT.SMD":"SMD 6D01","DCGIS.ADDRESSES_PT.ANC":"ANC 6D","MAR.VW_PLACE_NAME_CATEGORIES.CATEGORY":"MONUMENT / PLAZA / STATUE","DCGIS.ADDRESSES_PT.SSL":"0387    0872","DCGIS.PLACE_NAMES_PT.STATUS":"ACTIVE","DCGIS.PLACE_NAMES_PT.PLACE_NAME_ID":8017,"DCGIS.PLACE_NAMES_PT.MAR_ID":291695,"DCGIS.PLACE_NAMES_PT.BEFORE_DATE":null,"DCGIS.PLACE_NAMES_PT.BEFORE_DATE_SOURCE":null,"DCGIS.PLACE_NAMES_PT.BEGIN_DATE":null,"DCGIS.PLACE_NAMES_PT.BEGIN_DATE_SOURCE":null,"DCGIS.PLACE_NAMES_PT.FIRST_KNOWN_DATE":null,"DCGIS.PLACE_NAMES_PT.FIRST_KNOWN_DATE_SOURCE":null,"DCGIS.PLACE_NAMES_PT.CREATED_DATE":1174572602000,"DCGIS.PLACE_NAMES_PT.LAST_EDITED_DATE":1174572602000,"DCGIS.PLACE_NAMES_PT.SE_ANNO_CAD_DATA":null,"DCGIS.PLACE_NAMES_PT.OBJECTID":32433224,"DCGIS.ADDRESSES_PT.OBJECTID":217204434,"DCGIS.ADDRESSES_PT.SE_ANNO_CAD_DATA":null}},{"type":"Feature","id":32399643,"geometry":{"type":"Point","coordinates":[-77.04014719975801,38.889438472210394]},"properties":{"DCGIS.PLACE_NAMES_PT.NAME":"WORLD WAR II MEMORIAL","DCGIS.ADDRESSES_PT.ADDRESS":"1 17TH STREET SW","DCGIS.ADDRESSES_PT.WARD":"Ward 2","DCGIS.ADDRESSES_PT.SMD":"SMD 2A01","DCGIS.ADDRESSES_PT.ANC":"ANC 2A","MAR.VW_PLACE_NAME_CATEGORIES.CATEGORY":"MONUMENT / PLAZA / STATUE","DCGIS.ADDRESSES_PT.SSL":"RES 03320000","DCGIS.PLACE_NAMES_PT.STATUS":"ACTIVE","DCGIS.PLACE_NAMES_PT.PLACE_NAME_ID":15080,"DCGIS.PLACE_NAMES_PT.MAR_ID":313460,"DCGIS.PLACE_NAMES_PT.BEFORE_DATE":null,"DCGIS.PLACE_NAMES_PT.BEFORE_DATE_SOURCE":null,"DCGIS.PLACE_NAMES_PT.BEGIN_DATE":null,"DCGIS.PLACE_NAMES_PT.BEGIN_DATE_SOURCE":null,"DCGIS.PLACE_NAMES_PT.FIRST_KNOWN_DATE":null,"DCGIS.PLACE_NAMES_PT.FIRST_KNOWN_DATE_SOURCE":null,"DCGIS.PLACE_NAMES_PT.CREATED_DATE":1449824576000,"DCGIS.PLACE_NAMES_PT.LAST_EDITED_DATE":1449824576000,"DCGIS.PLACE_NAMES_PT.SE_ANNO_CAD_DATA":null,"DCGIS.PLACE_NAMES_PT.OBJECTID":32399643,"DCGIS.ADDRESSES_PT.OBJECTID":217222143,"DCGIS.ADDRESSES_PT.SE_ANNO_CAD_DATA":null}},{"type":"Feature","id":32420140,"geometry":{"type":"Point","coordinates":[-77.04014719975801,38.889438472210394]},"properties":{"DCGIS.PLACE_NAMES_PT.NAME":"WORLD WAR 2 MEMORIAL","DCGIS.ADDRESSES_PT.ADDRESS":"1 17TH STREET SW","DCGIS.ADDRESSES_PT.WARD":"Ward 2","DCGIS.ADDRESSES_PT.SMD":"SMD 2A01","DCGIS.ADDRESSES_PT.ANC":"ANC 2A","MAR.VW_PLACE_NAME_CATEGORIES.CATEGORY":"MONUMENT / PLAZA / STATUE","DCGIS.ADDRESSES_PT.SSL":"RES 03320000","DCGIS.PLACE_NAMES_PT.STATUS":"ACTIVE","DCGIS.PLACE_NAMES_PT.PLACE_NAME_ID":15081,"DCGIS.PLACE_NAMES_PT.MAR_ID":313460,"DCGIS.PLACE_NAMES_PT.BEFORE_DATE":null,"DCGIS.PLACE_NAMES_PT.BEFORE_DATE_SOURCE":null,"DCGIS.PLACE_NAMES_PT.BEGIN_DATE":null,"DCGIS.PLACE_NAMES_PT.BEGIN_DATE_SOURCE":null,"DCGIS.PLACE_NAMES_PT.FIRST_KNOWN_DATE":null,"DCGIS.PLACE_NAMES_PT.FIRST_KNOWN_DATE_SOURCE":null,"DCGIS.PLACE_NAMES_PT.CREATED_DATE":1449824576000,"DCGIS.PLACE_NAMES_PT.LAST_EDITED_DATE":1449824576000,"DCGIS.PLACE_NAMES_PT.SE_ANNO_CAD_DATA":null,"DCGIS.PLACE_NAMES_PT.OBJECTID":32420140,"DCGIS.ADDRESSES_PT.OBJECTID":217222143,"DCGIS.ADDRESSES_PT.SE_ANNO_CAD_DATA":null}},{"type":"Feature","id":32420178,"geometry":{"type":"Point","coordinates":[-77.047809392781403,38.887829032779457]},"properties":{"DCGIS.PLACE_NAMES_PT.NAME":"KOREAN WAR VETERANS MEMORIAL","DCGIS.ADDRESSES_PT.ADDRESS":"10 DANIEL C FRENCH DRIVE SW","DCGIS.ADDRESSES_PT.WARD":"Ward 2","DCGIS.ADDRESSES_PT.SMD":"SMD 2A01","DCGIS.ADDRESSES_PT.ANC":"ANC 2A","MAR.VW_PLACE_NAME_CATEGORIES.CATEGORY":"MONUMENT / PLAZA / STATUE","DCGIS.ADDRESSES_PT.SSL":"RES 03320000","DCGIS.PLACE_NAMES_PT.STATUS":"ACTIVE","DCGIS.PLACE_NAMES_PT.PLACE_NAME_ID":15082,"DCGIS.PLACE_NAMES_PT.MAR_ID":313461,"DCGIS.PLACE_NAMES_PT.BEFORE_DATE":null,"DCGIS.PLACE_NAMES_PT.BEFORE_DATE_SOURCE":null,"DCGIS.PLACE_NAMES_PT.BEGIN_DATE":null,"DCGIS.PLACE_NAMES_PT.BEGIN_DATE_SOURCE":null,"DCGIS.PLACE_NAMES_PT.FIRST_KNOWN_DATE":null,"DCGIS.PLACE_NAMES_PT.FIRST_KNOWN_DATE_SOURCE":null,"DCGIS.PLACE_NAMES_PT.CREATED_DATE":1449826368000,"DCGIS.PLACE_NAMES_PT.LAST_EDITED_DATE":1449826368000,"DCGIS.PLACE_NAMES_PT.SE_ANNO_CAD_DATA":null,"DCGIS.PLACE_NAMES_PT.OBJECTID":32420178,"DCGIS.ADDRESSES_PT.OBJECTID":217221919,"DCGIS.ADDRESSES_PT.SE_ANNO_CAD_DATA":null}},{"type":"Feature","id":32432552,"geometry":{"type":"Point","coordinates":[-76.994393714249014,38.871954636227571]},"properties":{"DCGIS.PLACE_NAMES_PT.NAME":"WASHINGTON NAVY YARD BUILDING 241-1","DCGIS.ADDRESSES_PT.ADDRESS":"815 SICARD STREET SE","DCGIS.ADDRESSES_PT.WARD":"Ward 8","DCGIS.ADDRESSES_PT.SMD":"SMD 8F01","DCGIS.ADDRESSES_PT.ANC":"ANC 8F","MAR.VW_PLACE_NAME_CATEGORIES.CATEGORY":"MONUMENT / PLAZA / STATUE","DCGIS.ADDRESSES_PT.SSL":"0955    0804","DCGIS.PLACE_NAMES_PT.STATUS":"ACTIVE","DCGIS.PLACE_NAMES_PT.PLACE_NAME_ID":13264,"DCGIS.PLACE_NAMES_PT.MAR_ID":311898,"DCGIS.PLACE_NAMES_PT.BEFORE_DATE":null,"DCGIS.PLACE_NAMES_PT.BEFORE_DATE_SOURCE":null,"DCGIS.PLACE_NAMES_PT.BEGIN_DATE":null,"DCGIS.PLACE_NAMES_PT.BEGIN_DATE_SOURCE":null,"DCGIS.PLACE_NAMES_PT.FIRST_KNOWN_DATE":null,"DCGIS.PLACE_NAMES_PT.FIRST_KNOWN_DATE_SOURCE":null,"DCGIS.PLACE_NAMES_PT.CREATED_DATE":1407252114000,"DCGIS.PLACE_NAMES_PT.LAST_EDITED_DATE":1407252114000,"DCGIS.PLACE_NAMES_PT.SE_ANNO_CAD_DATA":null,"DCGIS.PLACE_NAMES_PT.OBJECTID":32432552,"DCGIS.ADDRESSES_PT.OBJECTID":217219794,"DCGIS.ADDRESSES_PT.SE_ANNO_CAD_DATA":null}},{"type":"Feature","id":32430890,"geometry":{"type":"Point","coordinates":[-77.018685444194972,38.88720403409468]},"properties":{"DCGIS.PLACE_NAMES_PT.NAME":"DWIGHT D. EISENHOWER MEMORIAL","DCGIS.ADDRESSES_PT.ADDRESS":"540 INDEPENDENCE AVENUE SW","DCGIS.ADDRESSES_PT.WARD":"Ward 6","DCGIS.ADDRESSES_PT.SMD":"SMD 6D02","DCGIS.ADDRESSES_PT.ANC":"ANC 6D","MAR.VW_PLACE_NAME_CATEGORIES.CATEGORY":"MONUMENT / PLAZA / STATUE","DCGIS.ADDRESSES_PT.SSL":"0492    0839","DCGIS.PLACE_NAMES_PT.STATUS":"ACTIVE","DCGIS.PLACE_NAMES_PT.PLACE_NAME_ID":17548,"DCGIS.PLACE_NAMES_PT.MAR_ID":316802,"DCGIS.PLACE_NAMES_PT.BEFORE_DATE":null,"DCGIS.PLACE_NAMES_PT.BEFORE_DATE_SOURCE":null,"DCGIS.PLACE_NAMES_PT.BEGIN_DATE":null,"DCGIS.PLACE_NAMES_PT.BEGIN_DATE_SOURCE":null,"DCGIS.PLACE_NAMES_PT.FIRST_KNOWN_DATE":null,"DCGIS.PLACE_NAMES_PT.FIRST_KNOWN_DATE_SOURCE":null,"DCGIS.PLACE_NAMES_PT.CREATED_DATE":1606213229000,"DCGIS.PLACE_NAMES_PT.LAST_EDITED_DATE":1606213229000,"DCGIS.PLACE_NAMES_PT.SE_ANNO_CAD_DATA":null,"DCGIS.PLACE_NAMES_PT.OBJECTID":32430890,"DCGIS.ADDRESSES_PT.OBJECTID":217225822,"DCGIS.ADDRESSES_PT.SE_ANNO_CAD_DATA":null}},{"type":"Feature","id":32430891,"geometry":{"type":"Point","coordinates":[-77.018685444194972,38.88720403409468]},"properties":{"DCGIS.PLACE_NAMES_PT.NAME":"EISENHOWER MEMORIAL","DCGIS.ADDRESSES_PT.ADDRESS":"540 INDEPENDENCE AVENUE SW","DCGIS.ADDRESSES_PT.WARD":"Ward 6","DCGIS.ADDRESSES_PT.SMD":"SMD 6D02","DCGIS.ADDRESSES_PT.ANC":"ANC 6D","MAR.VW_PLACE_NAME_CATEGORIES.CATEGORY":"MONUMENT / PLAZA / STATUE","DCGIS.ADDRESSES_PT.SSL":"0492    0839","DCGIS.PLACE_NAMES_PT.STATUS":"ACTIVE","DCGIS.PLACE_NAMES_PT.PLACE_NAME_ID":17549,"DCGIS.PLACE_NAMES_PT.MAR_ID":316802,"DCGIS.PLACE_NAMES_PT.BEFORE_DATE":null,"DCGIS.PLACE_NAMES_PT.BEFORE_DATE_SOURCE":null,"DCGIS.PLACE_NAMES_PT.BEGIN_DATE":null,"DCGIS.PLACE_NAMES_PT.BEGIN_DATE_SOURCE":null,"DCGIS.PLACE_NAMES_PT.FIRST_KNOWN_DATE":null,"DCGIS.PLACE_NAMES_PT.FIRST_KNOWN_DATE_SOURCE":null,"DCGIS.PLACE_NAMES_PT.CREATED_DATE":1606213230000,"DCGIS.PLACE_NAMES_PT.LAST_EDITED_DATE":1606213230000,"DCGIS.PLACE_NAMES_PT.SE_ANNO_CAD_DATA":null,"DCGIS.PLACE_NAMES_PT.OBJECTID":32430891,"DCGIS.ADDRESSES_PT.OBJECTID":217225822,"DCGIS.ADDRESSES_PT.SE_ANNO_CAD_DATA":null}},{"type":"Feature","id":32429493,"geometry":{"type":"Point","coordinates":[-77.043816962013679,38.883740612279027]},"properties":{"DCGIS.PLACE_NAMES_PT.NAME":"FDR MEMORIAL","DCGIS.ADDRESSES_PT.ADDRESS":"400 WEST BASIN DRIVE SW","DCGIS.ADDRESSES_PT.WARD":"Ward 2","DCGIS.ADDRESSES_PT.SMD":"SMD 2A01","DCGIS.ADDRESSES_PT.ANC":"ANC 2A","MAR.VW_PLACE_NAME_CATEGORIES.CATEGORY":"MONUMENT / PLAZA / STATUE","DCGIS.ADDRESSES_PT.SSL":"RES 03320000","DCGIS.PLACE_NAMES_PT.STATUS":"ACTIVE","DCGIS.PLACE_NAMES_PT.PLACE_NAME_ID":15096,"DCGIS.PLACE_NAMES_PT.MAR_ID":313476,"DCGIS.PLACE_NAMES_PT.BEFORE_DATE":null,"DCGIS.PLACE_NAMES_PT.BEFORE_DATE_SOURCE":null,"DCGIS.PLACE_NAMES_PT.BEGIN_DATE":null,"DCGIS.PLACE_NAMES_PT.BEGIN_DATE_SOURCE":null,"DCGIS.PLACE_NAMES_PT.FIRST_KNOWN_DATE":null,"DCGIS.PLACE_NAMES_PT.FIRST_KNOWN_DATE_SOURCE":null,"DCGIS.PLACE_NAMES_PT.CREATED_DATE":1449833729000,"DCGIS.PLACE_NAMES_PT.LAST_EDITED_DATE":1449833729000,"DCGIS.PLACE_NAMES_PT.SE_ANNO_CAD_DATA":null,"DCGIS.PLACE_NAMES_PT.OBJECTID":32429493,"DCGIS.ADDRESSES_PT.OBJECTID":217222645,"DCGIS.ADDRESSES_PT.SE_ANNO_CAD_DATA":null}},{"type":"Feature","id":32429494,"geometry":{"type":"Point","coordinates":[-77.043816962013679,38.883740612279027]},"properties":{"DCGIS.PLACE_NAMES_PT.NAME":"FRANKLIN DELANO ROOSEVELT MEMORIAL","DCGIS.ADDRESSES_PT.ADDRESS":"400 WEST BASIN DRIVE SW","DCGIS.ADDRESSES_PT.WARD":"Ward 2","DCGIS.ADDRESSES_PT.SMD":"SMD 2A01","DCGIS.ADDRESSES_PT.ANC":"ANC 2A","MAR.VW_PLACE_NAME_CATEGORIES.CATEGORY":"MONUMENT / PLAZA / STATUE","DCGIS.ADDRESSES_PT.SSL":"RES 03320000","DCGIS.PLACE_NAMES_PT.STATUS":"ACTIVE","DCGIS.PLACE_NAMES_PT.PLACE_NAME_ID":15097,"DCGIS.PLACE_NAMES_PT.MAR_ID":313476,"DCGIS.PLACE_NAMES_PT.BEFORE_DATE":null,"DCGIS.PLACE_NAMES_PT.BEFORE_DATE_SOURCE":null,"DCGIS.PLACE_NAMES_PT.BEGIN_DATE":null,"DCGIS.PLACE_NAMES_PT.BEGIN_DATE_SOURCE":null,"DCGIS.PLACE_NAMES_PT.FIRST_KNOWN_DATE":null,"DCGIS.PLACE_NAMES_PT.FIRST_KNOWN_DATE_SOURCE":null,"DCGIS.PLACE_NAMES_PT.CREATED_DATE":1449833729000,"DCGIS.PLACE_NAMES_PT.LAST_EDITED_DATE":1449833729000,"DCGIS.PLACE_NAMES_PT.SE_ANNO_CAD_DATA":null,"DCGIS.PLACE_NAMES_PT.OBJECTID":32429494,"DCGIS.ADDRESSES_PT.OBJECTID":217222645,"DCGIS.ADDRESSES_PT.SE_ANNO_CAD_DATA":null}},{"type":"Feature","id":32429576,"geometry":{"type":"Point","coordinates":[-77.044017757016761,38.883959170327039]},"properties":{"DCGIS.PLACE_NAMES_PT.NAME":"FDR MEMORIAL BOOKSTORE","DCGIS.ADDRESSES_PT.ADDRESS":"402 WEST BASIN DRIVE SW","DCGIS.ADDRESSES_PT.WARD":"Ward 2","DCGIS.ADDRESSES_PT.SMD":"SMD 2A01","DCGIS.ADDRESSES_PT.ANC":"ANC 2A","MAR.VW_PLACE_NAME_CATEGORIES.CATEGORY":"MONUMENT / PLAZA / STATUE","DCGIS.ADDRESSES_PT.SSL":"RES 03320000","DCGIS.PLACE_NAMES_PT.STATUS":"ACTIVE","DCGIS.PLACE_NAMES_PT.PLACE_NAME_ID":15094,"DCGIS.PLACE_NAMES_PT.MAR_ID":313475,"DCGIS.PLACE_NAMES_PT.BEFORE_DATE":null,"DCGIS.PLACE_NAMES_PT.BEFORE_DATE_SOURCE":null,"DCGIS.PLACE_NAMES_PT.BEGIN_DATE":null,"DCGIS.PLACE_NAMES_PT.BEGIN_DATE_SOURCE":null,"DCGIS.PLACE_NAMES_PT.FIRST_KNOWN_DATE":null,"DCGIS.PLACE_NAMES_PT.FIRST_KNOWN_DATE_SOURCE":null,"DCGIS.PLACE_NAMES_PT.CREATED_DATE":1449833631000,"DCGIS.PLACE_NAMES_PT.LAST_EDITED_DATE":1449833631000,"DCGIS.PLACE_NAMES_PT.SE_ANNO_CAD_DATA":null,"DCGIS.PLACE_NAMES_PT.OBJECTID":32429576,"DCGIS.ADDRESSES_PT.OBJECTID":217227444,"DCGIS.ADDRESSES_PT.SE_ANNO_CAD_DATA":null}},{"type":"Feature","id":32429577,"geometry":{"type":"Point","coordinates":[-77.044017757016761,38.883959170327039]},"properties":{"DCGIS.PLACE_NAMES_PT.NAME":"FRANKLIN DELANO ROOSEVELT MEMORIAL BOOKSTORE","DCGIS.ADDRESSES_PT.ADDRESS":"402 WEST BASIN DRIVE SW","DCGIS.ADDRESSES_PT.WARD":"Ward 2","DCGIS.ADDRESSES_PT.SMD":"SMD 2A01","DCGIS.ADDRESSES_PT.ANC":"ANC 2A","MAR.VW_PLACE_NAME_CATEGORIES.CATEGORY":"MONUMENT / PLAZA / STATUE","DCGIS.ADDRESSES_PT.SSL":"RES 03320000","DCGIS.PLACE_NAMES_PT.STATUS":"ACTIVE","DCGIS.PLACE_NAMES_PT.PLACE_NAME_ID":15095,"DCGIS.PLACE_NAMES_PT.MAR_ID":313475,"DCGIS.PLACE_NAMES_PT.BEFORE_DATE":null,"DCGIS.PLACE_NAMES_PT.BEFORE_DATE_SOURCE":null,"DCGIS.PLACE_NAMES_PT.BEGIN_DATE":null,"DCGIS.PLACE_NAMES_PT.BEGIN_DATE_SOURCE":null,"DCGIS.PLACE_NAMES_PT.FIRST_KNOWN_DATE":null,"DCGIS.PLACE_NAMES_PT.FIRST_KNOWN_DATE_SOURCE":null,"DCGIS.PLACE_NAMES_PT.CREATED_DATE":1449833631000,"DCGIS.PLACE_NAMES_PT.LAST_EDITED_DATE":1449833631000,"DCGIS.PLACE_NAMES_PT.SE_ANNO_CAD_DATA":null,"DCGIS.PLACE_NAMES_PT.OBJECTID":32429577,"DCGIS.ADDRESSES_PT.OBJECTID":217227444,"DCGIS.ADDRESSES_PT.SE_ANNO_CAD_DATA":null}},{"type":"Feature","id":32429745,"geometry":{"type":"Point","coordinates":[-77.033111591931558,38.895994810173548]},"properties":{"DCGIS.PLACE_NAMES_PT.NAME":"THE NATIONAL WWI MEMORIAL","DCGIS.ADDRESSES_PT.ADDRESS":"417 15TH STREET NW","DCGIS.ADDRESSES_PT.WARD":"Ward 2","DCGIS.ADDRESSES_PT.SMD":"SMD 2C03","DCGIS.ADDRESSES_PT.ANC":"ANC 2C","MAR.VW_PLACE_NAME_CATEGORIES.CATEGORY":"MONUMENT / PLAZA / STATUE","DCGIS.ADDRESSES_PT.SSL":"0226    0802","DCGIS.PLACE_NAMES_PT.STATUS":"ACTIVE","DCGIS.PLACE_NAMES_PT.PLACE_NAME_ID":17554,"DCGIS.PLACE_NAMES_PT.MAR_ID":332317,"DCGIS.PLACE_NAMES_PT.BEFORE_DATE":null,"DCGIS.PLACE_NAMES_PT.BEFORE_DATE_SOURCE":null,"DCGIS.PLACE_NAMES_PT.BEGIN_DATE":null,"DCGIS.PLACE_NAMES_PT.BEGIN_DATE_SOURCE":null,"DCGIS.PLACE_NAMES_PT.FIRST_KNOWN_DATE":null,"DCGIS.PLACE_NAMES_PT.FIRST_KNOWN_DATE_SOURCE":null,"DCGIS.PLACE_NAMES_PT.CREATED_DATE":1607367471000,"DCGIS.PLACE_NAMES_PT.LAST_EDITED_DATE":1607367471000,"DCGIS.PLACE_NAMES_PT.SE_ANNO_CAD_DATA":null,"DCGIS.PLACE_NAMES_PT.OBJECTID":32429745,"DCGIS.ADDRESSES_PT.OBJECTID":217226519,"DCGIS.ADDRESSES_PT.SE_ANNO_CAD_DATA":null}},{"type":"Feature","id":32429746,"geometry":{"type":"Point","coordinates":[-77.033111591931558,38.895994810173548]},"properties":{"DCGIS.PLACE_NAMES_PT.NAME":"THE NATIONAL WORLD WAR I MEMORIAL","DCGIS.ADDRESSES_PT.ADDRESS":"417 15TH STREET NW","DCGIS.ADDRESSES_PT.WARD":"Ward 2","DCGIS.ADDRESSES_PT.SMD":"SMD 2C03","DCGIS.ADDRESSES_PT.ANC":"ANC 2C","MAR.VW_PLACE_NAME_CATEGORIES.CATEGORY":"MONUMENT / PLAZA / STATUE","DCGIS.ADDRESSES_PT.SSL":"0226    0802","DCGIS.PLACE_NAMES_PT.STATUS":"ACTIVE","DCGIS.PLACE_NAMES_PT.PLACE_NAME_ID":17555,"DCGIS.PLACE_NAMES_PT.MAR_ID":332317,"DCGIS.PLACE_NAMES_PT.BEFORE_DATE":null,"DCGIS.PLACE_NAMES_PT.BEFORE_DATE_SOURCE":null,"DCGIS.PLACE_NAMES_PT.BEGIN_DATE":null,"DCGIS.PLACE_NAMES_PT.BEGIN_DATE_SOURCE":null,"DCGIS.PLACE_NAMES_PT.FIRST_KNOWN_DATE":null,"DCGIS.PLACE_NAMES_PT.FIRST_KNOWN_DATE_SOURCE":null,"DCGIS.PLACE_NAMES_PT.CREATED_DATE":1607367472000,"DCGIS.PLACE_NAMES_PT.LAST_EDITED_DATE":1607367472000,"DCGIS.PLACE_NAMES_PT.SE_ANNO_CAD_DATA":null,"DCGIS.PLACE_NAMES_PT.OBJECTID":32429746,"DCGIS.ADDRESSES_PT.OBJECTID":217226519,"DCGIS.ADDRESSES_PT.SE_ANNO_CAD_DATA":null}},{"type":"Feature","id":32424811,"geometry":{"type":"Point","coordinates":[-77.045207766531249,38.886309363763466]},"properties":{"DCGIS.PLACE_NAMES_PT.NAME":"MARTIN LUTHER KING JR. MEMORIAL BOOKSTORE","DCGIS.ADDRESSES_PT.ADDRESS":"201 WEST BASIN DRIVE SW","DCGIS.ADDRESSES_PT.WARD":"Ward 2","DCGIS.ADDRESSES_PT.SMD":"SMD 2A01","DCGIS.ADDRESSES_PT.ANC":"ANC 2A","MAR.VW_PLACE_NAME_CATEGORIES.CATEGORY":"MONUMENT / PLAZA / STATUE","DCGIS.ADDRESSES_PT.SSL":"RES 03320000","DCGIS.PLACE_NAMES_PT.STATUS":"ACTIVE","DCGIS.PLACE_NAMES_PT.PLACE_NAME_ID":15093,"DCGIS.PLACE_NAMES_PT.MAR_ID":313474,"DCGIS.PLACE_NAMES_PT.BEFORE_DATE":null,"DCGIS.PLACE_NAMES_PT.BEFORE_DATE_SOURCE":null,"DCGIS.PLACE_NAMES_PT.BEGIN_DATE":null,"DCGIS.PLACE_NAMES_PT.BEGIN_DATE_SOURCE":null,"DCGIS.PLACE_NAMES_PT.FIRST_KNOWN_DATE":null,"DCGIS.PLACE_NAMES_PT.FIRST_KNOWN_DATE_SOURCE":null,"DCGIS.PLACE_NAMES_PT.CREATED_DATE":1449832595000,"DCGIS.PLACE_NAMES_PT.LAST_EDITED_DATE":1449832595000,"DCGIS.PLACE_NAMES_PT.SE_ANNO_CAD_DATA":null,"DCGIS.PLACE_NAMES_PT.OBJECTID":32424811,"DCGIS.ADDRESSES_PT.OBJECTID":217222644,"DCGIS.ADDRESSES_PT.SE_ANNO_CAD_DATA":null}},{"type":"Feature","id":32425702,"geometry":{"type":"Point","coordinates":[-77.050702104384939,38.891684389614049]},"properties":{"DCGIS.PLACE_NAMES_PT.NAME":"THE NATIONAL DESERT SHIELD AND DESERT STORM MEMORIAL","DCGIS.ADDRESSES_PT.ADDRESS":"2300 CONSTITUTION AVENUE NW","DCGIS.ADDRESSES_PT.WARD":"Ward 2","DCGIS.ADDRESSES_PT.SMD":"SMD 2A04","DCGIS.ADDRESSES_PT.ANC":"ANC 2A","MAR.VW_PLACE_NAME_CATEGORIES.CATEGORY":"MONUMENT / PLAZA / STATUE","DCGIS.ADDRESSES_PT.SSL":"RES 03320000","DCGIS.PLACE_NAMES_PT.STATUS":"ACTIVE","DCGIS.PLACE_NAMES_PT.PLACE_NAME_ID":24237,"DCGIS.PLACE_NAMES_PT.MAR_ID":336405,"DCGIS.PLACE_NAMES_PT.BEFORE_DATE":null,"DCGIS.PLACE_NAMES_PT.BEFORE_DATE_SOURCE":null,"DCGIS.PLACE_NAMES_PT.BEGIN_DATE":null,"DCGIS.PLACE_NAMES_PT.BEGIN_DATE_SOURCE":null,"DCGIS.PLACE_NAMES_PT.FIRST_KNOWN_DATE":null,"DCGIS.PLACE_NAMES_PT.FIRST_KNOWN_DATE_SOURCE":null,"DCGIS.PLACE_NAMES_PT.CREATED_DATE":1779174852000,"DCGIS.PLACE_NAMES_PT.LAST_EDITED_DATE":1779174852000,"DCGIS.PLACE_NAMES_PT.SE_ANNO_CAD_DATA":null,"DCGIS.PLACE_NAMES_PT.OBJECTID":32425702,"DCGIS.ADDRESSES_PT.OBJECTID":217121443,"DCGIS.ADDRESSES_PT.SE_ANNO_CAD_DATA":null}},{"type":"Feature","id":32425703,"geometry":{"type":"Point","coordinates":[-77.050702104384939,38.891684389614049]},"properties":{"DCGIS.PLACE_NAMES_PT.NAME":"NATIONAL DESERT SHIELD AND DESERT STORM MEMORIAL","DCGIS.ADDRESSES_PT.ADDRESS":"2300 CONSTITUTION AVENUE NW","DCGIS.ADDRESSES_PT.WARD":"Ward 2","DCGIS.ADDRESSES_PT.SMD":"SMD 2A04","DCGIS.ADDRESSES_PT.ANC":"ANC 2A","MAR.VW_PLACE_NAME_CATEGORIES.CATEGORY":"MONUMENT / PLAZA / STATUE","DCGIS.ADDRESSES_PT.SSL":"RES 03320000","DCGIS.PLACE_NAMES_PT.STATUS":"ACTIVE","DCGIS.PLACE_NAMES_PT.PLACE_NAME_ID":24238,"DCGIS.PLACE_NAMES_PT.MAR_ID":336405,"DCGIS.PLACE_NAMES_PT.BEFORE_DATE":null,"DCGIS.PLACE_NAMES_PT.BEFORE_DATE_SOURCE":null,"DCGIS.PLACE_NAMES_PT.BEGIN_DATE":null,"DCGIS.PLACE_NAMES_PT.BEGIN_DATE_SOURCE":null,"DCGIS.PLACE_NAMES_PT.FIRST_KNOWN_DATE":null,"DCGIS.PLACE_NAMES_PT.FIRST_KNOWN_DATE_SOURCE":null,"DCGIS.PLACE_NAMES_PT.CREATED_DATE":1779174852000,"DCGIS.PLACE_NAMES_PT.LAST_EDITED_DATE":1779174852000,"DCGIS.PLACE_NAMES_PT.SE_ANNO_CAD_DATA":null,"DCGIS.PLACE_NAMES_PT.OBJECTID":32425703,"DCGIS.ADDRESSES_PT.OBJECTID":217121443,"DCGIS.ADDRESSES_PT.SE_ANNO_CAD_DATA":null}},{"type":"Feature","id":32424070,"geometry":{"type":"Point","coordinates":[-77.043032147751134,38.933934961135861]},"properties":{"DCGIS.PLACE_NAMES_PT.NAME":"INGLESIDE","DCGIS.ADDRESSES_PT.ADDRESS":"1818 NEWTON STREET NW","DCGIS.ADDRESSES_PT.WARD":"Ward 1","DCGIS.ADDRESSES_PT.SMD":"SMD 1D03","DCGIS.ADDRESSES_PT.ANC":"ANC 1D","MAR.VW_PLACE_NAME_CATEGORIES.CATEGORY":"MONUMENT / PLAZA / STATUE","DCGIS.ADDRESSES_PT.SSL":"2615    0098","DCGIS.PLACE_NAMES_PT.STATUS":"ACTIVE","DCGIS.PLACE_NAMES_PT.PLACE_NAME_ID":2848,"DCGIS.PLACE_NAMES_PT.MAR_ID":233807,"DCGIS.PLACE_NAMES_PT.BEFORE_DATE":null,"DCGIS.PLACE_NAMES_PT.BEFORE_DATE_SOURCE":null,"DCGIS.PLACE_NAMES_PT.BEGIN_DATE":null,"DCGIS.PLACE_NAMES_PT.BEGIN_DATE_SOURCE":null,"DCGIS.PLACE_NAMES_PT.FIRST_KNOWN_DATE":null,"DCGIS.PLACE_NAMES_PT.FIRST_KNOWN_DATE_SOURCE":null,"DCGIS.PLACE_NAMES_PT.CREATED_DATE":1123851409000,"DCGIS.PLACE_NAMES_PT.LAST_EDITED_DATE":1123851409000,"DCGIS.PLACE_NAMES_PT.SE_ANNO_CAD_DATA":null,"DCGIS.PLACE_NAMES_PT.OBJECTID":32424070,"DCGIS.ADDRESSES_PT.OBJECTID":217127439,"DCGIS.ADDRESSES_PT.SE_ANNO_CAD_DATA":null}},{"type":"Feature","id":32424071,"geometry":{"type":"Point","coordinates":[-77.043032147751134,38.933934961135861]},"properties":{"DCGIS.PLACE_NAMES_PT.NAME":"STODDARD BAPTIST HOME","DCGIS.ADDRESSES_PT.ADDRESS":"1818 NEWTON STREET NW","DCGIS.ADDRESSES_PT.WARD":"Ward 1","DCGIS.ADDRESSES_PT.SMD":"SMD 1D03","DCGIS.ADDRESSES_PT.ANC":"ANC 1D","MAR.VW_PLACE_NAME_CATEGORIES.CATEGORY":"MONUMENT / PLAZA / STATUE","DCGIS.ADDRESSES_PT.SSL":"2615    0098","DCGIS.PLACE_NAMES_PT.STATUS":"ACTIVE","DCGIS.PLACE_NAMES_PT.PLACE_NAME_ID":8236,"DCGIS.PLACE_NAMES_PT.MAR_ID":233807,"DCGIS.PLACE_NAMES_PT.BEFORE_DATE":null,"DCGIS.PLACE_NAMES_PT.BEFORE_DATE_SOURCE":null,"DCGIS.PLACE_NAMES_PT.BEGIN_DATE":null,"DCGIS.PLACE_NAMES_PT.BEGIN_DATE_SOURCE":null,"DCGIS.PLACE_NAMES_PT.FIRST_KNOWN_DATE":null,"DCGIS.PLACE_NAMES_PT.FIRST_KNOWN_DATE_SOURCE":null,"DCGIS.PLACE_NAMES_PT.CREATED_DATE":1178792514000,"DCGIS.PLACE_NAMES_PT.LAST_EDITED_DATE":1178792514000,"DCGIS.PLACE_NAMES_PT.SE_ANNO_CAD_DATA":null,"DCGIS.PLACE_NAMES_PT.OBJECTID":32424071,"DCGIS.ADDRESSES_PT.OBJECTID":217127439,"DCGIS.ADDRESSES_PT.SE_ANNO_CAD_DATA":null}},{"type":"Feature","id":32424594,"geometry":{"type":"Point","coordinates":[-77.044326367264418,38.886297720448361]},"properties":{"DCGIS.PLACE_NAMES_PT.NAME":"MARTIN LUTHER KING JR MEMORIAL","DCGIS.ADDRESSES_PT.ADDRESS":"1964 INDEPENDENCE AVENUE SW","DCGIS.ADDRESSES_PT.WARD":"Ward 2","DCGIS.ADDRESSES_PT.SMD":"SMD 2A01","DCGIS.ADDRESSES_PT.ANC":"ANC 2A","MAR.VW_PLACE_NAME_CATEGORIES.CATEGORY":"MONUMENT / PLAZA / STATUE","DCGIS.ADDRESSES_PT.SSL":"RES 03320000","DCGIS.PLACE_NAMES_PT.STATUS":"ACTIVE","DCGIS.PLACE_NAMES_PT.PLACE_NAME_ID":15091,"DCGIS.PLACE_NAMES_PT.MAR_ID":310141,"DCGIS.PLACE_NAMES_PT.BEFORE_DATE":null,"DCGIS.PLACE_NAMES_PT.BEFORE_DATE_SOURCE":null,"DCGIS.PLACE_NAMES_PT.BEGIN_DATE":null,"DCGIS.PLACE_NAMES_PT.BEGIN_DATE_SOURCE":null,"DCGIS.PLACE_NAMES_PT.FIRST_KNOWN_DATE":null,"DCGIS.PLACE_NAMES_PT.FIRST_KNOWN_DATE_SOURCE":null,"DCGIS.PLACE_NAMES_PT.CREATED_DATE":1449832081000,"DCGIS.PLACE_NAMES_PT.LAST_EDITED_DATE":1449832081000,"DCGIS.PLACE_NAMES_PT.SE_ANNO_CAD_DATA":null,"DCGIS.PLACE_NAMES_PT.OBJECTID":32424594,"DCGIS.ADDRESSES_PT.OBJECTID":217118452,"DCGIS.ADDRESSES_PT.SE_ANNO_CAD_DATA":null}},{"type":"Feature","id":32424595,"geometry":{"type":"Point","coordinates":[-77.044326367264418,38.886297720448361]},"properties":{"DCGIS.PLACE_NAMES_PT.NAME":"MLK JR MEMORIAL","DCGIS.ADDRESSES_PT.ADDRESS":"1964 INDEPENDENCE AVENUE SW","DCGIS.ADDRESSES_PT.WARD":"Ward 2","DCGIS.ADDRESSES_PT.SMD":"SMD 2A01","DCGIS.ADDRESSES_PT.ANC":"ANC 2A","MAR.VW_PLACE_NAME_CATEGORIES.CATEGORY":"MONUMENT / PLAZA / STATUE","DCGIS.ADDRESSES_PT.SSL":"RES 03320000","DCGIS.PLACE_NAMES_PT.STATUS":"ACTIVE","DCGIS.PLACE_NAMES_PT.PLACE_NAME_ID":15092,"DCGIS.PLACE_NAMES_PT.MAR_ID":310141,"DCGIS.PLACE_NAMES_PT.BEFORE_DATE":null,"DCGIS.PLACE_NAMES_PT.BEFORE_DATE_SOURCE":null,"DCGIS.PLACE_NAMES_PT.BEGIN_DATE":null,"DCGIS.PLACE_NAMES_PT.BEGIN_DATE_SOURCE":null,"DCGIS.PLACE_NAMES_PT.FIRST_KNOWN_DATE":null,"DCGIS.PLACE_NAMES_PT.FIRST_KNOWN_DATE_SOURCE":null,"DCGIS.PLACE_NAMES_PT.CREATED_DATE":1449832116000,"DCGIS.PLACE_NAMES_PT.LAST_EDITED_DATE":1449832116000,"DCGIS.PLACE_NAMES_PT.SE_ANNO_CAD_DATA":null,"DCGIS.PLACE_NAMES_PT.OBJECTID":32424595,"DCGIS.ADDRESSES_PT.OBJECTID":217118452,"DCGIS.ADDRESSES_PT.SE_ANNO_CAD_DATA":null}},{"type":"Feature","id":32424604,"geometry":{"type":"Point","coordinates":[-77.035277158831803,38.889471213628191]},"properties":{"DCGIS.PLACE_NAMES_PT.NAME":"WASHINGTON MONUMENT","DCGIS.ADDRESSES_PT.ADDRESS":"2 15TH STREET NW","DCGIS.ADDRESSES_PT.WARD":"Ward 2","DCGIS.ADDRESSES_PT.SMD":"SMD 2A01","DCGIS.ADDRESSES_PT.ANC":"ANC 2A","MAR.VW_PLACE_NAME_CATEGORIES.CATEGORY":"MONUMENT / PLAZA / STATUE","DCGIS.ADDRESSES_PT.SSL":"RES 00020000","DCGIS.PLACE_NAMES_PT.STATUS":"ACTIVE","DCGIS.PLACE_NAMES_PT.PLACE_NAME_ID":24019,"DCGIS.PLACE_NAMES_PT.MAR_ID":354667,"DCGIS.PLACE_NAMES_PT.BEFORE_DATE":null,"DCGIS.PLACE_NAMES_PT.BEFORE_DATE_SOURCE":null,"DCGIS.PLACE_NAMES_PT.BEGIN_DATE":null,"DCGIS.PLACE_NAMES_PT.BEGIN_DATE_SOURCE":null,"DCGIS.PLACE_NAMES_PT.FIRST_KNOWN_DATE":null,"DCGIS.PLACE_NAMES_PT.FIRST_KNOWN_DATE_SOURCE":null,"DCGIS.PLACE_NAMES_PT.CREATED_DATE":1762506506000,"DCGIS.PLACE_NAMES_PT.LAST_EDITED_DATE":1762506506000,"DCGIS.PLACE_NAMES_PT.SE_ANNO_CAD_DATA":null,"DCGIS.PLACE_NAMES_PT.OBJECTID":32424604,"DCGIS.ADDRESSES_PT.OBJECTID":217229321,"DCGIS.ADDRESSES_PT.SE_ANNO_CAD_DATA":null}},{"type":"Feature","id":32424612,"geometry":{"type":"Point","coordinates":[-77.050177774438126,38.889263975078997]},"properties":{"DCGIS.PLACE_NAMES_PT.NAME":"LINCOLN MEMORIAL","DCGIS.ADDRESSES_PT.ADDRESS":"2 LINCOLN MEMORIAL CIRCLE SW","DCGIS.ADDRESSES_PT.WARD":"Ward 2","DCGIS.ADDRESSES_PT.SMD":"SMD 2A01","DCGIS.ADDRESSES_PT.ANC":"ANC 2A","MAR.VW_PLACE_NAME_CATEGORIES.CATEGORY":"MONUMENT / PLAZA / STATUE","DCGIS.ADDRESSES_PT.SSL":"RES 03320000","DCGIS.PLACE_NAMES_PT.STATUS":"ACTIVE","DCGIS.PLACE_NAMES_PT.PLACE_NAME_ID":15085,"DCGIS.PLACE_NAMES_PT.MAR_ID":313464,"DCGIS.PLACE_NAMES_PT.BEFORE_DATE":null,"DCGIS.PLACE_NAMES_PT.BEFORE_DATE_SOURCE":null,"DCGIS.PLACE_NAMES_PT.BEGIN_DATE":null,"DCGIS.PLACE_NAMES_PT.BEGIN_DATE_SOURCE":null,"DCGIS.PLACE_NAMES_PT.FIRST_KNOWN_DATE":null,"DCGIS.PLACE_NAMES_PT.FIRST_KNOWN_DATE_SOURCE":null,"DCGIS.PLACE_NAMES_PT.CREATED_DATE":1449828522000,"DCGIS.PLACE_NAMES_PT.LAST_EDITED_DATE":1449828522000,"DCGIS.PLACE_NAMES_PT.SE_ANNO_CAD_DATA":null,"DCGIS.PLACE_NAMES_PT.OBJECTID":32424612,"DCGIS.ADDRESSES_PT.OBJECTID":217222767,"DCGIS.ADDRESSES_PT.SE_ANNO_CAD_DATA":null}},{"type":"Feature","id":32425502,"geometry":{"type":"Point","coordinates":[-77.008728500859121,38.919371785974811]},"properties":{"DCGIS.PLACE_NAMES_PT.NAME":"PROSPECT HILL CEMETERY","DCGIS.ADDRESSES_PT.ADDRESS":"2201 NORTH CAPITOL STREET NE","DCGIS.ADDRESSES_PT.WARD":"Ward 5","DCGIS.ADDRESSES_PT.SMD":"SMD 5E06","DCGIS.ADDRESSES_PT.ANC":"ANC 5E","MAR.VW_PLACE_NAME_CATEGORIES.CATEGORY":"MONUMENT / PLAZA / STATUE","DCGIS.ADDRESSES_PT.SSL":"3505    0801","DCGIS.PLACE_NAMES_PT.STATUS":"ACTIVE","DCGIS.PLACE_NAMES_PT.PLACE_NAME_ID":6783,"DCGIS.PLACE_NAMES_PT.MAR_ID":289732,"DCGIS.PLACE_NAMES_PT.BEFORE_DATE":null,"DCGIS.PLACE_NAMES_PT.BEFORE_DATE_SOURCE":null,"DCGIS.PLACE_NAMES_PT.BEGIN_DATE":null,"DCGIS.PLACE_NAMES_PT.BEGIN_DATE_SOURCE":null,"DCGIS.PLACE_NAMES_PT.FIRST_KNOWN_DATE":null,"DCGIS.PLACE_NAMES_PT.FIRST_KNOWN_DATE_SOURCE":null,"DCGIS.PLACE_NAMES_PT.CREATED_DATE":1131299766000,"DCGIS.PLACE_NAMES_PT.LAST_EDITED_DATE":1131299766000,"DCGIS.PLACE_NAMES_PT.SE_ANNO_CAD_DATA":null,"DCGIS.PLACE_NAMES_PT.OBJECTID":32425502,"DCGIS.ADDRESSES_PT.OBJECTID":217206927,"DCGIS.ADDRESSES_PT.SE_ANNO_CAD_DATA":null}},{"type":"Feature","id":32426221,"geometry":{"type":"Point","coordinates":[-77.013040350717048,38.886260992716267]},"properties":{"DCGIS.PLACE_NAMES_PT.NAME":"AMERICAN VETERANS DISABLED FOR LIFE MEMORIAL","DCGIS.ADDRESSES_PT.ADDRESS":"251 WASHINGTON AVENUE SW","DCGIS.ADDRESSES_PT.WARD":"Ward 6","DCGIS.ADDRESSES_PT.SMD":"SMD 6D02","DCGIS.ADDRESSES_PT.ANC":"ANC 6D","MAR.VW_PLACE_NAME_CATEGORIES.CATEGORY":"MONUMENT / PLAZA / STATUE","DCGIS.ADDRESSES_PT.SSL":null,"DCGIS.PLACE_NAMES_PT.STATUS":"ACTIVE","DCGIS.PLACE_NAMES_PT.PLACE_NAME_ID":13081,"DCGIS.PLACE_NAMES_PT.MAR_ID":311751,"DCGIS.PLACE_NAMES_PT.BEFORE_DATE":null,"DCGIS.PLACE_NAMES_PT.BEFORE_DATE_SOURCE":null,"DCGIS.PLACE_NAMES_PT.BEGIN_DATE":null,"DCGIS.PLACE_NAMES_PT.BEGIN_DATE_SOURCE":null,"DCGIS.PLACE_NAMES_PT.FIRST_KNOWN_DATE":null,"DCGIS.PLACE_NAMES_PT.FIRST_KNOWN_DATE_SOURCE":null,"DCGIS.PLACE_NAMES_PT.CREATED_DATE":1400079494000,"DCGIS.PLACE_NAMES_PT.LAST_EDITED_DATE":1400079494000,"DCGIS.PLACE_NAMES_PT.SE_ANNO_CAD_DATA":null,"DCGIS.PLACE_NAMES_PT.OBJECTID":32426221,"DCGIS.ADDRESSES_PT.OBJECTID":217219524,"DCGIS.ADDRESSES_PT.SE_ANNO_CAD_DATA":null}},{"type":"Feature","id":32423885,"geometry":{"type":"Point","coordinates":[-77.042570158161666,38.897123287026439]},"properties":{"DCGIS.PLACE_NAMES_PT.NAME":"GENERAL SERVICES ADMINISTRATION HEADQUARTERS","DCGIS.ADDRESSES_PT.ADDRESS":"1800 F STREET NW","DCGIS.ADDRESSES_PT.WARD":"Ward 2","DCGIS.ADDRESSES_PT.SMD":"SMD 2A01","DCGIS.ADDRESSES_PT.ANC":"ANC 2A","MAR.VW_PLACE_NAME_CATEGORIES.CATEGORY":"MONUMENT / PLAZA / STATUE","DCGIS.ADDRESSES_PT.SSL":"0143    0800","DCGIS.PLACE_NAMES_PT.STATUS":"ACTIVE","DCGIS.PLACE_NAMES_PT.PLACE_NAME_ID":1145,"DCGIS.PLACE_NAMES_PT.MAR_ID":291709,"DCGIS.PLACE_NAMES_PT.BEFORE_DATE":null,"DCGIS.PLACE_NAMES_PT.BEFORE_DATE_SOURCE":null,"DCGIS.PLACE_NAMES_PT.BEGIN_DATE":null,"DCGIS.PLACE_NAMES_PT.BEGIN_DATE_SOURCE":null,"DCGIS.PLACE_NAMES_PT.FIRST_KNOWN_DATE":null,"DCGIS.PLACE_NAMES_PT.FIRST_KNOWN_DATE_SOURCE":null,"DCGIS.PLACE_NAMES_PT.CREATED_DATE":1123077224000,"DCGIS.PLACE_NAMES_PT.LAST_EDITED_DATE":1185379374000,"DCGIS.PLACE_NAMES_PT.SE_ANNO_CAD_DATA":null,"DCGIS.PLACE_NAMES_PT.OBJECTID":32423885,"DCGIS.ADDRESSES_PT.OBJECTID":217166811,"DCGIS.ADDRESSES_PT.SE_ANNO_CAD_DATA":null}},{"type":"Feature","id":32422808,"geometry":{"type":"Point","coordinates":[-77.013057640965926,38.886268017322514]},"properties":{"DCGIS.PLACE_NAMES_PT.NAME":"AMERICAN VETERANS DISABLED FOR LIFE MEMORIAL","DCGIS.ADDRESSES_PT.ADDRESS":"150 WASHINGTON AVENUE SW","DCGIS.ADDRESSES_PT.WARD":"Ward 6","DCGIS.ADDRESSES_PT.SMD":"SMD 6D02","DCGIS.ADDRESSES_PT.ANC":"ANC 6D","MAR.VW_PLACE_NAME_CATEGORIES.CATEGORY":"MONUMENT / PLAZA / STATUE","DCGIS.ADDRESSES_PT.SSL":null,"DCGIS.PLACE_NAMES_PT.STATUS":"ACTIVE","DCGIS.PLACE_NAMES_PT.PLACE_NAME_ID":23823,"DCGIS.PLACE_NAMES_PT.MAR_ID":352144,"DCGIS.PLACE_NAMES_PT.BEFORE_DATE":null,"DCGIS.PLACE_NAMES_PT.BEFORE_DATE_SOURCE":null,"DCGIS.PLACE_NAMES_PT.BEGIN_DATE":null,"DCGIS.PLACE_NAMES_PT.BEGIN_DATE_SOURCE":null,"DCGIS.PLACE_NAMES_PT.FIRST_KNOWN_DATE":null,"DCGIS.PLACE_NAMES_PT.FIRST_KNOWN_DATE_SOURCE":null,"DCGIS.PLACE_NAMES_PT.CREATED_DATE":1750250813000,"DCGIS.PLACE_NAMES_PT.LAST_EDITED_DATE":1750250813000,"DCGIS.PLACE_NAMES_PT.SE_ANNO_CAD_DATA":null,"DCGIS.PLACE_NAMES_PT.OBJECTID":32422808,"DCGIS.ADDRESSES_PT.OBJECTID":217232415,"DCGIS.ADDRESSES_PT.SE_ANNO_CAD_DATA":null}},{"type":"Feature","id":32422786,"geometry":{"type":"Point","coordinates":[-77.047697027736888,38.891300637429829]},"properties":{"DCGIS.PLACE_NAMES_PT.NAME":"VIETNAM VETERANS MEMORIAL","DCGIS.ADDRESSES_PT.ADDRESS":"15 HENRY BACON DRIVE NW","DCGIS.ADDRESSES_PT.WARD":"Ward 2","DCGIS.ADDRESSES_PT.SMD":"SMD 2A01","DCGIS.ADDRESSES_PT.ANC":"ANC 2A","MAR.VW_PLACE_NAME_CATEGORIES.CATEGORY":"MONUMENT / PLAZA / STATUE","DCGIS.ADDRESSES_PT.SSL":"RES 03320000","DCGIS.PLACE_NAMES_PT.STATUS":"ACTIVE","DCGIS.PLACE_NAMES_PT.PLACE_NAME_ID":15088,"DCGIS.PLACE_NAMES_PT.MAR_ID":313467,"DCGIS.PLACE_NAMES_PT.BEFORE_DATE":null,"DCGIS.PLACE_NAMES_PT.BEFORE_DATE_SOURCE":null,"DCGIS.PLACE_NAMES_PT.BEGIN_DATE":null,"DCGIS.PLACE_NAMES_PT.BEGIN_DATE_SOURCE":null,"DCGIS.PLACE_NAMES_PT.FIRST_KNOWN_DATE":null,"DCGIS.PLACE_NAMES_PT.FIRST_KNOWN_DATE_SOURCE":null,"DCGIS.PLACE_NAMES_PT.CREATED_DATE":1449830501000,"DCGIS.PLACE_NAMES_PT.LAST_EDITED_DATE":1449830501000,"DCGIS.PLACE_NAMES_PT.SE_ANNO_CAD_DATA":null,"DCGIS.PLACE_NAMES_PT.OBJECTID":32422786,"DCGIS.ADDRESSES_PT.OBJECTID":217124010,"DCGIS.ADDRESSES_PT.SE_ANNO_CAD_DATA":null}},{"type":"Feature","id":32421293,"geometry":{"type":"Point","coordinates":[-77.031598853882059,38.906974616429757]},"properties":{"DCGIS.PLACE_NAMES_PT.NAME":"LUTHER PLACE MEMORIAL CHURCH & STATUE","DCGIS.ADDRESSES_PT.ADDRESS":"1226 VERMONT AVENUE NW","DCGIS.ADDRESSES_PT.WARD":"Ward 2","DCGIS.ADDRESSES_PT.SMD":"SMD 2F05","DCGIS.ADDRESSES_PT.ANC":"ANC 2F","MAR.VW_PLACE_NAME_CATEGORIES.CATEGORY":"MONUMENT / PLAZA / STATUE","DCGIS.ADDRESSES_PT.SSL":"0244    0003","DCGIS.PLACE_NAMES_PT.STATUS":"ACTIVE","DCGIS.PLACE_NAMES_PT.PLACE_NAME_ID":8256,"DCGIS.PLACE_NAMES_PT.MAR_ID":240613,"DCGIS.PLACE_NAMES_PT.BEFORE_DATE":null,"DCGIS.PLACE_NAMES_PT.BEFORE_DATE_SOURCE":null,"DCGIS.PLACE_NAMES_PT.BEGIN_DATE":null,"DCGIS.PLACE_NAMES_PT.BEGIN_DATE_SOURCE":null,"DCGIS.PLACE_NAMES_PT.FIRST_KNOWN_DATE":null,"DCGIS.PLACE_NAMES_PT.FIRST_KNOWN_DATE_SOURCE":null,"DCGIS.PLACE_NAMES_PT.CREATED_DATE":1178792514000,"DCGIS.PLACE_NAMES_PT.LAST_EDITED_DATE":1178792514000,"DCGIS.PLACE_NAMES_PT.SE_ANNO_CAD_DATA":null,"DCGIS.PLACE_NAMES_PT.OBJECTID":32421293,"DCGIS.ADDRESSES_PT.OBJECTID":217179040,"DCGIS.ADDRESSES_PT.SE_ANNO_CAD_DATA":null}},{"type":"Feature","id":32421619,"geometry":{"type":"Point","coordinates":[-77.041770639489684,38.882631708846617]},"properties":{"DCGIS.PLACE_NAMES_PT.NAME":"FRANKLIN DELANO ROOSEVELT MEMORIAL COMFORT STATION","DCGIS.ADDRESSES_PT.ADDRESS":"1301 OHIO DRIVE SW","DCGIS.ADDRESSES_PT.WARD":"Ward 2","DCGIS.ADDRESSES_PT.SMD":"SMD 2A01","DCGIS.ADDRESSES_PT.ANC":"ANC 2A","MAR.VW_PLACE_NAME_CATEGORIES.CATEGORY":"MONUMENT / PLAZA / STATUE","DCGIS.ADDRESSES_PT.SSL":"RES 03320000","DCGIS.PLACE_NAMES_PT.STATUS":"ACTIVE","DCGIS.PLACE_NAMES_PT.PLACE_NAME_ID":15124,"DCGIS.PLACE_NAMES_PT.MAR_ID":313501,"DCGIS.PLACE_NAMES_PT.BEFORE_DATE":null,"DCGIS.PLACE_NAMES_PT.BEFORE_DATE_SOURCE":null,"DCGIS.PLACE_NAMES_PT.BEGIN_DATE":null,"DCGIS.PLACE_NAMES_PT.BEGIN_DATE_SOURCE":null,"DCGIS.PLACE_NAMES_PT.FIRST_KNOWN_DATE":null,"DCGIS.PLACE_NAMES_PT.FIRST_KNOWN_DATE_SOURCE":null,"DCGIS.PLACE_NAMES_PT.CREATED_DATE":1450339941000,"DCGIS.PLACE_NAMES_PT.LAST_EDITED_DATE":1450339941000,"DCGIS.PLACE_NAMES_PT.SE_ANNO_CAD_DATA":null,"DCGIS.PLACE_NAMES_PT.OBJECTID":32421619,"DCGIS.ADDRESSES_PT.OBJECTID":217222911,"DCGIS.ADDRESSES_PT.SE_ANNO_CAD_DATA":null}},{"type":"Feature","id":32421620,"geometry":{"type":"Point","coordinates":[-77.041770639489684,38.882631708846617]},"properties":{"DCGIS.PLACE_NAMES_PT.NAME":"FDR MEMORIAL COMFORT STATION","DCGIS.ADDRESSES_PT.ADDRESS":"1301 OHIO DRIVE SW","DCGIS.ADDRESSES_PT.WARD":"Ward 2","DCGIS.ADDRESSES_PT.SMD":"SMD 2A01","DCGIS.ADDRESSES_PT.ANC":"ANC 2A","MAR.VW_PLACE_NAME_CATEGORIES.CATEGORY":"MONUMENT / PLAZA / STATUE","DCGIS.ADDRESSES_PT.SSL":"RES 03320000","DCGIS.PLACE_NAMES_PT.STATUS":"ACTIVE","DCGIS.PLACE_NAMES_PT.PLACE_NAME_ID":15125,"DCGIS.PLACE_NAMES_PT.MAR_ID":313501,"DCGIS.PLACE_NAMES_PT.BEFORE_DATE":null,"DCGIS.PLACE_NAMES_PT.BEFORE_DATE_SOURCE":null,"DCGIS.PLACE_NAMES_PT.BEGIN_DATE":null,"DCGIS.PLACE_NAMES_PT.BEGIN_DATE_SOURCE":null,"DCGIS.PLACE_NAMES_PT.FIRST_KNOWN_DATE":null,"DCGIS.PLACE_NAMES_PT.FIRST_KNOWN_DATE_SOURCE":null,"DCGIS.PLACE_NAMES_PT.CREATED_DATE":1450339941000,"DCGIS.PLACE_NAMES_PT.LAST_EDITED_DATE":1450339941000,"DCGIS.PLACE_NAMES_PT.SE_ANNO_CAD_DATA":null,"DCGIS.PLACE_NAMES_PT.OBJECTID":32421620,"DCGIS.ADDRESSES_PT.OBJECTID":217222911,"DCGIS.ADDRESSES_PT.SE_ANNO_CAD_DATA":null}},{"type":"Feature","id":32421621,"geometry":{"type":"Point","coordinates":[-77.041770639489684,38.882631708846617]},"properties":{"DCGIS.PLACE_NAMES_PT.NAME":"FDR MEMORIAL EXIT BUILDING","DCGIS.ADDRESSES_PT.ADDRESS":"1301 OHIO DRIVE SW","DCGIS.ADDRESSES_PT.WARD":"Ward 2","DCGIS.ADDRESSES_PT.SMD":"SMD 2A01","DCGIS.ADDRESSES_PT.ANC":"ANC 2A","MAR.VW_PLACE_NAME_CATEGORIES.CATEGORY":"MONUMENT / PLAZA / STATUE","DCGIS.ADDRESSES_PT.SSL":"RES 03320000","DCGIS.PLACE_NAMES_PT.STATUS":"ACTIVE","DCGIS.PLACE_NAMES_PT.PLACE_NAME_ID":15126,"DCGIS.PLACE_NAMES_PT.MAR_ID":313501,"DCGIS.PLACE_NAMES_PT.BEFORE_DATE":null,"DCGIS.PLACE_NAMES_PT.BEFORE_DATE_SOURCE":null,"DCGIS.PLACE_NAMES_PT.BEGIN_DATE":null,"DCGIS.PLACE_NAMES_PT.BEGIN_DATE_SOURCE":null,"DCGIS.PLACE_NAMES_PT.FIRST_KNOWN_DATE":null,"DCGIS.PLACE_NAMES_PT.FIRST_KNOWN_DATE_SOURCE":null,"DCGIS.PLACE_NAMES_PT.CREATED_DATE":1450340468000,"DCGIS.PLACE_NAMES_PT.LAST_EDITED_DATE":1450340468000,"DCGIS.PLACE_NAMES_PT.SE_ANNO_CAD_DATA":null,"DCGIS.PLACE_NAMES_PT.OBJECTID":32421621,"DCGIS.ADDRESSES_PT.OBJECTID":217222911,"DCGIS.ADDRESSES_PT.SE_ANNO_CAD_DATA":null}},{"type":"Feature","id":32421622,"geometry":{"type":"Point","coordinates":[-77.041770639489684,38.882631708846617]},"properties":{"DCGIS.PLACE_NAMES_PT.NAME":"FRANKLIN DELANO ROOSEVELT MEMORIAL EXIT BUILDING","DCGIS.ADDRESSES_PT.ADDRESS":"1301 OHIO DRIVE SW","DCGIS.ADDRESSES_PT.WARD":"Ward 2","DCGIS.ADDRESSES_PT.SMD":"SMD 2A01","DCGIS.ADDRESSES_PT.ANC":"ANC 2A","MAR.VW_PLACE_NAME_CATEGORIES.CATEGORY":"MONUMENT / PLAZA / STATUE","DCGIS.ADDRESSES_PT.SSL":"RES 03320000","DCGIS.PLACE_NAMES_PT.STATUS":"ACTIVE","DCGIS.PLACE_NAMES_PT.PLACE_NAME_ID":15127,"DCGIS.PLACE_NAMES_PT.MAR_ID":313501,"DCGIS.PLACE_NAMES_PT.BEFORE_DATE":null,"DCGIS.PLACE_NAMES_PT.BEFORE_DATE_SOURCE":null,"DCGIS.PLACE_NAMES_PT.BEGIN_DATE":null,"DCGIS.PLACE_NAMES_PT.BEGIN_DATE_SOURCE":null,"DCGIS.PLACE_NAMES_PT.FIRST_KNOWN_DATE":null,"DCGIS.PLACE_NAMES_PT.FIRST_KNOWN_DATE_SOURCE":null,"DCGIS.PLACE_NAMES_PT.CREATED_DATE":1450340468000,"DCGIS.PLACE_NAMES_PT.LAST_EDITED_DATE":1450340468000,"DCGIS.PLACE_NAMES_PT.SE_ANNO_CAD_DATA":null,"DCGIS.PLACE_NAMES_PT.OBJECTID":32421622,"DCGIS.ADDRESSES_PT.OBJECTID":217222911,"DCGIS.ADDRESSES_PT.SE_ANNO_CAD_DATA":null}}]}