{"type":"FeatureCollection","features":[{"type":"Feature","id":25,"geometry":{"type":"Point","coordinates":[-77.023951829073695,38.933118754412156]},"properties":{"NAME":"12","HARDWARE_TYPE":"0","SIGN_NUMBER":"18","URL":"https://www.culturaltourismdc.org/portal/dc-neighborhood-heritage-trails","LATITUDE":38.93311096,"LONGITUDE":-77.023949540000004,"XCOORD":397923.48924999998,"YCOORD":140581.166875,"GIS_ID":"HeritageTrailPt_148","GLOBALID":"{A81CE97D-E57A-4A25-BE2C-268D5B1F5486}","CREATED":null,"EDITED":null,"OBJECTID":25}},{"type":"Feature","id":27,"geometry":{"type":"Point","coordinates":[-77.039641595141546,38.932614948130031]},"properties":{"NAME":"9","HARDWARE_TYPE":"3","SIGN_NUMBER":"12","URL":"https://www.culturaltourismdc.org/portal/dc-neighborhood-heritage-trails","LATITUDE":38.932607160000003,"LONGITUDE":-77.039639300000005,"XCOORD":396563.10631250002,"YCOORD":140525.71418750001,"GIS_ID":"HeritageTrailPt_150","GLOBALID":"{FD4A2706-8CEF-46A3-BC0F-A485A616AB3B}","CREATED":null,"EDITED":null,"OBJECTID":27}},{"type":"Feature","id":28,"geometry":{"type":"Point","coordinates":[-77.029855276368295,38.932401496311499]},"properties":{"NAME":"3","HARDWARE_TYPE":"0","SIGN_NUMBER":"5","URL":"https://www.culturaltourismdc.org/portal/dc-neighborhood-heritage-trails","LATITUDE":38.932393699999999,"LONGITUDE":-77.029852980000001,"XCOORD":397411.61318749998,"YCOORD":140501.69631249999,"GIS_ID":"HeritageTrailPt_151","GLOBALID":"{9BCB53AB-91DB-47EF-A541-D3F762971282}","CREATED":null,"EDITED":null,"OBJECTID":28}},{"type":"Feature","id":29,"geometry":{"type":"Point","coordinates":[-77.042795328450211,38.932323921512989]},"properties":{"NAME":"9","HARDWARE_TYPE":"0","SIGN_NUMBER":"10","URL":"https://www.culturaltourismdc.org/portal/dc-neighborhood-heritage-trails","LATITUDE":38.932316129999997,"LONGITUDE":-77.042793029999999,"XCOORD":396289.64887500001,"YCOORD":140493.53049999999,"GIS_ID":"HeritageTrailPt_152","GLOBALID":"{A4DF5DF4-BA38-4638-8305-7CE7D0E1E6ED}","CREATED":null,"EDITED":null,"OBJECTID":29}},{"type":"Feature","id":30,"geometry":{"type":"Point","coordinates":[-77.041001793938179,38.932312493363384]},"properties":{"NAME":"9","HARDWARE_TYPE":"0","SIGN_NUMBER":"11","URL":"https://www.culturaltourismdc.org/portal/dc-neighborhood-heritage-trails","LATITUDE":38.932304700000003,"LONGITUDE":-77.040999499999998,"XCOORD":396445.15600000002,"YCOORD":140492.19118749999,"GIS_ID":"HeritageTrailPt_153","GLOBALID":"{2C357E1D-B5F8-4EBB-BE0A-AA8A43CEDD43}","CREATED":null,"EDITED":null,"OBJECTID":30}},{"type":"Feature","id":31,"geometry":{"type":"Point","coordinates":[-77.023792625740924,38.931961066386876]},"properties":{"NAME":"12","HARDWARE_TYPE":"0","SIGN_NUMBER":"17","URL":"https://www.culturaltourismdc.org/portal/dc-neighborhood-heritage-trails","LATITUDE":38.931953270000001,"LONGITUDE":-77.023790329999997,"XCOORD":397937.25893750001,"YCOORD":140452.6495,"GIS_ID":"HeritageTrailPt_154","GLOBALID":"{06422C53-21FD-49E0-AFBE-D01762EDF75D}","CREATED":null,"EDITED":null,"OBJECTID":31}},{"type":"Feature","id":32,"geometry":{"type":"Point","coordinates":[-77.038648966150404,38.931719602577154]},"properties":{"NAME":"9","HARDWARE_TYPE":"0","SIGN_NUMBER":"13","URL":"https://www.culturaltourismdc.org/portal/dc-neighborhood-heritage-trails","LATITUDE":38.931711810000003,"LONGITUDE":-77.038646670000006,"XCOORD":396649.12931250001,"YCOORD":140426.28581249999,"GIS_ID":"HeritageTrailPt_155","GLOBALID":"{EABE9BB8-B33B-4331-A0FA-65B6EA92ED6E}","CREATED":null,"EDITED":null,"OBJECTID":32}},{"type":"Feature","id":33,"geometry":{"type":"Point","coordinates":[-77.032522227355543,38.931478505015328]},"properties":{"NAME":"3","HARDWARE_TYPE":"0","SIGN_NUMBER":"3","URL":"https://www.culturaltourismdc.org/portal/dc-neighborhood-heritage-trails","LATITUDE":38.931470709999999,"LONGITUDE":-77.032519930000007,"XCOORD":397180.34000000003,"YCOORD":140399.314625,"GIS_ID":"HeritageTrailPt_156","GLOBALID":"{9393D5DE-684F-4CE6-A3C7-43114548262A}","CREATED":null,"EDITED":null,"OBJECTID":33}},{"type":"Feature","id":34,"geometry":{"type":"Point","coordinates":[-77.038487800642855,38.931358557703518]},"properties":{"NAME":"9","HARDWARE_TYPE":"0","SIGN_NUMBER":"14","URL":"https://www.culturaltourismdc.org/portal/dc-neighborhood-heritage-trails","LATITUDE":38.931350770000002,"LONGITUDE":-77.038485499999993,"XCOORD":396663.0863125,"YCOORD":140386.20050000001,"GIS_ID":"HeritageTrailPt_157","GLOBALID":"{91422699-B5C6-475C-8C1F-599D229BFF89}","CREATED":null,"EDITED":null,"OBJECTID":34}},{"type":"Feature","id":36,"geometry":{"type":"Point","coordinates":[-77.038228865047415,38.930601530286175]},"properties":{"NAME":"9","HARDWARE_TYPE":"0","SIGN_NUMBER":"15","URL":"https://www.culturaltourismdc.org/portal/dc-neighborhood-heritage-trails","LATITUDE":38.930593739999999,"LONGITUDE":-77.038226570000006,"XCOORD":396685.50150000001,"YCOORD":140302.155375,"GIS_ID":"HeritageTrailPt_159","GLOBALID":"{473B8A33-451A-406A-A353-E7889F04803C}","CREATED":null,"EDITED":null,"OBJECTID":36}},{"type":"Feature","id":37,"geometry":{"type":"Point","coordinates":[-77.036589403108735,38.93059666810295]},"properties":{"NAME":"9","HARDWARE_TYPE":"0","SIGN_NUMBER":"2","URL":"https://www.culturaltourismdc.org/portal/dc-neighborhood-heritage-trails","LATITUDE":38.930588880000002,"LONGITUDE":-77.036587109999999,"XCOORD":396827.65350000001,"YCOORD":140301.556625,"GIS_ID":"HeritageTrailPt_160","GLOBALID":"{E54576E8-C1FA-489F-A4F9-CFB62090604F}","CREATED":null,"EDITED":null,"OBJECTID":37}},{"type":"Feature","id":38,"geometry":{"type":"Point","coordinates":[-77.032389252671678,38.93049738389319]},"properties":{"NAME":"3","HARDWARE_TYPE":"0","SIGN_NUMBER":"2","URL":"https://www.culturaltourismdc.org/portal/dc-neighborhood-heritage-trails","LATITUDE":38.930489590000001,"LONGITUDE":-77.032386959999997,"XCOORD":397191.83112500003,"YCOORD":140290.39749999999,"GIS_ID":"HeritageTrailPt_161","GLOBALID":"{88EDBD77-42B2-4708-A98C-DFCF2DE22E37}","CREATED":null,"EDITED":null,"OBJECTID":38}},{"type":"Feature","id":39,"geometry":{"type":"Point","coordinates":[-77.023580218324511,38.929981029001972]},"properties":{"NAME":"12","HARDWARE_TYPE":"0","SIGN_NUMBER":"16","URL":"https://www.culturaltourismdc.org/portal/dc-neighborhood-heritage-trails","LATITUDE":38.929973240000002,"LONGITUDE":-77.023577930000002,"XCOORD":397955.61856251,"YCOORD":140232.84400000001,"GIS_ID":"HeritageTrailPt_162","GLOBALID":"{77C3E3E4-2FF0-4727-B5C3-CDDD86AD4C7F}","CREATED":null,"EDITED":null,"OBJECTID":39}},{"type":"Feature","id":40,"geometry":{"type":"Point","coordinates":[-77.032577012131497,38.929942410748595]},"properties":{"NAME":"3","HARDWARE_TYPE":"0","SIGN_NUMBER":"1","URL":"https://www.culturaltourismdc.org/portal/dc-neighborhood-heritage-trails","LATITUDE":38.929934619999997,"LONGITUDE":-77.03257472,"XCOORD":397175.52862499998,"YCOORD":140228.79681249999,"GIS_ID":"HeritageTrailPt_163","GLOBALID":"{BC2D69A7-8A16-4854-B02D-01751004053E}","CREATED":null,"EDITED":null,"OBJECTID":40}},{"type":"Feature","id":41,"geometry":{"type":"Point","coordinates":[-77.027934738206625,38.929746645880982]},"properties":{"NAME":"3","HARDWARE_TYPE":"0","SIGN_NUMBER":"6","URL":"https://www.culturaltourismdc.org/portal/dc-neighborhood-heritage-trails","LATITUDE":38.92973885,"LONGITUDE":-77.027932440000001,"XCOORD":397578.04200000002,"YCOORD":140206.93168750001,"GIS_ID":"HeritageTrailPt_164","GLOBALID":"{FC925E0E-DFB4-41B7-821E-661DE72AC172}","CREATED":null,"EDITED":null,"OBJECTID":41}},{"type":"Feature","id":42,"geometry":{"type":"Point","coordinates":[-77.037811409234607,38.929684088525832]},"properties":{"NAME":"9","HARDWARE_TYPE":"0","SIGN_NUMBER":"16","URL":"https://www.culturaltourismdc.org/portal/dc-neighborhood-heritage-trails","LATITUDE":38.929676299999997,"LONGITUDE":-77.037809109999998,"XCOORD":396721.65600000002,"YCOORD":140200.295625,"GIS_ID":"HeritageTrailPt_165","GLOBALID":"{4FCFFEE1-7164-40BA-806B-B5FEB9B30F28}","CREATED":null,"EDITED":null,"OBJECTID":42}},{"type":"Feature","id":43,"geometry":{"type":"Point","coordinates":[-77.036581720459012,38.929379746729659]},"properties":{"NAME":"9","HARDWARE_TYPE":"0","SIGN_NUMBER":"1","URL":"https://www.culturaltourismdc.org/portal/dc-neighborhood-heritage-trails","LATITUDE":38.929371949999997,"LONGITUDE":-77.036579419999995,"XCOORD":396828.26549999998,"YCOORD":140166.46812500001,"GIS_ID":"HeritageTrailPt_166","GLOBALID":"{89B6411E-A854-4E2E-9CA6-EAA36A85CC16}","CREATED":null,"EDITED":null,"OBJECTID":43}},{"type":"Feature","id":45,"geometry":{"type":"Point","coordinates":[-77.025985116035741,38.927968287146854]},"properties":{"NAME":"12","HARDWARE_TYPE":"0","SIGN_NUMBER":"15","URL":"https://www.culturaltourismdc.org/portal/dc-neighborhood-heritage-trails","LATITUDE":38.927960499999998,"LONGITUDE":-77.025982819999996,"XCOORD":397747.03287499998,"YCOORD":140009.4685625,"GIS_ID":"HeritageTrailPt_168","GLOBALID":"{E97DE2FF-CDE1-44EF-B468-5D2D35758BBF}","CREATED":null,"EDITED":null,"OBJECTID":45}},{"type":"Feature","id":46,"geometry":{"type":"Point","coordinates":[-77.036581570025263,38.927535501678626]},"properties":{"NAME":"9","HARDWARE_TYPE":"0","SIGN_NUMBER":"0","URL":"https://www.culturaltourismdc.org/portal/dc-neighborhood-heritage-trails","LATITUDE":38.92752771,"LONGITUDE":-77.036579270000004,"XCOORD":396828.19650000002,"YCOORD":139961.74081250001,"GIS_ID":"HeritageTrailPt_169","GLOBALID":"{E714E1B2-F27B-4575-A978-E87952DF2A46}","CREATED":null,"EDITED":null,"OBJECTID":46}},{"type":"Feature","id":47,"geometry":{"type":"Point","coordinates":[-77.032851566955671,38.927462939752743]},"properties":{"NAME":"3","HARDWARE_TYPE":"0","SIGN_NUMBER":"18","URL":"https://www.culturaltourismdc.org/portal/dc-neighborhood-heritage-trails","LATITUDE":38.92745515,"LONGITUDE":-77.03284927,"XCOORD":397151.62387499999,"YCOORD":139953.56299999999,"GIS_ID":"HeritageTrailPt_170","GLOBALID":"{B8E2115A-7B4F-42A9-AAB6-4548FCB95AFA}","CREATED":null,"EDITED":null,"OBJECTID":47}},{"type":"Feature","id":48,"geometry":{"type":"Point","coordinates":[-77.025655561431037,38.927435437060517]},"properties":{"NAME":"12","HARDWARE_TYPE":"0","SIGN_NUMBER":"14","URL":"https://www.culturaltourismdc.org/portal/dc-neighborhood-heritage-trails","LATITUDE":38.927427649999998,"LONGITUDE":-77.025653270000007,"XCOORD":397775.59224999999,"YCOORD":139950.3098125,"GIS_ID":"HeritageTrailPt_171","GLOBALID":"{429A0FA5-4EFB-4DCF-96A8-B7DCF1284DEE}","CREATED":null,"EDITED":null,"OBJECTID":48}},{"type":"Feature","id":49,"geometry":{"type":"Point","coordinates":[-77.033372809599086,38.926506469197307]},"properties":{"NAME":"3","HARDWARE_TYPE":"0","SIGN_NUMBER":"17","URL":"https://www.culturaltourismdc.org/portal/dc-neighborhood-heritage-trails","LATITUDE":38.926498680000002,"LONGITUDE":-77.033370509999997,"XCOORD":397106.38762499997,"YCOORD":139847.40262499999,"GIS_ID":"HeritageTrailPt_172","GLOBALID":"{705BC398-FB32-4FC3-B120-EDEDD9472425}","CREATED":null,"EDITED":null,"OBJECTID":49}},{"type":"Feature","id":50,"geometry":{"type":"Point","coordinates":[-77.022955501937759,38.92605775325373]},"properties":{"NAME":"12","HARDWARE_TYPE":"0","SIGN_NUMBER":"13","URL":"https://www.culturaltourismdc.org/portal/dc-neighborhood-heritage-trails","LATITUDE":38.92604996,"LONGITUDE":-77.022953209999997,"XCOORD":398009.67743749998,"YCOORD":139797.31293750001,"GIS_ID":"HeritageTrailPt_173","GLOBALID":"{CCDB7F8A-AF8B-49AE-8E08-F15CD5F07423}","CREATED":null,"EDITED":null,"OBJECTID":50}},{"type":"Feature","id":51,"geometry":{"type":"Point","coordinates":[-77.036563633858123,38.925820621010445]},"properties":{"NAME":"0","HARDWARE_TYPE":"2","SIGN_NUMBER":"4","URL":"https://www.culturaltourismdc.org/portal/dc-neighborhood-heritage-trails","LATITUDE":38.925812829999998,"LONGITUDE":-77.036561340000006,"XCOORD":396829.676125,"YCOORD":139771.37362500001,"GIS_ID":"HeritageTrailPt_174","GLOBALID":"{B41A7238-5E62-4754-A582-49D1CC5490F1}","CREATED":null,"EDITED":null,"OBJECTID":51}},{"type":"Feature","id":53,"geometry":{"type":"Point","coordinates":[-77.027206088562636,38.925711254858392]},"properties":{"NAME":"3","HARDWARE_TYPE":"0","SIGN_NUMBER":"7","URL":"https://www.culturaltourismdc.org/portal/dc-neighborhood-heritage-trails","LATITUDE":38.925703460000001,"LONGITUDE":-77.027203790000002,"XCOORD":397641.08812500001,"YCOORD":139758.950125,"GIS_ID":"HeritageTrailPt_176","GLOBALID":"{C1EB0438-41E3-4CAD-806B-B002D1F0DCC4}","CREATED":null,"EDITED":null,"OBJECTID":53}},{"type":"Feature","id":54,"geometry":{"type":"Point","coordinates":[-77.038794380440521,38.925258539348782]},"properties":{"NAME":"0","HARDWARE_TYPE":"2","SIGN_NUMBER":"5","URL":"https://www.culturaltourismdc.org/portal/dc-neighborhood-heritage-trails","LATITUDE":38.925250750000004,"LONGITUDE":-77.038792079999993,"XCOORD":396636.21581249998,"YCOORD":139709.0575,"GIS_ID":"HeritageTrailPt_177","GLOBALID":"{086A8876-67BF-4F86-BD3E-C2AC13409D71}","CREATED":null,"EDITED":null,"OBJECTID":54}},{"type":"Feature","id":55,"geometry":{"type":"Point","coordinates":[-77.040834334091713,38.925092487615807]},"properties":{"NAME":"0","HARDWARE_TYPE":"0","SIGN_NUMBER":"6","URL":"https://www.culturaltourismdc.org/portal/dc-neighborhood-heritage-trails","LATITUDE":38.925084699999999,"LONGITUDE":-77.040832039999998,"XCOORD":396459.31650000002,"YCOORD":139690.7016875,"GIS_ID":"HeritageTrailPt_178","GLOBALID":"{0C6355B5-5676-41E9-876E-22B82D4DAC61}","CREATED":null,"EDITED":null,"OBJECTID":55}},{"type":"Feature","id":56,"geometry":{"type":"Point","coordinates":[-77.021508265876378,38.92472113103782]},"properties":{"NAME":"12","HARDWARE_TYPE":"0","SIGN_NUMBER":"11","URL":"https://www.culturaltourismdc.org/portal/dc-neighborhood-heritage-trails","LATITUDE":38.924713339999997,"LONGITUDE":-77.021505970000007,"XCOORD":398135.13487499999,"YCOORD":139648.90599999999,"GIS_ID":"HeritageTrailPt_179","GLOBALID":"{4E8619E9-B3D9-4C80-A4C8-53759D06E01C}","CREATED":null,"EDITED":null,"OBJECTID":56}},{"type":"Feature","id":57,"geometry":{"type":"Point","coordinates":[-77.022778469033838,38.924220126823911]},"properties":{"NAME":"12","HARDWARE_TYPE":"0","SIGN_NUMBER":"12","URL":"https://www.culturaltourismdc.org/portal/dc-neighborhood-heritage-trails","LATITUDE":38.924212339999997,"LONGITUDE":-77.022776179999994,"XCOORD":398024.97718749999,"YCOORD":139593.317125,"GIS_ID":"HeritageTrailPt_180","GLOBALID":"{4D589AF5-06C6-412D-977F-5D7FFD32B270}","CREATED":null,"EDITED":null,"OBJECTID":57}},{"type":"Feature","id":58,"geometry":{"type":"Point","coordinates":[-77.044480722730484,38.923918237141571]},"properties":{"NAME":"0","HARDWARE_TYPE":"5","SIGN_NUMBER":"10","URL":"https://www.culturaltourismdc.org/portal/dc-neighborhood-heritage-trails","LATITUDE":38.923910450000001,"LONGITUDE":-77.044478420000004,"XCOORD":396143.06312499999,"YCOORD":139560.497875,"GIS_ID":"HeritageTrailPt_181","GLOBALID":"{4F39B20A-6006-4D12-9232-8B08A45B6BB6}","CREATED":null,"EDITED":null,"OBJECTID":58}},{"type":"Feature","id":59,"geometry":{"type":"Point","coordinates":[-77.029543104492916,38.923837353218026]},"properties":{"NAME":"3","HARDWARE_TYPE":"0","SIGN_NUMBER":"8","URL":"https://www.culturaltourismdc.org/portal/dc-neighborhood-heritage-trails","LATITUDE":38.923829560000001,"LONGITUDE":-77.02954081,"XCOORD":397438.37168749998,"YCOORD":139550.99368750001,"GIS_ID":"HeritageTrailPt_182","GLOBALID":"{33F7EB48-CA1A-466E-AF0A-DA0DF4E8E4F8}","CREATED":null,"EDITED":null,"OBJECTID":59}},{"type":"Feature","id":60,"geometry":{"type":"Point","coordinates":[-77.041705991879269,38.923462790666122]},"properties":{"NAME":"0","HARDWARE_TYPE":"0","SIGN_NUMBER":"7","URL":"https://www.culturaltourismdc.org/portal/dc-neighborhood-heritage-trails","LATITUDE":38.923454999999997,"LONGITUDE":-77.041703690000006,"XCOORD":396383.649875,"YCOORD":139509.826,"GIS_ID":"HeritageTrailPt_183","GLOBALID":"{CE252032-77B7-4341-B4C8-9A9BE06B0E4A}","CREATED":null,"EDITED":null,"OBJECTID":60}},{"type":"Feature","id":62,"geometry":{"type":"Point","coordinates":[-77.042628213226138,38.923090621341188]},"properties":{"NAME":"0","HARDWARE_TYPE":"0","SIGN_NUMBER":"8","URL":"https://www.culturaltourismdc.org/portal/dc-neighborhood-heritage-trails","LATITUDE":38.923082829999998,"LONGITUDE":-77.042625920000006,"XCOORD":396303.66037499998,"YCOORD":139468.549375,"GIS_ID":"HeritageTrailPt_185","GLOBALID":"{A90D475C-B7E3-4D1D-AC65-D5FE93BD995B}","CREATED":null,"EDITED":null,"OBJECTID":62}},{"type":"Feature","id":63,"geometry":{"type":"Point","coordinates":[-77.036604884107817,38.923033001246047]},"properties":{"NAME":"0","HARDWARE_TYPE":"6","SIGN_NUMBER":"3","URL":"https://www.culturaltourismdc.org/portal/dc-neighborhood-heritage-trails","LATITUDE":38.923025209999999,"LONGITUDE":-77.036602590000001,"XCOORD":396825.97518750001,"YCOORD":139461.92581250001,"GIS_ID":"HeritageTrailPt_186","GLOBALID":"{A8CCC65A-C9A7-4A71-AE2F-F22082E794D7}","CREATED":null,"EDITED":null,"OBJECTID":63}},{"type":"Feature","id":64,"geometry":{"type":"Point","coordinates":[-77.035202406492999,38.922565503801259]},"properties":{"NAME":"3","HARDWARE_TYPE":"0","SIGN_NUMBER":"15","URL":"https://www.culturaltourismdc.org/portal/dc-neighborhood-heritage-trails","LATITUDE":38.92255771,"LONGITUDE":-77.035200110000005,"XCOORD":396947.57181250001,"YCOORD":139409.98181249999,"GIS_ID":"HeritageTrailPt_187","GLOBALID":"{1728C8BF-B62B-47A1-ACA6-705822391EF2}","CREATED":null,"EDITED":null,"OBJECTID":64}},{"type":"Feature","id":65,"geometry":{"type":"Point","coordinates":[-77.030434167626467,38.922497514895461]},"properties":{"NAME":"3","HARDWARE_TYPE":"0","SIGN_NUMBER":"10","URL":"https://www.culturaltourismdc.org/portal/dc-neighborhood-heritage-trails","LATITUDE":38.922489720000002,"LONGITUDE":-77.030431870000001,"XCOORD":397361.053625,"YCOORD":139402.28581249999,"GIS_ID":"HeritageTrailPt_188","GLOBALID":"{346BD130-BC71-4C9E-A219-DE7D5B75D766}","CREATED":null,"EDITED":null,"OBJECTID":65}},{"type":"Feature","id":66,"geometry":{"type":"Point","coordinates":[-77.031800438749116,38.922400005301263]},"properties":{"NAME":"3","HARDWARE_TYPE":"0","SIGN_NUMBER":"11","URL":"https://www.culturaltourismdc.org/portal/dc-neighborhood-heritage-trails","LATITUDE":38.922392209999998,"LONGITUDE":-77.031798140000006,"XCOORD":397242.57218750002,"YCOORD":139391.5023125,"GIS_ID":"HeritageTrailPt_189","GLOBALID":"{CE0B8EFD-5DC5-4298-8F75-E66DC304C787}","CREATED":null,"EDITED":null,"OBJECTID":66}},{"type":"Feature","id":67,"geometry":{"type":"Point","coordinates":[-77.029340860142483,38.922391514325795]},"properties":{"NAME":"3","HARDWARE_TYPE":"0","SIGN_NUMBER":"9","URL":"https://www.culturaltourismdc.org/portal/dc-neighborhood-heritage-trails","LATITUDE":38.922383719999999,"LONGITUDE":-77.029338569999993,"XCOORD":397455.85781249998,"YCOORD":139390.48749999999,"GIS_ID":"HeritageTrailPt_190","GLOBALID":"{491E0318-384E-41F9-A413-05322CA99D2B}","CREATED":null,"EDITED":null,"OBJECTID":67}},{"type":"Feature","id":68,"geometry":{"type":"Point","coordinates":[-77.021207621392193,38.922355195309692]},"properties":{"NAME":"12","HARDWARE_TYPE":"0","SIGN_NUMBER":"10","URL":"https://www.culturaltourismdc.org/portal/dc-neighborhood-heritage-trails","LATITUDE":38.9223474,"LONGITUDE":-77.021205330000001,"XCOORD":398161.14437499997,"YCOORD":139386.261375,"GIS_ID":"HeritageTrailPt_191","GLOBALID":"{00E103DB-9EBA-45A0-85C4-BABF7EFE0FF2}","CREATED":null,"EDITED":null,"OBJECTID":68}},{"type":"Feature","id":69,"geometry":{"type":"Point","coordinates":[-77.022377924111382,38.922235535678844]},"properties":{"NAME":"12","HARDWARE_TYPE":"0","SIGN_NUMBER":"9","URL":"https://www.culturaltourismdc.org/portal/dc-neighborhood-heritage-trails","LATITUDE":38.922227739999997,"LONGITUDE":-77.022375629999999,"XCOORD":398059.65643749997,"YCOORD":139373.001625,"GIS_ID":"HeritageTrailPt_192","GLOBALID":"{22ABF6B0-090F-42BB-AE45-E739127F7C39}","CREATED":null,"EDITED":null,"OBJECTID":69}},{"type":"Feature","id":71,"geometry":{"type":"Point","coordinates":[-77.03859488890285,38.921646394197722]},"properties":{"NAME":"0","HARDWARE_TYPE":"0","SIGN_NUMBER":"2","URL":"https://www.culturaltourismdc.org/portal/dc-neighborhood-heritage-trails","LATITUDE":38.921638600000001,"LONGITUDE":-77.038592589999993,"XCOORD":396653.34537499998,"YCOORD":139308.07149999999,"GIS_ID":"HeritageTrailPt_194","GLOBALID":"{23A433F6-D910-499B-A5DB-A357566AAE27}","CREATED":null,"EDITED":null,"OBJECTID":71}},{"type":"Feature","id":72,"geometry":{"type":"Point","coordinates":[-77.035121832077024,38.921602682273722]},"properties":{"NAME":"3","HARDWARE_TYPE":"0","SIGN_NUMBER":"14","URL":"https://www.culturaltourismdc.org/portal/dc-neighborhood-heritage-trails","LATITUDE":38.921594890000001,"LONGITUDE":-77.035119539999997,"XCOORD":396954.51799999998,"YCOORD":139303.09762499999,"GIS_ID":"HeritageTrailPt_195","GLOBALID":"{6D2DA141-39CA-4E0C-8156-0D2823A8467D}","CREATED":null,"EDITED":null,"OBJECTID":72}},{"type":"Feature","id":73,"geometry":{"type":"Point","coordinates":[-77.043708762362741,38.921371785128002]},"properties":{"NAME":"0","HARDWARE_TYPE":"0","SIGN_NUMBER":"11","URL":"https://www.culturaltourismdc.org/portal/dc-neighborhood-heritage-trails","LATITUDE":38.921363999999997,"LONGITUDE":-77.043706459999996,"XCOORD":396209.86831250001,"YCOORD":139277.788,"GIS_ID":"HeritageTrailPt_196","GLOBALID":"{9CC43AF5-EFEB-415B-A93C-E147ED748D27}","CREATED":null,"EDITED":null,"OBJECTID":73}},{"type":"Feature","id":74,"geometry":{"type":"Point","coordinates":[-77.02219524472433,38.921073244365758]},"properties":{"NAME":"12","HARDWARE_TYPE":"0","SIGN_NUMBER":"8","URL":"https://www.culturaltourismdc.org/portal/dc-neighborhood-heritage-trails","LATITUDE":38.92106545,"LONGITUDE":-77.022192950000004,"XCOORD":398075.46612499998,"YCOORD":139243.97431250001,"GIS_ID":"HeritageTrailPt_197","GLOBALID":"{F86839B7-D6F9-4ECE-BC1C-C37D73711804}","CREATED":null,"EDITED":null,"OBJECTID":74}},{"type":"Feature","id":75,"geometry":{"type":"Point","coordinates":[-77.036580452897454,38.920682259438365]},"properties":{"NAME":"0","HARDWARE_TYPE":"0","SIGN_NUMBER":"1","URL":"https://www.culturaltourismdc.org/portal/dc-neighborhood-heritage-trails","LATITUDE":38.920674470000002,"LONGITUDE":-77.036578160000005,"XCOORD":396827.98918749997,"YCOORD":139200.973375,"GIS_ID":"HeritageTrailPt_198","GLOBALID":"{7CAF86FB-C088-4651-9675-305AB90DC999}","CREATED":null,"EDITED":null,"OBJECTID":75}},{"type":"Feature","id":76,"geometry":{"type":"Point","coordinates":[-77.034753107670966,38.920469653156587]},"properties":{"NAME":"3","HARDWARE_TYPE":"0","SIGN_NUMBER":"13","URL":"https://www.culturaltourismdc.org/portal/dc-neighborhood-heritage-trails","LATITUDE":38.920461860000003,"LONGITUDE":-77.034750810000006,"XCOORD":396986.44500000001,"YCOORD":139177.3096875,"GIS_ID":"HeritageTrailPt_1","GLOBALID":"{F3704A45-EDD2-4BA7-8702-0E82AEBF5F1C}","CREATED":null,"EDITED":null,"OBJECTID":76}},{"type":"Feature","id":78,"geometry":{"type":"Point","coordinates":[-77.022079177366365,38.920099186974198]},"properties":{"NAME":"12","HARDWARE_TYPE":"0","SIGN_NUMBER":"7","URL":"https://www.culturaltourismdc.org/portal/dc-neighborhood-heritage-trails","LATITUDE":38.920091399999997,"LONGITUDE":-77.022076889999994,"XCOORD":398085.50487499998,"YCOORD":139135.84312500001,"GIS_ID":"HeritageTrailPt_3","GLOBALID":"{C5BADC59-3B7B-420A-9322-9F30B65A045E}","CREATED":null,"EDITED":null,"OBJECTID":78}},{"type":"Feature","id":79,"geometry":{"type":"Point","coordinates":[-77.031818461952327,38.919916720184226]},"properties":{"NAME":"3","HARDWARE_TYPE":"0","SIGN_NUMBER":"12","URL":"https://www.culturaltourismdc.org/portal/dc-neighborhood-heritage-trails","LATITUDE":38.919908929999998,"LONGITUDE":-77.031816169999999,"XCOORD":397240.91249999998,"YCOORD":139115.837,"GIS_ID":"HeritageTrailPt_4","GLOBALID":"{EA53CD12-2483-451B-BBCD-EA55249068D6}","CREATED":null,"EDITED":null,"OBJECTID":79}},{"type":"Feature","id":80,"geometry":{"type":"Point","coordinates":[-77.041758760520494,38.919580480644285]},"properties":{"NAME":"0","HARDWARE_TYPE":"6","SIGN_NUMBER":"16","URL":"https://www.culturaltourismdc.org/portal/dc-neighborhood-heritage-trails","LATITUDE":38.919572690000003,"LONGITUDE":-77.041756460000002,"XCOORD":396378.87731249997,"YCOORD":139078.85887500001,"GIS_ID":"HeritageTrailPt_5","GLOBALID":"{AEF41D55-79DF-40CE-9E26-B217297E5079}","CREATED":null,"EDITED":null,"OBJECTID":80}},{"type":"Feature","id":81,"geometry":{"type":"Point","coordinates":[-77.036592175462957,38.91878482249767]},"properties":{"NAME":"0","HARDWARE_TYPE":"0","SIGN_NUMBER":"0","URL":"https://www.culturaltourismdc.org/portal/dc-neighborhood-heritage-trails","LATITUDE":38.918777030000001,"LONGITUDE":-77.036589879999994,"XCOORD":396826.88762499997,"YCOORD":138990.342125,"GIS_ID":"HeritageTrailPt_6","GLOBALID":"{728EC505-1A2A-4BAD-84F3-3FEE3EEBCDB6}","CREATED":null,"EDITED":null,"OBJECTID":81}},{"type":"Feature","id":82,"geometry":{"type":"Point","coordinates":[-77.034762281971027,38.918709368927765]},"properties":{"NAME":"8","HARDWARE_TYPE":"0","SIGN_NUMBER":"12","URL":"https://www.culturaltourismdc.org/portal/dc-neighborhood-heritage-trails","LATITUDE":38.918701579999997,"LONGITUDE":-77.034759989999998,"XCOORD":396985.57462500001,"YCOORD":138981.90362500001,"GIS_ID":"HeritageTrailPt_7","GLOBALID":"{3A462002-1603-497D-B7BB-7BA237FA0D84}","CREATED":null,"EDITED":null,"OBJECTID":82}},{"type":"Feature","id":83,"geometry":{"type":"Point","coordinates":[-77.045465642366565,38.918131638581229]},"properties":{"NAME":"0","HARDWARE_TYPE":"0","SIGN_NUMBER":"12","URL":"https://www.culturaltourismdc.org/portal/dc-neighborhood-heritage-trails","LATITUDE":38.918123850000001,"LONGITUDE":-77.045463339999998,"XCOORD":396057.33600000001,"YCOORD":138918.1793125,"GIS_ID":"HeritageTrailPt_8","GLOBALID":"{097E5C61-0A98-495C-8C7B-A7F535F12D66}","CREATED":null,"EDITED":null,"OBJECTID":83}},{"type":"Feature","id":84,"geometry":{"type":"Point","coordinates":[-77.041757018525303,38.918023445404756]},"properties":{"NAME":"0","HARDWARE_TYPE":"2","SIGN_NUMBER":"15","URL":"https://www.culturaltourismdc.org/portal/dc-neighborhood-heritage-trails","LATITUDE":38.918015660000002,"LONGITUDE":-77.04175472,"XCOORD":396378.94918749999,"YCOORD":138906.01449999999,"GIS_ID":"HeritageTrailPt_9","GLOBALID":"{39BBB491-19F0-47CE-A5AA-F9C09D56DC66}","CREATED":null,"EDITED":null,"OBJECTID":84}},{"type":"Feature","id":86,"geometry":{"type":"Point","coordinates":[-77.036373871300583,38.917370636679223]},"properties":{"NAME":"8","HARDWARE_TYPE":"0","SIGN_NUMBER":"11","URL":"https://www.culturaltourismdc.org/portal/dc-neighborhood-heritage-trails","LATITUDE":38.917362850000004,"LONGITUDE":-77.036371579999994,"XCOORD":396845.757125,"YCOORD":138833.3478125,"GIS_ID":"HeritageTrailPt_11","GLOBALID":"{46697ADE-A70E-4383-AA43-D9B422C30F5F}","CREATED":null,"EDITED":null,"OBJECTID":86}},{"type":"Feature","id":87,"geometry":{"type":"Point","coordinates":[-77.032280767163684,38.917138415250733]},"properties":{"NAME":"8","HARDWARE_TYPE":"0","SIGN_NUMBER":"13","URL":"https://www.culturaltourismdc.org/portal/dc-neighborhood-heritage-trails","LATITUDE":38.917130630000003,"LONGITUDE":-77.032278469999994,"XCOORD":397200.71281250002,"YCOORD":138807.43549999999,"GIS_ID":"HeritageTrailPt_12","GLOBALID":"{62EAB894-B4EE-45FB-ABF7-2ACE1F28CA08}","CREATED":null,"EDITED":null,"OBJECTID":87}},{"type":"Feature","id":88,"geometry":{"type":"Point","coordinates":[-77.028264630879988,38.917126943200124]},"properties":{"NAME":"8","HARDWARE_TYPE":"2","SIGN_NUMBER":"1","URL":"https://www.culturaltourismdc.org/portal/dc-neighborhood-heritage-trails","LATITUDE":38.917119149999998,"LONGITUDE":-77.028262339999998,"XCOORD":397549.00418749999,"YCOORD":138806.0465,"GIS_ID":"HeritageTrailPt_13","GLOBALID":"{357105F2-1498-4FB7-B50B-B3D01129D7BD}","CREATED":null,"EDITED":null,"OBJECTID":88}},{"type":"Feature","id":89,"geometry":{"type":"Point","coordinates":[-77.03474295486329,38.91709831564107]},"properties":{"NAME":"8","HARDWARE_TYPE":"1","SIGN_NUMBER":"10","URL":"https://www.culturaltourismdc.org/portal/dc-neighborhood-heritage-trails","LATITUDE":38.917090530000003,"LONGITUDE":-77.034740659999997,"XCOORD":396987.18337500002,"YCOORD":138803.0625,"GIS_ID":"HeritageTrailPt_14","GLOBALID":"{4B6FD9C4-DE17-4B7D-93C7-4007C329C402}","CREATED":null,"EDITED":null,"OBJECTID":89}},{"type":"Feature","id":90,"geometry":{"type":"Point","coordinates":[-77.027115930279791,38.917012278108423]},"properties":{"NAME":"8","HARDWARE_TYPE":"0","SIGN_NUMBER":"2","URL":"https://www.culturaltourismdc.org/portal/dc-neighborhood-heritage-trails","LATITUDE":38.917004489999997,"LONGITUDE":-77.027113639999996,"XCOORD":397648.61887499999,"YCOORD":138793.28831249999,"GIS_ID":"HeritageTrailPt_15","GLOBALID":"{4D171C2C-8B86-423C-B726-2007246E4CA7}","CREATED":null,"EDITED":null,"OBJECTID":90}},{"type":"Feature","id":91,"geometry":{"type":"Point","coordinates":[-77.043959191058633,38.916969005073824]},"properties":{"NAME":"0","HARDWARE_TYPE":"0","SIGN_NUMBER":"14","URL":"https://www.culturaltourismdc.org/portal/dc-neighborhood-heritage-trails","LATITUDE":38.916961219999997,"LONGITUDE":-77.043956890000004,"XCOORD":396187.9161875,"YCOORD":138789.05331250001,"GIS_ID":"HeritageTrailPt_16","GLOBALID":"{1E2470AD-3A85-495F-958C-CE4149B78970}","CREATED":null,"EDITED":null,"OBJECTID":91}},{"type":"Feature","id":93,"geometry":{"type":"Point","coordinates":[-77.045069675162154,38.915905976897754]},"properties":{"NAME":"0","HARDWARE_TYPE":"0","SIGN_NUMBER":"13","URL":"https://www.culturaltourismdc.org/portal/dc-neighborhood-heritage-trails","LATITUDE":38.91589819,"LONGITUDE":-77.045067380000006,"XCOORD":396091.55318749999,"YCOORD":138671.09468750001,"GIS_ID":"HeritageTrailPt_18","GLOBALID":"{80C1796D-432A-4BAB-84FE-1274DBD47A0A}","CREATED":null,"EDITED":null,"OBJECTID":93}},{"type":"Feature","id":94,"geometry":{"type":"Point","coordinates":[-77.021801126863821,38.915709884755152]},"properties":{"NAME":"12","HARDWARE_TYPE":"0","SIGN_NUMBER":"4","URL":"https://www.culturaltourismdc.org/portal/dc-neighborhood-heritage-trails","LATITUDE":38.915702099999997,"LONGITUDE":-77.021798840000002,"XCOORD":398109.50118750002,"YCOORD":138648.58837499999,"GIS_ID":"HeritageTrailPt_19","GLOBALID":"{8F1B8991-FF95-4191-80A4-5831C3C1F300}","CREATED":null,"EDITED":null,"OBJECTID":94}},{"type":"Feature","id":95,"geometry":{"type":"Point","coordinates":[-77.031761948403641,38.915701025514096]},"properties":{"NAME":"8","HARDWARE_TYPE":"0","SIGN_NUMBER":"8","URL":"https://www.culturaltourismdc.org/portal/dc-neighborhood-heritage-trails","LATITUDE":38.915693240000003,"LONGITUDE":-77.031759649999998,"XCOORD":397245.65068750002,"YCOORD":138647.85818750001,"GIS_ID":"HeritageTrailPt_20","GLOBALID":"{66EF2C65-4048-45DA-89E4-6D34464615D6}","CREATED":null,"EDITED":null,"OBJECTID":95}},{"type":"Feature","id":96,"geometry":{"type":"Point","coordinates":[-77.034768424633,38.915651254307569]},"properties":{"NAME":"8","HARDWARE_TYPE":"0","SIGN_NUMBER":"9","URL":"https://www.culturaltourismdc.org/portal/dc-neighborhood-heritage-trails","LATITUDE":38.915643469999999,"LONGITUDE":-77.034766129999994,"XCOORD":396984.91318749997,"YCOORD":138642.42831250001,"GIS_ID":"HeritageTrailPt_21","GLOBALID":"{FC37996F-A57D-4E38-8555-BE91DBFF710C}","CREATED":null,"EDITED":null,"OBJECTID":96}},{"type":"Feature","id":97,"geometry":{"type":"Point","coordinates":[-77.025962121747355,38.915526264152057]},"properties":{"NAME":"8","HARDWARE_TYPE":"0","SIGN_NUMBER":"4","URL":"https://www.culturaltourismdc.org/portal/dc-neighborhood-heritage-trails","LATITUDE":38.915518470000002,"LONGITUDE":-77.025959830000005,"XCOORD":397748.63368750003,"YCOORD":138628.2988125,"GIS_ID":"HeritageTrailPt_22","GLOBALID":"{FA761374-6A6F-442C-A297-CCC3AAC33D5E}","CREATED":null,"EDITED":null,"OBJECTID":97}},{"type":"Feature","id":98,"geometry":{"type":"Point","coordinates":[-77.021658694466609,38.91550438608126]},"properties":{"NAME":"12","HARDWARE_TYPE":"0","SIGN_NUMBER":"3","URL":"https://www.culturaltourismdc.org/portal/dc-neighborhood-heritage-trails","LATITUDE":38.915496599999997,"LONGITUDE":-77.021656399999998,"XCOORD":398121.84831251,"YCOORD":138625.77299999999,"GIS_ID":"HeritageTrailPt_23","GLOBALID":"{EB678F53-C743-4E5F-9703-21EAE125BFC1}","CREATED":null,"EDITED":null,"OBJECTID":98}},{"type":"Feature","id":99,"geometry":{"type":"Point","coordinates":[-77.029823892821739,38.915497407397901]},"properties":{"NAME":"8","HARDWARE_TYPE":"0","SIGN_NUMBER":"7","URL":"https://www.culturaltourismdc.org/portal/dc-neighborhood-heritage-trails","LATITUDE":38.915489620000002,"LONGITUDE":-77.029821600000005,"XCOORD":397413.72118749999,"YCOORD":138625.1983125,"GIS_ID":"HeritageTrailPt_24","GLOBALID":"{811B2D06-F7B2-4DB2-8E7C-D531E21FFA60}","CREATED":null,"EDITED":null,"OBJECTID":99}},{"type":"Feature","id":100,"geometry":{"type":"Point","coordinates":[-77.021810324061875,38.915431822759324]},"properties":{"NAME":"12","HARDWARE_TYPE":"0","SIGN_NUMBER":"2","URL":"https://www.culturaltourismdc.org/portal/dc-neighborhood-heritage-trails","LATITUDE":38.915424029999997,"LONGITUDE":-77.021808030000003,"XCOORD":398108.69593749999,"YCOORD":138617.72056250001,"GIS_ID":"HeritageTrailPt_25","GLOBALID":"{AD1B38AA-A46A-4B36-A9B1-12243CE8815A}","CREATED":null,"EDITED":null,"OBJECTID":100}},{"type":"Feature","id":101,"geometry":{"type":"Point","coordinates":[-77.028160164185522,38.915063420255429]},"properties":{"NAME":"8","HARDWARE_TYPE":"0","SIGN_NUMBER":"5","URL":"https://www.culturaltourismdc.org/portal/dc-neighborhood-heritage-trails","LATITUDE":38.915055629999998,"LONGITUDE":-77.028157870000001,"XCOORD":397557.99281249999,"YCOORD":138576.97631249999,"GIS_ID":"HeritageTrailPt_26","GLOBALID":"{020D499F-F73E-489F-8CC7-6C56335A95DD}","CREATED":null,"EDITED":null,"OBJECTID":101}},{"type":"Feature","id":102,"geometry":{"type":"Point","coordinates":[-77.021784979461472,38.914185758369655]},"properties":{"NAME":"12","HARDWARE_TYPE":"0","SIGN_NUMBER":"1","URL":"https://www.culturaltourismdc.org/portal/dc-neighborhood-heritage-trails","LATITUDE":38.914177969999997,"LONGITUDE":-77.021782689999995,"XCOORD":398110.86118750001,"YCOORD":138479.39706250001,"GIS_ID":"HeritageTrailPt_27","GLOBALID":"{B18E32B0-96E6-416C-A0B0-2E383F065544}","CREATED":null,"EDITED":null,"OBJECTID":102}},{"type":"Feature","id":103,"geometry":{"type":"Point","coordinates":[-77.026932569149878,38.912748359621503]},"properties":{"NAME":"8","HARDWARE_TYPE":"1","SIGN_NUMBER":"6","URL":"https://www.culturaltourismdc.org/portal/dc-neighborhood-heritage-trails","LATITUDE":38.912740569999997,"LONGITUDE":-77.026930280000002,"XCOORD":397664.38131249999,"YCOORD":138319.95300000001,"GIS_ID":"HeritageTrailPt_28","GLOBALID":"{D5575F10-0EEE-427A-90FC-4B136FA28381}","CREATED":null,"EDITED":null,"OBJECTID":103}},{"type":"Feature","id":105,"geometry":{"type":"Point","coordinates":[-77.02387011506913,38.911902178367136]},"properties":{"NAME":"10","HARDWARE_TYPE":"2","SIGN_NUMBER":"6","URL":"https://www.culturaltourismdc.org/portal/dc-neighborhood-heritage-trails","LATITUDE":38.91189439,"LONGITUDE":-77.023867820000007,"XCOORD":397929.958125,"YCOORD":138225.946375,"GIS_ID":"HeritageTrailPt_30","GLOBALID":"{9D7270D1-6026-4516-8423-1CC52DBC8929}","CREATED":null,"EDITED":null,"OBJECTID":105}},{"type":"Feature","id":106,"geometry":{"type":"Point","coordinates":[-77.023881611885272,38.91094193180291]},"properties":{"NAME":"10","HARDWARE_TYPE":"6","SIGN_NUMBER":"5","URL":"https://www.culturaltourismdc.org/portal/dc-neighborhood-heritage-trails","LATITUDE":38.910934140000002,"LONGITUDE":-77.023879320000006,"XCOORD":397928.93312499998,"YCOORD":138119.351,"GIS_ID":"HeritageTrailPt_77","GLOBALID":"{D65BBC9B-7472-438A-9943-11B2F7998059}","CREATED":null,"EDITED":null,"OBJECTID":106}},{"type":"Feature","id":107,"geometry":{"type":"Point","coordinates":[-77.023864617376319,38.909875752761884]},"properties":{"NAME":"10","HARDWARE_TYPE":"0","SIGN_NUMBER":"4","URL":"https://www.culturaltourismdc.org/portal/dc-neighborhood-heritage-trails","LATITUDE":38.90986796,"LONGITUDE":-77.02386233,"XCOORD":397930.3756875,"YCOORD":138000.99568749999,"GIS_ID":"HeritageTrailPt_78","GLOBALID":"{3DC41FF7-7389-4D50-BBC6-C83C57C27857}","CREATED":null,"EDITED":null,"OBJECTID":107}},{"type":"Feature","id":108,"geometry":{"type":"Point","coordinates":[-77.021811434730608,38.909789070454025]},"properties":{"NAME":"10","HARDWARE_TYPE":"0","SIGN_NUMBER":"8","URL":"https://www.culturaltourismdc.org/portal/dc-neighborhood-heritage-trails","LATITUDE":38.909781279999997,"LONGITUDE":-77.021809140000002,"XCOORD":398108.44981249998,"YCOORD":137991.3285,"GIS_ID":"HeritageTrailPt_79","GLOBALID":"{33ED54C3-6EB3-4F2A-955C-CFF0B805F4FF}","CREATED":null,"EDITED":null,"OBJECTID":108}},{"type":"Feature","id":109,"geometry":{"type":"Point","coordinates":[-77.024208481990129,38.90855134710813]},"properties":{"NAME":"10","HARDWARE_TYPE":"5","SIGN_NUMBER":"3","URL":"https://www.culturaltourismdc.org/portal/dc-neighborhood-heritage-trails","LATITUDE":38.908543559999998,"LONGITUDE":-77.024206190000001,"XCOORD":397900.51262499997,"YCOORD":137853.9835,"GIS_ID":"HeritageTrailPt_80","GLOBALID":"{6FE794E5-0736-482F-A0EF-DAF68EE4E73F}","CREATED":null,"EDITED":null,"OBJECTID":109}},{"type":"Feature","id":110,"geometry":{"type":"Point","coordinates":[-77.021804273718644,38.908352682044331]},"properties":{"NAME":"10","HARDWARE_TYPE":"0","SIGN_NUMBER":"9","URL":"https://www.culturaltourismdc.org/portal/dc-neighborhood-heritage-trails","LATITUDE":38.908344890000002,"LONGITUDE":-77.021801980000006,"XCOORD":398109.03318750003,"YCOORD":137831.87762499999,"GIS_ID":"HeritageTrailPt_81","GLOBALID":"{252C98A9-CCBB-4F53-B274-9D18C00722DA}","CREATED":null,"EDITED":null,"OBJECTID":110}},{"type":"Feature","id":111,"geometry":{"type":"Point","coordinates":[-77.021847555211039,38.90710927870964]},"properties":{"NAME":"10","HARDWARE_TYPE":"0","SIGN_NUMBER":"10","URL":"https://www.culturaltourismdc.org/portal/dc-neighborhood-heritage-trails","LATITUDE":38.907101490000002,"LONGITUDE":-77.021845260000006,"XCOORD":398105.24568749999,"YCOORD":137693.8511875,"GIS_ID":"HeritageTrailPt_82","GLOBALID":"{3CD4F219-EB60-42F2-8E93-31CD2D31CC9A}","CREATED":null,"EDITED":null,"OBJECTID":111}},{"type":"Feature","id":112,"geometry":{"type":"Point","coordinates":[-76.999692641086639,38.906942802194337]},"properties":{"NAME":"13","HARDWARE_TYPE":"0","SIGN_NUMBER":"7","URL":"https://www.culturaltourismdc.org/portal/dc-neighborhood-heritage-trails","LATITUDE":38.906935009999998,"LONGITUDE":-76.999690360000002,"XCOORD":400026.85662500001,"YCOORD":137675.14412499999,"GIS_ID":"HeritageTrailPt_83","GLOBALID":"{EE55CF89-8417-4343-98A4-B201912DEFDD}","CREATED":null,"EDITED":null,"OBJECTID":112}},{"type":"Feature","id":114,"geometry":{"type":"Point","coordinates":[-77.024238156483179,38.905761698497805]},"properties":{"NAME":"10","HARDWARE_TYPE":"0","SIGN_NUMBER":"2","URL":"https://www.culturaltourismdc.org/portal/dc-neighborhood-heritage-trails","LATITUDE":38.905753910000001,"LONGITUDE":-77.024235869999998,"XCOORD":397897.85662500001,"YCOORD":137544.310875,"GIS_ID":"HeritageTrailPt_85","GLOBALID":"{AFEE3143-D48E-4714-8CBB-3D22B02EAE37}","CREATED":null,"EDITED":null,"OBJECTID":114}},{"type":"Feature","id":115,"geometry":{"type":"Point","coordinates":[-77.020583500722353,38.905710340331723]},"properties":{"NAME":"10","HARDWARE_TYPE":"0","SIGN_NUMBER":"12","URL":"https://www.culturaltourismdc.org/portal/dc-neighborhood-heritage-trails","LATITUDE":38.905702550000001,"LONGITUDE":-77.020581210000003,"XCOORD":398214.84937499999,"YCOORD":137538.531625,"GIS_ID":"HeritageTrailPt_86","GLOBALID":"{3DC02145-26BC-4C09-BAE1-BC3484917FE5}","CREATED":null,"EDITED":null,"OBJECTID":115}},{"type":"Feature","id":116,"geometry":{"type":"Point","coordinates":[-77.001785204283237,38.905707645041325]},"properties":{"NAME":"13","HARDWARE_TYPE":"0","SIGN_NUMBER":"6","URL":"https://www.culturaltourismdc.org/portal/dc-neighborhood-heritage-trails","LATITUDE":38.905699859999999,"LONGITUDE":-77.001782919999997,"XCOORD":399845.35487500002,"YCOORD":137538.03256250001,"GIS_ID":"HeritageTrailPt_87","GLOBALID":"{C9E4DE49-F41F-4A78-8A0F-3B8BF0F5864F}","CREATED":null,"EDITED":null,"OBJECTID":116}},{"type":"Feature","id":117,"geometry":{"type":"Point","coordinates":[-77.016234718192209,38.905511688835858]},"properties":{"NAME":"10","HARDWARE_TYPE":"0","SIGN_NUMBER":"13","URL":"https://www.culturaltourismdc.org/portal/dc-neighborhood-heritage-trails","LATITUDE":38.905503899999999,"LONGITUDE":-77.016232430000002,"XCOORD":398592.04462499998,"YCOORD":137516.404125,"GIS_ID":"HeritageTrailPt_88","GLOBALID":"{E2491477-4A00-4485-960B-7BA68D5A360F}","CREATED":null,"EDITED":null,"OBJECTID":117}},{"type":"Feature","id":118,"geometry":{"type":"Point","coordinates":[-77.016497967489357,38.904938135226097]},"properties":{"NAME":"10","HARDWARE_TYPE":"4","SIGN_NUMBER":"14","URL":"https://www.culturaltourismdc.org/portal/dc-neighborhood-heritage-trails","LATITUDE":38.904930350000001,"LONGITUDE":-77.016495680000006,"XCOORD":398569.19968750002,"YCOORD":137452.7391875,"GIS_ID":"HeritageTrailPt_89","GLOBALID":"{77F966BD-FF98-47F4-A8D8-CD71141E4274}","CREATED":null,"EDITED":null,"OBJECTID":118}},{"type":"Feature","id":119,"geometry":{"type":"Point","coordinates":[-76.994687050205428,38.904767282274307]},"properties":{"NAME":"13","HARDWARE_TYPE":"0","SIGN_NUMBER":"8","URL":"https://www.culturaltourismdc.org/portal/dc-neighborhood-heritage-trails","LATITUDE":38.904759490000004,"LONGITUDE":-76.994684770000006,"XCOORD":400461.03256249998,"YCOORD":137433.6573125,"GIS_ID":"HeritageTrailPt_90","GLOBALID":"{BB541EA7-E9FB-41F9-9DA7-90C124F7F2E5}","CREATED":null,"EDITED":null,"OBJECTID":119}},{"type":"Feature","id":120,"geometry":{"type":"Point","coordinates":[-77.018806339822305,38.904117530817238]},"properties":{"NAME":"10","HARDWARE_TYPE":"0","SIGN_NUMBER":"15","URL":"https://www.culturaltourismdc.org/portal/dc-neighborhood-heritage-trails","LATITUDE":38.904109740000003,"LONGITUDE":-77.01880405,"XCOORD":398368.95781250001,"YCOORD":137361.684125,"GIS_ID":"HeritageTrailPt_91","GLOBALID":"{FE531F4C-3345-487A-9DB4-FD9C81B527CD}","CREATED":null,"EDITED":null,"OBJECTID":120}},{"type":"Feature","id":121,"geometry":{"type":"Point","coordinates":[-77.021667050528848,38.904107008954092]},"properties":{"NAME":"10","HARDWARE_TYPE":"0","SIGN_NUMBER":"16","URL":"https://www.culturaltourismdc.org/portal/dc-neighborhood-heritage-trails","LATITUDE":38.904099219999999,"LONGITUDE":-77.021664759999993,"XCOORD":398120.82318750001,"YCOORD":137360.5711875,"GIS_ID":"HeritageTrailPt_92","GLOBALID":"{F614E4A6-B54E-4BAC-B4DC-FAD9A4633436}","CREATED":null,"EDITED":null,"OBJECTID":121}},{"type":"Feature","id":122,"geometry":{"type":"Point","coordinates":[-76.937516220713462,38.903699213070531]},"properties":{"NAME":"7","HARDWARE_TYPE":"0","SIGN_NUMBER":"10","URL":"https://www.culturaltourismdc.org/portal/dc-neighborhood-heritage-trails","LATITUDE":38.903691420000001,"LONGITUDE":-76.937513960000004,"XCOORD":405420.00018749997,"YCOORD":137316.93362500001,"GIS_ID":"HeritageTrailPt_93","GLOBALID":"{4F92437A-0231-48F6-A36C-1EA4B1B16246}","CREATED":null,"EDITED":null,"OBJECTID":122}},{"type":"Feature","id":124,"geometry":{"type":"Point","coordinates":[-76.931570982628543,38.903217862767015]},"properties":{"NAME":"7","HARDWARE_TYPE":"0","SIGN_NUMBER":"6","URL":"https://www.culturaltourismdc.org/portal/dc-neighborhood-heritage-trails","LATITUDE":38.90321007,"LONGITUDE":-76.931568720000001,"XCOORD":405935.725875,"YCOORD":137263.86962499999,"GIS_ID":"HeritageTrailPt_95","GLOBALID":"{3EDDC5D4-32A8-481E-9FD5-F33B1C7B0B80}","CREATED":null,"EDITED":null,"OBJECTID":124}},{"type":"Feature","id":125,"geometry":{"type":"Point","coordinates":[-77.022155986650873,38.90313305104435]},"properties":{"NAME":"10","HARDWARE_TYPE":"5","SIGN_NUMBER":"0","URL":"https://www.culturaltourismdc.org/portal/dc-neighborhood-heritage-trails","LATITUDE":38.903125260000003,"LONGITUDE":-77.022153700000004,"XCOORD":398078.38668749999,"YCOORD":137252.46387499999,"GIS_ID":"HeritageTrailPt_96","GLOBALID":"{FDDA6A12-48E4-450B-9D0F-9EA0250D4E37}","CREATED":null,"EDITED":null,"OBJECTID":125}},{"type":"Feature","id":126,"geometry":{"type":"Point","coordinates":[-77.023768341267782,38.903053316452755]},"properties":{"NAME":"10","HARDWARE_TYPE":"1","SIGN_NUMBER":"1","URL":"https://www.culturaltourismdc.org/portal/dc-neighborhood-heritage-trails","LATITUDE":38.90304553,"LONGITUDE":-77.023766050000006,"XCOORD":397938.52918750001,"YCOORD":137243.64781250001,"GIS_ID":"HeritageTrailPt_97","GLOBALID":"{1D9E9D8B-89E4-4726-84A1-6148F7837614}","CREATED":null,"EDITED":null,"OBJECTID":126}},{"type":"Feature","id":128,"geometry":{"type":"Point","coordinates":[-76.936482987507986,38.902857032134136]},"properties":{"NAME":"7","HARDWARE_TYPE":"0","SIGN_NUMBER":"8","URL":"https://www.culturaltourismdc.org/portal/dc-neighborhood-heritage-trails","LATITUDE":38.902849240000002,"LONGITUDE":-76.936480720000006,"XCOORD":405509.68668749998,"YCOORD":137223.507125,"GIS_ID":"HeritageTrailPt_99","GLOBALID":"{970EF22E-1678-4989-B3C8-54A0F5886815}","CREATED":null,"EDITED":null,"OBJECTID":128}},{"type":"Feature","id":129,"geometry":{"type":"Point","coordinates":[-76.937552843166046,38.902835214094829]},"properties":{"NAME":"7","HARDWARE_TYPE":"0","SIGN_NUMBER":"9","URL":"https://www.culturaltourismdc.org/portal/dc-neighborhood-heritage-trails","LATITUDE":38.902827420000001,"LONGITUDE":-76.937550580000007,"XCOORD":405416.88937500003,"YCOORD":137221.021125,"GIS_ID":"HeritageTrailPt_100","GLOBALID":"{85DB34C0-F8F1-4219-902B-F6F0688521C5}","CREATED":null,"EDITED":null,"OBJECTID":129}},{"type":"Feature","id":130,"geometry":{"type":"Point","coordinates":[-76.940069090434491,38.902804417140885]},"properties":{"NAME":"7","HARDWARE_TYPE":"0","SIGN_NUMBER":"11","URL":"https://www.culturaltourismdc.org/portal/dc-neighborhood-heritage-trails","LATITUDE":38.902796629999997,"LONGITUDE":-76.940066830000006,"XCOORD":405198.63112500001,"YCOORD":137217.455625,"GIS_ID":"HeritageTrailPt_101","GLOBALID":"{17E55BEB-83DC-4884-8772-92BB331D43BB}","CREATED":null,"EDITED":null,"OBJECTID":130}},{"type":"Feature","id":131,"geometry":{"type":"Point","coordinates":[-77.027204909399941,38.902459969994958]},"properties":{"NAME":"6","HARDWARE_TYPE":"0","SIGN_NUMBER":"2","URL":"https://www.culturaltourismdc.org/portal/dc-neighborhood-heritage-trails","LATITUDE":38.902452179999997,"LONGITUDE":-77.027202619999997,"XCOORD":397640.42131250002,"YCOORD":137177.8645,"GIS_ID":"HeritageTrailPt_102","GLOBALID":"{0AE226D0-F0ED-45B1-B82F-02C7E4A3FF38}","CREATED":null,"EDITED":null,"OBJECTID":131}},{"type":"Feature","id":132,"geometry":{"type":"Point","coordinates":[-77.029439159243353,38.902452545932583]},"properties":{"NAME":"6","HARDWARE_TYPE":"1","SIGN_NUMBER":"1","URL":"https://www.culturaltourismdc.org/portal/dc-neighborhood-heritage-trails","LATITUDE":38.902444760000002,"LONGITUDE":-77.029436869999998,"XCOORD":397446.62012500002,"YCOORD":137177.1006875,"GIS_ID":"HeritageTrailPt_103","GLOBALID":"{22C951A4-3761-4F37-9892-677DDBADBBF0}","CREATED":null,"EDITED":null,"OBJECTID":132}},{"type":"Feature","id":133,"geometry":{"type":"Point","coordinates":[-76.942375930869588,38.9017439516618]},"properties":{"NAME":"7","HARDWARE_TYPE":"0","SIGN_NUMBER":"12","URL":"https://www.culturaltourismdc.org/portal/dc-neighborhood-heritage-trails","LATITUDE":38.901736159999999,"LONGITUDE":-76.942373669999995,"XCOORD":404998.60849999997,"YCOORD":137099.606875,"GIS_ID":"HeritageTrailPt_104","GLOBALID":"{85C519A0-5DBE-413D-802E-D42AFBA15A53}","CREATED":null,"EDITED":null,"OBJECTID":133}},{"type":"Feature","id":134,"geometry":{"type":"Point","coordinates":[-76.931546772444079,38.901439688589534]},"properties":{"NAME":"7","HARDWARE_TYPE":"0","SIGN_NUMBER":"5","URL":"https://www.culturaltourismdc.org/portal/dc-neighborhood-heritage-trails","LATITUDE":38.901431899999999,"LONGITUDE":-76.931544509999995,"XCOORD":405937.97350000002,"YCOORD":137066.47949999999,"GIS_ID":"HeritageTrailPt_105","GLOBALID":"{116749A8-E494-4952-AA61-8C882BB8A972}","CREATED":null,"EDITED":null,"OBJECTID":134}},{"type":"Feature","id":135,"geometry":{"type":"Point","coordinates":[-76.995078579808521,38.90033493594224]},"properties":{"NAME":"13","HARDWARE_TYPE":"0","SIGN_NUMBER":"15","URL":"https://www.culturaltourismdc.org/portal/dc-neighborhood-heritage-trails","LATITUDE":38.900327150000003,"LONGITUDE":-76.995076299999994,"XCOORD":400427.09856249997,"YCOORD":136941.62875,"GIS_ID":"HeritageTrailPt_106","GLOBALID":"{9C59F297-6C80-4D05-B535-8ADEFDA1623A}","CREATED":null,"EDITED":null,"OBJECTID":135}},{"type":"Feature","id":137,"geometry":{"type":"Point","coordinates":[-76.995959569581871,38.900317961934668]},"properties":{"NAME":"13","HARDWARE_TYPE":"0","SIGN_NUMBER":"16","URL":"https://www.culturaltourismdc.org/portal/dc-neighborhood-heritage-trails","LATITUDE":38.900310169999997,"LONGITUDE":-76.995957290000007,"XCOORD":400350.67881249997,"YCOORD":136939.7405625,"GIS_ID":"HeritageTrailPt_108","GLOBALID":"{E40A00C0-9499-4DFC-92C4-DB5513D8E296}","CREATED":null,"EDITED":null,"OBJECTID":137}},{"type":"Feature","id":138,"geometry":{"type":"Point","coordinates":[-76.988008434284382,38.900317137243107]},"properties":{"NAME":"13","HARDWARE_TYPE":"0","SIGN_NUMBER":"10","URL":"https://www.culturaltourismdc.org/portal/dc-neighborhood-heritage-trails","LATITUDE":38.900309350000001,"LONGITUDE":-76.988006150000004,"XCOORD":401040.38831250003,"YCOORD":136939.70975000001,"GIS_ID":"HeritageTrailPt_109","GLOBALID":"{17E6B952-5500-4BF0-9501-47850E697552}","CREATED":null,"EDITED":null,"OBJECTID":138}},{"type":"Feature","id":139,"geometry":{"type":"Point","coordinates":[-76.99180867574826,38.900307376082516]},"properties":{"NAME":"13","HARDWARE_TYPE":"0","SIGN_NUMBER":"14","URL":"https://www.culturaltourismdc.org/portal/dc-neighborhood-heritage-trails","LATITUDE":38.900299590000003,"LONGITUDE":-76.991806389999994,"XCOORD":400710.74174999999,"YCOORD":136938.59025000001,"GIS_ID":"HeritageTrailPt_110","GLOBALID":"{29C05BD9-63ED-4D1C-89F1-3E73A659C0F5}","CREATED":null,"EDITED":null,"OBJECTID":139}},{"type":"Feature","id":140,"geometry":{"type":"Point","coordinates":[-76.996798362650466,38.900108903884089]},"properties":{"NAME":"13","HARDWARE_TYPE":"0","SIGN_NUMBER":"17","URL":"https://www.culturaltourismdc.org/portal/dc-neighborhood-heritage-trails","LATITUDE":38.900101120000002,"LONGITUDE":-76.996796079999996,"XCOORD":400277.91999999998,"YCOORD":136916.53075000001,"GIS_ID":"HeritageTrailPt_111","GLOBALID":"{6FB4E718-7C57-4034-9E12-0C8A80E347D5}","CREATED":null,"EDITED":null,"OBJECTID":140}},{"type":"Feature","id":141,"geometry":{"type":"Point","coordinates":[-76.998304558289064,38.900106584244078]},"properties":{"NAME":"13","HARDWARE_TYPE":"0","SIGN_NUMBER":"18","URL":"https://www.culturaltourismdc.org/portal/dc-neighborhood-heritage-trails","LATITUDE":38.900098800000002,"LONGITUDE":-76.998302280000004,"XCOORD":400147.26712500001,"YCOORD":136916.26999999999,"GIS_ID":"HeritageTrailPt_112","GLOBALID":"{697978D0-6895-468F-9EA3-BDC37591D763}","CREATED":null,"EDITED":null,"OBJECTID":141}},{"type":"Feature","id":142,"geometry":{"type":"Point","coordinates":[-76.983943240854529,38.900058244499533]},"properties":{"NAME":"13","HARDWARE_TYPE":"0","SIGN_NUMBER":"11","URL":"https://www.culturaltourismdc.org/portal/dc-neighborhood-heritage-trails","LATITUDE":38.900050460000003,"LONGITUDE":-76.983940959999998,"XCOORD":401327.2194375,"YCOORD":136940.27031250001,"GIS_ID":"HeritageTrailPt_113","GLOBALID":"{F3F36C77-2760-4654-A8DC-3DF709CC9584}","CREATED":null,"EDITED":null,"OBJECTID":142}},{"type":"Feature","id":144,"geometry":{"type":"Point","coordinates":[-77.001945875894947,38.899864246375721]},"properties":{"NAME":"13","HARDWARE_TYPE":"0","SIGN_NUMBER":"5","URL":"https://www.culturaltourismdc.org/portal/dc-neighborhood-heritage-trails","LATITUDE":38.899856460000002,"LONGITUDE":-77.001943589999996,"XCOORD":399831.4051875,"YCOORD":136889.3688125,"GIS_ID":"HeritageTrailPt_115","GLOBALID":"{AC807431-9D61-4277-8800-2D4842A16017}","CREATED":null,"EDITED":null,"OBJECTID":144}},{"type":"Feature","id":145,"geometry":{"type":"Point","coordinates":[-76.945071632966318,38.899815407062924]},"properties":{"NAME":"7","HARDWARE_TYPE":"0","SIGN_NUMBER":"13","URL":"https://www.culturaltourismdc.org/portal/dc-neighborhood-heritage-trails","LATITUDE":38.899807619999997,"LONGITUDE":-76.945069369999999,"XCOORD":404764.90781250002,"YCOORD":136885.37937499999,"GIS_ID":"HeritageTrailPt_116","GLOBALID":"{C9CF5E84-DA7E-4D01-AA3C-68210B166202}","CREATED":null,"EDITED":null,"OBJECTID":145}},{"type":"Feature","id":146,"geometry":{"type":"Point","coordinates":[-77.020430208335782,38.899709090468924]},"properties":{"NAME":"5","HARDWARE_TYPE":"0","SIGN_NUMBER":"4","URL":"https://www.culturaltourismdc.org/portal/dc-neighborhood-heritage-trails","LATITUDE":38.899701299999997,"LONGITUDE":-77.020427920000003,"XCOORD":398227.99618750002,"YCOORD":136872.341625,"GIS_ID":"HeritageTrailPt_117","GLOBALID":"{36598637-43E7-4FFE-A0F7-A6402F441843}","CREATED":null,"EDITED":null,"OBJECTID":146}},{"type":"Feature","id":147,"geometry":{"type":"Point","coordinates":[-76.931553761708798,38.899658298119391]},"properties":{"NAME":"7","HARDWARE_TYPE":"0","SIGN_NUMBER":"4","URL":"https://www.culturaltourismdc.org/portal/dc-neighborhood-heritage-trails","LATITUDE":38.899650510000001,"LONGITUDE":-76.931551499999998,"XCOORD":405937.515625,"YCOORD":136868.73068750001,"GIS_ID":"HeritageTrailPt_118","GLOBALID":"{36FF13FC-F9A1-4FD1-9E5F-02C7890010AC}","CREATED":null,"EDITED":null,"OBJECTID":147}},{"type":"Feature","id":148,"geometry":{"type":"Point","coordinates":[-77.021918321887696,38.899604702084098]},"properties":{"NAME":"5","HARDWARE_TYPE":"0","SIGN_NUMBER":"5","URL":"https://www.culturaltourismdc.org/portal/dc-neighborhood-heritage-trails","LATITUDE":38.89959692,"LONGITUDE":-77.02191603,"XCOORD":398098.90818750003,"YCOORD":136860.78412500001,"GIS_ID":"HeritageTrailPt_119","GLOBALID":"{744C6349-94F8-413C-875D-A9AAA23CFBE0}","CREATED":null,"EDITED":null,"OBJECTID":148}},{"type":"Feature","id":149,"geometry":{"type":"Point","coordinates":[-76.986821375898828,38.898853754275081]},"properties":{"NAME":"13","HARDWARE_TYPE":"0","SIGN_NUMBER":"12","URL":"https://www.culturaltourismdc.org/portal/dc-neighborhood-heritage-trails","LATITUDE":38.898845969999996,"LONGITUDE":-76.986819100000005,"XCOORD":401143.381375,"YCOORD":136777.27725000001,"GIS_ID":"HeritageTrailPt_120","GLOBALID":"{EC2BB679-17A0-4018-8D59-160F19BE145F}","CREATED":null,"EDITED":null,"OBJECTID":149}},{"type":"Feature","id":150,"geometry":{"type":"Point","coordinates":[-76.946371838631208,38.898602197265745]},"properties":{"NAME":"7","HARDWARE_TYPE":"0","SIGN_NUMBER":"14","URL":"https://www.culturaltourismdc.org/portal/dc-neighborhood-heritage-trails","LATITUDE":38.898594410000001,"LONGITUDE":-76.946369570000002,"XCOORD":404652.20162499999,"YCOORD":136750.63631249999,"GIS_ID":"HeritageTrailPt_121","GLOBALID":"{29F1A5C7-B7B3-40BD-ACAD-7AB375FB18A5}","CREATED":null,"EDITED":null,"OBJECTID":150}},{"type":"Feature","id":151,"geometry":{"type":"Point","coordinates":[-77.030339681680275,38.898416624256939]},"properties":{"NAME":"6","HARDWARE_TYPE":"0","SIGN_NUMBER":"0","URL":"https://www.culturaltourismdc.org/portal/dc-neighborhood-heritage-trails","LATITUDE":38.898408840000002,"LONGITUDE":-77.03033739,"XCOORD":397368.359375,"YCOORD":136729.1066875,"GIS_ID":"HeritageTrailPt_122","GLOBALID":"{AAF1ECE2-D72A-48C4-9173-6ACDE22C758A}","CREATED":null,"EDITED":null,"OBJECTID":151}},{"type":"Feature","id":152,"geometry":{"type":"Point","coordinates":[-77.015033914873243,38.898387959550988]},"properties":{"NAME":"5","HARDWARE_TYPE":"0","SIGN_NUMBER":"3","URL":"https://www.culturaltourismdc.org/portal/dc-neighborhood-heritage-trails","LATITUDE":38.898380170000003,"LONGITUDE":-77.015031629999996,"XCOORD":398696.06931250001,"YCOORD":136725.5951875,"GIS_ID":"HeritageTrailPt_123","GLOBALID":"{8D61D43E-CD8F-409A-906C-9DED45D3BE94}","CREATED":null,"EDITED":null,"OBJECTID":152}},{"type":"Feature","id":154,"geometry":{"type":"Point","coordinates":[-76.925835245625748,38.898220216676293]},"properties":{"NAME":"7","HARDWARE_TYPE":"0","SIGN_NUMBER":"1","URL":"https://www.culturaltourismdc.org/portal/dc-neighborhood-heritage-trails","LATITUDE":38.898212430000001,"LONGITUDE":-76.925832990000004,"XCOORD":406433.69400000002,"YCOORD":136709.47968749999,"GIS_ID":"HeritageTrailPt_32","GLOBALID":"{60EFE091-657C-431E-A6A9-D44AD6F58CEA}","CREATED":null,"EDITED":null,"OBJECTID":154}},{"type":"Feature","id":155,"geometry":{"type":"Point","coordinates":[-76.929589206124547,38.898208558544027]},"properties":{"NAME":"7","HARDWARE_TYPE":"0","SIGN_NUMBER":"2","URL":"https://www.culturaltourismdc.org/portal/dc-neighborhood-heritage-trails","LATITUDE":38.898200770000003,"LONGITUDE":-76.929586939999993,"XCOORD":406108.05412500002,"YCOORD":136707.92800000001,"GIS_ID":"HeritageTrailPt_33","GLOBALID":"{482343C3-A48C-4871-8E1F-35139176B3A0}","CREATED":null,"EDITED":null,"OBJECTID":155}},{"type":"Feature","id":156,"geometry":{"type":"Point","coordinates":[-77.02621460919336,38.897457313205763]},"properties":{"NAME":"4","HARDWARE_TYPE":"6","SIGN_NUMBER":"6","URL":"https://www.culturaltourismdc.org/portal/dc-neighborhood-heritage-trails","LATITUDE":38.897449530000003,"LONGITUDE":-77.026212319999999,"XCOORD":397726.16131250001,"YCOORD":136622.505,"GIS_ID":"HeritageTrailPt_34","GLOBALID":"{B9BBB6CB-3729-46BA-803B-523EB7B67B66}","CREATED":null,"EDITED":null,"OBJECTID":156}},{"type":"Feature","id":157,"geometry":{"type":"Point","coordinates":[-77.007805488297251,38.897366820559547]},"properties":{"NAME":"13","HARDWARE_TYPE":"0","SIGN_NUMBER":"1","URL":"https://www.culturaltourismdc.org/portal/dc-neighborhood-heritage-trails","LATITUDE":38.897359029999997,"LONGITUDE":-77.007803199999998,"XCOORD":399323.09468749998,"YCOORD":136612.16187499999,"GIS_ID":"HeritageTrailPt_35","GLOBALID":"{75EDA16D-559A-47D8-BFD3-FE0B8CA8D5CD}","CREATED":null,"EDITED":null,"OBJECTID":157}},{"type":"Feature","id":158,"geometry":{"type":"Point","coordinates":[-77.022960873853876,38.897329421706246]},"properties":{"NAME":"4","HARDWARE_TYPE":"0","SIGN_NUMBER":"4","URL":"https://www.culturaltourismdc.org/portal/dc-neighborhood-heritage-trails","LATITUDE":38.897321640000001,"LONGITUDE":-77.022958579999994,"XCOORD":398008.40881250001,"YCOORD":136608.2316875,"GIS_ID":"HeritageTrailPt_36","GLOBALID":"{44A2731E-21ED-433F-813E-E1AF82C0CFC5}","CREATED":null,"EDITED":null,"OBJECTID":158}},{"type":"Feature","id":159,"geometry":{"type":"Point","coordinates":[-76.925962812337104,38.897288282946199]},"properties":{"NAME":"7","HARDWARE_TYPE":"0","SIGN_NUMBER":"0","URL":"https://www.culturaltourismdc.org/portal/dc-neighborhood-heritage-trails","LATITUDE":38.89728049,"LONGITUDE":-76.925960549999999,"XCOORD":406422.71149999998,"YCOORD":136606.0191875,"GIS_ID":"HeritageTrailPt_37","GLOBALID":"{0BBE7BE4-42AE-4A98-80F3-7901550CA309}","CREATED":null,"EDITED":null,"OBJECTID":159}},{"type":"Feature","id":160,"geometry":{"type":"Point","coordinates":[-77.024799340561842,38.897284328332674]},"properties":{"NAME":"4","HARDWARE_TYPE":"0","SIGN_NUMBER":"5","URL":"https://www.culturaltourismdc.org/portal/dc-neighborhood-heritage-trails","LATITUDE":38.89727654,"LONGITUDE":-77.024797050000004,"XCOORD":397848.92618750001,"YCOORD":136603.26800000001,"GIS_ID":"HeritageTrailPt_38","GLOBALID":"{5F81A6AE-2CA0-40CD-B3B1-65586F6437B3}","CREATED":null,"EDITED":null,"OBJECTID":160}},{"type":"Feature","id":161,"geometry":{"type":"Point","coordinates":[-77.018089597162671,38.897279902902056]},"properties":{"NAME":"5","HARDWARE_TYPE":"0","SIGN_NUMBER":"2","URL":"https://www.culturaltourismdc.org/portal/dc-neighborhood-heritage-trails","LATITUDE":38.897272119999997,"LONGITUDE":-77.018087309999999,"XCOORD":398430.97718749999,"YCOORD":136602.64012500001,"GIS_ID":"HeritageTrailPt_39","GLOBALID":"{6C86D500-F0DC-483F-AC21-9E60180BF433}","CREATED":null,"EDITED":null,"OBJECTID":161}},{"type":"Feature","id":163,"geometry":{"type":"Point","coordinates":[-77.003322068924234,38.897267870093621]},"properties":{"NAME":"13","HARDWARE_TYPE":"0","SIGN_NUMBER":"3","URL":"https://www.culturaltourismdc.org/portal/dc-neighborhood-heritage-trails","LATITUDE":38.897260080000002,"LONGITUDE":-77.003319779999998,"XCOORD":399712.01756250003,"YCOORD":136601.15406249999,"GIS_ID":"HeritageTrailPt_41","GLOBALID":"{4645FDA2-F1E8-490E-9D9C-25B5A26E66EA}","CREATED":null,"EDITED":null,"OBJECTID":163}},{"type":"Feature","id":164,"geometry":{"type":"Point","coordinates":[-77.02180130822363,38.897180573460965]},"properties":{"NAME":"4","HARDWARE_TYPE":"0","SIGN_NUMBER":"3","URL":"https://www.culturaltourismdc.org/portal/dc-neighborhood-heritage-trails","LATITUDE":38.897172789999999,"LONGITUDE":-77.021799020000003,"XCOORD":398108.993625,"YCOORD":136591.6843125,"GIS_ID":"HeritageTrailPt_42","GLOBALID":"{183A6A26-121A-4725-9C22-579F419B414B}","CREATED":null,"EDITED":null,"OBJECTID":164}},{"type":"Feature","id":165,"geometry":{"type":"Point","coordinates":[-77.004840767652496,38.896896978653032]},"properties":{"NAME":"13","HARDWARE_TYPE":"0","SIGN_NUMBER":"2","URL":"https://www.culturaltourismdc.org/portal/dc-neighborhood-heritage-trails","LATITUDE":38.896889190000003,"LONGITUDE":-77.004838480000004,"XCOORD":399580.27325000003,"YCOORD":136559.98837499999,"GIS_ID":"HeritageTrailPt_43","GLOBALID":"{8F1B737C-5337-4156-B019-64A0C6C5A4C7}","CREATED":null,"EDITED":null,"OBJECTID":165}},{"type":"Feature","id":166,"geometry":{"type":"Point","coordinates":[-77.033788318136658,38.89682534994374]},"properties":{"NAME":"6","HARDWARE_TYPE":"0","SIGN_NUMBER":"4","URL":"https://www.culturaltourismdc.org/portal/dc-neighborhood-heritage-trails","LATITUDE":38.896817560000002,"LONGITUDE":-77.033786019999994,"XCOORD":397069.13937500003,"YCOORD":136552.568,"GIS_ID":"HeritageTrailPt_44","GLOBALID":"{9921206E-5F56-4AD1-ACD9-867CC37C94CD}","CREATED":null,"EDITED":null,"OBJECTID":166}},{"type":"Feature","id":167,"geometry":{"type":"Point","coordinates":[-77.032079560014907,38.896470577782267]},"properties":{"NAME":"6","HARDWARE_TYPE":"0","SIGN_NUMBER":"5","URL":"https://www.culturaltourismdc.org/portal/dc-neighborhood-heritage-trails","LATITUDE":38.896462790000001,"LONGITUDE":-77.032077270000002,"XCOORD":397217.3561875,"YCOORD":136513.13187499999,"GIS_ID":"HeritageTrailPt_45","GLOBALID":"{A9AE027A-3C87-4593-BE1A-5E5EC9CEE300}","CREATED":null,"EDITED":null,"OBJECTID":167}},{"type":"Feature","id":168,"geometry":{"type":"Point","coordinates":[-77.029770075303588,38.896346576470194]},"properties":{"NAME":"6","HARDWARE_TYPE":"4","SIGN_NUMBER":"6","URL":"https://www.culturaltourismdc.org/portal/dc-neighborhood-heritage-trails","LATITUDE":38.896338790000001,"LONGITUDE":-77.02976778,"XCOORD":397417.69518749998,"YCOORD":136499.2985,"GIS_ID":"HeritageTrailPt_46","GLOBALID":"{4E20633A-0E90-42B7-B076-3D8A44CB353A}","CREATED":null,"EDITED":null,"OBJECTID":168}},{"type":"Feature","id":170,"geometry":{"type":"Point","coordinates":[-77.01760291763641,38.894941351210562]},"properties":{"NAME":"5","HARDWARE_TYPE":"1","SIGN_NUMBER":"1","URL":"https://www.culturaltourismdc.org/portal/dc-neighborhood-heritage-trails","LATITUDE":38.894933569999999,"LONGITUDE":-77.017600630000004,"XCOORD":398473.14462500002,"YCOORD":136343.03437499999,"GIS_ID":"HeritageTrailPt_48","GLOBALID":"{5397B284-F9E9-42CB-9BD9-0A4B99DDF475}","CREATED":null,"EDITED":null,"OBJECTID":170}},{"type":"Feature","id":171,"geometry":{"type":"Point","coordinates":[-77.01921842089962,38.894851625453263]},"properties":{"NAME":"5","HARDWARE_TYPE":"0","SIGN_NUMBER":"0","URL":"https://www.culturaltourismdc.org/portal/dc-neighborhood-heritage-trails","LATITUDE":38.89484384,"LONGITUDE":-77.019216130000004,"XCOORD":398332.997875,"YCOORD":136333.10231250001,"GIS_ID":"HeritageTrailPt_49","GLOBALID":"{FF52C22F-9D12-4CB2-8A11-BF53C1C8E342}","CREATED":null,"EDITED":null,"OBJECTID":171}},{"type":"Feature","id":172,"geometry":{"type":"Point","coordinates":[-77.026099974234313,38.894740541526005]},"properties":{"NAME":"4","HARDWARE_TYPE":"0","SIGN_NUMBER":"7","URL":"https://www.culturaltourismdc.org/portal/dc-neighborhood-heritage-trails","LATITUDE":38.894732759999997,"LONGITUDE":-77.026097680000007,"XCOORD":397736.01887500001,"YCOORD":136320.919375,"GIS_ID":"HeritageTrailPt_50","GLOBALID":"{B5E7EA37-DC2A-4FD0-9022-4D7EF7802963}","CREATED":null,"EDITED":null,"OBJECTID":172}},{"type":"Feature","id":173,"geometry":{"type":"Point","coordinates":[-77.021801517460858,38.8940557688884]},"properties":{"NAME":"4","HARDWARE_TYPE":"0","SIGN_NUMBER":"1","URL":"https://www.culturaltourismdc.org/portal/dc-neighborhood-heritage-trails","LATITUDE":38.894047980000003,"LONGITUDE":-77.021799229999999,"XCOORD":398108.89281250001,"YCOORD":136244.80637499999,"GIS_ID":"HeritageTrailPt_51","GLOBALID":"{152851CD-9F53-472E-B011-39A7823CCE06}","CREATED":null,"EDITED":null,"OBJECTID":173}},{"type":"Feature","id":174,"geometry":{"type":"Point","coordinates":[-77.021750238310958,38.892826279931128]},"properties":{"NAME":"4","HARDWARE_TYPE":"0","SIGN_NUMBER":"0","URL":"https://www.culturaltourismdc.org/portal/dc-neighborhood-heritage-trails","LATITUDE":38.892818490000003,"LONGITUDE":-77.021747950000005,"XCOORD":398113.30862500001,"YCOORD":136108.32162500001,"GIS_ID":"HeritageTrailPt_52","GLOBALID":"{4A17D6A9-46A9-4B3B-9166-1A53331970D9}","CREATED":null,"EDITED":null,"OBJECTID":174}},{"type":"Feature","id":175,"geometry":{"type":"Point","coordinates":[-76.996130154659966,38.886042762174405]},"properties":{"NAME":"1","HARDWARE_TYPE":"6","SIGN_NUMBER":"15","URL":"https://www.culturaltourismdc.org/portal/dc-neighborhood-heritage-trails","LATITUDE":38.886034979999998,"LONGITUDE":-76.996127869999995,"XCOORD":400335.94918749999,"YCOORD":135355.08137500001,"GIS_ID":"HeritageTrailPt_53","GLOBALID":"{CAE931D8-B118-4674-BC05-72264541B5FA}","CREATED":null,"EDITED":null,"OBJECTID":175}},{"type":"Feature","id":176,"geometry":{"type":"Point","coordinates":[-76.995566465088729,38.884032818504679]},"properties":{"NAME":"1","HARDWARE_TYPE":"5","SIGN_NUMBER":"0","URL":"https://www.culturaltourismdc.org/portal/dc-neighborhood-heritage-trails","LATITUDE":38.884025029999997,"LONGITUDE":-76.995564180000002,"XCOORD":400384.86587500002,"YCOORD":135131.96368750001,"GIS_ID":"HeritageTrailPt_54","GLOBALID":"{492FFEC5-87B0-4883-9A49-9D94405852A0}","CREATED":null,"EDITED":null,"OBJECTID":176}},{"type":"Feature","id":177,"geometry":{"type":"Point","coordinates":[-76.994819348882061,38.883912156474004]},"properties":{"NAME":"1","HARDWARE_TYPE":"0","SIGN_NUMBER":"1","URL":"https://www.culturaltourismdc.org/portal/dc-neighborhood-heritage-trails","LATITUDE":38.883904370000003,"LONGITUDE":-76.994817069999996,"XCOORD":400449.68887501,"YCOORD":135118.57287500001,"GIS_ID":"HeritageTrailPt_55","GLOBALID":"{27D78B15-CB51-40ED-9301-82E7CB36398B}","CREATED":null,"EDITED":null,"OBJECTID":177}},{"type":"Feature","id":178,"geometry":{"type":"Point","coordinates":[-76.998045788438759,38.883112427350369]},"properties":{"NAME":"1","HARDWARE_TYPE":"0","SIGN_NUMBER":"14","URL":"https://www.culturaltourismdc.org/portal/dc-neighborhood-heritage-trails","LATITUDE":38.883104639999999,"LONGITUDE":-76.998043510000002,"XCOORD":400169.75412499998,"YCOORD":135029.78599999999,"GIS_ID":"HeritageTrailPt_56","GLOBALID":"{37FE2A04-435A-42BD-91B1-15F4CE2A51DE}","CREATED":null,"EDITED":null,"OBJECTID":178}},{"type":"Feature","id":179,"geometry":{"type":"Point","coordinates":[-76.99837386627695,38.882873890276471]},"properties":{"NAME":"1","HARDWARE_TYPE":"0","SIGN_NUMBER":"13","URL":"https://www.culturaltourismdc.org/portal/dc-neighborhood-heritage-trails","LATITUDE":38.882866110000002,"LONGITUDE":-76.998371579999997,"XCOORD":400141.28931249998,"YCOORD":135003.30600000001,"GIS_ID":"HeritageTrailPt_57","GLOBALID":"{6CA09870-B69F-47AE-BE2E-3B3D1D1855B8}","CREATED":null,"EDITED":null,"OBJECTID":179}},{"type":"Feature","id":181,"geometry":{"type":"Point","coordinates":[-76.994871398559269,38.882467240513961]},"properties":{"NAME":"1","HARDWARE_TYPE":"0","SIGN_NUMBER":"2","URL":"https://www.culturaltourismdc.org/portal/dc-neighborhood-heritage-trails","LATITUDE":38.88245946,"LONGITUDE":-76.994869120000004,"XCOORD":400445.18168749998,"YCOORD":134958.17581250001,"GIS_ID":"HeritageTrailPt_59","GLOBALID":"{2024849B-3447-4E1B-8872-3475538F4F41}","CREATED":null,"EDITED":null,"OBJECTID":181}},{"type":"Feature","id":182,"geometry":{"type":"Point","coordinates":[-77.026070528447732,38.881921273057458]},"properties":{"NAME":"11","HARDWARE_TYPE":"0","SIGN_NUMBER":"7","URL":"https://www.culturaltourismdc.org/portal/dc-neighborhood-heritage-trails","LATITUDE":38.881913490000002,"LONGITUDE":-77.026068240000001,"XCOORD":397738.16700000002,"YCOORD":134897.88,"GIS_ID":"HeritageTrailPt_60","GLOBALID":"{FD3F2F25-203E-4AB6-BB64-021FF1DFB338}","CREATED":null,"EDITED":null,"OBJECTID":182}},{"type":"Feature","id":183,"geometry":{"type":"Point","coordinates":[-76.997363225356708,38.88160311253246]},"properties":{"NAME":"1","HARDWARE_TYPE":"0","SIGN_NUMBER":"12","URL":"https://www.culturaltourismdc.org/portal/dc-neighborhood-heritage-trails","LATITUDE":38.881595330000003,"LONGITUDE":-76.997360939999993,"XCOORD":400228.98112501,"YCOORD":134862.242,"GIS_ID":"HeritageTrailPt_61","GLOBALID":"{6B81B3D5-DFBD-4118-913E-DB05819CDFD6}","CREATED":null,"EDITED":null,"OBJECTID":183}},{"type":"Feature","id":184,"geometry":{"type":"Point","coordinates":[-76.994880911745156,38.881436573131261]},"properties":{"NAME":"1","HARDWARE_TYPE":"0","SIGN_NUMBER":"5","URL":"https://www.culturaltourismdc.org/portal/dc-neighborhood-heritage-trails","LATITUDE":38.881428790000001,"LONGITUDE":-76.994878630000002,"XCOORD":400444.36262500001,"YCOORD":134843.7635,"GIS_ID":"HeritageTrailPt_62","GLOBALID":"{5CFA1C57-FDEF-4EF1-861D-D565494E4AC9}","CREATED":null,"EDITED":null,"OBJECTID":184}},{"type":"Feature","id":185,"geometry":{"type":"Point","coordinates":[-76.993936198988493,38.881347597095377]},"properties":{"NAME":"1","HARDWARE_TYPE":"0","SIGN_NUMBER":"4","URL":"https://www.culturaltourismdc.org/portal/dc-neighborhood-heritage-trails","LATITUDE":38.88133981,"LONGITUDE":-76.993933920000003,"XCOORD":400526.33318750001,"YCOORD":134833.89199999999,"GIS_ID":"HeritageTrailPt_63","GLOBALID":"{049EC83F-854D-41A3-9F70-DD899C65554C}","CREATED":null,"EDITED":null,"OBJECTID":185}},{"type":"Feature","id":186,"geometry":{"type":"Point","coordinates":[-76.997284290466567,38.881264269151991]},"properties":{"NAME":"1","HARDWARE_TYPE":"0","SIGN_NUMBER":"11","URL":"https://www.culturaltourismdc.org/portal/dc-neighborhood-heritage-trails","LATITUDE":38.881256489999998,"LONGITUDE":-76.997282010000006,"XCOORD":400235.83049999998,"YCOORD":134824.6281875,"GIS_ID":"HeritageTrailPt_64","GLOBALID":"{29003A39-7729-423E-8D19-09E30B915128}","CREATED":null,"EDITED":null,"OBJECTID":186}},{"type":"Feature","id":187,"geometry":{"type":"Point","coordinates":[-77.022070289219783,38.88117354539407]},"properties":{"NAME":"11","HARDWARE_TYPE":"0","SIGN_NUMBER":"6","URL":"https://www.culturaltourismdc.org/portal/dc-neighborhood-heritage-trails","LATITUDE":38.881165760000002,"LONGITUDE":-77.02206799999999,"XCOORD":398085.23087500001,"YCOORD":134814.78537500001,"GIS_ID":"HeritageTrailPt_65","GLOBALID":"{DA790CA3-141E-41AD-A9EA-0107646C5328}","CREATED":null,"EDITED":null,"OBJECTID":187}},{"type":"Feature","id":188,"geometry":{"type":"Point","coordinates":[-77.017731514815026,38.881159483991361]},"properties":{"NAME":"11","HARDWARE_TYPE":"0","SIGN_NUMBER":"4","URL":"https://www.culturaltourismdc.org/portal/dc-neighborhood-heritage-trails","LATITUDE":38.881151699999997,"LONGITUDE":-77.01772923,"XCOORD":398461.69218750001,"YCOORD":134813.14231249999,"GIS_ID":"HeritageTrailPt_66","GLOBALID":"{1582E4FC-EC4B-4598-9437-1827A286536E}","CREATED":null,"EDITED":null,"OBJECTID":188}},{"type":"Feature","id":190,"geometry":{"type":"Point","coordinates":[-77.025230517694538,38.879893173295024]},"properties":{"NAME":"11","HARDWARE_TYPE":"0","SIGN_NUMBER":"8","URL":"https://www.culturaltourismdc.org/portal/dc-neighborhood-heritage-trails","LATITUDE":38.879885389999998,"LONGITUDE":-77.025228229999996,"XCOORD":397810.98931249999,"YCOORD":134672.72468750001,"GIS_ID":"HeritageTrailPt_68","GLOBALID":"{FF92EB2B-7BD7-4AC5-957B-CA7199D3F703}","CREATED":null,"EDITED":null,"OBJECTID":190}},{"type":"Feature","id":191,"geometry":{"type":"Point","coordinates":[-76.996027490858964,38.879248254236053]},"properties":{"NAME":"1","HARDWARE_TYPE":"0","SIGN_NUMBER":"10","URL":"https://www.culturaltourismdc.org/portal/dc-neighborhood-heritage-trails","LATITUDE":38.879240469999999,"LONGITUDE":-76.996025209999999,"XCOORD":400344.88931250002,"YCOORD":134600.83887499999,"GIS_ID":"HeritageTrailPt_69","GLOBALID":"{DC1101AE-6F69-486B-879B-F58AC78AC468}","CREATED":null,"EDITED":null,"OBJECTID":191}},{"type":"Feature","id":192,"geometry":{"type":"Point","coordinates":[-76.995145531116179,38.879220583171893]},"properties":{"NAME":"1","HARDWARE_TYPE":"0","SIGN_NUMBER":"6","URL":"https://www.culturaltourismdc.org/portal/dc-neighborhood-heritage-trails","LATITUDE":38.879212799999998,"LONGITUDE":-76.995143249999998,"XCOORD":400421.41637499997,"YCOORD":134597.77118750001,"GIS_ID":"HeritageTrailPt_70","GLOBALID":"{AA1624DC-2896-4A25-9E38-CC00A4E333B4}","CREATED":null,"EDITED":null,"OBJECTID":192}},{"type":"Feature","id":193,"geometry":{"type":"Point","coordinates":[-77.017764108583478,38.879217954384551]},"properties":{"NAME":"11","HARDWARE_TYPE":"6","SIGN_NUMBER":"2","URL":"https://www.culturaltourismdc.org/portal/dc-neighborhood-heritage-trails","LATITUDE":38.87921017,"LONGITUDE":-77.017761820000004,"XCOORD":398458.82181250001,"YCOORD":134597.61762500001,"GIS_ID":"HeritageTrailPt_71","GLOBALID":"{1BBD6B07-7BBF-450F-9224-720D928E3279}","CREATED":null,"EDITED":null,"OBJECTID":193}},{"type":"Feature","id":194,"geometry":{"type":"Point","coordinates":[-77.023280062266267,38.878349954114498]},"properties":{"NAME":"11","HARDWARE_TYPE":"0","SIGN_NUMBER":"9","URL":"https://www.culturaltourismdc.org/portal/dc-neighborhood-heritage-trails","LATITUDE":38.878342170000003,"LONGITUDE":-77.023277770000007,"XCOORD":397980.18262500002,"YCOORD":134501.37062500001,"GIS_ID":"HeritageTrailPt_72","GLOBALID":"{0C2D7892-B974-4C57-99F9-7541606E2D87}","CREATED":null,"EDITED":null,"OBJECTID":194}},{"type":"Feature","id":195,"geometry":{"type":"Point","coordinates":[-76.995078068084482,38.876998731798217]},"properties":{"NAME":"1","HARDWARE_TYPE":"0","SIGN_NUMBER":"8","URL":"https://www.culturaltourismdc.org/portal/dc-neighborhood-heritage-trails","LATITUDE":38.87699095,"LONGITUDE":-76.995075790000001,"XCOORD":400427.28331249999,"YCOORD":134351.12912500001,"GIS_ID":"HeritageTrailPt_73","GLOBALID":"{98FD6A72-20E8-47C1-8774-1F3880B38EC6}","CREATED":null,"EDITED":null,"OBJECTID":195}},{"type":"Feature","id":196,"geometry":{"type":"Point","coordinates":[-76.995084803212904,38.876761162639362]},"properties":{"NAME":"1","HARDWARE_TYPE":"0","SIGN_NUMBER":"9","URL":"https://www.culturaltourismdc.org/portal/dc-neighborhood-heritage-trails","LATITUDE":38.876753379999997,"LONGITUDE":-76.995082519999997,"XCOORD":400426.69968750002,"YCOORD":134324.75649999999,"GIS_ID":"HeritageTrailPt_74","GLOBALID":"{AD97E46A-1619-4F63-B51A-94F376C00D2E}","CREATED":null,"EDITED":null,"OBJECTID":196}},{"type":"Feature","id":197,"geometry":{"type":"Point","coordinates":[-77.019759292428972,38.876693589540764]},"properties":{"NAME":"11","HARDWARE_TYPE":"0","SIGN_NUMBER":"1","URL":"https://www.culturaltourismdc.org/portal/dc-neighborhood-heritage-trails","LATITUDE":38.876685809999998,"LONGITUDE":-77.019756999999998,"XCOORD":398285.64087499998,"YCOORD":134317.43031249999,"GIS_ID":"HeritageTrailPt_75","GLOBALID":"{1094B576-EEF6-400D-B998-6FD77F828C02}","CREATED":null,"EDITED":null,"OBJECTID":197}},{"type":"Feature","id":199,"geometry":{"type":"Point","coordinates":[-77.017444744563349,38.874837471403858]},"properties":{"NAME":"11","HARDWARE_TYPE":"0","SIGN_NUMBER":"16","URL":"https://www.culturaltourismdc.org/portal/dc-neighborhood-heritage-trails","LATITUDE":38.874829689999999,"LONGITUDE":-77.017442459999998,"XCOORD":398486.44018749997,"YCOORD":134111.3456875,"GIS_ID":"HeritageTrailPt_199","GLOBALID":"{94CF6D4C-A3C5-4B6C-8C7B-1BE2689CE081}","CREATED":null,"EDITED":null,"OBJECTID":199}},{"type":"Feature","id":200,"geometry":{"type":"Point","coordinates":[-77.020859787776345,38.874737863915072]},"properties":{"NAME":"11","HARDWARE_TYPE":"0","SIGN_NUMBER":"11","URL":"https://www.culturaltourismdc.org/portal/dc-neighborhood-heritage-trails","LATITUDE":38.874730079999999,"LONGITUDE":-77.020857500000005,"XCOORD":398190.09868749999,"YCOORD":134100.3506875,"GIS_ID":"HeritageTrailPt_200","GLOBALID":"{185D385F-CD0B-4E0F-924A-14C4D4669EF7}","CREATED":null,"EDITED":null,"OBJECTID":200}},{"type":"Feature","id":201,"geometry":{"type":"Point","coordinates":[-77.015889236031768,38.874713927020288]},"properties":{"NAME":"11","HARDWARE_TYPE":"0","SIGN_NUMBER":"15","URL":"https://www.culturaltourismdc.org/portal/dc-neighborhood-heritage-trails","LATITUDE":38.874706150000002,"LONGITUDE":-77.015886949999995,"XCOORD":398621.41637499997,"YCOORD":134097.60718749999,"GIS_ID":"HeritageTrailPt_201","GLOBALID":"{720E3546-84DF-416C-9017-947D492DA353}","CREATED":null,"EDITED":null,"OBJECTID":201}},{"type":"Feature","id":202,"geometry":{"type":"Point","coordinates":[-77.017442349971049,38.873103147274982]},"properties":{"NAME":"11","HARDWARE_TYPE":"0","SIGN_NUMBER":"14","URL":"https://www.culturaltourismdc.org/portal/dc-neighborhood-heritage-trails","LATITUDE":38.873095370000001,"LONGITUDE":-77.017440059999998,"XCOORD":398486.61131250003,"YCOORD":133918.82337500001,"GIS_ID":"HeritageTrailPt_202","GLOBALID":"{C11DE7BA-F127-4078-85D9-F160BFBA910D}","CREATED":null,"EDITED":null,"OBJECTID":202}},{"type":"Feature","id":203,"geometry":{"type":"Point","coordinates":[-77.017002320965403,38.87212623278959]},"properties":{"NAME":"11","HARDWARE_TYPE":"0","SIGN_NUMBER":"12","URL":"https://www.culturaltourismdc.org/portal/dc-neighborhood-heritage-trails","LATITUDE":38.872118450000002,"LONGITUDE":-77.017000030000005,"XCOORD":398524.7751875,"YCOORD":133810.37100000001,"GIS_ID":"HeritageTrailPt_203","GLOBALID":"{BFB1569F-AA11-4BFD-96A8-D81A42FFFBE8}","CREATED":null,"EDITED":null,"OBJECTID":203}},{"type":"Feature","id":204,"geometry":{"type":"Point","coordinates":[-77.01543553598755,38.872123018221622]},"properties":{"NAME":"11","HARDWARE_TYPE":"0","SIGN_NUMBER":"13","URL":"https://www.culturaltourismdc.org/portal/dc-neighborhood-heritage-trails","LATITUDE":38.872115239999999,"LONGITUDE":-77.015433250000001,"XCOORD":398660.73700000002,"YCOORD":133809.98962499999,"GIS_ID":"HeritageTrailPt_204","GLOBALID":"{742F3E2E-4CA9-407F-9BD2-2905A092D6C5}","CREATED":null,"EDITED":null,"OBJECTID":204}},{"type":"Feature","id":26,"geometry":{"type":"Point","coordinates":[-77.046538991324667,38.932898734135861]},"properties":{"NAME":"9","HARDWARE_TYPE":"0","SIGN_NUMBER":"9","URL":"https://www.culturaltourismdc.org/portal/dc-neighborhood-heritage-trails","LATITUDE":38.93289094,"LONGITUDE":-77.046536689999996,"XCOORD":395965.08850000001,"YCOORD":140557.49937500001,"GIS_ID":"HeritageTrailPt_149","GLOBALID":"{E3C5AB84-20AC-42E3-823B-5C9EA5586325}","CREATED":null,"EDITED":null,"OBJECTID":26}},{"type":"Feature","id":13,"geometry":{"type":"Point","coordinates":[-77.028192863845774,38.961435457608353]},"properties":{"NAME":"2","HARDWARE_TYPE":"0","SIGN_NUMBER":"4","URL":"https://www.culturaltourismdc.org/portal/dc-neighborhood-heritage-trails","LATITUDE":38.961427659999998,"LONGITUDE":-77.028190570000007,"XCOORD":397556.74668749998,"YCOORD":143724.67999999999,"GIS_ID":"HeritageTrailPt_136","GLOBALID":"{F03114E3-C352-49BA-AED5-C9BDB175024C}","CREATED":null,"EDITED":null,"OBJECTID":13}},{"type":"Feature","id":22,"geometry":{"type":"Point","coordinates":[-77.04256081475144,38.934248280412966]},"properties":{"NAME":"9","HARDWARE_TYPE":"0","SIGN_NUMBER":"7","URL":"https://www.culturaltourismdc.org/portal/dc-neighborhood-heritage-trails","LATITUDE":38.934240490000001,"LONGITUDE":-77.04255852,"XCOORD":396310.0816875,"YCOORD":140707.14181249999,"GIS_ID":"HeritageTrailPt_145","GLOBALID":"{9F19871D-B22E-4498-ABB7-17EDE355814C}","CREATED":null,"EDITED":null,"OBJECTID":22}},{"type":"Feature","id":35,"geometry":{"type":"Point","coordinates":[-77.036582509669458,38.931255123657969]},"properties":{"NAME":"9","HARDWARE_TYPE":"0","SIGN_NUMBER":"3","URL":"https://www.culturaltourismdc.org/portal/dc-neighborhood-heritage-trails","LATITUDE":38.931247329999998,"LONGITUDE":-77.036580209999997,"XCOORD":396828.28112499998,"YCOORD":140374.65081250001,"GIS_ID":"HeritageTrailPt_158","GLOBALID":"{8CAF11D2-D6B0-4328-9D6B-89F714433B04}","CREATED":null,"EDITED":null,"OBJECTID":35}},{"type":"Feature","id":44,"geometry":{"type":"Point","coordinates":[-77.032383258376385,38.928650159123869]},"properties":{"NAME":"3","HARDWARE_TYPE":"1","SIGN_NUMBER":"0","URL":"https://www.culturaltourismdc.org/portal/dc-neighborhood-heritage-trails","LATITUDE":38.928642369999999,"LONGITUDE":-77.032380959999998,"XCOORD":397192.27837499999,"YCOORD":140085.3396875,"GIS_ID":"HeritageTrailPt_167","GLOBALID":"{F714AF09-8146-4770-931B-73DEEF6392FA}","CREATED":null,"EDITED":null,"OBJECTID":44}},{"type":"Feature","id":52,"geometry":{"type":"Point","coordinates":[-77.036362037920554,38.925755580794942]},"properties":{"NAME":"3","HARDWARE_TYPE":"0","SIGN_NUMBER":"16","URL":"https://www.culturaltourismdc.org/portal/dc-neighborhood-heritage-trails","LATITUDE":38.925747790000003,"LONGITUDE":-77.036359739999995,"XCOORD":396847.15387500002,"YCOORD":139764.1468125,"GIS_ID":"HeritageTrailPt_175","GLOBALID":"{56727E07-DDBB-4147-9F97-2B0AD7C94936}","CREATED":null,"EDITED":null,"OBJECTID":52}},{"type":"Feature","id":61,"geometry":{"type":"Point","coordinates":[-77.043292935438089,38.92339246207171]},"properties":{"NAME":"0","HARDWARE_TYPE":"0","SIGN_NUMBER":"9","URL":"https://www.culturaltourismdc.org/portal/dc-neighborhood-heritage-trails","LATITUDE":38.923384669999997,"LONGITUDE":-77.043290639999995,"XCOORD":396246.03412500001,"YCOORD":139502.08287499999,"GIS_ID":"HeritageTrailPt_184","GLOBALID":"{24823A91-CD0E-4DC3-949B-99945FA8EE6C}","CREATED":null,"EDITED":null,"OBJECTID":61}},{"type":"Feature","id":70,"geometry":{"type":"Point","coordinates":[-77.042456976319116,38.921755406780825]},"properties":{"NAME":"0","HARDWARE_TYPE":"6","SIGN_NUMBER":"17","URL":"https://www.culturaltourismdc.org/portal/dc-neighborhood-heritage-trails","LATITUDE":38.921747619999998,"LONGITUDE":-77.042454680000006,"XCOORD":396318.43981249997,"YCOORD":139320.32237499999,"GIS_ID":"HeritageTrailPt_193","GLOBALID":"{48A3C17C-B08B-486E-81A0-6F2F680FF1DE}","CREATED":null,"EDITED":null,"OBJECTID":70}},{"type":"Feature","id":77,"geometry":{"type":"Point","coordinates":[-77.019261351372876,38.920304489776626]},"properties":{"NAME":"12","HARDWARE_TYPE":"0","SIGN_NUMBER":"6","URL":"https://www.culturaltourismdc.org/portal/dc-neighborhood-heritage-trails","LATITUDE":38.920296700000002,"LONGITUDE":-77.019259059999996,"XCOORD":398329.870375,"YCOORD":139158.57787499999,"GIS_ID":"HeritageTrailPt_2","GLOBALID":"{BC0FD615-1B86-4AEE-A573-BE6E86DB067A}","CREATED":null,"EDITED":null,"OBJECTID":77}},{"type":"Feature","id":85,"geometry":{"type":"Point","coordinates":[-77.021767679616275,38.9176853824343]},"properties":{"NAME":"12","HARDWARE_TYPE":"0","SIGN_NUMBER":"5","URL":"https://www.culturaltourismdc.org/portal/dc-neighborhood-heritage-trails","LATITUDE":38.917677589999997,"LONGITUDE":-77.021765389999999,"XCOORD":398112.45374999999,"YCOORD":138867.883875,"GIS_ID":"HeritageTrailPt_10","GLOBALID":"{A11A6B73-0363-4447-A1D2-650A45D45DBA}","CREATED":null,"EDITED":null,"OBJECTID":85}},{"type":"Feature","id":92,"geometry":{"type":"Point","coordinates":[-77.02600676685833,38.91691259180395]},"properties":{"NAME":"8","HARDWARE_TYPE":"0","SIGN_NUMBER":"3","URL":"https://www.culturaltourismdc.org/portal/dc-neighborhood-heritage-trails","LATITUDE":38.916904799999998,"LONGITUDE":-77.026004470000004,"XCOORD":397744.806125,"YCOORD":138782.19399999999,"GIS_ID":"HeritageTrailPt_17","GLOBALID":"{86D0F8BD-0EAD-42A9-B132-D58B771701D2}","CREATED":null,"EDITED":null,"OBJECTID":92}},{"type":"Feature","id":104,"geometry":{"type":"Point","coordinates":[-77.0222375753672,38.912710431538549]},"properties":{"NAME":"10","HARDWARE_TYPE":"0","SIGN_NUMBER":"7","URL":"https://www.culturaltourismdc.org/portal/dc-neighborhood-heritage-trails","LATITUDE":38.912702639999999,"LONGITUDE":-77.022235280000004,"XCOORD":398071.56862500001,"YCOORD":138315.633375,"GIS_ID":"HeritageTrailPt_29","GLOBALID":"{2AC19A05-650A-4407-BB13-2D8EC6425331}","CREATED":null,"EDITED":null,"OBJECTID":104}},{"type":"Feature","id":113,"geometry":{"type":"Point","coordinates":[-77.021796523697986,38.905893449258947]},"properties":{"NAME":"10","HARDWARE_TYPE":"0","SIGN_NUMBER":"11","URL":"https://www.culturaltourismdc.org/portal/dc-neighborhood-heritage-trails","LATITUDE":38.905885660000003,"LONGITUDE":-77.021794229999998,"XCOORD":398109.63987499999,"YCOORD":137558.882625,"GIS_ID":"HeritageTrailPt_84","GLOBALID":"{65321D14-D022-4EAD-A6CC-27025864D5FF}","CREATED":null,"EDITED":null,"OBJECTID":113}},{"type":"Feature","id":123,"geometry":{"type":"Point","coordinates":[-76.99255551938451,38.903643166643015]},"properties":{"NAME":"13","HARDWARE_TYPE":"0","SIGN_NUMBER":"9","URL":"https://www.culturaltourismdc.org/portal/dc-neighborhood-heritage-trails","LATITUDE":38.903635379999997,"LONGITUDE":-76.992553240000007,"XCOORD":400645.92774999997,"YCOORD":137308.88375000001,"GIS_ID":"HeritageTrailPt_94","GLOBALID":"{F633B430-362F-4BA4-AA29-BD387551972F}","CREATED":null,"EDITED":null,"OBJECTID":123}},{"type":"Feature","id":127,"geometry":{"type":"Point","coordinates":[-76.933521452535018,38.902987951527898]},"properties":{"NAME":"7","HARDWARE_TYPE":"0","SIGN_NUMBER":"7","URL":"https://www.culturaltourismdc.org/portal/dc-neighborhood-heritage-trails","LATITUDE":38.902980159999998,"LONGITUDE":-76.933519189999998,"XCOORD":405766.56099999999,"YCOORD":137238.2231875,"GIS_ID":"HeritageTrailPt_98","GLOBALID":"{7B0A67A6-83CE-4BF1-BB54-B090BCD5F2C4}","CREATED":null,"EDITED":null,"OBJECTID":127}},{"type":"Feature","id":136,"geometry":{"type":"Point","coordinates":[-76.988918357996781,38.900322190689721]},"properties":{"NAME":"13","HARDWARE_TYPE":"0","SIGN_NUMBER":"13","URL":"https://www.culturaltourismdc.org/portal/dc-neighborhood-heritage-trails","LATITUDE":38.900314399999999,"LONGITUDE":-76.988916079999996,"XCOORD":400961.45787500002,"YCOORD":136940.26106250001,"GIS_ID":"HeritageTrailPt_107","GLOBALID":"{3118C651-EF13-435B-818E-BB22A0EA0253}","CREATED":null,"EDITED":null,"OBJECTID":136}},{"type":"Feature","id":143,"geometry":{"type":"Point","coordinates":[-77.030866165965648,38.899916072341796]},"properties":{"NAME":"6","HARDWARE_TYPE":"0","SIGN_NUMBER":"3","URL":"https://www.culturaltourismdc.org/portal/dc-neighborhood-heritage-trails","LATITUDE":38.899908289999999,"LONGITUDE":-77.030863870000005,"XCOORD":397322.74487499997,"YCOORD":136895.57337500001,"GIS_ID":"HeritageTrailPt_114","GLOBALID":"{A02D05FE-A8A8-42D9-A005-EAC1AF81D434}","CREATED":null,"EDITED":null,"OBJECTID":143}},{"type":"Feature","id":153,"geometry":{"type":"Point","coordinates":[-76.931416891990096,38.898311215127535]},"properties":{"NAME":"7","HARDWARE_TYPE":"0","SIGN_NUMBER":"3","URL":"https://www.culturaltourismdc.org/portal/dc-neighborhood-heritage-trails","LATITUDE":38.898303429999999,"LONGITUDE":-76.931414630000006,"XCOORD":405949.50131249998,"YCOORD":136719.20318750001,"GIS_ID":"HeritageTrailPt_31","GLOBALID":"{5C012D2C-1E3D-4E12-857C-B1FD51AC11B5}","CREATED":null,"EDITED":null,"OBJECTID":153}},{"type":"Feature","id":162,"geometry":{"type":"Point","coordinates":[-77.002228235111076,38.897272616481125]},"properties":{"NAME":"13","HARDWARE_TYPE":"0","SIGN_NUMBER":"4","URL":"https://www.culturaltourismdc.org/portal/dc-neighborhood-heritage-trails","LATITUDE":38.897264829999997,"LONGITUDE":-77.002225949999996,"XCOORD":399806.90468749998,"YCOORD":136601.67762500001,"GIS_ID":"HeritageTrailPt_40","GLOBALID":"{3522A845-82FE-467A-A0E3-C0DBA70DA94A}","CREATED":null,"EDITED":null,"OBJECTID":162}},{"type":"Feature","id":169,"geometry":{"type":"Point","coordinates":[-77.02212489862147,38.895938673317971]},"properties":{"NAME":"4","HARDWARE_TYPE":"0","SIGN_NUMBER":"2","URL":"https://www.culturaltourismdc.org/portal/dc-neighborhood-heritage-trails","LATITUDE":38.895930890000002,"LONGITUDE":-77.022122609999997,"XCOORD":398080.89012499998,"YCOORD":136453.829875,"GIS_ID":"HeritageTrailPt_47","GLOBALID":"{5B96D45A-C5B1-4AB0-B27A-AF227DBAC610}","CREATED":null,"EDITED":null,"OBJECTID":169}},{"type":"Feature","id":180,"geometry":{"type":"Point","coordinates":[-76.993837148921926,38.882579705305119]},"properties":{"NAME":"1","HARDWARE_TYPE":"0","SIGN_NUMBER":"3","URL":"https://www.culturaltourismdc.org/portal/dc-neighborhood-heritage-trails","LATITUDE":38.882571919999997,"LONGITUDE":-76.993834870000001,"XCOORD":400534.91787499998,"YCOORD":134970.66562499999,"GIS_ID":"HeritageTrailPt_58","GLOBALID":"{7217BB8F-0AAE-416B-8F09-C2CCB61A5EAC}","CREATED":null,"EDITED":null,"OBJECTID":180}},{"type":"Feature","id":189,"geometry":{"type":"Point","coordinates":[-77.017715457567306,38.880266673797848]},"properties":{"NAME":"11","HARDWARE_TYPE":"0","SIGN_NUMBER":"3","URL":"https://www.culturaltourismdc.org/portal/dc-neighborhood-heritage-trails","LATITUDE":38.88025889,"LONGITUDE":-77.017713169999993,"XCOORD":398463.06599999999,"YCOORD":134714.03331249999,"GIS_ID":"HeritageTrailPt_67","GLOBALID":"{122C1054-7025-41DE-8749-4D1CB3D310A9}","CREATED":null,"EDITED":null,"OBJECTID":189}},{"type":"Feature","id":198,"geometry":{"type":"Point","coordinates":[-77.017419056347336,38.876627453089057]},"properties":{"NAME":"11","HARDWARE_TYPE":"0","SIGN_NUMBER":"0","URL":"https://www.culturaltourismdc.org/portal/dc-neighborhood-heritage-trails","LATITUDE":38.876619669999997,"LONGITUDE":-77.017416769999997,"XCOORD":398488.70699999999,"YCOORD":134310.046875,"GIS_ID":"HeritageTrailPt_76","GLOBALID":"{AA396789-FDF9-4986-989E-F82C08263EA2}","CREATED":null,"EDITED":null,"OBJECTID":198}},{"type":"Feature","id":4,"geometry":{"type":"Point","coordinates":[-77.029561689936301,38.967526489853526]},"properties":{"NAME":"2","HARDWARE_TYPE":"0","SIGN_NUMBER":"9","URL":"https://www.culturaltourismdc.org/portal/dc-neighborhood-heritage-trails","LATITUDE":38.967518689999999,"LONGITUDE":-77.029559390000003,"XCOORD":397438.33087499999,"YCOORD":144400.87868749999,"GIS_ID":"HeritageTrailPt_127","GLOBALID":"{F777C788-0DF1-4D38-AFD5-100B0A7DEFE3}","CREATED":null,"EDITED":null,"OBJECTID":4}},{"type":"Feature","id":1,"geometry":{"type":"Point","coordinates":[-77.0270921928078,38.970686314839725]},"properties":{"NAME":"2","HARDWARE_TYPE":"0","SIGN_NUMBER":"12","URL":"https://www.culturaltourismdc.org/portal/dc-neighborhood-heritage-trails","LATITUDE":38.970678509999999,"LONGITUDE":-77.027089899999993,"XCOORD":397652.446,"YCOORD":144751.58287499999,"GIS_ID":"HeritageTrailPt_124","GLOBALID":"{8351E675-85C7-4B17-87BC-4796E25CF06A}","CREATED":null,"EDITED":null,"OBJECTID":1}},{"type":"Feature","id":2,"geometry":{"type":"Point","coordinates":[-77.027543226537219,38.96903327826729]},"properties":{"NAME":"2","HARDWARE_TYPE":"0","SIGN_NUMBER":"11","URL":"https://www.culturaltourismdc.org/portal/dc-neighborhood-heritage-trails","LATITUDE":38.969025479999999,"LONGITUDE":-77.027540930000001,"XCOORD":397613.30512500001,"YCOORD":144568.09150000001,"GIS_ID":"HeritageTrailPt_125","GLOBALID":"{3F7EF0FC-4435-4BF9-92E3-F22E49253DD5}","CREATED":null,"EDITED":null,"OBJECTID":2}},{"type":"Feature","id":3,"geometry":{"type":"Point","coordinates":[-77.027695596826831,38.967530766245289]},"properties":{"NAME":"2","HARDWARE_TYPE":"0","SIGN_NUMBER":"10","URL":"https://www.culturaltourismdc.org/portal/dc-neighborhood-heritage-trails","LATITUDE":38.967522969999997,"LONGITUDE":-77.027693299999996,"XCOORD":397600.05012500001,"YCOORD":144401.30249999999,"GIS_ID":"HeritageTrailPt_126","GLOBALID":"{D99917F2-FF02-4F80-95A9-689C1747DA81}","CREATED":null,"EDITED":null,"OBJECTID":3}},{"type":"Feature","id":5,"geometry":{"type":"Point","coordinates":[-77.032536822298766,38.966189893932025]},"properties":{"NAME":"2","HARDWARE_TYPE":"0","SIGN_NUMBER":"8","URL":"https://www.culturaltourismdc.org/portal/dc-neighborhood-heritage-trails","LATITUDE":38.966182089999997,"LONGITUDE":-77.032534519999999,"XCOORD":397180.44837499998,"YCOORD":144252.5918125,"GIS_ID":"HeritageTrailPt_128","GLOBALID":"{2BC04910-7524-4968-9F6D-1677EB906A99}","CREATED":null,"EDITED":null,"OBJECTID":5}},{"type":"Feature","id":6,"geometry":{"type":"Point","coordinates":[-77.03357914073419,38.965499585408146]},"properties":{"NAME":"2","HARDWARE_TYPE":"4","SIGN_NUMBER":"7","URL":"https://www.culturaltourismdc.org/portal/dc-neighborhood-heritage-trails","LATITUDE":38.965491790000002,"LONGITUDE":-77.033576839999995,"XCOORD":397090.08887500002,"YCOORD":144175.9943125,"GIS_ID":"HeritageTrailPt_129","GLOBALID":"{EBB8CB67-643C-445E-819F-68D8F990B384}","CREATED":null,"EDITED":null,"OBJECTID":6}},{"type":"Feature","id":7,"geometry":{"type":"Point","coordinates":[-77.029282398831384,38.963739708471628]},"properties":{"NAME":"2","HARDWARE_TYPE":"0","SIGN_NUMBER":"15","URL":"https://www.culturaltourismdc.org/portal/dc-neighborhood-heritage-trails","LATITUDE":38.96373191,"LONGITUDE":-77.029280099999994,"XCOORD":397462.40037500003,"YCOORD":143980.50331249999,"GIS_ID":"HeritageTrailPt_130","GLOBALID":"{0BB5559F-A874-4763-883B-10C6E4F5C0CE}","CREATED":null,"EDITED":null,"OBJECTID":7}},{"type":"Feature","id":8,"geometry":{"type":"Point","coordinates":[-77.027927442889663,38.963649480001912]},"properties":{"NAME":"2","HARDWARE_TYPE":"0","SIGN_NUMBER":"14","URL":"https://www.culturaltourismdc.org/portal/dc-neighborhood-heritage-trails","LATITUDE":38.963641680000002,"LONGITUDE":-77.027925150000002,"XCOORD":397579.82618749997,"YCOORD":143970.44968749999,"GIS_ID":"HeritageTrailPt_131","GLOBALID":"{05AE0037-6203-49FA-852F-DE376AE74AD8}","CREATED":null,"EDITED":null,"OBJECTID":8}},{"type":"Feature","id":9,"geometry":{"type":"Point","coordinates":[-77.029623577490497,38.963509416633343]},"properties":{"NAME":"2","HARDWARE_TYPE":"0","SIGN_NUMBER":"16","URL":"https://www.culturaltourismdc.org/portal/dc-neighborhood-heritage-trails","LATITUDE":38.963501620000002,"LONGITUDE":-77.029621280000001,"XCOORD":397432.823125,"YCOORD":143954.947625,"GIS_ID":"HeritageTrailPt_132","GLOBALID":"{A8B1223A-624A-4A6B-BD38-066C222433F2}","CREATED":null,"EDITED":null,"OBJECTID":9}},{"type":"Feature","id":10,"geometry":{"type":"Point","coordinates":[-77.033519893633098,38.963350557955529]},"properties":{"NAME":"2","HARDWARE_TYPE":"0","SIGN_NUMBER":"6","URL":"https://www.culturaltourismdc.org/portal/dc-neighborhood-heritage-trails","LATITUDE":38.963342760000003,"LONGITUDE":-77.033517599999996,"XCOORD":397095.136,"YCOORD":143937.4295,"GIS_ID":"HeritageTrailPt_133","GLOBALID":"{CDE22F53-4E41-4A2C-A1B2-8C393646A6FB}","CREATED":null,"EDITED":null,"OBJECTID":10}},{"type":"Feature","id":11,"geometry":{"type":"Point","coordinates":[-77.028026745215769,38.962598526374236]},"properties":{"NAME":"2","HARDWARE_TYPE":"0","SIGN_NUMBER":"17","URL":"https://www.culturaltourismdc.org/portal/dc-neighborhood-heritage-trails","LATITUDE":38.962590730000002,"LONGITUDE":-77.028024450000004,"XCOORD":397571.18362500001,"YCOORD":143853.78687499999,"GIS_ID":"HeritageTrailPt_134","GLOBALID":"{68EED71C-2D10-4E1C-9507-DE56A615211B}","CREATED":null,"EDITED":null,"OBJECTID":11}},{"type":"Feature","id":12,"geometry":{"type":"Point","coordinates":[-77.031552677217846,38.961907721787362]},"properties":{"NAME":"2","HARDWARE_TYPE":"0","SIGN_NUMBER":"5","URL":"https://www.culturaltourismdc.org/portal/dc-neighborhood-heritage-trails","LATITUDE":38.96189992,"LONGITUDE":-77.031550379999999,"XCOORD":397265.57318750001,"YCOORD":143777.20131249999,"GIS_ID":"HeritageTrailPt_135","GLOBALID":"{F7F11CD5-D4AA-47F9-B72C-A00E925FDB91}","CREATED":null,"EDITED":null,"OBJECTID":12}},{"type":"Feature","id":14,"geometry":{"type":"Point","coordinates":[-77.028151428464739,38.96099238747297]},"properties":{"NAME":"2","HARDWARE_TYPE":"0","SIGN_NUMBER":"3","URL":"https://www.culturaltourismdc.org/portal/dc-neighborhood-heritage-trails","LATITUDE":38.960984590000002,"LONGITUDE":-77.028149130000003,"XCOORD":397560.32250000001,"YCOORD":143675.49418750001,"GIS_ID":"HeritageTrailPt_137","GLOBALID":"{3A7A8B0E-A4F5-498D-B711-6AF3B03934F0}","CREATED":null,"EDITED":null,"OBJECTID":14}},{"type":"Feature","id":15,"geometry":{"type":"Point","coordinates":[-77.028208062128101,38.960130139402487]},"properties":{"NAME":"2","HARDWARE_TYPE":"0","SIGN_NUMBER":"2","URL":"https://www.culturaltourismdc.org/portal/dc-neighborhood-heritage-trails","LATITUDE":38.960122339999998,"LONGITUDE":-77.02820577,"XCOORD":397555.38462500001,"YCOORD":143579.77799999999,"GIS_ID":"HeritageTrailPt_138","GLOBALID":"{F9B3FCF9-D8C6-4C3A-94BC-338965E0CA6E}","CREATED":null,"EDITED":null,"OBJECTID":15}},{"type":"Feature","id":16,"geometry":{"type":"Point","coordinates":[-77.028338344474633,38.958640565069324]},"properties":{"NAME":"2","HARDWARE_TYPE":"0","SIGN_NUMBER":"1","URL":"https://www.culturaltourismdc.org/portal/dc-neighborhood-heritage-trails","LATITUDE":38.958632770000001,"LONGITUDE":-77.028336049999993,"XCOORD":397544.04200000002,"YCOORD":143414.42499999999,"GIS_ID":"HeritageTrailPt_139","GLOBALID":"{8BD5336D-DD5F-4AB1-812B-5ABEFACD2828}","CREATED":null,"EDITED":null,"OBJECTID":16}},{"type":"Feature","id":17,"geometry":{"type":"Point","coordinates":[-77.033287017291585,38.955898838835928]},"properties":{"NAME":"2","HARDWARE_TYPE":"0","SIGN_NUMBER":"0","URL":"https://www.culturaltourismdc.org/portal/dc-neighborhood-heritage-trails","LATITUDE":38.955891039999997,"LONGITUDE":-77.033284719999997,"XCOORD":397115.0166875,"YCOORD":143110.21249999999,"GIS_ID":"HeritageTrailPt_140","GLOBALID":"{8AE24989-2BA0-4081-ACB9-F24AA049EA8A}","CREATED":null,"EDITED":null,"OBJECTID":17}},{"type":"Feature","id":18,"geometry":{"type":"Point","coordinates":[-77.024515345374695,38.936334583693174]},"properties":{"NAME":"12","HARDWARE_TYPE":"0","SIGN_NUMBER":"19","URL":"https://www.culturaltourismdc.org/portal/dc-neighborhood-heritage-trails","LATITUDE":38.936326790000003,"LONGITUDE":-77.024513049999996,"XCOORD":397874.72556250001,"YCOORD":140938.1649375,"GIS_ID":"HeritageTrailPt_141","GLOBALID":"{DAC61FAB-F8B2-41DE-87A5-B0B477DDB2AE}","CREATED":null,"EDITED":null,"OBJECTID":18}},{"type":"Feature","id":19,"geometry":{"type":"Point","coordinates":[-77.038738871608714,38.934569899958007]},"properties":{"NAME":"9","HARDWARE_TYPE":"3","SIGN_NUMBER":"5","URL":"https://www.culturaltourismdc.org/portal/dc-neighborhood-heritage-trails","LATITUDE":38.934562110000002,"LONGITUDE":-77.038736569999998,"XCOORD":396641.468375,"YCOORD":140742.69687499999,"GIS_ID":"HeritageTrailPt_142","GLOBALID":"{A28AB020-9E46-48F4-900A-C3FD3FDD049A}","CREATED":null,"EDITED":null,"OBJECTID":19}},{"type":"Feature","id":20,"geometry":{"type":"Point","coordinates":[-77.032567471759762,38.934532182073532]},"properties":{"NAME":"3","HARDWARE_TYPE":"0","SIGN_NUMBER":"4","URL":"https://www.culturaltourismdc.org/portal/dc-neighborhood-heritage-trails","LATITUDE":38.93452439,"LONGITUDE":-77.032565180000006,"XCOORD":397176.53818749997,"YCOORD":140738.301125,"GIS_ID":"HeritageTrailPt_143","GLOBALID":"{8F34DB1A-06C8-49A7-84E4-50A285F119F7}","CREATED":null,"EDITED":null,"OBJECTID":20}},{"type":"Feature","id":21,"geometry":{"type":"Point","coordinates":[-77.041217878058347,38.934277119879077]},"properties":{"NAME":"9","HARDWARE_TYPE":"0","SIGN_NUMBER":"6","URL":"https://www.culturaltourismdc.org/portal/dc-neighborhood-heritage-trails","LATITUDE":38.934269329999999,"LONGITUDE":-77.041215579999999,"XCOORD":396426.51868749998,"YCOORD":140710.29037500001,"GIS_ID":"HeritageTrailPt_144","GLOBALID":"{145DA946-A6B6-4568-80E6-83E276EED6A8}","CREATED":null,"EDITED":null,"OBJECTID":21}},{"type":"Feature","id":23,"geometry":{"type":"Point","coordinates":[-77.045589628662881,38.933216561040588]},"properties":{"NAME":"9","HARDWARE_TYPE":"0","SIGN_NUMBER":"8","URL":"https://www.culturaltourismdc.org/portal/dc-neighborhood-heritage-trails","LATITUDE":38.93320877,"LONGITUDE":-77.045587330000004,"XCOORD":396047.420125,"YCOORD":140592.73931249999,"GIS_ID":"HeritageTrailPt_146","GLOBALID":"{7D092EB8-A6E6-4DD3-8BA2-8ADD2C6DD1C4}","CREATED":null,"EDITED":null,"OBJECTID":23}},{"type":"Feature","id":24,"geometry":{"type":"Point","coordinates":[-77.036577115898339,38.933128474989225]},"properties":{"NAME":"9","HARDWARE_TYPE":"0","SIGN_NUMBER":"4","URL":"https://www.culturaltourismdc.org/portal/dc-neighborhood-heritage-trails","LATITUDE":38.933120680000002,"LONGITUDE":-77.036574819999998,"XCOORD":396828.83162499999,"YCOORD":140582.609375,"GIS_ID":"HeritageTrailPt_147","GLOBALID":"{EDFFB16D-2EB9-433C-A743-71288B9FD9B2}","CREATED":null,"EDITED":null,"OBJECTID":24}}]}