{"type":"FeatureCollection","features":[{"type":"Feature","id":827,"geometry":{"type":"Point","coordinates":[-76.943249950779148,38.901092111177789]},"properties":{"NAME":"Engine Company 27","ADDRESS":"4201 MINNESOTA AVENUE NE","TYPE":"Indoor/Outdoor","SITE_TYPE":"Fire Emergency Medical Services","WARD":"Ward 7","MAR_ID":294591,"GIS_ID":"WirelessHotSpotPt_827","YCOORD":137027.20000000001,"XCOORD":404922.84000000003,"LONGITUDE":-76.943247679999999,"LATITUDE":38.901084650000001,"LABEL":null,"NUMBER_OF_SITES":null,"SE_ANNO_CAD_DATA":null,"GLOBALID":"{892B3D1E-84BB-4D83-A491-A97EABE74862}","CREATOR":"JLAY","CREATED":1713469448000,"EDITOR":"DCGIS","EDITED":1713477402000,"OBJECTID":827}},{"type":"Feature","id":1038,"geometry":{"type":"Point","coordinates":[-77.074840360858985,38.934853623293705]},"properties":{"NAME":"Second District Station","ADDRESS":"3320 IDAHO AVENUE NW","TYPE":"Indoor/Outdoor","SITE_TYPE":"Metro. Police Dept.","WARD":"Ward 3","MAR_ID":222229,"GIS_ID":"WirelessHotSpotPt_1038","YCOORD":140776.14000000001,"XCOORD":393511.42999999999,"LONGITUDE":-77.074838049999997,"LATITUDE":38.93484617,"LABEL":null,"NUMBER_OF_SITES":null,"SE_ANNO_CAD_DATA":null,"GLOBALID":"{9EF2DAFB-6D57-4975-9068-82F26BE75D05}","CREATOR":"JLAY","CREATED":1713469448000,"EDITOR":"DCGIS","EDITED":1713477402000,"OBJECTID":1038}},{"type":"Feature","id":1064,"geometry":{"type":"Point","coordinates":[-77.046977270772686,38.903167199134636]},"properties":{"NAME":"Stevens Elementary School","ADDRESS":"1050 21ST STREET NW","TYPE":"Outdoor","SITE_TYPE":"Public School","WARD":"Ward 2","MAR_ID":294506,"GIS_ID":"WirelessHotSpotPt_1064","YCOORD":137257.07000000001,"XCOORD":395925.39000000001,"LONGITUDE":-77.046974969999994,"LATITUDE":38.903159410000001,"LABEL":null,"NUMBER_OF_SITES":null,"SE_ANNO_CAD_DATA":null,"GLOBALID":"{E1F43CB6-E7A1-4CF0-8B25-1B30797343D4}","CREATOR":"JLAY","CREATED":1713469448000,"EDITOR":"DCGIS","EDITED":1713477402000,"OBJECTID":1064}},{"type":"Feature","id":1042,"geometry":{"type":"Point","coordinates":[-76.993169425478996,38.898602360937282]},"properties":{"NAME":"Sherwood Recreation Center","ADDRESS":"640 10TH STREET NE","TYPE":"Indoor/Outdoor","SITE_TYPE":"Rec. Center","WARD":"Ward 6","MAR_ID":301075,"GIS_ID":"WirelessHotSpotPt_1042","YCOORD":136749.31,"XCOORD":400592.72000000003,"LONGITUDE":-76.993167139999997,"LATITUDE":38.89859457,"LABEL":null,"NUMBER_OF_SITES":null,"SE_ANNO_CAD_DATA":null,"GLOBALID":"{3AF867B9-2893-4116-B004-99C5AE872DC1}","CREATOR":"JLAY","CREATED":1713469448000,"EDITOR":"DCGIS","EDITED":1713477402000,"OBJECTID":1042}},{"type":"Feature","id":764,"geometry":{"type":"Point","coordinates":[-77.063742692436222,38.905003445087402]},"properties":{"NAME":"DMV Georgetown","ADDRESS":"3222 M STREET NW","TYPE":"Indoor","SITE_TYPE":"Administrative","WARD":"Ward 2","MAR_ID":300197,"GIS_ID":"WirelessHotSpotPt_764","YCOORD":137461.79000000001,"XCOORD":394471.29999999999,"LONGITUDE":-77.063740390000007,"LATITUDE":38.904995990000003,"LABEL":null,"NUMBER_OF_SITES":null,"SE_ANNO_CAD_DATA":null,"GLOBALID":"{6FCF7EF6-D210-4AA7-9397-B5CFAE5A40E1}","CREATOR":"JLAY","CREATED":1713469448000,"EDITOR":"DCGIS","EDITED":1713477402000,"OBJECTID":764}},{"type":"Feature","id":940,"geometry":{"type":"Point","coordinates":[-76.912822687498561,38.891438286024439]},"properties":{"NAME":"Marvin Gaye Recreation Center (formerly Watts Branch)","ADDRESS":"15 61ST STREET NE","TYPE":"Indoor/Outdoor","SITE_TYPE":"Rec. Center","WARD":"Ward 7","MAR_ID":320321,"GIS_ID":"WirelessHotSpotPt_940","YCOORD":135957.63,"XCOORD":407563.20000000001,"LONGITUDE":-76.912820429999996,"LATITUDE":38.891430499999998,"LABEL":null,"NUMBER_OF_SITES":null,"SE_ANNO_CAD_DATA":null,"GLOBALID":"{2C93C792-C270-4DE3-8DED-F85753BBDD09}","CREATOR":"JLAY","CREATED":1713469448000,"EDITOR":"DCGIS","EDITED":1713477402000,"OBJECTID":940}},{"type":"Feature","id":971,"geometry":{"type":"Point","coordinates":[-77.013967802452214,38.965508401339171]},"properties":{"NAME":"National Children's Center","ADDRESS":"6200 2ND STREET NW","TYPE":"Outdoor","SITE_TYPE":"Community Service Organization","WARD":"Ward 4","MAR_ID":245006,"GIS_ID":"WirelessHotSpotPt_971","YCOORD":144176.53,"XCOORD":398789.69,"LONGITUDE":-77.013965510000006,"LATITUDE":38.965500929999997,"LABEL":null,"NUMBER_OF_SITES":null,"SE_ANNO_CAD_DATA":null,"GLOBALID":"{54FD27DA-1323-4FD6-BA33-20D0E0654DC2}","CREATOR":"JLAY","CREATED":1713469448000,"EDITOR":"DCGIS","EDITED":1713477402000,"OBJECTID":971}},{"type":"Feature","id":953,"geometry":{"type":"Point","coordinates":[-76.982945956678179,38.856663450724263]},"properties":{"NAME":"Moten Elementary School","ADDRESS":"1565 MORRIS ROAD SE","TYPE":"Indoor/Outdoor","SITE_TYPE":"Public School","WARD":"Ward 8","MAR_ID":294524,"GIS_ID":"WirelessHotSpotPt_953","YCOORD":132093.89000000001,"XCOORD":401480.42999999999,"LONGITUDE":-76.982943680000005,"LATITUDE":38.856656000000001,"LABEL":null,"NUMBER_OF_SITES":null,"SE_ANNO_CAD_DATA":null,"GLOBALID":"{F8B0082E-32B6-4239-B7F0-03F657902134}","CREATOR":"JLAY","CREATED":1713469448000,"EDITOR":"DCGIS","EDITED":1713477402000,"OBJECTID":953}},{"type":"Feature","id":698,"geometry":{"type":"Point","coordinates":[-76.990642651776156,38.880702180774833]},"properties":{"NAME":"Cesar Chavez PCHS for Public Policy - Capitol Hill Campus","ADDRESS":"709 12TH STREET SE","TYPE":"Outdoor","SITE_TYPE":"Public Charter School","WARD":"Ward 6","MAR_ID":76726,"GIS_ID":"WirelessHotSpotPt_698","YCOORD":134762.26999999999,"XCOORD":400812.10999999999,"LONGITUDE":-76.990640369999994,"LATITUDE":38.880694730000002,"LABEL":null,"NUMBER_OF_SITES":null,"SE_ANNO_CAD_DATA":null,"GLOBALID":"{5ACAC3FB-A701-4107-B4F9-DB78A848714A}","CREATOR":"JLAY","CREATED":1713469448000,"EDITOR":"DCGIS","EDITED":1713477402000,"OBJECTID":698}},{"type":"Feature","id":1027,"geometry":{"type":"Point","coordinates":[-77.032362922957404,38.92201175424357]},"properties":{"NAME":"Rita Bright Recreation Center","ADDRESS":"2500 14TH STREET NW","TYPE":"Indoor/Outdoor","SITE_TYPE":"Rec. Center","WARD":"Ward 1","MAR_ID":234200,"GIS_ID":"WirelessHotSpotPt_1027","YCOORD":139348.42000000001,"XCOORD":397193.78000000003,"LONGITUDE":-77.032360629999999,"LATITUDE":38.922003959999998,"LABEL":null,"NUMBER_OF_SITES":null,"SE_ANNO_CAD_DATA":null,"GLOBALID":"{52FA60DD-C86F-478D-8CCA-9EFD1B78BC2D}","CREATOR":"JLAY","CREATED":1713469448000,"EDITOR":"DCGIS","EDITED":1713477402000,"OBJECTID":1027}},{"type":"Feature","id":963,"geometry":{"type":"Point","coordinates":[-77.017204580093747,38.815088853526845]},"properties":{"NAME":"MPD Mobile Force, Building 3B","ADDRESS":"2 DC VILLAGE LANE SW","TYPE":"Outdoor","SITE_TYPE":"Metro. Police Dept.","WARD":"Ward 8","MAR_ID":299538,"GIS_ID":"WirelessHotSpotPt_963","YCOORD":127478.83,"XCOORD":398506.03000000003,"LONGITUDE":-77.017202299999994,"LATITUDE":38.815081079999999,"LABEL":null,"NUMBER_OF_SITES":null,"SE_ANNO_CAD_DATA":null,"GLOBALID":"{6A34A380-11C3-46C0-900E-50CEEEAA8488}","CREATOR":"JLAY","CREATED":1713469448000,"EDITOR":"DCGIS","EDITED":1713477402000,"OBJECTID":963}},{"type":"Feature","id":803,"geometry":{"type":"Point","coordinates":[-77.070478848275982,38.913158436555761]},"properties":{"NAME":"Ellington School of The Art","ADDRESS":"3500 R STREET NW","TYPE":"Indoor/Outdoor","SITE_TYPE":"Public School","WARD":"Ward 2","MAR_ID":294569,"GIS_ID":"WirelessHotSpotPt_803","YCOORD":138367.48999999999,"XCOORD":393887.72000000003,"LONGITUDE":-77.070476540000001,"LATITUDE":38.913150649999999,"LABEL":null,"NUMBER_OF_SITES":null,"SE_ANNO_CAD_DATA":null,"GLOBALID":"{4E8B1FA1-190B-410A-88EA-1BDF8C71F2D7}","CREATOR":"JLAY","CREATED":1713469448000,"EDITOR":"DCGIS","EDITED":1713477402000,"OBJECTID":803}},{"type":"Feature","id":692,"geometry":{"type":"Point","coordinates":[-77.028372717115886,38.963195446934506]},"properties":{"NAME":"Center City Brightwood Campus","ADDRESS":"6008 GEORGIA AVENUE NW","TYPE":"Outdoor","SITE_TYPE":"Public Charter School","WARD":"Ward 4","MAR_ID":253198,"GIS_ID":"WirelessHotSpotPt_692","YCOORD":143920.06,"XCOORD":397541.22000000003,"LONGITUDE":-77.028370420000002,"LATITUDE":38.963187650000002,"LABEL":null,"NUMBER_OF_SITES":null,"SE_ANNO_CAD_DATA":null,"GLOBALID":"{7DA98F02-4C61-47A5-808A-B3A0A7DCFCC4}","CREATOR":"JLAY","CREATED":1713469448000,"EDITOR":"DCGIS","EDITED":1713477402000,"OBJECTID":692}},{"type":"Feature","id":700,"geometry":{"type":"Point","coordinates":[-76.993792215177621,38.931170502601816]},"properties":{"NAME":"CFSA","ADDRESS":"3350 9TH STREET NE","TYPE":"Indoor","SITE_TYPE":"Administrative","WARD":"Ward 5","MAR_ID":310972,"GIS_ID":"WirelessHotSpotPt_700","YCOORD":140364.64000000001,"XCOORD":400538.45000000001,"LONGITUDE":-76.993789930000005,"LATITUDE":38.931162710000002,"LABEL":null,"NUMBER_OF_SITES":null,"SE_ANNO_CAD_DATA":null,"GLOBALID":"{B5DB08B0-1A2C-4382-8A60-59BBDE223255}","CREATOR":"JLAY","CREATED":1713469448000,"EDITOR":"DCGIS","EDITED":1713477402000,"OBJECTID":700}},{"type":"Feature","id":886,"geometry":{"type":"Point","coordinates":[-76.942903818749514,38.900722779914688]},"properties":{"NAME":"Hunt Place Community Health Center","ADDRESS":"4130 HUNT PLACE NE","TYPE":"Outdoor","SITE_TYPE":"Health Center","WARD":"Ward 7","MAR_ID":155959,"GIS_ID":"WirelessHotSpotPt_886","YCOORD":136986.22,"XCOORD":404952.89000000001,"LONGITUDE":-76.942901550000002,"LATITUDE":38.900715320000003,"LABEL":null,"NUMBER_OF_SITES":null,"SE_ANNO_CAD_DATA":null,"GLOBALID":"{5AE18843-81FA-49A5-A648-B0CDD023EF99}","CREATOR":"JLAY","CREATED":1713469448000,"EDITOR":"DCGIS","EDITED":1713477402000,"OBJECTID":886}},{"type":"Feature","id":1060,"geometry":{"type":"Point","coordinates":[-76.995091284890364,38.849537751306507]},"properties":{"NAME":"St. Elizabeths East Gateway Pavilion","ADDRESS":"2700 MARTIN LUTHER KING JR AVENUE SE","TYPE":"Indoor/Outdoor","SITE_TYPE":"Administrative","WARD":"Ward 8","MAR_ID":301562,"GIS_ID":"WirelessHotSpotPt_1060","YCOORD":131302.76000000001,"XCOORD":400426.29999999999,"LONGITUDE":-76.995089010000001,"LATITUDE":38.849529969999999,"LABEL":null,"NUMBER_OF_SITES":null,"SE_ANNO_CAD_DATA":null,"GLOBALID":"{80865A79-11ED-42E3-AAFB-69F1DC4F072C}","CREATOR":"JLAY","CREATED":1713469448000,"EDITOR":"DCGIS","EDITED":1713477402000,"OBJECTID":1060}},{"type":"Feature","id":932,"geometry":{"type":"Point","coordinates":[-76.992318609193632,38.932283841906639]},"properties":{"NAME":"Luke Charles Moore High School","ADDRESS":"1001 MONROE STREET NE","TYPE":"Indoor/Outdoor","SITE_TYPE":"Public School","WARD":"Ward 5","MAR_ID":294504,"GIS_ID":"WirelessHotSpotPt_932","YCOORD":140488.23999999999,"XCOORD":400666.21000000002,"LONGITUDE":-76.992316329999994,"LATITUDE":38.932276379999998,"LABEL":null,"NUMBER_OF_SITES":null,"SE_ANNO_CAD_DATA":null,"GLOBALID":"{E1BEDCB9-43DA-4032-9E90-4F50EED58A9F}","CREATOR":"JLAY","CREATED":1713469448000,"EDITOR":"DCGIS","EDITED":1713477402000,"OBJECTID":932}},{"type":"Feature","id":869,"geometry":{"type":"Point","coordinates":[-77.030290907347251,38.917963246463287]},"properties":{"NAME":"Harrison Recreation Center","ADDRESS":"1330 V STREET NW","TYPE":"Indoor/Outdoor","SITE_TYPE":"Rec. Center","WARD":"Ward 1","MAR_ID":283986,"GIS_ID":"WirelessHotSpotPt_869","YCOORD":138898.94,"XCOORD":397373.31,"LONGITUDE":-77.030288609999999,"LATITUDE":38.917955790000001,"LABEL":null,"NUMBER_OF_SITES":null,"SE_ANNO_CAD_DATA":null,"GLOBALID":"{89F936D6-A3B1-41BD-AC80-CE1030B78764}","CREATOR":"JLAY","CREATED":1713469448000,"EDITOR":"DCGIS","EDITED":1713477402000,"OBJECTID":869}},{"type":"Feature","id":821,"geometry":{"type":"Point","coordinates":[-77.026536142935129,38.97340987570783]},"properties":{"NAME":"Engine Company 22 (NEW)","ADDRESS":"6825 GEORGIA AVENUE NW","TYPE":"Indoor/Outdoor","SITE_TYPE":"Fire Emergency Medical Services","WARD":"Ward 4","MAR_ID":253890,"GIS_ID":"WirelessHotSpotPt_821","YCOORD":145053.91,"XCOORD":397700.72000000003,"LONGITUDE":-77.026533850000007,"LATITUDE":38.973402069999999,"LABEL":null,"NUMBER_OF_SITES":null,"SE_ANNO_CAD_DATA":null,"GLOBALID":"{C5BBFDB3-862F-40BE-B54A-672AA812C58E}","CREATOR":"JLAY","CREATED":1713469448000,"EDITOR":"DCGIS","EDITED":1713477402000,"OBJECTID":821}},{"type":"Feature","id":891,"geometry":{"type":"Point","coordinates":[-77.033092714369332,38.907484705975783]},"properties":{"NAME":"James Apartments","ADDRESS":"1425 N STREET NW","TYPE":"Indoor/Outdoor","SITE_TYPE":"Public Housing","WARD":"Ward 2","MAR_ID":240239,"GIS_ID":"WirelessHotSpotPt_891","YCOORD":137735.82000000001,"XCOORD":397129.91000000003,"LONGITUDE":-77.033090419999994,"LATITUDE":38.907476920000001,"LABEL":null,"NUMBER_OF_SITES":null,"SE_ANNO_CAD_DATA":null,"GLOBALID":"{579A4D1C-5121-47E4-8585-ACE858B6F6F0}","CREATOR":"JLAY","CREATED":1713469448000,"EDITOR":"DCGIS","EDITED":1713477402000,"OBJECTID":891}},{"type":"Feature","id":983,"geometry":{"type":"Point","coordinates":[-77.026594815454644,38.922833687523976]},"properties":{"NAME":"Oyster-Adams (Adams campus) at Meyer Swing Space","ADDRESS":"2501 11TH STREET NW","TYPE":"Indoor/Outdoor","SITE_TYPE":"Public School","WARD":"Ward 1","MAR_ID":242979,"GIS_ID":"WirelessHotSpotPt_983","YCOORD":139439.5,"XCOORD":397694,"LONGITUDE":-77.026592519999994,"LATITUDE":38.922826229999998,"LABEL":null,"NUMBER_OF_SITES":null,"SE_ANNO_CAD_DATA":null,"GLOBALID":"{B719351F-2718-4608-9152-59ADD42C14EC}","CREATOR":"JLAY","CREATED":1713469448000,"EDITOR":"DCGIS","EDITED":1713477402000,"OBJECTID":983}},{"type":"Feature","id":749,"geometry":{"type":"Point","coordinates":[-76.943298342424598,38.877775567494474]},"properties":{"NAME":"DECOM (Ridge Road Recreation Center)","ADDRESS":"800 RIDGE ROAD SE","TYPE":"Outdoor","SITE_TYPE":"Rec. Center","WARD":"Ward 7","MAR_ID":289024,"GIS_ID":"WirelessHotSpotPt_749","YCOORD":134438.88,"XCOORD":404920.25,"LONGITUDE":-76.943296079999996,"LATITUDE":38.877767779999999,"LABEL":null,"NUMBER_OF_SITES":null,"SE_ANNO_CAD_DATA":null,"GLOBALID":"{18CB34BF-71A2-4599-B2DD-B409E463529F}","CREATOR":"JLAY","CREATED":1713469448000,"EDITOR":"DCGIS","EDITED":1713477402000,"OBJECTID":749}},{"type":"Feature","id":1007,"geometry":{"type":"Point","coordinates":[-76.999856696611261,38.892838466606747]},"properties":{"NAME":"Peabody Elementary School","ADDRESS":"425 C STREET NE","TYPE":"Indoor/Outdoor","SITE_TYPE":"Public School","WARD":"Ward 6","MAR_ID":288145,"GIS_ID":"WirelessHotSpotPt_1007","YCOORD":136109.45000000001,"XCOORD":400012.63,"LONGITUDE":-76.999854409999998,"LATITUDE":38.892830680000003,"LABEL":null,"NUMBER_OF_SITES":null,"SE_ANNO_CAD_DATA":null,"GLOBALID":"{F0E67D73-88E3-4129-A704-8EE83CE74F17}","CREATOR":"JLAY","CREATED":1713469448000,"EDITOR":"DCGIS","EDITED":1713477402000,"OBJECTID":1007}},{"type":"Feature","id":875,"geometry":{"type":"Point","coordinates":[-76.922701102421428,38.896819365643942]},"properties":{"NAME":"HD Woodson High School Adolescent Wellness Center","ADDRESS":"540 55TH STREET NE","TYPE":"Indoor","SITE_TYPE":"Health Center","WARD":"Ward 7","MAR_ID":309633,"GIS_ID":"WirelessHotSpotPt_875","YCOORD":136554.20000000001,"XCOORD":406705.70000000001,"LONGITUDE":-76.922698999999994,"LATITUDE":38.896811999999997,"LABEL":null,"NUMBER_OF_SITES":null,"SE_ANNO_CAD_DATA":null,"GLOBALID":"{FF21053F-2F9A-4461-87BB-E5D99E17AF65}","CREATOR":"JLAY","CREATED":1713469448000,"EDITOR":"DCGIS","EDITED":1713477402000,"OBJECTID":875}},{"type":"Feature","id":815,"geometry":{"type":"Point","coordinates":[-76.989930493219205,38.932334017035068]},"properties":{"NAME":"Engine Company 17","ADDRESS":"1227 MONROE STREET NE","TYPE":"Indoor/Outdoor","SITE_TYPE":"Fire Emergency Medical Services","WARD":"Ward 5","MAR_ID":294510,"GIS_ID":"WirelessHotSpotPt_815","YCOORD":140493.83000000002,"XCOORD":400873.27000000002,"LONGITUDE":-76.989928210000002,"LATITUDE":38.93232656,"LABEL":null,"NUMBER_OF_SITES":null,"SE_ANNO_CAD_DATA":null,"GLOBALID":"{3EA69E09-601A-4117-9F34-FBD800623397}","CREATOR":"JLAY","CREATED":1713469448000,"EDITOR":"DCGIS","EDITED":1713477402000,"OBJECTID":815}},{"type":"Feature","id":1083,"geometry":{"type":"Point","coordinates":[-76.98407082030964,38.836305790059889]},"properties":{"NAME":"United Medical Center","ADDRESS":"1310 SOUTHERN AVENUE SE","TYPE":"Outdoor","SITE_TYPE":"Health Center","WARD":"Ward 8","MAR_ID":277936,"GIS_ID":"WirelessHotSpotPt_1083","YCOORD":129834.03,"XCOORD":401383.19,"LONGITUDE":-76.984068550000003,"LATITUDE":38.83629801,"LABEL":null,"NUMBER_OF_SITES":null,"SE_ANNO_CAD_DATA":null,"GLOBALID":"{256C18C4-545F-4463-A702-57D7B93299F2}","CREATOR":"JLAY","CREATED":1713469448000,"EDITOR":"DCGIS","EDITED":1713477402000,"OBJECTID":1083}},{"type":"Feature","id":1030,"geometry":{"type":"Point","coordinates":[-77.025751080507106,38.917552564337932]},"properties":{"NAME":"Roosevelt STAY High School at Garnett-Patterson","ADDRESS":"2001 10TH STREET NW","TYPE":"Indoor","SITE_TYPE":"Public School","WARD":"Ward 1","MAR_ID":294533,"GIS_ID":"WirelessHotSpotPt_1030","YCOORD":138853.23000000001,"XCOORD":397767,"LONGITUDE":-77.025748789999994,"LATITUDE":38.917545109999999,"LABEL":null,"NUMBER_OF_SITES":null,"SE_ANNO_CAD_DATA":null,"GLOBALID":"{A85B07BC-DA4C-4B76-AF7A-301CD94E4BCC}","CREATOR":"JLAY","CREATED":1713469448000,"EDITOR":"DCGIS","EDITED":1713477402000,"OBJECTID":1030}},{"type":"Feature","id":843,"geometry":{"type":"Point","coordinates":[-76.970633171369158,38.863305886293695]},"properties":{"NAME":"Family Year Round Temporary Shelters","ADDRESS":"2601 NAYLOR ROAD SE","TYPE":"Outdoor","SITE_TYPE":"Administrative","WARD":"Ward 8","MAR_ID":287132,"GIS_ID":"WirelessHotSpotPt_843","YCOORD":132831.51999999999,"XCOORD":402548.90000000002,"LONGITUDE":-76.970630900000003,"LATITUDE":38.863298440000001,"LABEL":null,"NUMBER_OF_SITES":null,"SE_ANNO_CAD_DATA":null,"GLOBALID":"{AD5180F9-558C-4B07-8DD3-39BC58F246C7}","CREATOR":"JLAY","CREATED":1713469448000,"EDITOR":"DCGIS","EDITED":1713477402000,"OBJECTID":843}},{"type":"Feature","id":907,"geometry":{"type":"Point","coordinates":[-76.988092450688796,38.884438808196094]},"properties":{"NAME":"Kentucky Courts","ADDRESS":"340 13TH STREET SE","TYPE":"Indoor/Outdoor","SITE_TYPE":"Public Housing","WARD":"Ward 6","MAR_ID":150698,"GIS_ID":"WirelessHotSpotPt_907","YCOORD":135177.09,"XCOORD":401033.33000000002,"LONGITUDE":-76.988090170000007,"LATITUDE":38.884431360000001,"LABEL":null,"NUMBER_OF_SITES":null,"SE_ANNO_CAD_DATA":null,"GLOBALID":"{C92A1B29-35F7-452F-8180-EE8CF5DA16AC}","CREATOR":"JLAY","CREATED":1713469448000,"EDITOR":"DCGIS","EDITED":1713477402000,"OBJECTID":907}},{"type":"Feature","id":828,"geometry":{"type":"Point","coordinates":[-77.059405880195328,38.936352550717316]},"properties":{"NAME":"Engine Company 28 (Truck Company 14)","ADDRESS":"3522 CONNECTICUT AVENUE NW","TYPE":"Indoor/Outdoor","SITE_TYPE":"Fire Emergency Medical Services","WARD":"Ward 3","MAR_ID":220960,"GIS_ID":"WirelessHotSpotPt_828","YCOORD":140941.55000000002,"XCOORD":394849.72999999998,"LONGITUDE":-77.059403579999994,"LATITUDE":38.936345090000003,"LABEL":null,"NUMBER_OF_SITES":null,"SE_ANNO_CAD_DATA":null,"GLOBALID":"{6F091E02-A763-453C-A7D0-06921A708C6E}","CREATOR":"JLAY","CREATED":1713469448000,"EDITOR":"DCGIS","EDITED":1713477402000,"OBJECTID":828}},{"type":"Feature","id":1047,"geometry":{"type":"Point","coordinates":[-76.930152461964099,38.900372723731245]},"properties":{"NAME":"Sixth District Station","ADDRESS":"5002 HAYES STREET NE","TYPE":"Indoor/Outdoor","SITE_TYPE":"Metro. Police Dept.","WARD":"Ward 7","MAR_ID":294606,"GIS_ID":"WirelessHotSpotPt_1047","YCOORD":136948.13,"XCOORD":406059.01000000001,"LONGITUDE":-76.9301502,"LATITUDE":38.900364930000002,"LABEL":null,"NUMBER_OF_SITES":null,"SE_ANNO_CAD_DATA":null,"GLOBALID":"{CB6C462D-D5DB-4046-8A05-0141BAAD3996}","CREATOR":"JLAY","CREATED":1713469448000,"EDITOR":"DCGIS","EDITED":1713477402000,"OBJECTID":1047}},{"type":"Feature","id":1084,"geometry":{"type":"Point","coordinates":[-76.983604859686011,38.863159699026589]},"properties":{"NAME":"Unity - Anacostia","ADDRESS":"1500 GALEN STREET SE","TYPE":"Outdoor","SITE_TYPE":"Health Center","WARD":"Ward 8","MAR_ID":277592,"GIS_ID":"WirelessHotSpotPt_1084","YCOORD":132815.01000000001,"XCOORD":401423.10999999999,"LONGITUDE":-76.983602579999996,"LATITUDE":38.86315192,"LABEL":null,"NUMBER_OF_SITES":null,"SE_ANNO_CAD_DATA":null,"GLOBALID":"{E1B9FB45-73FF-4275-9BC1-73E41B351420}","CREATOR":"JLAY","CREATED":1713469448000,"EDITOR":"DCGIS","EDITED":1713477402000,"OBJECTID":1084}},{"type":"Feature","id":1088,"geometry":{"type":"Point","coordinates":[-76.999246278351137,38.876803900310549]},"properties":{"NAME":"Van Ness Elementary School","ADDRESS":"1150 5TH STREET SE","TYPE":"Indoor/Outdoor","SITE_TYPE":"Public School","WARD":"Ward 8","MAR_ID":294508,"GIS_ID":"WirelessHotSpotPt_1088","YCOORD":134329.48999999999,"XCOORD":400065.60000000003,"LONGITUDE":-76.99924399999999,"LATITUDE":38.876796450000001,"LABEL":null,"NUMBER_OF_SITES":null,"SE_ANNO_CAD_DATA":null,"GLOBALID":"{9D17D556-6D7A-446B-88F7-804D9F916BF2}","CREATOR":"JLAY","CREATED":1713469448000,"EDITOR":"DCGIS","EDITED":1713477402000,"OBJECTID":1088}},{"type":"Feature","id":1034,"geometry":{"type":"Point","coordinates":[-76.993142662613877,38.897589819325361]},"properties":{"NAME":"School within a School at Goding","ADDRESS":"920 F STREET NE","TYPE":"Indoor/Outdoor","SITE_TYPE":"Public School","WARD":"Ward 6","MAR_ID":289072,"GIS_ID":"WirelessHotSpotPt_1034","YCOORD":136636.91,"XCOORD":400595.04999999999,"LONGITUDE":-76.99314038,"LATITUDE":38.897582030000002,"LABEL":null,"NUMBER_OF_SITES":null,"SE_ANNO_CAD_DATA":null,"GLOBALID":"{A70DE5C0-9033-465F-BB01-9A59C6D89AB1}","CREATOR":"JLAY","CREATED":1713469448000,"EDITOR":"DCGIS","EDITED":1713477402000,"OBJECTID":1034}},{"type":"Feature","id":916,"geometry":{"type":"Point","coordinates":[-77.03516683111738,38.925910015851585]},"properties":{"NAME":"La Clinica Del Pueblo (Main Office)","ADDRESS":"2831 15TH STREET NW","TYPE":"Outdoor","SITE_TYPE":"Health Center","WARD":"Ward 1","MAR_ID":243232,"GIS_ID":"WirelessHotSpotPt_916","YCOORD":139781.25,"XCOORD":396950.79999999999,"LONGITUDE":-77.035164539999997,"LATITUDE":38.925902219999998,"LABEL":null,"NUMBER_OF_SITES":null,"SE_ANNO_CAD_DATA":null,"GLOBALID":"{57795856-84C6-4D6C-8506-5CA7BD36BC22}","CREATOR":"JLAY","CREATED":1713469448000,"EDITOR":"DCGIS","EDITED":1713477402000,"OBJECTID":916}},{"type":"Feature","id":909,"geometry":{"type":"Point","coordinates":[-77.100529634250321,38.926809293507809]},"properties":{"NAME":"Key Elementary School","ADDRESS":"5001 DANA PLACE NW","TYPE":"Indoor/Outdoor","SITE_TYPE":"Public School","WARD":"Ward 3","MAR_ID":294605,"GIS_ID":"WirelessHotSpotPt_909","YCOORD":139885.29000000001,"XCOORD":391283.15000000002,"LONGITUDE":-77.100527319999998,"LATITUDE":38.926801840000003,"LABEL":null,"NUMBER_OF_SITES":null,"SE_ANNO_CAD_DATA":null,"GLOBALID":"{0C77E2C1-B0B6-416B-B292-7548FEBDB750}","CREATOR":"JLAY","CREATED":1713469448000,"EDITOR":"DCGIS","EDITED":1713477402000,"OBJECTID":909}},{"type":"Feature","id":859,"geometry":{"type":"Point","coordinates":[-77.025824340554124,38.921478467874593]},"properties":{"NAME":"Garfield Terrace (Family and Senior)","ADDRESS":"2301 11TH STREET NW","TYPE":"Outdoor","SITE_TYPE":"Public Housing","WARD":"Ward 1","MAR_ID":284334,"GIS_ID":"WirelessHotSpotPt_859","YCOORD":139289.04000000001,"XCOORD":397760.77000000002,"LONGITUDE":-77.025822050000002,"LATITUDE":38.921470679999999,"LABEL":null,"NUMBER_OF_SITES":null,"SE_ANNO_CAD_DATA":null,"GLOBALID":"{B6FEAA04-D270-4E7A-B68B-5F02FFED298F}","CREATOR":"JLAY","CREATED":1713469448000,"EDITOR":"DCGIS","EDITED":1713477402000,"OBJECTID":859}},{"type":"Feature","id":926,"geometry":{"type":"Point","coordinates":[-76.933569212319242,38.898510345601615]},"properties":{"NAME":"Lederer Youth Gardens","ADDRESS":"4801 NANNIE HELEN BURROUGHS AVENUE NE","TYPE":"Indoor/Outdoor","SITE_TYPE":"Rec. Center","WARD":"Ward 7","MAR_ID":295153,"GIS_ID":"WirelessHotSpotPt_926","YCOORD":136741.17000000001,"XCOORD":405762.78000000003,"LONGITUDE":-76.933566949999999,"LATITUDE":38.898502890000003,"LABEL":null,"NUMBER_OF_SITES":null,"SE_ANNO_CAD_DATA":null,"GLOBALID":"{F512FE71-271C-4EE8-94E0-C595E1D1E427}","CREATOR":"JLAY","CREATED":1713469448000,"EDITOR":"DCGIS","EDITED":1713477402000,"OBJECTID":926}},{"type":"Feature","id":1036,"geometry":{"type":"Point","coordinates":[-77.048188764065955,38.898131572671375]},"properties":{"NAME":"School Without Walls Senior High","ADDRESS":"2130 G STREET NW","TYPE":"Indoor/Outdoor","SITE_TYPE":"Public School","WARD":"Ward 2","MAR_ID":242528,"GIS_ID":"WirelessHotSpotPt_1036","YCOORD":136698.13,"XCOORD":395820.01000000001,"LONGITUDE":-77.048186470000005,"LATITUDE":38.898124119999999,"LABEL":null,"NUMBER_OF_SITES":null,"SE_ANNO_CAD_DATA":null,"GLOBALID":"{E590F549-8B8E-4B89-A413-C3B6650F54A7}","CREATOR":"JLAY","CREATED":1713469448000,"EDITOR":"DCGIS","EDITED":1713477402000,"OBJECTID":1036}},{"type":"Feature","id":888,"geometry":{"type":"Point","coordinates":[-77.003213375327562,38.823901453619087]},"properties":{"NAME":"Ingenuity Prep  (Old)Patricia R. Harris Education Center)","ADDRESS":"4600 LIVINGSTON ROAD SE","TYPE":"Indoor","SITE_TYPE":"Public Charter School","WARD":"Ward 8","MAR_ID":294600,"GIS_ID":"WirelessHotSpotPt_888","YCOORD":128456.95,"XCOORD":399721.16000000003,"LONGITUDE":-77.003211100000001,"LATITUDE":38.823893679999998,"LABEL":null,"NUMBER_OF_SITES":null,"SE_ANNO_CAD_DATA":null,"GLOBALID":"{FFD18508-8886-453D-A9D8-70DC6C9343E2}","CREATOR":"JLAY","CREATED":1713469448000,"EDITOR":"DCGIS","EDITED":1713477402000,"OBJECTID":888}},{"type":"Feature","id":958,"geometry":{"type":"Point","coordinates":[-77.020851459412668,38.873882508712519]},"properties":{"NAME":"MPD Harbor Patrol","ADDRESS":"550 WATER STREET SW","TYPE":"Outdoor","SITE_TYPE":"Metro. Police Dept.","WARD":"Ward 6","MAR_ID":294491,"GIS_ID":"WirelessHotSpotPt_958","YCOORD":134005.39999999999,"XCOORD":398190.79999999999,"LONGITUDE":-77.020849170000005,"LATITUDE":38.873875060000003,"LABEL":null,"NUMBER_OF_SITES":null,"SE_ANNO_CAD_DATA":null,"GLOBALID":"{4634553D-37D3-4293-A63E-6D9563AC6393}","CREATOR":"JLAY","CREATED":1713469448000,"EDITOR":"DCGIS","EDITED":1713477402000,"OBJECTID":958}},{"type":"Feature","id":778,"geometry":{"type":"Point","coordinates":[-76.973571252044138,38.927052051944614]},"properties":{"NAME":"DPR-Langdon Park Pool","ADDRESS":"2860 MILLS AVENUE NE","TYPE":"Outdoor","SITE_TYPE":"Rec. Center","WARD":"Ward 5","MAR_ID":310266,"GIS_ID":"WirelessHotSpotPt_778","YCOORD":139907.76999999999,"XCOORD":402291.85999999999,"LONGITUDE":-76.973568970000002,"LATITUDE":38.927044590000001,"LABEL":null,"NUMBER_OF_SITES":null,"SE_ANNO_CAD_DATA":null,"GLOBALID":"{17F15D9E-BF31-48FF-8B99-263234DC12E5}","CREATOR":"JLAY","CREATED":1713469448000,"EDITOR":"DCGIS","EDITED":1713477402000,"OBJECTID":778}},{"type":"Feature","id":791,"geometry":{"type":"Point","coordinates":[-76.986441253162056,38.918558684362061]},"properties":{"NAME":"DPW - W Street NE","ADDRESS":"1241 W STREET NE","TYPE":"Indoor/Outdoor","SITE_TYPE":"Administrative","WARD":"Ward 5","MAR_ID":301879,"GIS_ID":"WirelessHotSpotPt_791","YCOORD":138964.69,"XCOORD":401176.03000000003,"LONGITUDE":-76.986438969999995,"LATITUDE":38.918550889999999,"LABEL":null,"NUMBER_OF_SITES":null,"SE_ANNO_CAD_DATA":null,"GLOBALID":"{D0F2865B-EE75-4B47-AB83-AD36E48F3688}","CREATOR":"JLAY","CREATED":1713469448000,"EDITOR":"DCGIS","EDITED":1713477402000,"OBJECTID":791}},{"type":"Feature","id":787,"geometry":{"type":"Point","coordinates":[-77.015135436244194,38.921071903840989]},"properties":{"NAME":"DPW - Bryant Street NW","ADDRESS":"201 BRYANT STREET NW","TYPE":"Indoor/Outdoor","SITE_TYPE":"Administrative","WARD":"Ward 1","MAR_ID":226683,"GIS_ID":"WirelessHotSpotPt_787","YCOORD":139243.70000000001,"XCOORD":398687.67999999999,"LONGITUDE":-77.015133149999997,"LATITUDE":38.921064110000003,"LABEL":null,"NUMBER_OF_SITES":null,"SE_ANNO_CAD_DATA":null,"GLOBALID":"{42ACFA76-D335-43C2-B4B7-BB1D77765B7B}","CREATOR":"JLAY","CREATED":1713469448000,"EDITOR":"DCGIS","EDITED":1713477402000,"OBJECTID":787}},{"type":"Feature","id":912,"geometry":{"type":"Point","coordinates":[-76.996854267815934,38.832245730375909]},"properties":{"NAME":"Kipp DC Ferebee Hope Recreation Center","ADDRESS":"700 YUMA STREET SE","TYPE":"Outdoor","SITE_TYPE":"Rec. Center","WARD":"Ward 8","MAR_ID":289444,"GIS_ID":"WirelessHotSpotPt_912","YCOORD":129383.22,"XCOORD":400273.33000000002,"LONGITUDE":-76.996851989999996,"LATITUDE":38.83223796,"LABEL":null,"NUMBER_OF_SITES":null,"SE_ANNO_CAD_DATA":null,"GLOBALID":"{A96AF5D6-F4CF-4F81-8D4C-A1EC9292598A}","CREATOR":"JLAY","CREATED":1713469448000,"EDITOR":"DCGIS","EDITED":1713477402000,"OBJECTID":912}},{"type":"Feature","id":897,"geometry":{"type":"Point","coordinates":[-76.983705956727562,38.851344350560893]},"properties":{"NAME":"Johnson Junior High","ADDRESS":"1400 BRUCE PLACE SE","TYPE":"Indoor/Outdoor","SITE_TYPE":"Public School","WARD":"Ward 8","MAR_ID":294520,"GIS_ID":"WirelessHotSpotPt_897","YCOORD":131503.42000000001,"XCOORD":401414.57000000001,"LONGITUDE":-76.983703680000005,"LATITUDE":38.851336910000001,"LABEL":null,"NUMBER_OF_SITES":null,"SE_ANNO_CAD_DATA":null,"GLOBALID":"{5AA06F2A-4E66-41ED-B3A2-152A8A222BE5}","CREATOR":"JLAY","CREATED":1713469448000,"EDITOR":"DCGIS","EDITED":1713477402000,"OBJECTID":897}},{"type":"Feature","id":747,"geometry":{"type":"Point","coordinates":[-76.93215784256401,38.908452418628229]},"properties":{"NAME":"Deanwood","ADDRESS":"1350 49TH STREET NE","TYPE":"Indoor/Outdoor","SITE_TYPE":"Rec. Center","WARD":"Ward 7","MAR_ID":307551,"GIS_ID":"WirelessHotSpotPt_747","YCOORD":137844.91,"XCOORD":405884.39000000001,"LONGITUDE":-76.93215558,"LATITUDE":38.908444959999997,"LABEL":null,"NUMBER_OF_SITES":null,"SE_ANNO_CAD_DATA":null,"GLOBALID":"{162E992B-A981-457F-A7B4-91C84ADA3278}","CREATOR":"JLAY","CREATED":1713469448000,"EDITOR":"DCGIS","EDITED":1713477402000,"OBJECTID":747}},{"type":"Feature","id":957,"geometry":{"type":"Point","coordinates":[-77.025609116784466,38.932597389604368]},"properties":{"NAME":"MPD Fourth District Substation (4D-1)","ADDRESS":"750 PARK ROAD NW","TYPE":"Indoor","SITE_TYPE":"Metro. Police Dept.","WARD":"Ward 1","MAR_ID":233054,"GIS_ID":"WirelessHotSpotPt_957","YCOORD":140523.33000000002,"XCOORD":397779.78000000003,"LONGITUDE":-77.025606819999993,"LATITUDE":38.9325896,"LABEL":null,"NUMBER_OF_SITES":null,"SE_ANNO_CAD_DATA":null,"GLOBALID":"{F657CA7B-5E74-409C-BEBA-571815919560}","CREATOR":"JLAY","CREATED":1713469448000,"EDITOR":"DCGIS","EDITED":1713477402000,"OBJECTID":957}},{"type":"Feature","id":898,"geometry":{"type":"Point","coordinates":[-76.969611722346329,38.865200094976331]},"properties":{"NAME":"Joint Education Facilities","ADDRESS":"2528 NAYLOR ROAD SE","TYPE":"Indoor/Outdoor","SITE_TYPE":"Community Service Organization","WARD":"Ward 7","MAR_ID":287097,"GIS_ID":"WirelessHotSpotPt_898","YCOORD":133041.82000000001,"XCOORD":402637.47999999998,"LONGITUDE":-76.969609449999993,"LATITUDE":38.865192649999997,"LABEL":null,"NUMBER_OF_SITES":null,"SE_ANNO_CAD_DATA":null,"GLOBALID":"{1193D316-51AE-488A-BA31-5AC4842E32A9}","CREATOR":"JLAY","CREATED":1713469448000,"EDITOR":"DCGIS","EDITED":1713477402000,"OBJECTID":898}},{"type":"Feature","id":1031,"geometry":{"type":"Point","coordinates":[-76.979136311398634,38.897819402449763]},"properties":{"NAME":"Rosedale Recreation Center and Library","ADDRESS":"1701 GALES STREET NE","TYPE":"Indoor/Outdoor","SITE_TYPE":"Rec. Center","WARD":"Ward 7","MAR_ID":307101,"GIS_ID":"WirelessHotSpotPt_1031","YCOORD":136662.58000000002,"XCOORD":401810.04999999999,"LONGITUDE":-76.979134029999997,"LATITUDE":38.897811949999998,"LABEL":null,"NUMBER_OF_SITES":null,"SE_ANNO_CAD_DATA":null,"GLOBALID":"{651E3761-09A0-4143-9CEA-C2A1CAE3DE7A}","CREATOR":"JLAY","CREATED":1713469448000,"EDITOR":"DCGIS","EDITED":1713477402000,"OBJECTID":1031}},{"type":"Feature","id":922,"geometry":{"type":"Point","coordinates":[-77.005888911030297,38.915176242899882]},"properties":{"NAME":"Langley","ADDRESS":"101 T STREET NE","TYPE":"Indoor/Outdoor","SITE_TYPE":"Public School","WARD":"Ward 5","MAR_ID":285757,"GIS_ID":"WirelessHotSpotPt_922","YCOORD":138589.14000000001,"XCOORD":399489.47999999998,"LONGITUDE":-77.005886619999998,"LATITUDE":38.915168790000003,"LABEL":null,"NUMBER_OF_SITES":null,"SE_ANNO_CAD_DATA":null,"GLOBALID":"{8739D5E4-834C-4025-BE20-EBA701C41E72}","CREATOR":"JLAY","CREATED":1713469448000,"EDITOR":"DCGIS","EDITED":1713477402000,"OBJECTID":922}},{"type":"Feature","id":757,"geometry":{"type":"Point","coordinates":[-76.996590863736074,38.899922235783599]},"properties":{"NAME":"DHS/ Government Social Service","ADDRESS":"645 H STREET NE","TYPE":"Indoor","SITE_TYPE":"Administrative","WARD":"Ward 6","MAR_ID":288821,"GIS_ID":"WirelessHotSpotPt_757","YCOORD":136895.81,"XCOORD":400295.91999999998,"LONGITUDE":-76.996588579999994,"LATITUDE":38.899914449999997,"LABEL":null,"NUMBER_OF_SITES":null,"SE_ANNO_CAD_DATA":null,"GLOBALID":"{D4946587-E7D4-4D53-80B9-9A7AD9C6A927}","CREATOR":"JLAY","CREATED":1713469448000,"EDITOR":"DCGIS","EDITED":1713477402000,"OBJECTID":757}},{"type":"Feature","id":895,"geometry":{"type":"Point","coordinates":[-77.066829941186214,38.91572075056672]},"properties":{"NAME":"Jelleff Recreation Center","ADDRESS":"3265 S STREET NW","TYPE":"Indoor/Outdoor","SITE_TYPE":"Rec. Center","WARD":"Ward 2","MAR_ID":273636,"GIS_ID":"WirelessHotSpotPt_895","YCOORD":138651.69,"XCOORD":394204.39000000001,"LONGITUDE":-77.06682764,"LATITUDE":38.91571296,"LABEL":null,"NUMBER_OF_SITES":null,"SE_ANNO_CAD_DATA":null,"GLOBALID":"{4FCE11FC-1EE0-4841-A2B5-CBE33E7E8064}","CREATOR":"JLAY","CREATED":1713469448000,"EDITOR":"DCGIS","EDITED":1713477402000,"OBJECTID":895}},{"type":"Feature","id":920,"geometry":{"type":"Point","coordinates":[-76.976967023686427,38.924888972547166]},"properties":{"NAME":"Langdon Elementary School","ADDRESS":"1900 EVARTS STREET NE","TYPE":"Indoor/Outdoor","SITE_TYPE":"Public School","WARD":"Ward 5","MAR_ID":294532,"GIS_ID":"WirelessHotSpotPt_920","YCOORD":139667.57000000001,"XCOORD":401997.47000000003,"LONGITUDE":-76.976964749999993,"LATITUDE":38.92488118,"LABEL":null,"NUMBER_OF_SITES":null,"SE_ANNO_CAD_DATA":null,"GLOBALID":"{778D9D32-CD93-44B3-B5F7-FB2FC9FEB7F9}","CREATOR":"JLAY","CREATED":1713469448000,"EDITOR":"DCGIS","EDITED":1713477402000,"OBJECTID":920}},{"type":"Feature","id":972,"geometry":{"type":"Point","coordinates":[-76.975514693425168,38.888504223525139]},"properties":{"NAME":"National Guard - D.C. Armory","ADDRESS":"2001 EAST CAPITOL STREET SE","TYPE":"Indoor","SITE_TYPE":"Administrative","WARD":"Ward 7","MAR_ID":294395,"GIS_ID":"WirelessHotSpotPt_972","YCOORD":135628.60000000001,"XCOORD":402124.48999999999,"LONGITUDE":-76.975512420000001,"LATITUDE":38.888496770000003,"LABEL":null,"NUMBER_OF_SITES":null,"SE_ANNO_CAD_DATA":null,"GLOBALID":"{B764EE2A-FEA8-4923-B08C-C79E7ACE0554}","CREATOR":"JLAY","CREATED":1713469448000,"EDITOR":"DCGIS","EDITED":1713477402000,"OBJECTID":972}},{"type":"Feature","id":660,"geometry":{"type":"Point","coordinates":[-76.996305630573332,38.860332868201453]},"properties":{"NAME":"Barry Farm Recreation Center","ADDRESS":"1230 SUMNER ROAD SE","TYPE":"Indoor/Outdoor","SITE_TYPE":"Rec. Center","WARD":"Ward 8","MAR_ID":285960,"GIS_ID":"WirelessHotSpotPt_660","YCOORD":132501.09,"XCOORD":400320.84000000003,"LONGITUDE":-76.996303350000005,"LATITUDE":38.860325090000003,"LABEL":null,"NUMBER_OF_SITES":null,"SE_ANNO_CAD_DATA":null,"GLOBALID":"{B4E546C9-94F5-420C-86F2-955DEA24A2D0}","CREATOR":"JLAY","CREATED":1713469448000,"EDITOR":"DCGIS","EDITED":1713477402000,"OBJECTID":660}},{"type":"Feature","id":776,"geometry":{"type":"Point","coordinates":[-76.978304456929919,38.857654057965959]},"properties":{"NAME":"DPR-Fort Stanton Pool","ADDRESS":"1800 ERIE STREET SE","TYPE":"Outdoor","SITE_TYPE":"Rec. Center","WARD":"Ward 8","MAR_ID":302145,"GIS_ID":"WirelessHotSpotPt_776","YCOORD":132203.94,"XCOORD":401883.27000000002,"LONGITUDE":-76.97830218,"LATITUDE":38.857646279999997,"LABEL":null,"NUMBER_OF_SITES":null,"SE_ANNO_CAD_DATA":null,"GLOBALID":"{851EA78E-8CFD-4972-B8B0-C8578C7217B1}","CREATOR":"JLAY","CREATED":1713469448000,"EDITOR":"DCGIS","EDITED":1713477402000,"OBJECTID":776}},{"type":"Feature","id":796,"geometry":{"type":"Point","coordinates":[-76.989579110995365,38.831021237549464]},"properties":{"NAME":"Early Childhood Academy PCS   Walter Washington Campus","ADDRESS":"4301 9TH STREET SE","TYPE":"Outdoor","SITE_TYPE":"Public Charter School","WARD":"Ward 8","MAR_ID":298086,"GIS_ID":"WirelessHotSpotPt_796","YCOORD":129247.34,"XCOORD":400905.02000000002,"LONGITUDE":-76.989576830000004,"LATITUDE":38.831013460000001,"LABEL":null,"NUMBER_OF_SITES":null,"SE_ANNO_CAD_DATA":null,"GLOBALID":"{28DF935D-01F3-41C5-B12B-50029576495F}","CREATOR":"JLAY","CREATED":1713469448000,"EDITOR":"DCGIS","EDITED":1713477402000,"OBJECTID":796}},{"type":"Feature","id":977,"geometry":{"type":"Point","coordinates":[-77.024839315018326,38.907933025866669]},"properties":{"NAME":"Office of Public Records/Archives","ADDRESS":"1300 NAYLOR COURT NW","TYPE":"Outdoor","SITE_TYPE":"Administrative","WARD":"Ward 2","MAR_ID":303382,"GIS_ID":"WirelessHotSpotPt_977","YCOORD":137785.36000000002,"XCOORD":397845.78000000003,"LONGITUDE":-77.024837020000007,"LATITUDE":38.907925239999997,"LABEL":null,"NUMBER_OF_SITES":null,"SE_ANNO_CAD_DATA":null,"GLOBALID":"{645913C6-F066-42AA-8269-E7B50899B40D}","CREATOR":"JLAY","CREATED":1713469448000,"EDITOR":"DCGIS","EDITED":1713477402000,"OBJECTID":977}},{"type":"Feature","id":709,"geometry":{"type":"Point","coordinates":[-77.028819836855618,38.905860551676994]},"properties":{"NAME":"Claridge Towers","ADDRESS":"1221 M STREET NW","TYPE":"Outdoor","SITE_TYPE":"Public Housing","WARD":"Ward 2","MAR_ID":278959,"GIS_ID":"WirelessHotSpotPt_709","YCOORD":137555.39999999999,"XCOORD":397500.46000000002,"LONGITUDE":-77.028817540000006,"LATITUDE":38.905853100000002,"LABEL":null,"NUMBER_OF_SITES":null,"SE_ANNO_CAD_DATA":null,"GLOBALID":"{85052118-EB08-4EBF-866B-7E9CDC0B7B13}","CREATOR":"JLAY","CREATED":1713469448000,"EDITOR":"DCGIS","EDITED":1713477402000,"OBJECTID":709}},{"type":"Feature","id":1053,"geometry":{"type":"Point","coordinates":[-77.011099458243692,38.908268718378714]},"properties":{"NAME":"So Others Might Eat (SOME) - Behavioral Health Services","ADDRESS":"60 O STREET NW","TYPE":"Outdoor","SITE_TYPE":"Health Center","WARD":"Ward 5","MAR_ID":236940,"GIS_ID":"WirelessHotSpotPt_1053","YCOORD":137822.39000000001,"XCOORD":399037.5,"LONGITUDE":-77.011097169999999,"LATITUDE":38.908260929999997,"LABEL":null,"NUMBER_OF_SITES":null,"SE_ANNO_CAD_DATA":null,"GLOBALID":"{B537E97E-D2FB-4BFB-B559-8CF6136B31A9}","CREATOR":"JLAY","CREATED":1713469448000,"EDITOR":"DCGIS","EDITED":1713477402000,"OBJECTID":1053}},{"type":"Feature","id":1022,"geometry":{"type":"Point","coordinates":[-77.032517271283311,38.917577091495744]},"properties":{"NAME":"Reeve's Center","ADDRESS":"2000 14TH STREET NW","TYPE":"Indoor","SITE_TYPE":"Administrative","WARD":"Ward 1","MAR_ID":239976,"GIS_ID":"WirelessHotSpotPt_1022","YCOORD":138856.14000000001,"XCOORD":397180.22000000003,"LONGITUDE":-77.032514980000002,"LATITUDE":38.917569299999997,"LABEL":null,"NUMBER_OF_SITES":null,"SE_ANNO_CAD_DATA":null,"GLOBALID":"{86847911-595E-4183-854A-AB4663D1FC84}","CREATOR":"JLAY","CREATED":1713469448000,"EDITOR":"DCGIS","EDITED":1713477402000,"OBJECTID":1022}},{"type":"Feature","id":1005,"geometry":{"type":"Point","coordinates":[-77.024725367898739,38.961372914285548]},"properties":{"NAME":"Paul PCS","ADDRESS":"5800 8TH STREET NW","TYPE":"Outdoor","SITE_TYPE":"Public Charter School","WARD":"Ward 4","MAR_ID":294613,"GIS_ID":"WirelessHotSpotPt_1005","YCOORD":143717.64999999999,"XCOORD":397857.27000000002,"LONGITUDE":-77.024723069999993,"LATITUDE":38.961365450000002,"LABEL":null,"NUMBER_OF_SITES":null,"SE_ANNO_CAD_DATA":null,"GLOBALID":"{A1C0C875-9DCE-425F-91ED-250ED7F529B4}","CREATOR":"JLAY","CREATED":1713469448000,"EDITOR":"DCGIS","EDITED":1713477402000,"OBJECTID":1005}},{"type":"Feature","id":1055,"geometry":{"type":"Point","coordinates":[-76.992483999665126,38.829393180448022]},"properties":{"NAME":"South East Veterans Service Center","ADDRESS":"820 CHESAPEAKE STREET SE","TYPE":"Outdoor","SITE_TYPE":"Health Center","WARD":"Ward 8","MAR_ID":278623,"GIS_ID":"WirelessHotSpotPt_1055","YCOORD":129066.59,"XCOORD":400652.81,"LONGITUDE":-76.992481720000001,"LATITUDE":38.829385739999999,"LABEL":null,"NUMBER_OF_SITES":null,"SE_ANNO_CAD_DATA":null,"GLOBALID":"{535B9B14-C4E4-45CF-996D-97EF2634840C}","CREATOR":"JLAY","CREATED":1713469448000,"EDITOR":"DCGIS","EDITED":1713477402000,"OBJECTID":1055}},{"type":"Feature","id":990,"geometry":{"type":"Point","coordinates":[-77.043471208522604,38.898328607726221]},"properties":{"NAME":"PA2040 Cabinet 2 (SE Corner)","ADDRESS":"19TH STREET NW AND G STREET NW","TYPE":"Outdoor","SITE_TYPE":"Administrative","WARD":"Ward 2","MAR_ID":901742,"GIS_ID":"WirelessHotSpotPt_990","YCOORD":136719.79689200001,"XCOORD":396229.25001000002,"LONGITUDE":-77.043469000000002,"LATITUDE":38.898320999999996,"LABEL":null,"NUMBER_OF_SITES":null,"SE_ANNO_CAD_DATA":null,"GLOBALID":"{3821E109-125E-4454-9A88-25D85E5620B2}","CREATOR":"JLAY","CREATED":1713469448000,"EDITOR":"DCGIS","EDITED":1713477402000,"OBJECTID":990}},{"type":"Feature","id":655,"geometry":{"type":"Point","coordinates":[-77.010164011936808,38.818897655965785]},"properties":{"NAME":"Bald Eagle Community Center","ADDRESS":"100 JOLIET STREET SW","TYPE":"Indoor/Outdoor","SITE_TYPE":"Rec. Center","WARD":"Ward 8","MAR_ID":301277,"GIS_ID":"WirelessHotSpotPt_655","YCOORD":127901.54000000001,"XCOORD":399117.53000000003,"LONGITUDE":-77.010161999999994,"LATITUDE":38.818889999999996,"LABEL":null,"NUMBER_OF_SITES":null,"SE_ANNO_CAD_DATA":null,"GLOBALID":"{29B913A2-D956-461F-B246-A4186DA9CD2A}","CREATOR":"JLAY","CREATED":1713469448000,"EDITOR":"DCGIS","EDITED":1713477402000,"OBJECTID":655}},{"type":"Feature","id":1008,"geometry":{"type":"Point","coordinates":[-77.001746473221317,38.913038609799948]},"properties":{"NAME":"Penn Center","ADDRESS":"1709 3RD STREET NE","TYPE":"Indoor","SITE_TYPE":"Administrative","WARD":"Ward 5","MAR_ID":294526,"GIS_ID":"WirelessHotSpotPt_1008","YCOORD":138351.83000000002,"XCOORD":399848.72999999998,"LONGITUDE":-77.001744189999997,"LATITUDE":38.913031150000002,"LABEL":null,"NUMBER_OF_SITES":null,"SE_ANNO_CAD_DATA":null,"GLOBALID":"{AE5EE898-B2C0-43E2-9AE9-AD85DC3FB671}","CREATOR":"JLAY","CREATED":1713469448000,"EDITOR":"DCGIS","EDITED":1713477402000,"OBJECTID":1008}},{"type":"Feature","id":890,"geometry":{"type":"Point","coordinates":[-77.077778006698566,38.950164181033365]},"properties":{"NAME":"Jackson-Reed High School (formerly W. Wilson Senior High)","ADDRESS":"3950 CHESAPEAKE STREET NW","TYPE":"Indoor/Outdoor","SITE_TYPE":"Public School","WARD":"Ward 3","MAR_ID":294587,"GIS_ID":"WirelessHotSpotPt_890","YCOORD":142475.95999999999,"XCOORD":393258.17999999999,"LONGITUDE":-77.077775700000004,"LATITUDE":38.950156720000003,"LABEL":null,"NUMBER_OF_SITES":null,"SE_ANNO_CAD_DATA":null,"GLOBALID":"{891B56B4-FDFF-40F7-91EF-2C9ED06585C1}","CREATOR":"JLAY","CREATED":1713469448000,"EDITOR":"DCGIS","EDITED":1713477402000,"OBJECTID":890}},{"type":"Feature","id":722,"geometry":{"type":"Point","coordinates":[-77.032283196288887,38.901031708033756]},"properties":{"NAME":"Corrections Information Council (CIC)","ADDRESS":"1400 I STREET NW","TYPE":"Indoor","SITE_TYPE":"Administrative","WARD":"Ward 2","MAR_ID":217995,"GIS_ID":"WirelessHotSpotPt_722","YCOORD":137019.45999999999,"XCOORD":397199.87,"LONGITUDE":-77.032280900000003,"LATITUDE":38.90102426,"LABEL":null,"NUMBER_OF_SITES":null,"SE_ANNO_CAD_DATA":null,"GLOBALID":"{7104874F-82E2-4DE8-8BCF-0C59D5C3C67F}","CREATOR":"JLAY","CREATED":1713469448000,"EDITOR":"DCGIS","EDITED":1713477402000,"OBJECTID":722}},{"type":"Feature","id":836,"geometry":{"type":"Point","coordinates":[-77.016086652002869,38.90766674079466]},"properties":{"NAME":"Engine Company 6 (Truck Company 4)","ADDRESS":"1300 NEW JERSEY AVENUE NW","TYPE":"Indoor/Outdoor","SITE_TYPE":"Fire Emergency Medical Services","WARD":"Ward 2","MAR_ID":294514,"GIS_ID":"WirelessHotSpotPt_836","YCOORD":137755.63,"XCOORD":398604.92999999999,"LONGITUDE":-77.016084359999994,"LATITUDE":38.907658949999998,"LABEL":null,"NUMBER_OF_SITES":null,"SE_ANNO_CAD_DATA":null,"GLOBALID":"{CF5CC59A-DD67-4F1C-A486-2539DBFA355C}","CREATOR":"JLAY","CREATED":1713469448000,"EDITOR":"DCGIS","EDITED":1713477402000,"OBJECTID":836}},{"type":"Feature","id":1021,"geometry":{"type":"Point","coordinates":[-77.040824537102125,38.919119593312246]},"properties":{"NAME":"Reed LC Elementary School","ADDRESS":"2201 18TH STREET NW","TYPE":"Indoor/Outdoor","SITE_TYPE":"Public School / Rec. Center","WARD":"Ward 1","MAR_ID":310614,"GIS_ID":"WirelessHotSpotPt_1021","YCOORD":139027.66,"XCOORD":396459.87,"LONGITUDE":-77.040822239999997,"LATITUDE":38.919112140000003,"LABEL":null,"NUMBER_OF_SITES":null,"SE_ANNO_CAD_DATA":null,"GLOBALID":"{131B8D1A-CFCC-48CD-A217-4686ACE0BB18}","CREATOR":"JLAY","CREATED":1713469448000,"EDITOR":"DCGIS","EDITED":1713477402000,"OBJECTID":1021}},{"type":"Feature","id":752,"geometry":{"type":"Point","coordinates":[-77.008293735448532,38.90519800496979]},"properties":{"NAME":"Department of Housing","ADDRESS":"1133 NORTH CAPITOL STREET NE","TYPE":"Indoor","SITE_TYPE":"Administrative","WARD":"Ward 6","MAR_ID":149791,"GIS_ID":"WirelessHotSpotPt_752","YCOORD":137481.48999999999,"XCOORD":399280.82000000001,"LONGITUDE":-77.008291450000002,"LATITUDE":38.905190220000001,"LABEL":null,"NUMBER_OF_SITES":null,"SE_ANNO_CAD_DATA":null,"GLOBALID":"{4042ED4F-2CA8-4225-8675-3154D136E565}","CREATOR":"JLAY","CREATED":1713469448000,"EDITOR":"DCGIS","EDITED":1713477402000,"OBJECTID":752}},{"type":"Feature","id":1102,"geometry":{"type":"Point","coordinates":[-77.01924089573717,38.965864739444704]},"properties":{"NAME":"Whittier Elementary School","ADDRESS":"6201 5TH STREET NW","TYPE":"Indoor/Outdoor","SITE_TYPE":"Public School","WARD":"Ward 4","MAR_ID":294614,"GIS_ID":"WirelessHotSpotPt_1102","YCOORD":144216.17000000001,"XCOORD":398332.71000000002,"LONGITUDE":-77.019238599999994,"LATITUDE":38.965857270000001,"LABEL":null,"NUMBER_OF_SITES":null,"SE_ANNO_CAD_DATA":null,"GLOBALID":"{808FFDC1-06F8-455F-B74F-E8EE4525F5E6}","CREATOR":"JLAY","CREATED":1713469448000,"EDITOR":"DCGIS","EDITED":1713477402000,"OBJECTID":1102}},{"type":"Feature","id":849,"geometry":{"type":"Point","coordinates":[-76.944647467368611,38.8690880596154]},"properties":{"NAME":"Fort Davis Community Center","ADDRESS":"1400 41ST STREET SE","TYPE":"Indoor/Outdoor","SITE_TYPE":"Rec. Center","WARD":"Ward 7","MAR_ID":295122,"GIS_ID":"WirelessHotSpotPt_849","YCOORD":133474.42999999999,"XCOORD":404803.77000000002,"LONGITUDE":-76.944645199999997,"LATITUDE":38.869080279999999,"LABEL":null,"NUMBER_OF_SITES":null,"SE_ANNO_CAD_DATA":null,"GLOBALID":"{4A16F901-7E46-4ABA-8DC4-B77A58EC2CFC}","CREATOR":"JLAY","CREATED":1713469448000,"EDITOR":"DCGIS","EDITED":1713477402000,"OBJECTID":849}},{"type":"Feature","id":1046,"geometry":{"type":"Point","coordinates":[-76.942887582864429,38.892491286085601]},"properties":{"NAME":"Sixth District Fueling Station","ADDRESS":"100 42ND STREET NE","TYPE":"Indoor/Outdoor","SITE_TYPE":"Metro. Police Dept.","WARD":"Ward 7","MAR_ID":294469,"GIS_ID":"WirelessHotSpotPt_1046","YCOORD":136072.45999999999,"XCOORD":404954.87,"LONGITUDE":-76.94288499999999,"LATITUDE":38.892483999999996,"LABEL":null,"NUMBER_OF_SITES":null,"SE_ANNO_CAD_DATA":null,"GLOBALID":"{3D77CF4E-9ACD-46AE-B48F-3C837C212DE6}","CREATOR":"JLAY","CREATED":1713469448000,"EDITOR":"DCGIS","EDITED":1713477402000,"OBJECTID":1046}},{"type":"Feature","id":1086,"geometry":{"type":"Point","coordinates":[-77.016424445360684,38.915093351015294]},"properties":{"NAME":"UPO HQ","ADDRESS":"301 RHODE ISLAND AVENUE NW","TYPE":"Outdoor","SITE_TYPE":"Community Service Organization","WARD":"Ward 1","MAR_ID":229965,"GIS_ID":"WirelessHotSpotPt_1086","YCOORD":138580.04999999999,"XCOORD":398575.78000000003,"LONGITUDE":-77.016422160000005,"LATITUDE":38.91508589,"LABEL":null,"NUMBER_OF_SITES":null,"SE_ANNO_CAD_DATA":null,"GLOBALID":"{D672A95E-D089-4999-9F44-B30B31973452}","CREATOR":"JLAY","CREATED":1713469448000,"EDITOR":"DCGIS","EDITED":1713477402000,"OBJECTID":1086}},{"type":"Feature","id":654,"geometry":{"type":"Point","coordinates":[-76.971171522711629,38.913723934746706]},"properties":{"NAME":"Arboretum Recreation Center","ADDRESS":"2412 RAND PLACE NE","TYPE":"Indoor/Outdoor","SITE_TYPE":"Rec. Center","WARD":"Ward 5","MAR_ID":296167,"GIS_ID":"WirelessHotSpotPt_654","YCOORD":138428.29999999999,"XCOORD":402500.41000000003,"LONGITUDE":-76.971169250000003,"LATITUDE":38.913716479999998,"LABEL":null,"NUMBER_OF_SITES":null,"SE_ANNO_CAD_DATA":null,"GLOBALID":"{44F19CA8-C81F-419B-9BFE-41458C87BCF2}","CREATOR":"JLAY","CREATED":1713469448000,"EDITOR":"DCGIS","EDITED":1713477402000,"OBJECTID":654}},{"type":"Feature","id":665,"geometry":{"type":"Point","coordinates":[-76.934396532426916,38.882634988796831]},"properties":{"NAME":"Benning Road Campus (LEAP, Promise, and Key Academy)","ADDRESS":"4801 BENNING ROAD SE","TYPE":"Outdoor","SITE_TYPE":"Public Charter School","WARD":"Ward 7","MAR_ID":17421,"GIS_ID":"WirelessHotSpotPt_665","YCOORD":134978.83000000002,"XCOORD":405692.28000000003,"LONGITUDE":-76.934394269999999,"LATITUDE":38.882627540000001,"LABEL":null,"NUMBER_OF_SITES":null,"SE_ANNO_CAD_DATA":null,"GLOBALID":"{4D5C459B-38EC-458F-BB23-0336B0D66022}","CREATOR":"JLAY","CREATED":1713469448000,"EDITOR":"DCGIS","EDITED":1713477402000,"OBJECTID":665}},{"type":"Feature","id":643,"geometry":{"type":"Point","coordinates":[-76.995091284890364,38.849537751306507]},"properties":{"NAME":"801 East Building","ADDRESS":"2700 MARTIN LUTHER KING JR AVENUE SE","TYPE":"Outdoor","SITE_TYPE":"Health Center","WARD":"Ward 8","MAR_ID":301562,"GIS_ID":"WirelessHotSpotPt_643","YCOORD":131302.76000000001,"XCOORD":400426.29999999999,"LONGITUDE":-76.995089010000001,"LATITUDE":38.849529969999999,"LABEL":null,"NUMBER_OF_SITES":null,"SE_ANNO_CAD_DATA":null,"GLOBALID":"{B3AC4E35-17CA-464C-9FA9-DE77EF775EAC}","CREATOR":"JLAY","CREATED":1713469448000,"EDITOR":"DCGIS","EDITED":1713477402000,"OBJECTID":643}},{"type":"Feature","id":1087,"geometry":{"type":"Point","coordinates":[-77.032316997449044,38.943321186548708]},"properties":{"NAME":"Upshur Recreation Center","ADDRESS":"4300 ARKANSAS AVENUE NW","TYPE":"Indoor/Outdoor","SITE_TYPE":"Rec. Center","WARD":"Ward 4","MAR_ID":295147,"GIS_ID":"WirelessHotSpotPt_1087","YCOORD":141713.95000000001,"XCOORD":397198.60000000003,"LONGITUDE":-77.032314700000001,"LATITUDE":38.94331373,"LABEL":null,"NUMBER_OF_SITES":null,"SE_ANNO_CAD_DATA":null,"GLOBALID":"{B5BD32AB-9606-497F-BB7F-ACBD71B67724}","CREATOR":"JLAY","CREATED":1713469448000,"EDITOR":"DCGIS","EDITED":1713477402000,"OBJECTID":1087}},{"type":"Feature","id":835,"geometry":{"type":"Point","coordinates":[-77.068438182004328,38.91144572236395]},"properties":{"NAME":"Engine Company 5","ADDRESS":"3412 DENT PLACE NW","TYPE":"Indoor/Outdoor","SITE_TYPE":"Fire Emergency Medical Services","WARD":"Ward 2","MAR_ID":294568,"GIS_ID":"WirelessHotSpotPt_835","YCOORD":138177.23000000001,"XCOORD":394064.56,"LONGITUDE":-77.068435879999996,"LATITUDE":38.911438269999998,"LABEL":null,"NUMBER_OF_SITES":null,"SE_ANNO_CAD_DATA":null,"GLOBALID":"{62190A52-2771-4088-8B2D-902D99655B10}","CREATOR":"JLAY","CREATED":1713469448000,"EDITOR":"DCGIS","EDITED":1713477402000,"OBJECTID":835}},{"type":"Feature","id":817,"geometry":{"type":"Point","coordinates":[-76.966989564181787,38.871603822519639]},"properties":{"NAME":"Engine Company 19","ADDRESS":"2813 PENNSYLVANIA AVENUE SE","TYPE":"Indoor/Outdoor","SITE_TYPE":"Fire Emergency Medical Services","WARD":"Ward 7","MAR_ID":44167,"GIS_ID":"WirelessHotSpotPt_817","YCOORD":133752.76000000001,"XCOORD":402864.79000000004,"LONGITUDE":-76.966987290000006,"LATITUDE":38.871596369999999,"LABEL":null,"NUMBER_OF_SITES":null,"SE_ANNO_CAD_DATA":null,"GLOBALID":"{481A0C04-B676-4C6B-A107-0506A77B86B1}","CREATOR":"JLAY","CREATED":1713469448000,"EDITOR":"DCGIS","EDITED":1713477402000,"OBJECTID":817}},{"type":"Feature","id":1106,"geometry":{"type":"Point","coordinates":[-77.07778637259878,38.949267491280281]},"properties":{"NAME":"Wilson Aquatic Center","ADDRESS":"4551 FORT DRIVE NW","TYPE":"Indoor/Outdoor","SITE_TYPE":"Rec. Center","WARD":"Ward 3","MAR_ID":307826,"GIS_ID":"WirelessHotSpotPt_1106","YCOORD":142376.42000000001,"XCOORD":393257.37,"LONGITUDE":-77.077783999999994,"LATITUDE":38.949259999999995,"LABEL":null,"NUMBER_OF_SITES":null,"SE_ANNO_CAD_DATA":null,"GLOBALID":"{65F97A46-6CAE-453B-80C5-491D5EEFD451}","CREATOR":"JLAY","CREATED":1713469448000,"EDITOR":"DCGIS","EDITED":1713477402000,"OBJECTID":1106}},{"type":"Feature","id":942,"geometry":{"type":"Point","coordinates":[-77.039842122397204,38.921481105222945]},"properties":{"NAME":"Mary's Center  (Education Strengthens Families PCS - Ontario)","ADDRESS":"2355 ONTARIO ROAD NW","TYPE":"Outdoor","SITE_TYPE":"Public Charter School","WARD":"Ward 1","MAR_ID":285647,"GIS_ID":"WirelessHotSpotPt_942","YCOORD":139289.76999999999,"XCOORD":396545.17999999999,"LONGITUDE":-77.039839999999998,"LATITUDE":38.921473999999996,"LABEL":null,"NUMBER_OF_SITES":null,"SE_ANNO_CAD_DATA":null,"GLOBALID":"{22F8A9C5-DC87-4A70-BC4E-73E2DB698E25}","CREATOR":"JLAY","CREATED":1713469448000,"EDITOR":"DCGIS","EDITED":1713477402000,"OBJECTID":942}},{"type":"Feature","id":1010,"geometry":{"type":"Point","coordinates":[-77.024005801321081,38.941017156759465]},"properties":{"NAME":"Petworth Recreation Center","ADDRESS":"801 TAYLOR STREET NW","TYPE":"Indoor/Outdoor","SITE_TYPE":"Rec. Center","WARD":"Ward 4","MAR_ID":296169,"GIS_ID":"WirelessHotSpotPt_1010","YCOORD":141457.95999999999,"XCOORD":397919.04000000004,"LONGITUDE":-77.02400351,"LATITUDE":38.941009700000002,"LABEL":null,"NUMBER_OF_SITES":null,"SE_ANNO_CAD_DATA":null,"GLOBALID":"{CBE543A7-9DC9-4364-A3A0-D8B8AFB263FC}","CREATOR":"JLAY","CREATED":1713469448000,"EDITOR":"DCGIS","EDITED":1713477402000,"OBJECTID":1010}},{"type":"Feature","id":802,"geometry":{"type":"Point","coordinates":[-76.978980195729818,38.892438946299301]},"properties":{"NAME":"Eliot -Hine Middle School","ADDRESS":"1830 CONSTITUTION AVENUE NE","TYPE":"Indoor","SITE_TYPE":"Public School","WARD":"Ward 7","MAR_ID":286499,"GIS_ID":"WirelessHotSpotPt_802","YCOORD":136065.31,"XCOORD":401823.72999999998,"LONGITUDE":-76.978977920000005,"LATITUDE":38.89243149,"LABEL":null,"NUMBER_OF_SITES":null,"SE_ANNO_CAD_DATA":null,"GLOBALID":"{F4D4F896-C9D1-465E-A302-C1161CF32E01}","CREATOR":"JLAY","CREATED":1713469448000,"EDITOR":"DCGIS","EDITED":1713477402000,"OBJECTID":802}},{"type":"Feature","id":829,"geometry":{"type":"Point","coordinates":[-77.093525948897465,38.915572802313342]},"properties":{"NAME":"Engine Company 29 (Truck Company 5)","ADDRESS":"4811 MACARTHUR BOULEVARD NW","TYPE":"Indoor/Outdoor","SITE_TYPE":"Fire Emergency Medical Services","WARD":"Ward 3","MAR_ID":284959,"GIS_ID":"WirelessHotSpotPt_829","YCOORD":138637.29999999999,"XCOORD":391889.16999999998,"LONGITUDE":-77.093523640000001,"LATITUDE":38.915565350000001,"LABEL":null,"NUMBER_OF_SITES":null,"SE_ANNO_CAD_DATA":null,"GLOBALID":"{F8259634-0805-4D5F-9086-E0D66AE80C12}","CREATOR":"JLAY","CREATED":1713469448000,"EDITOR":"DCGIS","EDITED":1713477402000,"OBJECTID":829}},{"type":"Feature","id":1097,"geometry":{"type":"Point","coordinates":[-77.022220648406119,38.91244961628977]},"properties":{"NAME":"Watha T Daniel/Shaw Neighborhood Library","ADDRESS":"1630 7TH STREET NW","TYPE":"Outdoor","SITE_TYPE":"Library","WARD":"Ward 2","MAR_ID":308201,"GIS_ID":"WirelessHotSpotPt_1097","YCOORD":138286.67999999999,"XCOORD":398073.03000000003,"LONGITUDE":-77.022218359999997,"LATITUDE":38.912442159999998,"LABEL":null,"NUMBER_OF_SITES":null,"SE_ANNO_CAD_DATA":null,"GLOBALID":"{A8EC858A-6D6C-4740-904C-28A1DFE6A7BB}","CREATOR":"JLAY","CREATED":1713469448000,"EDITOR":"DCGIS","EDITED":1713477402000,"OBJECTID":1097}},{"type":"Feature","id":921,"geometry":{"type":"Point","coordinates":[-76.975790770276475,38.926830207509283]},"properties":{"NAME":"Langdon Park Community Center","ADDRESS":"2901 20TH STREET NE","TYPE":"Indoor/Outdoor","SITE_TYPE":"Rec. Center","WARD":"Ward 5","MAR_ID":287283,"GIS_ID":"WirelessHotSpotPt_921","YCOORD":139883.09,"XCOORD":402099.41000000003,"LONGITUDE":-76.975788489999999,"LATITUDE":38.926822749999999,"LABEL":null,"NUMBER_OF_SITES":null,"SE_ANNO_CAD_DATA":null,"GLOBALID":"{473A0B6C-A1BE-4B16-8B7D-10F210FF591E}","CREATOR":"JLAY","CREATED":1713469448000,"EDITOR":"DCGIS","EDITED":1713477402000,"OBJECTID":921}},{"type":"Feature","id":641,"geometry":{"type":"Point","coordinates":[-76.947807475493363,38.894141669610725]},"properties":{"NAME":"(New) Benning Library","ADDRESS":"3935 BENNING ROAD NE","TYPE":"Outdoor","SITE_TYPE":"Library","WARD":"Ward 7","MAR_ID":295144,"GIS_ID":"WirelessHotSpotPt_641","YCOORD":136255.41,"XCOORD":404527.95000000001,"LONGITUDE":-76.947805209999999,"LATITUDE":38.894133879999998,"LABEL":null,"NUMBER_OF_SITES":null,"SE_ANNO_CAD_DATA":null,"GLOBALID":"{B64A0E42-3313-44C4-8BCE-5CEE0510BD92}","CREATOR":"JLAY","CREATED":1713469448000,"EDITOR":"DCGIS","EDITED":1713477402000,"OBJECTID":641}},{"type":"Feature","id":792,"geometry":{"type":"Point","coordinates":[-76.920270816147777,38.896011753467384]},"properties":{"NAME":"Drew Elementary School","ADDRESS":"5600 EADS STREET NE","TYPE":"Indoor/Outdoor","SITE_TYPE":"Public School","WARD":"Ward 7","MAR_ID":277686,"GIS_ID":"WirelessHotSpotPt_792","YCOORD":136464.73000000001,"XCOORD":406916.60000000003,"LONGITUDE":-76.920268559999997,"LATITUDE":38.896003960000002,"LABEL":null,"NUMBER_OF_SITES":null,"SE_ANNO_CAD_DATA":null,"GLOBALID":"{165D4095-D0A4-4696-B1CF-D3951514C06F}","CREATOR":"JLAY","CREATED":1713469448000,"EDITOR":"DCGIS","EDITED":1713477402000,"OBJECTID":792}},{"type":"Feature","id":846,"geometry":{"type":"Point","coordinates":[-77.031042235466188,38.930590282814386]},"properties":{"NAME":"FEMS Special Operations Unit","ADDRESS":"1338 PARK ROAD NW","TYPE":"Indoor","SITE_TYPE":"Fire Emergency Medical Services","WARD":"Ward 1","MAR_ID":307124,"GIS_ID":"WirelessHotSpotPt_846","YCOORD":140300.67000000001,"XCOORD":397308.63,"LONGITUDE":-77.031039939999999,"LATITUDE":38.930582819999998,"LABEL":null,"NUMBER_OF_SITES":null,"SE_ANNO_CAD_DATA":null,"GLOBALID":"{F5A383E4-E56A-4EC2-93FC-77FB130A7D48}","CREATOR":"JLAY","CREATED":1713469448000,"EDITOR":"DCGIS","EDITED":1713477402000,"OBJECTID":846}},{"type":"Feature","id":717,"geometry":{"type":"Point","coordinates":[-76.987456638933494,38.840163443145769]},"properties":{"NAME":"Community of Hope (Mississippi Avenue Apts)","ADDRESS":"1320 MISSISSIPPI AVENUE SE","TYPE":"Outdoor","SITE_TYPE":"Community Service Organization","WARD":"Ward 8","MAR_ID":290141,"GIS_ID":"WirelessHotSpotPt_717","YCOORD":130262.21000000001,"XCOORD":401089.16999999998,"LONGITUDE":-76.987454360000001,"LATITUDE":38.840155670000001,"LABEL":null,"NUMBER_OF_SITES":null,"SE_ANNO_CAD_DATA":null,"GLOBALID":"{4C12541A-0F51-4E7D-B993-037202466BDC}","CREATOR":"JLAY","CREATED":1713469448000,"EDITOR":"DCGIS","EDITED":1713477402000,"OBJECTID":717}},{"type":"Feature","id":699,"geometry":{"type":"Point","coordinates":[-76.949100027739988,38.901410008880148]},"properties":{"NAME":"Cesar Chavez PCS for Public Policy - Parkside Campus","ADDRESS":"3701 HAYES STREET NE","TYPE":"Outdoor","SITE_TYPE":"Public Charter School","WARD":"Ward 7","MAR_ID":304053,"GIS_ID":"WirelessHotSpotPt_699","YCOORD":137062.19,"XCOORD":404415.37,"LONGITUDE":-76.949097760000001,"LATITUDE":38.901402220000001,"LABEL":null,"NUMBER_OF_SITES":null,"SE_ANNO_CAD_DATA":null,"GLOBALID":"{28D9F28D-422A-4DAA-92B0-7FB9B993C42A}","CREATOR":"JLAY","CREATED":1713469448000,"EDITOR":"DCGIS","EDITED":1713477402000,"OBJECTID":699}},{"type":"Feature","id":830,"geometry":{"type":"Point","coordinates":[-77.010902709328931,38.895842248903669]},"properties":{"NAME":"Engine Company 3","ADDRESS":"439 NEW JERSEY AVENUE NW","TYPE":"Indoor/Outdoor","SITE_TYPE":"Fire Emergency Medical Services","WARD":"Ward 6","MAR_ID":237163,"GIS_ID":"WirelessHotSpotPt_830","YCOORD":136442.95000000001,"XCOORD":399054.40000000002,"LONGITUDE":-77.010900419999999,"LATITUDE":38.895834800000003,"LABEL":null,"NUMBER_OF_SITES":null,"SE_ANNO_CAD_DATA":null,"GLOBALID":"{0F136CCC-5071-44F1-99BA-1F332B34F6EE}","CREATOR":"JLAY","CREATED":1713469448000,"EDITOR":"DCGIS","EDITED":1713477402000,"OBJECTID":830}},{"type":"Feature","id":651,"geometry":{"type":"Point","coordinates":[-76.983126872293298,38.872610084496685]},"properties":{"NAME":"Anacostia Recreation Center","ADDRESS":"1800 ANACOSTIA DRIVE SE","TYPE":"Indoor/Outdoor","SITE_TYPE":"Rec. Center","WARD":"Ward 8","MAR_ID":295129,"GIS_ID":"WirelessHotSpotPt_651","YCOORD":133864.08000000002,"XCOORD":401464.40000000002,"LONGITUDE":-76.983124599999996,"LATITUDE":38.872602299999997,"LABEL":null,"NUMBER_OF_SITES":null,"SE_ANNO_CAD_DATA":null,"GLOBALID":"{C7102AF8-5C49-4C99-BBB9-6928D6380E4B}","CREATOR":"JLAY","CREATED":1713469448000,"EDITOR":"DCGIS","EDITED":1713477402000,"OBJECTID":651}},{"type":"Feature","id":1040,"geometry":{"type":"Point","coordinates":[-76.969550152805795,38.853407511199727]},"properties":{"NAME":"Seventh District Station","ADDRESS":"2455 ALABAMA AVENUE SE","TYPE":"Outdoor","SITE_TYPE":"Metro. Police Dept.","WARD":"Ward 8","MAR_ID":278162,"GIS_ID":"WirelessHotSpotPt_1040","YCOORD":131732.76000000001,"XCOORD":402643.26000000001,"LONGITUDE":-76.969547879999993,"LATITUDE":38.85339973,"LABEL":null,"NUMBER_OF_SITES":null,"SE_ANNO_CAD_DATA":null,"GLOBALID":"{E8BDEA83-21F3-4A5A-8B5C-DF0DE3E194D9}","CREATOR":"JLAY","CREATED":1713469448000,"EDITOR":"DCGIS","EDITED":1713477402000,"OBJECTID":1040}},{"type":"Feature","id":966,"geometry":{"type":"Point","coordinates":[-76.989230724678023,38.865359668091799]},"properties":{"NAME":"Multitenant - DHS DDOE","ADDRESS":"2100 MARTIN LUTHER KING JR AVENUE SE","TYPE":"Indoor","SITE_TYPE":"Administrative","WARD":"Ward 8","MAR_ID":51883,"GIS_ID":"WirelessHotSpotPt_966","YCOORD":133059.14999999999,"XCOORD":400934.82000000001,"LONGITUDE":-76.989228449999999,"LATITUDE":38.865351889999999,"LABEL":null,"NUMBER_OF_SITES":null,"SE_ANNO_CAD_DATA":null,"GLOBALID":"{BF4F9AEA-E7A5-4F74-BF8E-14C0B55434BB}","CREATOR":"JLAY","CREATED":1713469448000,"EDITOR":"DCGIS","EDITED":1713477402000,"OBJECTID":966}},{"type":"Feature","id":834,"geometry":{"type":"Point","coordinates":[-77.025027486363697,38.92340435062976]},"properties":{"NAME":"Engine Company 4 (Air Unit 1-Medic 4-Risk Management and Safety Office]","ADDRESS":"2531 SHERMAN AVENUE NW","TYPE":"Indoor/Outdoor","SITE_TYPE":"Fire Emergency Medical Services","WARD":"Ward 1","MAR_ID":232303,"GIS_ID":"WirelessHotSpotPt_834","YCOORD":139502.81,"XCOORD":397829.92999999999,"LONGITUDE":-77.025025189999994,"LATITUDE":38.923396889999999,"LABEL":null,"NUMBER_OF_SITES":null,"SE_ANNO_CAD_DATA":null,"GLOBALID":"{13EBFE9D-C19F-4469-8582-35ED38DFD425}","CREATOR":"JLAY","CREATED":1713469448000,"EDITOR":"DCGIS","EDITED":1713477402000,"OBJECTID":834}},{"type":"Feature","id":1096,"geometry":{"type":"Point","coordinates":[-77.018052206257977,38.877668394263104]},"properties":{"NAME":"Waterfront Tower West (OTR)","ADDRESS":"1101 4TH STREET SW","TYPE":"Indoor","SITE_TYPE":"Administrative","WARD":"Ward 6","MAR_ID":307156,"GIS_ID":"WirelessHotSpotPt_1096","YCOORD":134425.61000000002,"XCOORD":398433.79000000004,"LONGITUDE":-77.018049919999996,"LATITUDE":38.87766061,"LABEL":null,"NUMBER_OF_SITES":null,"SE_ANNO_CAD_DATA":null,"GLOBALID":"{2DDC3232-5121-49C9-AB11-3FFF1F954DC9}","CREATOR":"JLAY","CREATED":1713469448000,"EDITOR":"DCGIS","EDITED":1713477402000,"OBJECTID":1096}},{"type":"Feature","id":727,"geometry":{"type":"Point","coordinates":[-76.96304885541791,38.881136049978394]},"properties":{"NAME":"D.C. Therapeutic Rec Center","ADDRESS":"3030 G STREET SE","TYPE":"Indoor/Outdoor","SITE_TYPE":"Rec. Center","WARD":"Ward 7","MAR_ID":288770,"GIS_ID":"WirelessHotSpotPt_727","YCOORD":134811.04000000001,"XCOORD":403206.33000000002,"LONGITUDE":-76.963046579999997,"LATITUDE":38.881128259999997,"LABEL":null,"NUMBER_OF_SITES":null,"SE_ANNO_CAD_DATA":null,"GLOBALID":"{30C07296-C454-4CE2-8D35-2EC2C510EAD7}","CREATOR":"JLAY","CREATED":1713469448000,"EDITOR":"DCGIS","EDITED":1713477402000,"OBJECTID":727}},{"type":"Feature","id":712,"geometry":{"type":"Point","coordinates":[-77.035054133879569,38.925153711259192]},"properties":{"NAME":"Columbia Community Center","ADDRESS":"1480 GIRARD STREET NW","TYPE":"Indoor/Outdoor","SITE_TYPE":"Rec. Center","WARD":"Ward 1","MAR_ID":284045,"GIS_ID":"WirelessHotSpotPt_712","YCOORD":139697.29000000001,"XCOORD":396960.54000000004,"LONGITUDE":-77.035051839999994,"LATITUDE":38.925145919999999,"LABEL":null,"NUMBER_OF_SITES":null,"SE_ANNO_CAD_DATA":null,"GLOBALID":"{BF8D70C6-3928-4E80-A9A0-99E1C7E62561}","CREATOR":"JLAY","CREATED":1713469448000,"EDITOR":"DCGIS","EDITED":1713477402000,"OBJECTID":712}},{"type":"Feature","id":896,"geometry":{"type":"Point","coordinates":[-77.032255352322977,38.951374877375493]},"properties":{"NAME":"John Lewis Elementary School  (formerly West Elementary School)","ADDRESS":"1338 FARRAGUT STREET NW","TYPE":"Indoor","SITE_TYPE":"Public School","WARD":"Ward 4","MAR_ID":294517,"GIS_ID":"WirelessHotSpotPt_896","YCOORD":142607.98000000001,"XCOORD":397204.26000000001,"LONGITUDE":-77.032253060000002,"LATITUDE":38.951367079999997,"LABEL":null,"NUMBER_OF_SITES":null,"SE_ANNO_CAD_DATA":null,"GLOBALID":"{7C7B2E73-82D7-494F-959E-D3A9F1AF5DA2}","CREATOR":"JLAY","CREATED":1713469448000,"EDITOR":"DCGIS","EDITED":1713477402000,"OBJECTID":896}},{"type":"Feature","id":1045,"geometry":{"type":"Point","coordinates":[-76.978665509472137,38.900533987274088]},"properties":{"NAME":"SITE DECOM 4-04-2022 (Formerly Community of Hope - Family Health and Birth Center)","ADDRESS":"801 17TH STREET NE","TYPE":"Outdoor","SITE_TYPE":"Health Center","WARD":"Ward 5","MAR_ID":288960,"GIS_ID":"WirelessHotSpotPt_1045","YCOORD":136963.92999999999,"XCOORD":401850.82000000001,"LONGITUDE":-76.978663229999995,"LATITUDE":38.900526200000002,"LABEL":null,"NUMBER_OF_SITES":null,"SE_ANNO_CAD_DATA":null,"GLOBALID":"{77BADF13-DF8B-4697-9403-65632C111519}","CREATOR":"JLAY","CREATED":1713469448000,"EDITOR":"DCGIS","EDITED":1713477402000,"OBJECTID":1045}},{"type":"Feature","id":814,"geometry":{"type":"Point","coordinates":[-77.030017913126173,38.903318452998505]},"properties":{"NAME":"Engine Company 16 (Truck Company 3 BFC 6)/EMS Administration and Operations","ADDRESS":"1018 13TH STREET NW","TYPE":"Indoor","SITE_TYPE":"Fire Emergency Medical Services","WARD":"Ward 2","MAR_ID":240645,"GIS_ID":"WirelessHotSpotPt_814","YCOORD":137273.23999999999,"XCOORD":397396.45000000001,"LONGITUDE":-77.03001562,"LATITUDE":38.903310999999995,"LABEL":null,"NUMBER_OF_SITES":null,"SE_ANNO_CAD_DATA":null,"GLOBALID":"{7F46B3F7-E9B9-4FA1-9DB4-6F94EFF20141}","CREATOR":"JLAY","CREATED":1713469448000,"EDITOR":"DCGIS","EDITED":1713477402000,"OBJECTID":814}},{"type":"Feature","id":1069,"geometry":{"type":"Point","coordinates":[-77.022797223037514,38.975050343016562]},"properties":{"NAME":"Takoma Education Center","ADDRESS":"7010 PINEY BRANCH ROAD NW","TYPE":"Indoor/Outdoor","SITE_TYPE":"Public School","WARD":"Ward 4","MAR_ID":250934,"GIS_ID":"WirelessHotSpotPt_1069","YCOORD":145235.92999999999,"XCOORD":398024.76000000001,"LONGITUDE":-77.022794930000003,"LATITUDE":38.975042870000003,"LABEL":null,"NUMBER_OF_SITES":null,"SE_ANNO_CAD_DATA":null,"GLOBALID":"{176729A1-1C7C-4ED0-A684-78571F685C71}","CREATOR":"JLAY","CREATED":1713469448000,"EDITOR":"DCGIS","EDITED":1713477402000,"OBJECTID":1069}},{"type":"Feature","id":790,"geometry":{"type":"Point","coordinates":[-77.0040231700997,38.858561350722439]},"properties":{"NAME":"DPW - South Capitol Street SE","ADDRESS":"2700 SOUTH CAPITOL STREET SE","TYPE":"Indoor/Outdoor","SITE_TYPE":"Administrative","WARD":"Ward 8","MAR_ID":302058,"GIS_ID":"WirelessHotSpotPt_790","YCOORD":132304.44,"XCOORD":399651.01000000001,"LONGITUDE":-77.004020890000007,"LATITUDE":38.858553909999998,"LABEL":null,"NUMBER_OF_SITES":null,"SE_ANNO_CAD_DATA":null,"GLOBALID":"{79E7894A-456E-425E-8C91-158D2E5BD99B}","CREATOR":"JLAY","CREATED":1713469448000,"EDITOR":"DCGIS","EDITED":1713477402000,"OBJECTID":790}},{"type":"Feature","id":938,"geometry":{"type":"Point","coordinates":[-77.015646891733766,38.895454169735849]},"properties":{"NAME":"Marion S. Barry, Jr. Building (AKA One Judiciary Square (OJS))","ADDRESS":"441 4TH STREET NW","TYPE":"Indoor","SITE_TYPE":"Administrative","WARD":"Ward 6","MAR_ID":285552,"GIS_ID":"WirelessHotSpotPt_938","YCOORD":136399.92999999999,"XCOORD":398642.84000000003,"LONGITUDE":-77.015644600000002,"LATITUDE":38.895446380000003,"LABEL":null,"NUMBER_OF_SITES":null,"SE_ANNO_CAD_DATA":null,"GLOBALID":"{74CF89E2-314A-4E89-BC4E-619392AE379E}","CREATOR":"JLAY","CREATED":1713469448000,"EDITOR":"DCGIS","EDITED":1713477402000,"OBJECTID":938}},{"type":"Feature","id":669,"geometry":{"type":"Point","coordinates":[-76.99239156358955,38.915474139558086]},"properties":{"NAME":"BET Building","ADDRESS":"1899 9TH STREET NE","TYPE":"Indoor","SITE_TYPE":"Administrative","WARD":"Ward 5","MAR_ID":289751,"GIS_ID":"WirelessHotSpotPt_669","YCOORD":138622.22,"XCOORD":400660.04000000004,"LONGITUDE":-76.992389279999998,"LATITUDE":38.915466350000003,"LABEL":null,"NUMBER_OF_SITES":null,"SE_ANNO_CAD_DATA":null,"GLOBALID":"{86995010-FBE7-4B07-85BB-F85DFE359FEE}","CREATOR":"JLAY","CREATED":1713469448000,"EDITOR":"DCGIS","EDITED":1713477402000,"OBJECTID":669}},{"type":"Feature","id":903,"geometry":{"type":"Point","coordinates":[-76.931232963741763,38.893479981530525]},"properties":{"NAME":"Kelly Miller Pool","ADDRESS":"4900 BROOKS STREET NE","TYPE":"Outdoor","SITE_TYPE":"Rec. Center","WARD":"Ward 7","MAR_ID":295154,"GIS_ID":"WirelessHotSpotPt_903","YCOORD":136182.91,"XCOORD":405965.85999999999,"LONGITUDE":-76.9312307,"LATITUDE":38.893472529999997,"LABEL":null,"NUMBER_OF_SITES":null,"SE_ANNO_CAD_DATA":null,"GLOBALID":"{66C98AEF-2A4C-4FF3-B91B-862867CCDC50}","CREATOR":"JLAY","CREATED":1713469448000,"EDITOR":"DCGIS","EDITED":1713477402000,"OBJECTID":903}},{"type":"Feature","id":864,"geometry":{"type":"Point","coordinates":[-77.071223344358017,38.922147131470872]},"properties":{"NAME":"Guy Mason Recreation Center","ADDRESS":"3600 CALVERT STREET NW","TYPE":"Indoor/Outdoor","SITE_TYPE":"Rec. Center","WARD":"Ward 3","MAR_ID":295826,"GIS_ID":"WirelessHotSpotPt_864","YCOORD":139365.36000000002,"XCOORD":393823.92999999999,"LONGITUDE":-77.071221039999998,"LATITUDE":38.922139340000001,"LABEL":null,"NUMBER_OF_SITES":null,"SE_ANNO_CAD_DATA":null,"GLOBALID":"{655CD8E1-F8DE-432B-BFBF-3D61D35494C7}","CREATOR":"JLAY","CREATED":1713469448000,"EDITOR":"DCGIS","EDITED":1713477402000,"OBJECTID":864}},{"type":"Feature","id":1091,"geometry":{"type":"Point","coordinates":[-77.023639670634154,38.93366654995134]},"properties":{"NAME":"Ward One Wellness Center","ADDRESS":"3531 GEORGIA AVENUE NW","TYPE":"Indoor","SITE_TYPE":"Administrative","WARD":"Ward 1","MAR_ID":228763,"GIS_ID":"WirelessHotSpotPt_1091","YCOORD":140641.97,"XCOORD":397950.57000000001,"LONGITUDE":-77.023637379999997,"LATITUDE":38.933659089999999,"LABEL":null,"NUMBER_OF_SITES":null,"SE_ANNO_CAD_DATA":null,"GLOBALID":"{D04374C4-BFC9-4D6F-95C6-9799FA9A4DCA}","CREATOR":"JLAY","CREATED":1713469448000,"EDITOR":"DCGIS","EDITED":1713477402000,"OBJECTID":1091}},{"type":"Feature","id":738,"geometry":{"type":"Point","coordinates":[-77.022276847096975,38.901156017977847]},"properties":{"NAME":"DCRB","ADDRESS":"900 7TH STREET NW","TYPE":"Indoor","SITE_TYPE":"Administrative","WARD":"Ward 2","MAR_ID":300396,"GIS_ID":"WirelessHotSpotPt_738","YCOORD":137033,"XCOORD":398067.85000000003,"LONGITUDE":-77.02227456,"LATITUDE":38.901148560000003,"LABEL":null,"NUMBER_OF_SITES":null,"SE_ANNO_CAD_DATA":null,"GLOBALID":"{E791B8F9-2709-4BB6-9D80-25BD7719C8E7}","CREATOR":"JLAY","CREATED":1713469448000,"EDITOR":"DCGIS","EDITED":1713477402000,"OBJECTID":738}},{"type":"Feature","id":873,"geometry":{"type":"Point","coordinates":[-77.017124816738942,38.956389103153853]},"properties":{"NAME":"Hattie Holmes Senior Wellness Center","ADDRESS":"324 KENNEDY STREET NW","TYPE":"Indoor/Outdoor","SITE_TYPE":"Senior Center","WARD":"Ward 4","MAR_ID":307575,"GIS_ID":"WirelessHotSpotPt_873","YCOORD":143164.25,"XCOORD":398515.90000000002,"LONGITUDE":-77.017122520000001,"LATITUDE":38.956381640000004,"LABEL":null,"NUMBER_OF_SITES":null,"SE_ANNO_CAD_DATA":null,"GLOBALID":"{12A3AB83-03EF-4A2D-84D4-E4B5B0D6F0AC}","CREATOR":"JLAY","CREATED":1713469448000,"EDITOR":"DCGIS","EDITED":1713477402000,"OBJECTID":873}},{"type":"Feature","id":670,"geometry":{"type":"Point","coordinates":[-77.017821762446104,38.813727578268768]},"properties":{"NAME":"Blue Plains Impoundment Lot / DPW PEMA","ADDRESS":"5001 SHEPHERD PARKWAY SW","TYPE":"Indoor/Outdoor","SITE_TYPE":"Metro. Police Dept.","WARD":"Ward 8","MAR_ID":299541,"GIS_ID":"WirelessHotSpotPt_670","YCOORD":127327.73,"XCOORD":398452.40000000002,"LONGITUDE":-77.01781948,"LATITUDE":38.813719810000002,"LABEL":null,"NUMBER_OF_SITES":null,"SE_ANNO_CAD_DATA":null,"GLOBALID":"{0EC1F9D6-91BF-4BB3-A5B1-3DE6DD5BC390}","CREATOR":"JLAY","CREATED":1713469448000,"EDITOR":"DCGIS","EDITED":1713477402000,"OBJECTID":670}},{"type":"Feature","id":732,"geometry":{"type":"Point","coordinates":[-76.939077608639195,38.905673551996443]},"properties":{"NAME":"DCHA Fleet","ADDRESS":"1155 KENILWORTH AVENUE NE","TYPE":"Outdoor","SITE_TYPE":"Public Housing","WARD":"Ward 7","MAR_ID":309171,"GIS_ID":"WirelessHotSpotPt_732","YCOORD":137536.01000000001,"XCOORD":405284.41999999998,"LONGITUDE":-76.939075340000002,"LATITUDE":38.905666089999997,"LABEL":null,"NUMBER_OF_SITES":null,"SE_ANNO_CAD_DATA":null,"GLOBALID":"{7CC7C59C-BA68-4FC3-90C8-96A83A644F50}","CREATOR":"JLAY","CREATED":1713469448000,"EDITOR":"DCGIS","EDITED":1713477402000,"OBJECTID":732}},{"type":"Feature","id":672,"geometry":{"type":"Point","coordinates":[-77.001396780596295,38.88473839488767]},"properties":{"NAME":"Brent Elementary School","ADDRESS":"301 NORTH CAROLINA AVENUE SE","TYPE":"Indoor/Outdoor","SITE_TYPE":"Public School","WARD":"Ward 6","MAR_ID":294479,"GIS_ID":"WirelessHotSpotPt_672","YCOORD":135210.28,"XCOORD":399879.01000000001,"LONGITUDE":-77.001394500000004,"LATITUDE":38.884730609999998,"LABEL":null,"NUMBER_OF_SITES":null,"SE_ANNO_CAD_DATA":null,"GLOBALID":"{DCF08A7B-304F-4BD4-B320-11550948E039}","CREATOR":"JLAY","CREATED":1713469448000,"EDITOR":"DCGIS","EDITED":1713477402000,"OBJECTID":672}},{"type":"Feature","id":662,"geometry":{"type":"Point","coordinates":[-77.024845097518323,38.912286577208768]},"properties":{"NAME":"Benjamin Banneker High School","ADDRESS":"1600 9TH STREET NW","TYPE":"Outdoor","SITE_TYPE":"Public School","WARD":"Ward 2","MAR_ID":334680,"GIS_ID":"WirelessHotSpotPt_662","YCOORD":138268.64000000001,"XCOORD":397845.41000000003,"LONGITUDE":-77.024842809999996,"LATITUDE":38.912278790000002,"LABEL":null,"NUMBER_OF_SITES":null,"SE_ANNO_CAD_DATA":null,"GLOBALID":"{22AB01DD-FED9-4AD6-B70C-15ED35A37225}","CREATOR":"JLAY","CREATED":1713469448000,"EDITOR":"DCGIS","EDITED":1713477402000,"OBJECTID":662}},{"type":"Feature","id":1011,"geometry":{"type":"Point","coordinates":[-76.972107474115731,38.902153839982091]},"properties":{"NAME":"Phelps","ADDRESS":"704 26TH STREET NE","TYPE":"Indoor/Outdoor","SITE_TYPE":"Public School","WARD":"Ward 5","MAR_ID":294495,"GIS_ID":"WirelessHotSpotPt_1011","YCOORD":137143.89999999999,"XCOORD":402419.63,"LONGITUDE":-76.972105200000001,"LATITUDE":38.902146049999999,"LABEL":null,"NUMBER_OF_SITES":null,"SE_ANNO_CAD_DATA":null,"GLOBALID":"{162792F8-849C-4963-85DF-DA3210440ABF}","CREATOR":"JLAY","CREATED":1713469448000,"EDITOR":"DCGIS","EDITED":1713477402000,"OBJECTID":1011}},{"type":"Feature","id":690,"geometry":{"type":"Point","coordinates":[-77.028472983631147,38.922180321670581]},"properties":{"NAME":"Cardozo Education Campus","ADDRESS":"1200 CLIFTON STREET NW","TYPE":"Indoor/Outdoor","SITE_TYPE":"Public School","WARD":"Ward 1","MAR_ID":294513,"GIS_ID":"WirelessHotSpotPt_690","YCOORD":139367.01999999999,"XCOORD":397531.10999999999,"LONGITUDE":-77.028470690000006,"LATITUDE":38.922172860000003,"LABEL":null,"NUMBER_OF_SITES":null,"SE_ANNO_CAD_DATA":null,"GLOBALID":"{7A61562E-2EDB-4E7E-803C-BEAC7DDCC746}","CREATOR":"JLAY","CREATED":1713469448000,"EDITOR":"DCGIS","EDITED":1713477402000,"OBJECTID":690}},{"type":"Feature","id":961,"geometry":{"type":"Point","coordinates":[-77.042867176269695,38.922167189716184]},"properties":{"NAME":"MPD Latino Liaison Unit","ADDRESS":"1800 COLUMBIA ROAD NW","TYPE":"Outdoor","SITE_TYPE":"Metro. Police Dept.","WARD":"Ward 1","MAR_ID":235413,"GIS_ID":"WirelessHotSpotPt_961","YCOORD":139366.04999999999,"XCOORD":396282.89000000001,"LONGITUDE":-77.042864879999996,"LATITUDE":38.922159729999997,"LABEL":null,"NUMBER_OF_SITES":null,"SE_ANNO_CAD_DATA":null,"GLOBALID":"{FC62B79F-C7AD-4F1C-808C-49EF33D922EC}","CREATOR":"JLAY","CREATED":1713469448000,"EDITOR":"DCGIS","EDITED":1713477402000,"OBJECTID":961}},{"type":"Feature","id":861,"geometry":{"type":"Point","coordinates":[-76.958491782245716,38.920020096751365]},"properties":{"NAME":"Goodwill of Greater Washington HQ","ADDRESS":"2200 SOUTH DAKOTA AVENUE NE","TYPE":"Outdoor","SITE_TYPE":"Community Service Organization","WARD":"Ward 5","MAR_ID":286707,"GIS_ID":"WirelessHotSpotPt_861","YCOORD":139127.64999999999,"XCOORD":403599.77000000002,"LONGITUDE":-76.958489510000007,"LATITUDE":38.920012640000003,"LABEL":null,"NUMBER_OF_SITES":null,"SE_ANNO_CAD_DATA":null,"GLOBALID":"{97EBB7FC-457E-4CFB-B817-9BC1DF8DA0CD}","CREATOR":"JLAY","CREATED":1713469448000,"EDITOR":"DCGIS","EDITED":1713477402000,"OBJECTID":861}},{"type":"Feature","id":1063,"geometry":{"type":"Point","coordinates":[-77.037623039459959,38.910032426794778]},"properties":{"NAME":"Stead Recreation Center","ADDRESS":"1625 P STREET NW","TYPE":"Indoor/Outdoor","SITE_TYPE":"Rec. Center","WARD":"Ward 2","MAR_ID":295822,"GIS_ID":"WirelessHotSpotPt_1063","YCOORD":138018.79000000001,"XCOORD":396737.09000000003,"LONGITUDE":-77.037620739999994,"LATITUDE":38.910024970000002,"LABEL":null,"NUMBER_OF_SITES":null,"SE_ANNO_CAD_DATA":null,"GLOBALID":"{791A61AE-43F3-477F-AA3C-C9F3913D3E08}","CREATOR":"JLAY","CREATED":1713469448000,"EDITOR":"DCGIS","EDITED":1713477402000,"OBJECTID":1063}},{"type":"Feature","id":1035,"geometry":{"type":"Point","coordinates":[-77.0239792607167,38.923840212875291]},"properties":{"NAME":"School Without Walls @ Francis-Stevens @ Banneker (Swing Space)","ADDRESS":"800 EUCLID STREET NW","TYPE":"Indoor","SITE_TYPE":"Public School / Rec. Center","WARD":"Ward 1","MAR_ID":294496,"GIS_ID":"WirelessHotSpotPt_1035","YCOORD":139551.17000000001,"XCOORD":397920.84000000003,"LONGITUDE":-77.023976970000007,"LATITUDE":38.923832760000003,"LABEL":null,"NUMBER_OF_SITES":null,"SE_ANNO_CAD_DATA":null,"GLOBALID":"{4FFAE3EA-FD3B-4D9F-B970-509355BA6D42}","CREATOR":"JLAY","CREATED":1713469448000,"EDITOR":"DCGIS","EDITED":1713477402000,"OBJECTID":1035}},{"type":"Feature","id":871,"geometry":{"type":"Point","coordinates":[-76.997181025752241,38.837745313083424]},"properties":{"NAME":"Hart Middle School","ADDRESS":"601 MISSISSIPPI AVENUE SE","TYPE":"Indoor/Outdoor","SITE_TYPE":"Public School","WARD":"Ward 8","MAR_ID":5534,"GIS_ID":"WirelessHotSpotPt_871","YCOORD":129993.71000000001,"XCOORD":400244.94,"LONGITUDE":-76.997178750000003,"LATITUDE":38.837737869999998,"LABEL":null,"NUMBER_OF_SITES":null,"SE_ANNO_CAD_DATA":null,"GLOBALID":"{2F8C20EB-9CC6-46D1-98F5-5CEFCC823F6C}","CREATOR":"JLAY","CREATED":1713469448000,"EDITOR":"DCGIS","EDITED":1713477402000,"OBJECTID":871}},{"type":"Feature","id":1058,"geometry":{"type":"Point","coordinates":[-77.015834068539846,38.878705402197006]},"properties":{"NAME":"Southwest Neighborhood Library","ADDRESS":"900 WESLEY PLACE SW","TYPE":"Outdoor","SITE_TYPE":"Library","WARD":"Ward 6","MAR_ID":295165,"GIS_ID":"WirelessHotSpotPt_1058","YCOORD":134540.69,"XCOORD":398626.28000000003,"LONGITUDE":-77.015831779999999,"LATITUDE":38.878697950000003,"LABEL":null,"NUMBER_OF_SITES":null,"SE_ANNO_CAD_DATA":null,"GLOBALID":"{450C801B-B0EF-44C6-A404-F8EE114D7D42}","CREATOR":"JLAY","CREATED":1713469448000,"EDITOR":"DCGIS","EDITED":1713477402000,"OBJECTID":1058}},{"type":"Feature","id":823,"geometry":{"type":"Point","coordinates":[-77.047627085490774,38.898590328760037]},"properties":{"NAME":"Engine Company 23","ADDRESS":"2119 G STREET NW","TYPE":"Indoor/Outdoor","SITE_TYPE":"Fire Emergency Medical Services","WARD":"Ward 2","MAR_ID":242505,"GIS_ID":"WirelessHotSpotPt_823","YCOORD":136749.03,"XCOORD":395868.76000000001,"LONGITUDE":-77.04762479,"LATITUDE":38.898582879999999,"LABEL":null,"NUMBER_OF_SITES":null,"SE_ANNO_CAD_DATA":null,"GLOBALID":"{80F03C62-743F-4990-A47C-AB2AD5142FDF}","CREATOR":"JLAY","CREATED":1713469448000,"EDITOR":"DCGIS","EDITED":1713477402000,"OBJECTID":823}},{"type":"Feature","id":772,"geometry":{"type":"Point","coordinates":[-76.97777120531039,38.852613110389605]},"properties":{"NAME":"Douglass Community Center","ADDRESS":"1922 FREDERICK DOUGLASS COURT SE","TYPE":"Indoor/Outdoor","SITE_TYPE":"Rec. Center","WARD":"Ward 8","MAR_ID":314542,"GIS_ID":"WirelessHotSpotPt_772","YCOORD":131644.37,"XCOORD":401929.69,"LONGITUDE":-76.977768929999996,"LATITUDE":38.852605330000003,"LABEL":null,"NUMBER_OF_SITES":null,"SE_ANNO_CAD_DATA":null,"GLOBALID":"{3C6C8B93-5206-415C-95C2-F08B187BFEC1}","CREATOR":"JLAY","CREATED":1713469448000,"EDITOR":"DCGIS","EDITED":1713477402000,"OBJECTID":772}},{"type":"Feature","id":906,"geometry":{"type":"Point","coordinates":[-77.021530207078413,38.908970993708699]},"properties":{"NAME":"Kennedy Recreation Center","ADDRESS":"1401 7TH STREET NW","TYPE":"Indoor/Outdoor","SITE_TYPE":"Rec. Center","WARD":"Ward 2","MAR_ID":279127,"GIS_ID":"WirelessHotSpotPt_906","YCOORD":137900.51000000001,"XCOORD":398132.82000000001,"LONGITUDE":-77.021527919999997,"LATITUDE":38.908963200000002,"LABEL":null,"NUMBER_OF_SITES":null,"SE_ANNO_CAD_DATA":null,"GLOBALID":"{D50B13A2-CADB-46D1-9EC8-8D7C4FBA3B6F}","CREATOR":"JLAY","CREATED":1713469448000,"EDITOR":"DCGIS","EDITED":1713477402000,"OBJECTID":906}},{"type":"Feature","id":659,"geometry":{"type":"Point","coordinates":[-77.017779372031129,38.948238410748715]},"properties":{"NAME":"Barnard Elementary School","ADDRESS":"430 DECATUR STREET NW","TYPE":"Indoor/Outdoor","SITE_TYPE":"Public School","WARD":"Ward 4","MAR_ID":248305,"GIS_ID":"WirelessHotSpotPt_659","YCOORD":142259.45999999999,"XCOORD":398458.98999999999,"LONGITUDE":-77.017777080000002,"LATITUDE":38.948230950000003,"LABEL":null,"NUMBER_OF_SITES":null,"SE_ANNO_CAD_DATA":null,"GLOBALID":"{FC188C4D-9D27-4D78-BB33-80A94C3E3B79}","CREATOR":"JLAY","CREATED":1713469448000,"EDITOR":"DCGIS","EDITED":1713477402000,"OBJECTID":659}},{"type":"Feature","id":766,"geometry":{"type":"Point","coordinates":[-77.011817811511619,38.877343087709953]},"properties":{"NAME":"DMV Main Facility","ADDRESS":"95 M STREET SW","TYPE":"Indoor/Outdoor","SITE_TYPE":"Administrative","WARD":"Ward 6","MAR_ID":276856,"GIS_ID":"WirelessHotSpotPt_766","YCOORD":134389.41,"XCOORD":398974.75,"LONGITUDE":-77.011815530000007,"LATITUDE":38.877335299999999,"LABEL":null,"NUMBER_OF_SITES":null,"SE_ANNO_CAD_DATA":null,"GLOBALID":"{9155AAFC-D46D-49E0-8280-65494F39B426}","CREATOR":"JLAY","CREATED":1713469448000,"EDITOR":"DCGIS","EDITED":1713477402000,"OBJECTID":766}},{"type":"Feature","id":1061,"geometry":{"type":"Point","coordinates":[-76.988407444326967,38.848273304936384]},"properties":{"NAME":"St. Elizabeths Hospital","ADDRESS":"1100 ALABAMA AVENUE SE","TYPE":"Indoor","SITE_TYPE":"Administrative","WARD":"Ward 8","MAR_ID":307946,"GIS_ID":"WirelessHotSpotPt_1061","YCOORD":131162.45000000001,"XCOORD":401006.51000000001,"LONGITUDE":-76.988405169999993,"LATITUDE":38.848265859999998,"LABEL":null,"NUMBER_OF_SITES":null,"SE_ANNO_CAD_DATA":null,"GLOBALID":"{B210DC8E-88C1-45FA-BF85-2FD6237EF9F2}","CREATOR":"JLAY","CREATED":1713469448000,"EDITOR":"DCGIS","EDITED":1713477402000,"OBJECTID":1061}},{"type":"Feature","id":753,"geometry":{"type":"Point","coordinates":[-76.988059657513944,38.867577695748487]},"properties":{"NAME":"DHCD","ADDRESS":"1800 MARTIN LUTHER KING JR AVENUE SE","TYPE":"Indoor","SITE_TYPE":"Administrative","WARD":"Ward 8","MAR_ID":56153,"GIS_ID":"WirelessHotSpotPt_753","YCOORD":133305.38,"XCOORD":401036.41999999998,"LONGITUDE":-76.988057380000001,"LATITUDE":38.86756991,"LABEL":null,"NUMBER_OF_SITES":null,"SE_ANNO_CAD_DATA":null,"GLOBALID":"{BE2F37A4-EE29-4DA7-B615-9AA4F58A3AE0}","CREATOR":"JLAY","CREATED":1713469448000,"EDITOR":"DCGIS","EDITED":1713477402000,"OBJECTID":753}},{"type":"Feature","id":955,"geometry":{"type":"Point","coordinates":[-77.014294951661228,38.820105440480013]},"properties":{"NAME":"MPD Criminal Apprehension Unit (CAU)","ADDRESS":"4669 BLUE PLAINS DRIVE SW","TYPE":"Outdoor","SITE_TYPE":"Metro. Police Dept.","WARD":"Ward 8","MAR_ID":299768,"GIS_ID":"WirelessHotSpotPt_955","YCOORD":128035.66,"XCOORD":398758.81,"LONGITUDE":-77.014292999999995,"LATITUDE":38.820098000000002,"LABEL":null,"NUMBER_OF_SITES":null,"SE_ANNO_CAD_DATA":null,"GLOBALID":"{915C8FE1-DA6C-430A-8805-BE26D4F16340}","CREATOR":"JLAY","CREATED":1713469448000,"EDITOR":"DCGIS","EDITED":1713477402000,"OBJECTID":955}},{"type":"Feature","id":1100,"geometry":{"type":"Point","coordinates":[-76.988503051063404,38.904125199532501]},"properties":{"NAME":"Wheatley Elementary School","ADDRESS":"1299 NEAL STREET NE","TYPE":"Indoor/Outdoor","SITE_TYPE":"Public School","WARD":"Ward 5","MAR_ID":294512,"GIS_ID":"WirelessHotSpotPt_1100","YCOORD":137362.42999999999,"XCOORD":400997.42999999999,"LONGITUDE":-76.988500770000002,"LATITUDE":38.904117739999997,"LABEL":null,"NUMBER_OF_SITES":null,"SE_ANNO_CAD_DATA":null,"GLOBALID":"{5F92865D-1E92-45C2-80DD-7CCBDB8293DE}","CREATOR":"JLAY","CREATED":1713469448000,"EDITOR":"DCGIS","EDITED":1713477402000,"OBJECTID":1100}},{"type":"Feature","id":1037,"geometry":{"type":"Point","coordinates":[-77.024883750135587,38.910710289318239]},"properties":{"NAME":"Seaton Elementary School","ADDRESS":"1503 10TH STREET NW","TYPE":"Indoor/Outdoor","SITE_TYPE":"Public School","WARD":"Ward 2","MAR_ID":279203,"GIS_ID":"WirelessHotSpotPt_1037","YCOORD":138093.66,"XCOORD":397842.01000000001,"LONGITUDE":-77.024881460000003,"LATITUDE":38.910702499999999,"LABEL":null,"NUMBER_OF_SITES":null,"SE_ANNO_CAD_DATA":null,"GLOBALID":"{E51682E0-803B-4BCF-8043-EFB42EA7F086}","CREATOR":"JLAY","CREATED":1713469448000,"EDITOR":"DCGIS","EDITED":1713477402000,"OBJECTID":1037}},{"type":"Feature","id":740,"geometry":{"type":"Point","coordinates":[-76.993911502453855,38.865921950768175]},"properties":{"NAME":"DDOE / AREC","ADDRESS":"1900 ANACOSTIA DRIVE SE","TYPE":"Indoor","SITE_TYPE":"Administrative","WARD":"Ward 8","MAR_ID":293215,"GIS_ID":"WirelessHotSpotPt_740","YCOORD":133121.53,"XCOORD":400528.59000000003,"LONGITUDE":-76.993909220000006,"LATITUDE":38.865914170000003,"LABEL":null,"NUMBER_OF_SITES":null,"SE_ANNO_CAD_DATA":null,"GLOBALID":"{C4BDC22A-3F11-4BC8-974F-0F857DD0F2A6}","CREATOR":"JLAY","CREATED":1713469448000,"EDITOR":"DCGIS","EDITED":1713477402000,"OBJECTID":740}},{"type":"Feature","id":799,"geometry":{"type":"Point","coordinates":[-77.065823444488785,38.932734530239259]},"properties":{"NAME":"Eaton Elementary School","ADDRESS":"3301 LOWELL STREET NW","TYPE":"Outdoor","SITE_TYPE":"Public School","WARD":"Ward 3","MAR_ID":294562,"GIS_ID":"WirelessHotSpotPt_799","YCOORD":140540.30000000002,"XCOORD":394293.04000000004,"LONGITUDE":-77.065821139999997,"LATITUDE":38.932727069999999,"LABEL":null,"NUMBER_OF_SITES":null,"SE_ANNO_CAD_DATA":null,"GLOBALID":"{64BD4C2A-F75A-43C6-8BBE-8207B9DA2C41}","CREATOR":"JLAY","CREATED":1713469448000,"EDITOR":"DCGIS","EDITED":1713477402000,"OBJECTID":799}},{"type":"Feature","id":721,"geometry":{"type":"Point","coordinates":[-77.019580645490663,38.9672920397769]},"properties":{"NAME":"Coolidge Senior High","ADDRESS":"6315 5TH STREET NW","TYPE":"Indoor/Outdoor","SITE_TYPE":"Public School","WARD":"Ward 4","MAR_ID":294615,"GIS_ID":"WirelessHotSpotPt_721","YCOORD":144374.62,"XCOORD":398303.29999999999,"LONGITUDE":-77.019578350000003,"LATITUDE":38.967284569999997,"LABEL":null,"NUMBER_OF_SITES":null,"SE_ANNO_CAD_DATA":null,"GLOBALID":"{2294DEB6-F898-4554-AE44-453C90E3A956}","CREATOR":"JLAY","CREATED":1713469448000,"EDITOR":"DCGIS","EDITED":1713477402000,"OBJECTID":721}},{"type":"Feature","id":1070,"geometry":{"type":"Point","coordinates":[-77.020159161307575,38.974444213197465]},"properties":{"NAME":"Takoma Park Neighborhood Library","ADDRESS":"416 CEDAR STREET NW","TYPE":"Outdoor","SITE_TYPE":"Library","WARD":"Ward 4","MAR_ID":251267,"GIS_ID":"WirelessHotSpotPt_1070","YCOORD":145168.59,"XCOORD":398253.34000000003,"LONGITUDE":-77.020156869999994,"LATITUDE":38.974436750000002,"LABEL":null,"NUMBER_OF_SITES":null,"SE_ANNO_CAD_DATA":null,"GLOBALID":"{28C57C69-72EC-4E05-A74B-E112E3A9BE48}","CREATOR":"JLAY","CREATED":1713469448000,"EDITOR":"DCGIS","EDITED":1713477402000,"OBJECTID":1070}},{"type":"Feature","id":684,"geometry":{"type":"Point","coordinates":[-76.987300669755953,38.914044074298879]},"properties":{"NAME":"Bus Lot - NY Ave. NE","ADDRESS":"1345 NEW YORK AVENUE NE","TYPE":"Indoor/Outdoor","SITE_TYPE":"Public School","WARD":"Ward 5","MAR_ID":302194,"GIS_ID":"WirelessHotSpotPt_684","YCOORD":138463.51999999999,"XCOORD":401101.57000000001,"LONGITUDE":-76.987298390000007,"LATITUDE":38.914036279999998,"LABEL":null,"NUMBER_OF_SITES":null,"SE_ANNO_CAD_DATA":null,"GLOBALID":"{33BAEE6B-114E-4A79-9111-901C24FCF14B}","CREATOR":"JLAY","CREATED":1713469448000,"EDITOR":"DCGIS","EDITED":1713477402000,"OBJECTID":684}},{"type":"Feature","id":965,"geometry":{"type":"Point","coordinates":[-77.00792765808508,38.877960131409118]},"properties":{"NAME":"Multi Government Tenant Leased Space","ADDRESS":"1015 HALF STREET SE","TYPE":"Indoor","SITE_TYPE":"Administrative","WARD":"Ward 6","MAR_ID":75572,"GIS_ID":"WirelessHotSpotPt_965","YCOORD":134457.87,"XCOORD":399312.31,"LONGITUDE":-77.007925369999995,"LATITUDE":38.877952350000001,"LABEL":null,"NUMBER_OF_SITES":null,"SE_ANNO_CAD_DATA":null,"GLOBALID":"{8B77B8DD-4440-4526-866E-14D185A4D9E4}","CREATOR":"JLAY","CREATED":1713469448000,"EDITOR":"DCGIS","EDITED":1713477402000,"OBJECTID":965}},{"type":"Feature","id":666,"geometry":{"type":"Point","coordinates":[-76.948221422048519,38.888896186786205]},"properties":{"NAME":"Benning Stoddert Community Center","ADDRESS":"100 STODDERT PLACE SE","TYPE":"Indoor/Outdoor","SITE_TYPE":"Rec. Center","WARD":"Ward 7","MAR_ID":295821,"GIS_ID":"WirelessHotSpotPt_666","YCOORD":135673.10000000001,"XCOORD":404492.37,"LONGITUDE":-76.948219159999994,"LATITUDE":38.888888399999999,"LABEL":null,"NUMBER_OF_SITES":null,"SE_ANNO_CAD_DATA":null,"GLOBALID":"{599C5085-8CD3-469A-8EC6-FF3B681D1754}","CREATOR":"JLAY","CREATED":1713469448000,"EDITOR":"DCGIS","EDITED":1713477402000,"OBJECTID":666}},{"type":"Feature","id":765,"geometry":{"type":"Point","coordinates":[-77.011071792189639,38.877852585614711]},"properties":{"NAME":"DMV Inspection Station","ADDRESS":"1001 HALF STREET SW","TYPE":"Indoor/Outdoor","SITE_TYPE":"Administrative","WARD":"Ward 6","MAR_ID":277732,"GIS_ID":"WirelessHotSpotPt_765","YCOORD":134445.95999999999,"XCOORD":399039.48999999999,"LONGITUDE":-77.011069509999999,"LATITUDE":38.877845139999998,"LABEL":null,"NUMBER_OF_SITES":null,"SE_ANNO_CAD_DATA":null,"GLOBALID":"{E37AF938-D317-4CCC-9F72-78E658843217}","CREATOR":"JLAY","CREATED":1713469448000,"EDITOR":"DCGIS","EDITED":1713477402000,"OBJECTID":765}},{"type":"Feature","id":1101,"geometry":{"type":"Point","coordinates":[-77.031702087418921,38.912784790664134]},"properties":{"NAME":"Whitman Walker Elizabeth Taylor Clinic","ADDRESS":"1701 14TH STREET NW","TYPE":"Outdoor","SITE_TYPE":"Health Center","WARD":"Ward 2","MAR_ID":238070,"GIS_ID":"WirelessHotSpotPt_1101","YCOORD":138324.13,"XCOORD":397250.72999999998,"LONGITUDE":-77.031699790000005,"LATITUDE":38.912777339999998,"LABEL":null,"NUMBER_OF_SITES":null,"SE_ANNO_CAD_DATA":null,"GLOBALID":"{24ED7077-49FB-44FB-9704-7B1E4267FE7E}","CREATOR":"JLAY","CREATED":1713469448000,"EDITOR":"DCGIS","EDITED":1713477402000,"OBJECTID":1101}},{"type":"Feature","id":719,"geometry":{"type":"Point","coordinates":[-76.996848758393639,38.842263583854169]},"properties":{"NAME":"Congress Heights Recreation Center","ADDRESS":"611 ALABAMA AVENUE SE","TYPE":"Indoor/Outdoor","SITE_TYPE":"Rec. Center","WARD":"Ward 8","MAR_ID":307835,"GIS_ID":"WirelessHotSpotPt_719","YCOORD":130495.27,"XCOORD":400273.77000000002,"LONGITUDE":-76.996846480000002,"LATITUDE":38.842255809999997,"LABEL":null,"NUMBER_OF_SITES":null,"SE_ANNO_CAD_DATA":null,"GLOBALID":"{D9A1CC67-66D6-447C-8D67-51DB129071CD}","CREATOR":"JLAY","CREATED":1713469448000,"EDITOR":"DCGIS","EDITED":1713477402000,"OBJECTID":719}},{"type":"Feature","id":762,"geometry":{"type":"Point","coordinates":[-76.936436814254066,38.908835517595342]},"properties":{"NAME":"DMV","ADDRESS":"1421 KENILWORTH AVENUE NE","TYPE":"Indoor","SITE_TYPE":"Administrative","WARD":"Ward 7","MAR_ID":286171,"GIS_ID":"WirelessHotSpotPt_762","YCOORD":137887.17000000001,"XCOORD":405513.22999999998,"LONGITUDE":-76.936434550000001,"LATITUDE":38.908828059999998,"LABEL":null,"NUMBER_OF_SITES":null,"SE_ANNO_CAD_DATA":null,"GLOBALID":"{8F072A0B-0626-419C-BAF2-1BEFA0108C75}","CREATOR":"JLAY","CREATED":1713469448000,"EDITOR":"DCGIS","EDITED":1713477402000,"OBJECTID":762}},{"type":"Feature","id":718,"geometry":{"type":"Point","coordinates":[-77.006190805141927,38.837079367810176]},"properties":{"NAME":"Congress Heights Community Health Center/Voc. Rehabilitation Serv.","ADDRESS":"3720 MARTIN LUTHER KING JR AVENUE SE","TYPE":"Indoor","SITE_TYPE":"Administrative","WARD":"Ward 8","MAR_ID":278424,"GIS_ID":"WirelessHotSpotPt_718","YCOORD":129919.8,"XCOORD":399462.71000000002,"LONGITUDE":-77.006188519999995,"LATITUDE":38.83707193,"LABEL":null,"NUMBER_OF_SITES":null,"SE_ANNO_CAD_DATA":null,"GLOBALID":"{D1B48D64-CA4D-41CC-9AFD-7936AC878A64}","CREATOR":"JLAY","CREATED":1713469448000,"EDITOR":"DCGIS","EDITED":1713477402000,"OBJECTID":718}},{"type":"Feature","id":894,"geometry":{"type":"Point","coordinates":[-77.02294108252039,38.879915220587243]},"properties":{"NAME":"Jefferson Middle School Academy","ADDRESS":"801 7TH STREET SW","TYPE":"Indoor/Outdoor","SITE_TYPE":"Public School","WARD":"Ward 6","MAR_ID":276812,"GIS_ID":"WirelessHotSpotPt_894","YCOORD":134675.12,"XCOORD":398009.64000000001,"LONGITUDE":-77.022938789999998,"LATITUDE":38.879907439999997,"LABEL":null,"NUMBER_OF_SITES":null,"SE_ANNO_CAD_DATA":null,"GLOBALID":"{AB045EA1-672E-4904-BA41-2F4A78CEF1A1}","CREATOR":"JLAY","CREATED":1713469448000,"EDITOR":"DCGIS","EDITED":1713477402000,"OBJECTID":894}},{"type":"Feature","id":1092,"geometry":{"type":"Point","coordinates":[-76.92169980620028,38.895980470039973]},"properties":{"NAME":"Warn Tower Site - Woodson, HD Senior High","ADDRESS":"5500 EADS STREET NE","TYPE":"Indoor/Outdoor","SITE_TYPE":"Public School","WARD":"Ward 7","MAR_ID":294609,"GIS_ID":"WirelessHotSpotPt_1092","YCOORD":136461.14999999999,"XCOORD":406792.64000000001,"LONGITUDE":-76.921697550000005,"LATITUDE":38.89597268,"LABEL":null,"NUMBER_OF_SITES":null,"SE_ANNO_CAD_DATA":null,"GLOBALID":"{C007A2AC-DA68-4716-AD53-7CA9A81802BF}","CREATOR":"JLAY","CREATED":1713469448000,"EDITOR":"DCGIS","EDITED":1713477402000,"OBJECTID":1092}},{"type":"Feature","id":1085,"geometry":{"type":"Point","coordinates":[-76.952976545654749,38.900581332924681]},"properties":{"NAME":"UPO - Educare","ADDRESS":"640 ANACOSTIA AVENUE NE","TYPE":"Indoor","SITE_TYPE":"Community Service Organization","WARD":"Ward 7","MAR_ID":309405,"GIS_ID":"WirelessHotSpotPt_1085","YCOORD":136970.01999999999,"XCOORD":404079.16000000003,"LONGITUDE":-76.952974280000007,"LATITUDE":38.900573880000003,"LABEL":null,"NUMBER_OF_SITES":null,"SE_ANNO_CAD_DATA":null,"GLOBALID":"{8C0AB383-07BA-419C-87AD-9CB7DF8A5AF6}","CREATOR":"JLAY","CREATED":1713469448000,"EDITOR":"DCGIS","EDITED":1713477402000,"OBJECTID":1085}},{"type":"Feature","id":1024,"geometry":{"type":"Point","coordinates":[-76.971897679967384,38.889798093462289]},"properties":{"NAME":"RFK Stadium","ADDRESS":"2400 EAST CAPITOL STREET SE","TYPE":"Indoor","SITE_TYPE":"Administrative","WARD":"Ward 7","MAR_ID":293222,"GIS_ID":"WirelessHotSpotPt_1024","YCOORD":135772.32000000001,"XCOORD":402438.25,"LONGITUDE":-76.971895410000002,"LATITUDE":38.889790640000001,"LABEL":null,"NUMBER_OF_SITES":null,"SE_ANNO_CAD_DATA":null,"GLOBALID":"{391AADFC-A160-478D-9AD1-46CA73AF9406}","CREATOR":"JLAY","CREATED":1713469448000,"EDITOR":"DCGIS","EDITED":1713477402000,"OBJECTID":1024}},{"type":"Feature","id":687,"geometry":{"type":"Point","coordinates":[-77.012869745439659,38.962172321319763]},"properties":{"NAME":"Capital City PCS","ADDRESS":"100 PEABODY STREET NW","TYPE":"Outdoor","SITE_TYPE":"Public Charter School","WARD":"Ward 4","MAR_ID":277545,"GIS_ID":"WirelessHotSpotPt_687","YCOORD":143806.17999999999,"XCOORD":398884.79999999999,"LONGITUDE":-77.012867450000002,"LATITUDE":38.962164860000001,"LABEL":null,"NUMBER_OF_SITES":null,"SE_ANNO_CAD_DATA":null,"GLOBALID":"{662228F8-2FA0-453F-B6E9-EA2649CA4A8C}","CREATOR":"JLAY","CREATED":1713469448000,"EDITOR":"DCGIS","EDITED":1713477402000,"OBJECTID":687}},{"type":"Feature","id":1077,"geometry":{"type":"Point","coordinates":[-77.025073870550145,38.953976155311075]},"properties":{"NAME":"Truesdell Elementary School","ADDRESS":"800 INGRAHAM STREET NW","TYPE":"Indoor/Outdoor","SITE_TYPE":"Public School","WARD":"Ward 4","MAR_ID":294497,"GIS_ID":"WirelessHotSpotPt_1077","YCOORD":142896.55000000002,"XCOORD":397826.84000000003,"LONGITUDE":-77.025071580000002,"LATITUDE":38.953968690000004,"LABEL":null,"NUMBER_OF_SITES":null,"SE_ANNO_CAD_DATA":null,"GLOBALID":"{242B33F0-A86B-415A-B907-31B0092C018D}","CREATOR":"JLAY","CREATED":1713469448000,"EDITOR":"DCGIS","EDITED":1713477402000,"OBJECTID":1077}},{"type":"Feature","id":937,"geometry":{"type":"Point","coordinates":[-77.015646891733766,38.895454169735849]},"properties":{"NAME":"MARION S BARRY JR / OJS","ADDRESS":"441 4TH STREET NW","TYPE":"Indoor","SITE_TYPE":"Unknown","WARD":"Ward 6","MAR_ID":285552,"GIS_ID":"WirelessHotSpotPt_937","YCOORD":136399.92999999999,"XCOORD":398642.84000000003,"LONGITUDE":-77.015644600000002,"LATITUDE":38.895446380000003,"LABEL":null,"NUMBER_OF_SITES":null,"SE_ANNO_CAD_DATA":null,"GLOBALID":"{16A6C8B0-DCD3-4299-B57D-05D3E7313464}","CREATOR":"JLAY","CREATED":1713469448000,"EDITOR":"DCGIS","EDITED":1713477402000,"OBJECTID":937}},{"type":"Feature","id":777,"geometry":{"type":"Point","coordinates":[-77.053419456292914,38.90740141986285]},"properties":{"NAME":"DPR-Francis Pool","ADDRESS":"2435 N STREET NW","TYPE":"Outdoor","SITE_TYPE":"Rec. Center","WARD":"Ward 2","MAR_ID":308120,"GIS_ID":"WirelessHotSpotPt_777","YCOORD":137727.41,"XCOORD":395366.87,"LONGITUDE":-77.053417159999995,"LATITUDE":38.907393970000001,"LABEL":null,"NUMBER_OF_SITES":null,"SE_ANNO_CAD_DATA":null,"GLOBALID":"{1915CFC9-E53C-421A-8DE2-6F881B103FBD}","CREATOR":"JLAY","CREATED":1713469448000,"EDITOR":"DCGIS","EDITED":1713477402000,"OBJECTID":777}},{"type":"Feature","id":646,"geometry":{"type":"Point","coordinates":[-77.022216293141724,38.915124643102928]},"properties":{"NAME":"AETC National Multicultural Bldg - College of Medicine","ADDRESS":"1840 7TH STREET NW","TYPE":"Outdoor","SITE_TYPE":"University","WARD":"Ward 1","MAR_ID":279436,"GIS_ID":"WirelessHotSpotPt_646","YCOORD":138583.63,"XCOORD":398073.47999999998,"LONGITUDE":-77.022213999999991,"LATITUDE":38.915116849999997,"LABEL":null,"NUMBER_OF_SITES":null,"SE_ANNO_CAD_DATA":null,"GLOBALID":"{9E0F31B0-AC23-4DA2-A721-0498E1EFBF53}","CREATOR":"JLAY","CREATED":1713469448000,"EDITOR":"DCGIS","EDITED":1713477402000,"OBJECTID":646}},{"type":"Feature","id":1028,"geometry":{"type":"Point","coordinates":[-76.958966138632448,38.895249287089499]},"properties":{"NAME":"River Terrace Elementary School","ADDRESS":"405 ANACOSTIA AVENUE NE","TYPE":"Indoor/Outdoor","SITE_TYPE":"Public School","WARD":"Ward 7","MAR_ID":313230,"GIS_ID":"WirelessHotSpotPt_1028","YCOORD":136377.87,"XCOORD":403559.87,"LONGITUDE":-76.958963870000005,"LATITUDE":38.895241499999997,"LABEL":null,"NUMBER_OF_SITES":null,"SE_ANNO_CAD_DATA":null,"GLOBALID":"{195EF9B6-8EE9-40AF-9905-5DDA94A51EC5}","CREATOR":"JLAY","CREATED":1713469448000,"EDITOR":"DCGIS","EDITED":1713477402000,"OBJECTID":1028}},{"type":"Feature","id":1062,"geometry":{"type":"Point","coordinates":[-76.968492498030699,38.859279554952124]},"properties":{"NAME":"Stanton Elementary School","ADDRESS":"2701 NAYLOR ROAD SE","TYPE":"Indoor/Outdoor","SITE_TYPE":"Public School","WARD":"Ward 8","MAR_ID":294547,"GIS_ID":"WirelessHotSpotPt_1062","YCOORD":132384.63,"XCOORD":402734.84000000003,"LONGITUDE":-76.96849023,"LATITUDE":38.859272109999999,"LABEL":null,"NUMBER_OF_SITES":null,"SE_ANNO_CAD_DATA":null,"GLOBALID":"{5428FDDC-BB50-447A-B2FC-8A822E76CF2B}","CREATOR":"JLAY","CREATED":1713469448000,"EDITOR":"DCGIS","EDITED":1713477402000,"OBJECTID":1062}},{"type":"Feature","id":889,"geometry":{"type":"Point","coordinates":[-76.996591304365921,38.902765453788703]},"properties":{"NAME":"J.O. Wilson Elementary School","ADDRESS":"660 K STREET NE","TYPE":"Indoor/Outdoor","SITE_TYPE":"Public School","WARD":"Ward 6","MAR_ID":288841,"GIS_ID":"WirelessHotSpotPt_889","YCOORD":137211.42999999999,"XCOORD":400295.87,"LONGITUDE":-76.996589020000002,"LATITUDE":38.902757999999999,"LABEL":null,"NUMBER_OF_SITES":null,"SE_ANNO_CAD_DATA":null,"GLOBALID":"{66FB9446-E118-4B51-A2EA-D405498C037A}","CREATOR":"JLAY","CREATED":1713469448000,"EDITOR":"DCGIS","EDITED":1713477402000,"OBJECTID":889}},{"type":"Feature","id":1068,"geometry":{"type":"Point","coordinates":[-77.017998697621877,38.968900445758656]},"properties":{"NAME":"Takoma Community Center","ADDRESS":"300 VAN BUREN STREET NW","TYPE":"Indoor/Outdoor","SITE_TYPE":"Rec. Center","WARD":"Ward 4","MAR_ID":296168,"GIS_ID":"WirelessHotSpotPt_1068","YCOORD":144553.14000000001,"XCOORD":398440.42999999999,"LONGITUDE":-77.017996400000001,"LATITUDE":38.96889264,"LABEL":null,"NUMBER_OF_SITES":null,"SE_ANNO_CAD_DATA":null,"GLOBALID":"{2953FC56-94E0-442F-9117-BEB1FC9952C2}","CREATOR":"JLAY","CREATED":1713469448000,"EDITOR":"DCGIS","EDITED":1713477402000,"OBJECTID":1068}},{"type":"Feature","id":928,"geometry":{"type":"Point","coordinates":[-77.025042530880469,38.884480510613074]},"properties":{"NAME":"L'Enfant Plaza","ADDRESS":"955 L'ENFANT PLAZA SW","TYPE":"Indoor","SITE_TYPE":"Administrative","WARD":"Ward 6","MAR_ID":291726,"GIS_ID":"WirelessHotSpotPt_928","YCOORD":135181.95000000001,"XCOORD":397827.44,"LONGITUDE":-77.025040239999996,"LATITUDE":38.884473059999998,"LABEL":null,"NUMBER_OF_SITES":null,"SE_ANNO_CAD_DATA":null,"GLOBALID":"{E897C943-2BEE-49D7-9AA3-6E719C6DC157}","CREATOR":"JLAY","CREATED":1713469448000,"EDITOR":"DCGIS","EDITED":1713477402000,"OBJECTID":928}},{"type":"Feature","id":876,"geometry":{"type":"Point","coordinates":[-77.0715848702459,38.940876359833972]},"properties":{"NAME":"Hearst Elementary School","ADDRESS":"3950 37TH STREET NW","TYPE":"Indoor/Outdoor","SITE_TYPE":"Public School","WARD":"Ward 3","MAR_ID":294586,"GIS_ID":"WirelessHotSpotPt_876","YCOORD":141444.48999999999,"XCOORD":393794.21000000002,"LONGITUDE":-77.071582559999996,"LATITUDE":38.940868569999999,"LABEL":null,"NUMBER_OF_SITES":null,"SE_ANNO_CAD_DATA":null,"GLOBALID":"{B2768002-DAF2-4B70-A685-78929EC94A8B}","CREATOR":"JLAY","CREATED":1713469448000,"EDITOR":"DCGIS","EDITED":1713477402000,"OBJECTID":876}},{"type":"Feature","id":770,"geometry":{"type":"Point","coordinates":[-77.030470626590841,38.943482120059599]},"properties":{"NAME":"Dorothy Height Elementary School (Sharpe Health Swing Space)","ADDRESS":"4300 13TH STREET NW","TYPE":"Indoor/Outdoor","SITE_TYPE":"Public School","WARD":"Ward 4","MAR_ID":255254,"GIS_ID":"WirelessHotSpotPt_770","YCOORD":141731.76000000001,"XCOORD":397358.66999999998,"LONGITUDE":-77.030468330000005,"LATITUDE":38.94347466,"LABEL":null,"NUMBER_OF_SITES":null,"SE_ANNO_CAD_DATA":null,"GLOBALID":"{FD968A53-0DD1-4D7D-90D6-B268F320B605}","CREATOR":"JLAY","CREATED":1713469448000,"EDITOR":"DCGIS","EDITED":1713477402000,"OBJECTID":770}},{"type":"Feature","id":756,"geometry":{"type":"Point","coordinates":[-77.027250124171019,38.941114185370509]},"properties":{"NAME":"DHS","ADDRESS":"1207 TAYLOR STREET NW","TYPE":"Indoor","SITE_TYPE":"Administrative","WARD":"Ward 4","MAR_ID":283934,"GIS_ID":"WirelessHotSpotPt_756","YCOORD":141468.81,"XCOORD":397637.78000000003,"LONGITUDE":-77.027247829999993,"LATITUDE":38.941106720000001,"LABEL":null,"NUMBER_OF_SITES":null,"SE_ANNO_CAD_DATA":null,"GLOBALID":"{0ACA3102-6D16-42A8-9C91-0D6B46775CAC}","CREATOR":"JLAY","CREATED":1713469448000,"EDITOR":"DCGIS","EDITED":1713477402000,"OBJECTID":756}},{"type":"Feature","id":816,"geometry":{"type":"Point","coordinates":[-76.994605471496243,38.883261173767323]},"properties":{"NAME":"Engine Company 18 (Truck Company 7)","ADDRESS":"414 8TH STREET SE","TYPE":"Indoor/Outdoor","SITE_TYPE":"Fire Emergency Medical Services","WARD":"Ward 6","MAR_ID":280007,"GIS_ID":"WirelessHotSpotPt_816","YCOORD":135046.31,"XCOORD":400468.25,"LONGITUDE":-76.994603190000007,"LATITUDE":38.88325339,"LABEL":null,"NUMBER_OF_SITES":null,"SE_ANNO_CAD_DATA":null,"GLOBALID":"{7CE2F488-1542-4DF8-B4BC-ED029DFD606F}","CREATOR":"JLAY","CREATED":1713469448000,"EDITOR":"DCGIS","EDITED":1713477402000,"OBJECTID":816}},{"type":"Feature","id":1052,"geometry":{"type":"Point","coordinates":[-76.938470902763726,38.893561490094079]},"properties":{"NAME":"Smothers Elementary School","ADDRESS":"4400 BROOKS STREET NE","TYPE":"Indoor","SITE_TYPE":"Public School","WARD":"Ward 7","MAR_ID":294596,"GIS_ID":"WirelessHotSpotPt_1052","YCOORD":136191.51000000001,"XCOORD":405337.95000000001,"LONGITUDE":-76.938468639999996,"LATITUDE":38.893554039999998,"LABEL":null,"NUMBER_OF_SITES":null,"SE_ANNO_CAD_DATA":null,"GLOBALID":"{47851D38-8AEE-4D5D-A899-5B23431E152B}","CREATOR":"JLAY","CREATED":1713469448000,"EDITOR":"DCGIS","EDITED":1713477402000,"OBJECTID":1052}},{"type":"Feature","id":925,"geometry":{"type":"Point","coordinates":[-77.013362324006039,38.828085438291176]},"properties":{"NAME":"Leckie Elementary School","ADDRESS":"4201 MARTIN LUTHER KING JR AVENUE SW","TYPE":"Indoor/Outdoor","SITE_TYPE":"Public School","WARD":"Ward 8","MAR_ID":294592,"GIS_ID":"WirelessHotSpotPt_925","YCOORD":128921.48,"XCOORD":398839.92999999999,"LONGITUDE":-77.013360039999995,"LATITUDE":38.828077669999999,"LABEL":null,"NUMBER_OF_SITES":null,"SE_ANNO_CAD_DATA":null,"GLOBALID":"{84A41094-1DED-4D28-A23B-5B0AF358F85E}","CREATOR":"JLAY","CREATED":1713469448000,"EDITOR":"DCGIS","EDITED":1713477402000,"OBJECTID":925}},{"type":"Feature","id":982,"geometry":{"type":"Point","coordinates":[-77.057205675593821,38.923603282863482]},"properties":{"NAME":"Oyster Elementary School","ADDRESS":"2801 CALVERT STREET NW","TYPE":"Indoor/Outdoor","SITE_TYPE":"Public School / Rec. Center","WARD":"Ward 3","MAR_ID":275944,"GIS_ID":"WirelessHotSpotPt_982","YCOORD":139526.14999999999,"XCOORD":395039.60000000003,"LONGITUDE":-77.057203369999996,"LATITUDE":38.923595829999996,"LABEL":null,"NUMBER_OF_SITES":null,"SE_ANNO_CAD_DATA":null,"GLOBALID":"{4767B6C8-9D62-4955-BFEE-BDD79E97BE4B}","CREATOR":"JLAY","CREATED":1713469448000,"EDITOR":"DCGIS","EDITED":1713477402000,"OBJECTID":982}},{"type":"Feature","id":675,"geometry":{"type":"Point","coordinates":[-76.99115028324924,38.938717668274236]},"properties":{"NAME":"Brookland Middle School","ADDRESS":"1150 MICHIGAN AVENUE NE","TYPE":"Indoor/Outdoor","SITE_TYPE":"Public School","WARD":"Ward 5","MAR_ID":294507,"GIS_ID":"WirelessHotSpotPt_675","YCOORD":141202.45999999999,"XCOORD":400767.44,"LONGITUDE":-76.991147999999995,"LATITUDE":38.938709869999997,"LABEL":null,"NUMBER_OF_SITES":null,"SE_ANNO_CAD_DATA":null,"GLOBALID":"{2778D1CE-4CC6-4240-90DF-654554C0CAAB}","CREATOR":"JLAY","CREATED":1713469448000,"EDITOR":"DCGIS","EDITED":1713477402000,"OBJECTID":675}},{"type":"Feature","id":1044,"geometry":{"type":"Point","coordinates":[-77.000054570665995,38.835917801443436]},"properties":{"NAME":"Simon Elementary School","ADDRESS":"401 MISSISSIPPI AVENUE SE","TYPE":"Indoor/Outdoor","SITE_TYPE":"Public School / Rec. Center","WARD":"Ward 8","MAR_ID":294481,"GIS_ID":"WirelessHotSpotPt_1044","YCOORD":129790.84,"XCOORD":399995.46000000002,"LONGITUDE":-77.000052289999999,"LATITUDE":38.835910030000001,"LABEL":null,"NUMBER_OF_SITES":null,"SE_ANNO_CAD_DATA":null,"GLOBALID":"{0A58B951-58BD-4312-A4E5-AD6E625CB59E}","CREATOR":"JLAY","CREATED":1713469448000,"EDITOR":"DCGIS","EDITED":1713477402000,"OBJECTID":1044}},{"type":"Feature","id":993,"geometry":{"type":"Point","coordinates":[-77.039450446846175,38.900215593131492]},"properties":{"NAME":"PA2040 Cabinet 5 (SE Corner)","ADDRESS":"17TH STREET NW AND H STREET NW","TYPE":"Outdoor","SITE_TYPE":"Administrative","WARD":"Ward 2","MAR_ID":905532,"GIS_ID":"WirelessHotSpotPt_993","YCOORD":136929.10937300001,"XCOORD":396578.12498700002,"LONGITUDE":-77.039447999999993,"LATITUDE":38.900207999999999,"LABEL":null,"NUMBER_OF_SITES":null,"SE_ANNO_CAD_DATA":null,"GLOBALID":"{6D5902D9-31FD-43FC-99ED-B3EBEB1A5627}","CREATOR":"JLAY","CREATED":1713469448000,"EDITOR":"DCGIS","EDITED":1713477402000,"OBJECTID":993}},{"type":"Feature","id":967,"geometry":{"type":"Point","coordinates":[-77.070081517757018,38.952940984919067]},"properties":{"NAME":"Murch Elementary School","ADDRESS":"4810 36TH STREET NW","TYPE":"Indoor/Outdoor","SITE_TYPE":"Public School","WARD":"Ward 3","MAR_ID":294602,"GIS_ID":"WirelessHotSpotPt_967","YCOORD":142783.67000000001,"XCOORD":393925.57000000001,"LONGITUDE":-77.070079210000003,"LATITUDE":38.952933520000002,"LABEL":null,"NUMBER_OF_SITES":null,"SE_ANNO_CAD_DATA":null,"GLOBALID":"{1BE1A95E-6110-4067-8A9E-9331F2D98C53}","CREATOR":"JLAY","CREATED":1713469448000,"EDITOR":"DCGIS","EDITED":1713477402000,"OBJECTID":967}},{"type":"Feature","id":676,"geometry":{"type":"Point","coordinates":[-76.97066933279865,38.902606337901936]},"properties":{"NAME":"Browne Education Campus (decommissioned for renovation)","ADDRESS":"850 26TH STREET NE","TYPE":"Indoor/Outdoor","SITE_TYPE":"Public School","WARD":"Ward 5","MAR_ID":294501,"GIS_ID":"WirelessHotSpotPt_676","YCOORD":137194.17000000001,"XCOORD":402544.35999999999,"LONGITUDE":-76.970667059999997,"LATITUDE":38.902598879999999,"LABEL":null,"NUMBER_OF_SITES":null,"SE_ANNO_CAD_DATA":null,"GLOBALID":"{A8647703-06D0-4BC9-A903-15C636E07B30}","CREATOR":"JLAY","CREATED":1713469448000,"EDITOR":"DCGIS","EDITED":1713477402000,"OBJECTID":676}},{"type":"Feature","id":825,"geometry":{"type":"Point","coordinates":[-77.000784306481336,38.843192484779259]},"properties":{"NAME":"Engine Company 25","ADDRESS":"3203 MARTIN LUTHER KING JR AVENUE SE","TYPE":"Indoor/Outdoor","SITE_TYPE":"Fire Emergency Medical Services","WARD":"Ward 8","MAR_ID":278344,"GIS_ID":"WirelessHotSpotPt_825","YCOORD":130598.38,"XCOORD":399932.10999999999,"LONGITUDE":-77.000782029999996,"LATITUDE":38.843184710000003,"LABEL":null,"NUMBER_OF_SITES":null,"SE_ANNO_CAD_DATA":null,"GLOBALID":"{E7D4AE16-8F09-402F-8042-7C4D18EBF1B8}","CREATOR":"JLAY","CREATED":1713469448000,"EDITOR":"DCGIS","EDITED":1713477402000,"OBJECTID":825}},{"type":"Feature","id":754,"geometry":{"type":"Point","coordinates":[-77.025042530880469,38.884480510613074]},"properties":{"NAME":"DHCF at L'Enfant Plaza","ADDRESS":"955 L''ENFANT PLAZA SW","TYPE":"Indoor","SITE_TYPE":"Administrative","WARD":"Ward 6","MAR_ID":291726,"GIS_ID":"WirelessHotSpotPt_754","YCOORD":135181.95000000001,"XCOORD":397827.44,"LONGITUDE":-77.02503999999999,"LATITUDE":38.884473,"LABEL":null,"NUMBER_OF_SITES":null,"SE_ANNO_CAD_DATA":null,"GLOBALID":"{EF1249FC-6C71-4C43-92D2-266AB3E90321}","CREATOR":"JLAY","CREATED":1713469448000,"EDITOR":"DCGIS","EDITED":1713477402000,"OBJECTID":754}},{"type":"Feature","id":854,"geometry":{"type":"Point","coordinates":[-77.027413273761624,38.963133248628147]},"properties":{"NAME":"Fourth District Station","ADDRESS":"6001 GEORGIA AVENUE NW","TYPE":"Indoor","SITE_TYPE":"Metro. Police Dept.","WARD":"Ward 4","MAR_ID":243485,"GIS_ID":"WirelessHotSpotPt_854","YCOORD":143913.13,"XCOORD":397624.37,"LONGITUDE":-77.027410979999999,"LATITUDE":38.963125779999999,"LABEL":null,"NUMBER_OF_SITES":null,"SE_ANNO_CAD_DATA":null,"GLOBALID":"{1AB3E24B-BAF9-4211-B88F-00959FA1CE69}","CREATOR":"JLAY","CREATED":1713469448000,"EDITOR":"DCGIS","EDITED":1713477402000,"OBJECTID":854}},{"type":"Feature","id":960,"geometry":{"type":"Point","coordinates":[-77.014856200567067,38.813431344029446]},"properties":{"NAME":"MPD Internal Affairs and Executive Protection Unit","ADDRESS":"6 DC VILLAGE LANE SW","TYPE":"Indoor/Outdoor","SITE_TYPE":"Metro. Police Dept.","WARD":"Ward 8","MAR_ID":307758,"GIS_ID":"WirelessHotSpotPt_960","YCOORD":127294.8,"XCOORD":398709.95000000001,"LONGITUDE":-77.014853919999993,"LATITUDE":38.813423569999998,"LABEL":null,"NUMBER_OF_SITES":null,"SE_ANNO_CAD_DATA":null,"GLOBALID":"{D70EA964-B013-404E-9DD8-82CE95D5C701}","CREATOR":"JLAY","CREATED":1713469448000,"EDITOR":"DCGIS","EDITED":1713477402000,"OBJECTID":960}},{"type":"Feature","id":1013,"geometry":{"type":"Point","coordinates":[-76.989228234984878,38.881095004913526]},"properties":{"NAME":"Potomac Gardens Family","ADDRESS":"1225 G STREET SE","TYPE":"Outdoor","SITE_TYPE":"Public Housing","WARD":"Ward 6","MAR_ID":290351,"GIS_ID":"WirelessHotSpotPt_1013","YCOORD":134805.89000000001,"XCOORD":400934.83000000002,"LONGITUDE":-76.989226000000002,"LATITUDE":38.881087999999998,"LABEL":null,"NUMBER_OF_SITES":null,"SE_ANNO_CAD_DATA":null,"GLOBALID":"{7F9CAC6C-EFEF-4E92-8EED-32C97C61CCC6}","CREATOR":"JLAY","CREATED":1713469448000,"EDITOR":"DCGIS","EDITED":1713477402000,"OBJECTID":1013}},{"type":"Feature","id":1109,"geometry":{"type":"Point","coordinates":[-77.018269066189873,38.899594573840481]},"properties":{"NAME":"Youth and Rehab","ADDRESS":"450 H STREET NW","TYPE":"Indoor","SITE_TYPE":"Administrative","WARD":"Ward 6","MAR_ID":237588,"GIS_ID":"WirelessHotSpotPt_1109","YCOORD":136859.59,"XCOORD":398415.46000000002,"LONGITUDE":-77.018266780000005,"LATITUDE":38.89958712,"LABEL":null,"NUMBER_OF_SITES":null,"SE_ANNO_CAD_DATA":null,"GLOBALID":"{48CA5FA1-0847-49E3-B50A-ABF85D6F8D56}","CREATOR":"JLAY","CREATED":1713469448000,"EDITOR":"DCGIS","EDITED":1713477402000,"OBJECTID":1109}},{"type":"Feature","id":1025,"geometry":{"type":"Point","coordinates":[-76.925341788205571,38.894138480421077]},"properties":{"NAME":"Richardson Dwellings","ADDRESS":"5231 CLOUD PLACE NE","TYPE":"Outdoor","SITE_TYPE":"Public Housing","WARD":"Ward 7","MAR_ID":148821,"GIS_ID":"WirelessHotSpotPt_1025","YCOORD":136256.41,"XCOORD":406476.87,"LONGITUDE":-76.925339530000002,"LATITUDE":38.894131020000003,"LABEL":null,"NUMBER_OF_SITES":null,"SE_ANNO_CAD_DATA":null,"GLOBALID":"{A9B19CFE-360B-491D-9D29-3808B7204F4A}","CREATOR":"JLAY","CREATED":1713469448000,"EDITOR":"DCGIS","EDITED":1713477402000,"OBJECTID":1025}},{"type":"Feature","id":818,"geometry":{"type":"Point","coordinates":[-77.019528404024811,38.897086171534475]},"properties":{"NAME":"Engine Company 2 (Rescue Squad 1)","ADDRESS":"500 F STREET NW","TYPE":"Indoor/Outdoor","SITE_TYPE":"Fire Emergency Medical Services","WARD":"Ward 2","MAR_ID":299998,"GIS_ID":"WirelessHotSpotPt_818","YCOORD":136581.16,"XCOORD":398306.16000000003,"LONGITUDE":-77.019526110000001,"LATITUDE":38.897078380000004,"LABEL":null,"NUMBER_OF_SITES":null,"SE_ANNO_CAD_DATA":null,"GLOBALID":"{AE63975F-77E4-4A75-8471-D569445C8570}","CREATOR":"JLAY","CREATED":1713469448000,"EDITOR":"DCGIS","EDITED":1713477402000,"OBJECTID":818}},{"type":"Feature","id":797,"geometry":{"type":"Point","coordinates":[-76.979686569941848,38.890410115128169]},"properties":{"NAME":"Eastern High School","ADDRESS":"1700 EAST CAPITOL STREET NE","TYPE":"Indoor/Outdoor","SITE_TYPE":"Public School","WARD":"Ward 7","MAR_ID":289529,"GIS_ID":"WirelessHotSpotPt_797","YCOORD":135840.08000000002,"XCOORD":401762.5,"LONGITUDE":-76.979684289999994,"LATITUDE":38.890402659999999,"LABEL":null,"NUMBER_OF_SITES":null,"SE_ANNO_CAD_DATA":null,"GLOBALID":"{36D7EE65-B8CA-4B66-8814-7CC3C85BE1A9}","CREATOR":"JLAY","CREATED":1713469448000,"EDITOR":"DCGIS","EDITED":1713477402000,"OBJECTID":797}},{"type":"Feature","id":647,"geometry":{"type":"Point","coordinates":[-77.07514761543591,38.952684075160548]},"properties":{"NAME":"Alice Deal Middle School","ADDRESS":"3815 FORT DRIVE NW","TYPE":"Indoor/Outdoor","SITE_TYPE":"Public School","WARD":"Ward 3","MAR_ID":277548,"GIS_ID":"WirelessHotSpotPt_647","YCOORD":142755.5,"XCOORD":393486.41999999998,"LONGITUDE":-77.075145309999996,"LATITUDE":38.952676279999999,"LABEL":null,"NUMBER_OF_SITES":null,"SE_ANNO_CAD_DATA":null,"GLOBALID":"{5E90B9D8-8C73-4176-AC73-9CE88868A31A}","CREATOR":"JLAY","CREATED":1713469448000,"EDITOR":"DCGIS","EDITED":1713477402000,"OBJECTID":647}},{"type":"Feature","id":867,"geometry":{"type":"Point","coordinates":[-77.068629237983799,38.915403064551263]},"properties":{"NAME":"Hardy Middle School","ADDRESS":"1819 35TH STREET NW","TYPE":"Indoor/Outdoor","SITE_TYPE":"Public School","WARD":"Ward 2","MAR_ID":274432,"GIS_ID":"WirelessHotSpotPt_867","YCOORD":138616.54000000001,"XCOORD":394048.32000000001,"LONGITUDE":-77.068626929999994,"LATITUDE":38.915395279999998,"LABEL":null,"NUMBER_OF_SITES":null,"SE_ANNO_CAD_DATA":null,"GLOBALID":"{040EABD6-D208-4809-8457-8643BCE6FE98}","CREATOR":"JLAY","CREATED":1713469448000,"EDITOR":"DCGIS","EDITED":1713477402000,"OBJECTID":867}},{"type":"Feature","id":865,"geometry":{"type":"Point","coordinates":[-77.038540985953418,38.924007655740802]},"properties":{"NAME":"H.D. Cooke Elementary School","ADDRESS":"2525 17TH STREET NW","TYPE":"Indoor/Outdoor","SITE_TYPE":"Public School","WARD":"Ward 1","MAR_ID":235863,"GIS_ID":"WirelessHotSpotPt_865","YCOORD":139570.19,"XCOORD":396658.13,"LONGITUDE":-77.038538689999996,"LATITUDE":38.923999860000002,"LABEL":null,"NUMBER_OF_SITES":null,"SE_ANNO_CAD_DATA":null,"GLOBALID":"{DE8CF235-1337-435C-A831-9EDF07272C5D}","CREATOR":"JLAY","CREATED":1713469448000,"EDITOR":"DCGIS","EDITED":1713477402000,"OBJECTID":865}},{"type":"Feature","id":808,"geometry":{"type":"Point","coordinates":[-76.986696489040284,38.901595101186615]},"properties":{"NAME":"Engine Company 10 (Truck Company 13)","ADDRESS":"1342 FLORIDA AVENUE NE","TYPE":"Indoor/Outdoor","SITE_TYPE":"Fire Emergency Medical Services","WARD":"Ward 5","MAR_ID":294519,"GIS_ID":"WirelessHotSpotPt_808","YCOORD":137081.59,"XCOORD":401154.16999999998,"LONGITUDE":-76.986694209999996,"LATITUDE":38.901587650000003,"LABEL":null,"NUMBER_OF_SITES":null,"SE_ANNO_CAD_DATA":null,"GLOBALID":"{A4841B13-6F45-4FCF-9110-61F51780B1B8}","CREATOR":"JLAY","CREATED":1713469448000,"EDITOR":"DCGIS","EDITED":1713477402000,"OBJECTID":808}},{"type":"Feature","id":934,"geometry":{"type":"Point","coordinates":[-77.066994550484623,38.933711536432014]},"properties":{"NAME":"Macomb Recreation Center","ADDRESS":"3409 MACOMB STREET NW","TYPE":"Indoor/Outdoor","SITE_TYPE":"Rec. Center","WARD":"Ward 3","MAR_ID":221115,"GIS_ID":"WirelessHotSpotPt_934","YCOORD":140648.83000000002,"XCOORD":394191.58000000002,"LONGITUDE":-77.066992240000005,"LATITUDE":38.933704079999998,"LABEL":null,"NUMBER_OF_SITES":null,"SE_ANNO_CAD_DATA":null,"GLOBALID":"{F7A90ACC-B109-4748-8C17-74A3CD6760B1}","CREATOR":"JLAY","CREATED":1713469448000,"EDITOR":"DCGIS","EDITED":1713477402000,"OBJECTID":934}},{"type":"Feature","id":969,"geometry":{"type":"Point","coordinates":[-76.930798766459944,38.885961872248849]},"properties":{"NAME":"Nalle Elementary School","ADDRESS":"219 50TH STREET SE","TYPE":"Indoor/Outdoor","SITE_TYPE":"Public School","WARD":"Ward 7","MAR_ID":294474,"GIS_ID":"WirelessHotSpotPt_969","YCOORD":135348.37,"XCOORD":406004.16000000003,"LONGITUDE":-76.930796509999993,"LATITUDE":38.885954419999997,"LABEL":null,"NUMBER_OF_SITES":null,"SE_ANNO_CAD_DATA":null,"GLOBALID":"{9F22C24F-1FFC-4B1D-BFCE-BFEBC317E9AF}","CREATOR":"JLAY","CREATED":1713469448000,"EDITOR":"DCGIS","EDITED":1713477402000,"OBJECTID":969}},{"type":"Feature","id":761,"geometry":{"type":"Point","coordinates":[-76.994816410717206,38.92103844767702]},"properties":{"NAME":"DMV","ADDRESS":"2350 WASHINGTON PLACE NE","TYPE":"Indoor","SITE_TYPE":"Administrative","WARD":"Ward 5","MAR_ID":306519,"GIS_ID":"WirelessHotSpotPt_761","YCOORD":139239.89000000001,"XCOORD":400449.71000000002,"LONGITUDE":-76.994814129999995,"LATITUDE":38.921030989999998,"LABEL":null,"NUMBER_OF_SITES":null,"SE_ANNO_CAD_DATA":null,"GLOBALID":"{1ECE62CC-EB53-4218-9244-666C411B248D}","CREATOR":"JLAY","CREATED":1713469448000,"EDITOR":"DCGIS","EDITED":1713477402000,"OBJECTID":761}},{"type":"Feature","id":748,"geometry":{"type":"Point","coordinates":[-77.030542900919087,38.944707948889338]},"properties":{"NAME":"DECOM - 4/11/2022 ( Formerly Dorothy I. Height Elementary School)","ADDRESS":"1300 ALLISON STREET NW","TYPE":"Indoor","SITE_TYPE":"Public School","WARD":"Ward 4","MAR_ID":255251,"GIS_ID":"WirelessHotSpotPt_748","YCOORD":141867.84,"XCOORD":397352.45000000001,"LONGITUDE":-77.030540610000003,"LATITUDE":38.944700490000002,"LABEL":null,"NUMBER_OF_SITES":null,"SE_ANNO_CAD_DATA":null,"GLOBALID":"{FE2C6934-5C0D-44DF-96D2-D5CA3C42BE26}","CREATOR":"JLAY","CREATED":1713469448000,"EDITOR":"DCGIS","EDITED":1713477402000,"OBJECTID":748}},{"type":"Feature","id":944,"geometry":{"type":"Point","coordinates":[-76.995001815532746,38.858822287274577]},"properties":{"NAME":"Matthews Memorial Baptist Church Child Development Center","ADDRESS":"2616 MARTIN LUTHER KING JR AVENUE SE","TYPE":"Outdoor","SITE_TYPE":"Community Service Organization","WARD":"Ward 8","MAR_ID":278192,"GIS_ID":"WirelessHotSpotPt_944","YCOORD":132333.41,"XCOORD":400434.01000000001,"LONGITUDE":-76.994999539999995,"LATITUDE":38.858814510000002,"LABEL":null,"NUMBER_OF_SITES":null,"SE_ANNO_CAD_DATA":null,"GLOBALID":"{F46F2F2F-ABBE-4B04-AF74-63F6A0E653BE}","CREATOR":"JLAY","CREATED":1713469448000,"EDITOR":"DCGIS","EDITED":1713477402000,"OBJECTID":944}},{"type":"Feature","id":801,"geometry":{"type":"Point","coordinates":[-77.002029068047662,38.924732137352706]},"properties":{"NAME":"Edgewood Recreation Center","ADDRESS":"301 FRANKLIN STREET NE","TYPE":"Outdoor","SITE_TYPE":"Rec. Center","WARD":"Ward 5","MAR_ID":289734,"GIS_ID":"WirelessHotSpotPt_801","YCOORD":139649.91,"XCOORD":399824.25,"LONGITUDE":-77.002026999999998,"LATITUDE":38.924724999999995,"LABEL":null,"NUMBER_OF_SITES":null,"SE_ANNO_CAD_DATA":null,"GLOBALID":"{EEE2A181-D29D-4321-957C-0AD7D61DCAA6}","CREATOR":"JLAY","CREATED":1713469448000,"EDITOR":"DCGIS","EDITED":1713477402000,"OBJECTID":801}},{"type":"Feature","id":1020,"geometry":{"type":"Point","coordinates":[-77.026434953982346,38.93581866527034]},"properties":{"NAME":"Raymond Rec Center","ADDRESS":"915 SPRING ROAD NW","TYPE":"Indoor/Outdoor","SITE_TYPE":"Rec. Center","WARD":"Ward 4","MAR_ID":226682,"GIS_ID":"WirelessHotSpotPt_1020","YCOORD":140880.94,"XCOORD":397708.28000000003,"LONGITUDE":-77.026432999999997,"LATITUDE":38.935811000000001,"LABEL":null,"NUMBER_OF_SITES":null,"SE_ANNO_CAD_DATA":null,"GLOBALID":"{84DD7B4D-0AB6-47DF-B02E-1C18838EE5BC}","CREATOR":"JLAY","CREATED":1713469448000,"EDITOR":"DCGIS","EDITED":1713477402000,"OBJECTID":1020}},{"type":"Feature","id":1073,"geometry":{"type":"Point","coordinates":[-77.037973109635686,38.917875062934215]},"properties":{"NAME":"Third District Station","ADDRESS":"1620 V STREET NW","TYPE":"Indoor/Outdoor","SITE_TYPE":"Metro. Police Dept.","WARD":"Ward 1","MAR_ID":241847,"GIS_ID":"WirelessHotSpotPt_1073","YCOORD":138889.39999999999,"XCOORD":396707.09000000003,"LONGITUDE":-77.037970810000004,"LATITUDE":38.917867610000002,"LABEL":null,"NUMBER_OF_SITES":null,"SE_ANNO_CAD_DATA":null,"GLOBALID":"{5EA5672F-65BA-4054-9246-9DFEEFDBC318}","CREATOR":"JLAY","CREATED":1713469448000,"EDITOR":"DCGIS","EDITED":1713477402000,"OBJECTID":1073}},{"type":"Feature","id":711,"geometry":{"type":"Point","coordinates":[-77.057895486617738,38.933788013954107]},"properties":{"NAME":"Cleveland Park Neighborhood Library","ADDRESS":"3310 CONNECTICUT AVENUE NW","TYPE":"Outdoor","SITE_TYPE":"Library","WARD":"Ward 3","MAR_ID":221190,"GIS_ID":"WirelessHotSpotPt_711","YCOORD":140656.78,"XCOORD":394980.5,"LONGITUDE":-77.057893179999994,"LATITUDE":38.933780220000003,"LABEL":null,"NUMBER_OF_SITES":null,"SE_ANNO_CAD_DATA":null,"GLOBALID":"{87B83047-E357-4FCC-9793-710FE3BDC28D}","CREATOR":"JLAY","CREATED":1713469448000,"EDITOR":"DCGIS","EDITED":1713477402000,"OBJECTID":711}},{"type":"Feature","id":1051,"geometry":{"type":"Point","coordinates":[-77.017549198557205,38.887579058082892]},"properties":{"NAME":"Smithsonian National Museum of the American indian","ADDRESS":"4TH STREET SW AND INDEPENDENCE AVENUE SW","TYPE":"Outdoor","SITE_TYPE":"Federal","WARD":"Ward 2/6","MAR_ID":902157,"GIS_ID":"WirelessHotSpotPt_1051","YCOORD":135525.760667,"XCOORD":398477.64831700001,"LONGITUDE":-77.017546999999993,"LATITUDE":38.887571999999999,"LABEL":null,"NUMBER_OF_SITES":null,"SE_ANNO_CAD_DATA":null,"GLOBALID":"{F5AD2EAE-F7D3-49AF-A7D9-AF018EB6D4E3}","CREATOR":"JLAY","CREATED":1713469448000,"EDITOR":"DCGIS","EDITED":1713477402000,"OBJECTID":1051}},{"type":"Feature","id":887,"geometry":{"type":"Point","coordinates":[-77.064531783716333,38.90811269496357]},"properties":{"NAME":"Hyde-Addison Elementary School","ADDRESS":"3219 O STREET NW","TYPE":"Indoor","SITE_TYPE":"Public School","WARD":"Ward 2","MAR_ID":294558,"GIS_ID":"WirelessHotSpotPt_887","YCOORD":137806.98999999999,"XCOORD":394403.10000000003,"LONGITUDE":-77.064529480000004,"LATITUDE":38.908104909999999,"LABEL":null,"NUMBER_OF_SITES":null,"SE_ANNO_CAD_DATA":null,"GLOBALID":"{E9A7D3E2-4F7B-4137-BECF-506D4E3DD265}","CREATOR":"JLAY","CREATED":1713469448000,"EDITOR":"DCGIS","EDITED":1713477402000,"OBJECTID":887}},{"type":"Feature","id":857,"geometry":{"type":"Point","coordinates":[-76.970807048352981,38.85174082148901]},"properties":{"NAME":"Garfield Elementary School","ADDRESS":"2435 ALABAMA AVENUE SE","TYPE":"Indoor/Outdoor","SITE_TYPE":"Public School","WARD":"Ward 8","MAR_ID":278160,"GIS_ID":"WirelessHotSpotPt_857","YCOORD":131547.70999999999,"XCOORD":402534.22000000003,"LONGITUDE":-76.970804779999995,"LATITUDE":38.851733379999999,"LABEL":null,"NUMBER_OF_SITES":null,"SE_ANNO_CAD_DATA":null,"GLOBALID":"{D6F52682-BE2E-4197-A1AC-E0761F58E651}","CREATOR":"JLAY","CREATED":1713469448000,"EDITOR":"DCGIS","EDITED":1713477402000,"OBJECTID":857}},{"type":"Feature","id":1039,"geometry":{"type":"Point","coordinates":[-77.026491280418156,38.920097432199974]},"properties":{"NAME":"Service Center","ADDRESS":"2244 10TH STREET NW","TYPE":"Outdoor","SITE_TYPE":"University","WARD":"Ward 1","MAR_ID":301070,"GIS_ID":"WirelessHotSpotPt_1039","YCOORD":139135.75,"XCOORD":397702.89000000001,"LONGITUDE":-77.026488990000004,"LATITUDE":38.92008964,"LABEL":null,"NUMBER_OF_SITES":null,"SE_ANNO_CAD_DATA":null,"GLOBALID":"{A08C71D3-BC09-46F7-85FD-2554552A0F1F}","CREATOR":"JLAY","CREATED":1713469448000,"EDITOR":"DCGIS","EDITED":1713477402000,"OBJECTID":1039}},{"type":"Feature","id":1000,"geometry":{"type":"Point","coordinates":[-77.022135735696693,38.932346767349401]},"properties":{"NAME":"Park Morton  (SITE DECOMM ON DCNET-13985, 03-21-2022)","ADDRESS":"617 MORTON STREET NW","TYPE":"Outdoor","SITE_TYPE":"Public Housing","WARD":"Ward 1","MAR_ID":285318,"GIS_ID":"WirelessHotSpotPt_1000","YCOORD":140495.42999999999,"XCOORD":398080.92999999999,"LONGITUDE":-77.022133440000005,"LATITUDE":38.932338970000004,"LABEL":null,"NUMBER_OF_SITES":null,"SE_ANNO_CAD_DATA":null,"GLOBALID":"{2F3C310F-209D-480D-B49D-C743BB889782}","CREATOR":"JLAY","CREATED":1713469448000,"EDITOR":"DCGIS","EDITED":1713477402000,"OBJECTID":1000}},{"type":"Feature","id":946,"geometry":{"type":"Point","coordinates":[-76.920637522764011,38.89029889194947]},"properties":{"NAME":"Maya Angelou PCS - Evans Campus","ADDRESS":"5600 EAST CAPITOL STREET NE","TYPE":"Outdoor","SITE_TYPE":"Public Charter School","WARD":"Ward 7","MAR_ID":289793,"GIS_ID":"WirelessHotSpotPt_946","YCOORD":135830.53,"XCOORD":406885.34000000003,"LONGITUDE":-76.920635259999997,"LATITUDE":38.890291439999999,"LABEL":null,"NUMBER_OF_SITES":null,"SE_ANNO_CAD_DATA":null,"GLOBALID":"{C9727AC5-A535-437B-B74E-59523D0A96E7}","CREATOR":"JLAY","CREATED":1713469448000,"EDITOR":"DCGIS","EDITED":1713477402000,"OBJECTID":946}},{"type":"Feature","id":758,"geometry":{"type":"Point","coordinates":[-76.990533892489779,38.831759382381499]},"properties":{"NAME":"Digital Pioneers Academy","ADDRESS":"4025 9TH STREET SE","TYPE":"Outdoor","SITE_TYPE":"Public Charter School","WARD":"Ward 8","MAR_ID":278471,"GIS_ID":"WirelessHotSpotPt_758","YCOORD":129329.27,"XCOORD":400822.10999999999,"LONGITUDE":-76.990531619999999,"LATITUDE":38.831751939999997,"LABEL":null,"NUMBER_OF_SITES":null,"SE_ANNO_CAD_DATA":null,"GLOBALID":"{BB28511E-FD29-4EBD-BD01-4C7AAD3E1A08}","CREATOR":"JLAY","CREATED":1713469448000,"EDITOR":"DCGIS","EDITED":1713477402000,"OBJECTID":758}},{"type":"Feature","id":707,"geometry":{"type":"Point","coordinates":[-76.969328362300104,38.860688154386757]},"properties":{"NAME":"Children's Health Center @ Good Hope Rd","ADDRESS":"2501 GOOD HOPE ROAD SE","TYPE":"Outdoor","SITE_TYPE":"Health Center","WARD":"Ward 8","MAR_ID":46727,"GIS_ID":"WirelessHotSpotPt_707","YCOORD":132540.97,"XCOORD":402662.23999999999,"LONGITUDE":-76.969326089999996,"LATITUDE":38.860680709999997,"LABEL":null,"NUMBER_OF_SITES":null,"SE_ANNO_CAD_DATA":null,"GLOBALID":"{6196F1B2-FA69-405A-84FE-022ED9AA27E3}","CREATOR":"JLAY","CREATED":1713469448000,"EDITOR":"DCGIS","EDITED":1713477402000,"OBJECTID":707}},{"type":"Feature","id":677,"geometry":{"type":"Point","coordinates":[-76.972881495916099,38.900952937805535]},"properties":{"NAME":"Browne Education Campus (ES) @ Phelps Trailers (Swing Space)","ADDRESS":"810 26TH STREET NE","TYPE":"Outdoor","SITE_TYPE":"Public School","WARD":"Ward 5","MAR_ID":333162,"GIS_ID":"WirelessHotSpotPt_677","YCOORD":137010.57000000001,"XCOORD":402352.53000000003,"LONGITUDE":-76.972879219999996,"LATITUDE":38.900945149999998,"LABEL":null,"NUMBER_OF_SITES":null,"SE_ANNO_CAD_DATA":null,"GLOBALID":"{D5EE2CDC-E204-4746-93EA-C9C1FA42AA74}","CREATOR":"JLAY","CREATED":1713469448000,"EDITOR":"DCGIS","EDITED":1713477402000,"OBJECTID":677}},{"type":"Feature","id":999,"geometry":{"type":"Point","coordinates":[-77.104572985863371,38.924480336679835]},"properties":{"NAME":"Palisades Recreation Center","ADDRESS":"5200 SHERIER PLACE NW","TYPE":"Indoor","SITE_TYPE":"Rec. Center","WARD":"Ward 3","MAR_ID":268352,"GIS_ID":"WirelessHotSpotPt_999","YCOORD":139627.14999999999,"XCOORD":390932.25,"LONGITUDE":-77.104570670000001,"LATITUDE":38.924472549999997,"LABEL":null,"NUMBER_OF_SITES":null,"SE_ANNO_CAD_DATA":null,"GLOBALID":"{A4606DAF-9EC9-46F6-8E9B-9273D023DB6A}","CREATOR":"JLAY","CREATED":1713469448000,"EDITOR":"DCGIS","EDITED":1713477402000,"OBJECTID":999}},{"type":"Feature","id":929,"geometry":{"type":"Point","coordinates":[-76.92999959764677,38.895320560190413]},"properties":{"NAME":"Lincoln Heights","ADDRESS":"400 50TH STREET NE","TYPE":"Indoor/Outdoor","SITE_TYPE":"Public Housing","WARD":"Ward 7","MAR_ID":28532,"GIS_ID":"WirelessHotSpotPt_929","YCOORD":136387.31,"XCOORD":406072.70000000001,"LONGITUDE":-76.92999734,"LATITUDE":38.895312769999997,"LABEL":null,"NUMBER_OF_SITES":null,"SE_ANNO_CAD_DATA":null,"GLOBALID":"{8EF78686-66B9-4060-8518-ABAB7EF06E31}","CREATOR":"JLAY","CREATED":1713469448000,"EDITOR":"DCGIS","EDITED":1713477402000,"OBJECTID":929}},{"type":"Feature","id":908,"geometry":{"type":"Point","coordinates":[-76.983623438695361,38.866050141935062]},"properties":{"NAME":"Ketcham Elementary School","ADDRESS":"1919 15TH STREET SE","TYPE":"Indoor/Outdoor","SITE_TYPE":"Public School","WARD":"Ward 8","MAR_ID":286537,"GIS_ID":"WirelessHotSpotPt_908","YCOORD":133135.87,"XCOORD":401421.44,"LONGITUDE":-76.983621159999998,"LATITUDE":38.86604269,"LABEL":null,"NUMBER_OF_SITES":null,"SE_ANNO_CAD_DATA":null,"GLOBALID":"{74F74166-0129-47DE-AC65-4F7DA3E1D740}","CREATOR":"JLAY","CREATED":1713469448000,"EDITOR":"DCGIS","EDITED":1713477402000,"OBJECTID":908}},{"type":"Feature","id":1015,"geometry":{"type":"Point","coordinates":[-77.037839204475432,38.987795687708541]},"properties":{"NAME":"Public Safety","ADDRESS":"7927 ORCHID STREET NW","TYPE":"Outdoor","SITE_TYPE":"Administrative","WARD":"Ward 4","MAR_ID":256462,"GIS_ID":"WirelessHotSpotPt_1015","YCOORD":146651.22,"XCOORD":396721.91999999998,"LONGITUDE":-77.037836900000002,"LATITUDE":38.987788219999999,"LABEL":null,"NUMBER_OF_SITES":null,"SE_ANNO_CAD_DATA":null,"GLOBALID":"{089576D0-708E-49EF-8320-08A8C7173F48}","CREATOR":"JLAY","CREATED":1713469448000,"EDITOR":"DCGIS","EDITED":1713477402000,"OBJECTID":1015}},{"type":"Feature","id":788,"geometry":{"type":"Point","coordinates":[-76.983522850698989,38.91095121973342]},"properties":{"NAME":"DPW - D.C. Vehicle Maintenance Complex  (Mechanics)","ADDRESS":"1833 WEST VIRGINIA AVENUE NE","TYPE":"Indoor/Outdoor","SITE_TYPE":"Administrative","WARD":"Ward 5","MAR_ID":301125,"GIS_ID":"WirelessHotSpotPt_788","YCOORD":138120.23999999999,"XCOORD":401429.27000000002,"LONGITUDE":-76.983520569999996,"LATITUDE":38.910943430000003,"LABEL":null,"NUMBER_OF_SITES":null,"SE_ANNO_CAD_DATA":null,"GLOBALID":"{172DD82B-290C-424D-8629-3735BBEDA81E}","CREATOR":"JLAY","CREATED":1713469448000,"EDITOR":"DCGIS","EDITED":1713477402000,"OBJECTID":788}},{"type":"Feature","id":964,"geometry":{"type":"Point","coordinates":[-76.961886494189571,38.918343451808575]},"properties":{"NAME":"MPD Photo Radar","ADDRESS":"3165 V STREET NE","TYPE":"Outdoor","SITE_TYPE":"Metro. Police Dept.","WARD":"Ward 5","MAR_ID":149333,"GIS_ID":"WirelessHotSpotPt_964","YCOORD":138941.39999999999,"XCOORD":403305.46000000002,"LONGITUDE":-76.961884220000002,"LATITUDE":38.918335990000003,"LABEL":null,"NUMBER_OF_SITES":null,"SE_ANNO_CAD_DATA":null,"GLOBALID":"{9E47997C-5CA5-4118-8C5E-55231C53718B}","CREATOR":"JLAY","CREATED":1713469448000,"EDITOR":"DCGIS","EDITED":1713477402000,"OBJECTID":964}},{"type":"Feature","id":697,"geometry":{"type":"Point","coordinates":[-77.022661614007149,38.90752845325833]},"properties":{"NAME":"Center City Shaw Campus","ADDRESS":"711 N STREET NW","TYPE":"Outdoor","SITE_TYPE":"Public Charter School","WARD":"Ward 2","MAR_ID":290191,"GIS_ID":"WirelessHotSpotPt_697","YCOORD":137740.39999999999,"XCOORD":398034.65000000002,"LONGITUDE":-77.022659320000002,"LATITUDE":38.907520660000003,"LABEL":null,"NUMBER_OF_SITES":null,"SE_ANNO_CAD_DATA":null,"GLOBALID":"{0528FA67-E4E5-46BB-95C5-8983A8A03378}","CREATOR":"JLAY","CREATED":1713469448000,"EDITOR":"DCGIS","EDITED":1713477402000,"OBJECTID":697}},{"type":"Feature","id":769,"geometry":{"type":"Point","coordinates":[-76.960049322315186,38.919009634809534]},"properties":{"NAME":"DOH - CSFP Food Warehouse","ADDRESS":"3330 V STREET NE","TYPE":"Indoor","SITE_TYPE":"Administrative","WARD":"Ward 5","MAR_ID":287834,"GIS_ID":"WirelessHotSpotPt_769","YCOORD":139015.42000000001,"XCOORD":403464.75,"LONGITUDE":-76.96004705,"LATITUDE":38.91900218,"LABEL":null,"NUMBER_OF_SITES":null,"SE_ANNO_CAD_DATA":null,"GLOBALID":"{B36AB1FD-3C60-473A-B6EB-0ECB2D800E87}","CREATOR":"JLAY","CREATED":1713469448000,"EDITOR":"DCGIS","EDITED":1713477402000,"OBJECTID":769}},{"type":"Feature","id":713,"geometry":{"type":"Point","coordinates":[-77.035560183763224,38.929344587295091]},"properties":{"NAME":"Columbia Heighs Education Center (CHEC) / Bell Multicultural Middle School","ADDRESS":"3101 16TH STREET NW","TYPE":"Indoor/Outdoor","SITE_TYPE":"Public School","WARD":"Ward 1","MAR_ID":234375,"GIS_ID":"WirelessHotSpotPt_713","YCOORD":140162.53,"XCOORD":396916.84000000003,"LONGITUDE":-77.035557890000007,"LATITUDE":38.929336790000001,"LABEL":null,"NUMBER_OF_SITES":null,"SE_ANNO_CAD_DATA":null,"GLOBALID":"{F07435A5-29ED-4468-BAD9-E2AA23EC9547}","CREATOR":"JLAY","CREATED":1713469448000,"EDITOR":"DCGIS","EDITED":1713477402000,"OBJECTID":713}},{"type":"Feature","id":733,"geometry":{"type":"Point","coordinates":[-77.028301803438879,38.905206311651682]},"properties":{"NAME":"DCHA Horizon House","ADDRESS":"1150 12TH STREET NW","TYPE":"Indoor/Outdoor","SITE_TYPE":"Public Housing","WARD":"Ward 2","MAR_ID":278887,"GIS_ID":"WirelessHotSpotPt_733","YCOORD":137482.76000000001,"XCOORD":397545.37,"LONGITUDE":-77.028299509999997,"LATITUDE":38.905198859999999,"LABEL":null,"NUMBER_OF_SITES":null,"SE_ANNO_CAD_DATA":null,"GLOBALID":"{1BFA4A31-2252-43AC-BD18-1AF249E768FD}","CREATOR":"JLAY","CREATED":1713469448000,"EDITOR":"DCGIS","EDITED":1713477402000,"OBJECTID":733}},{"type":"Feature","id":956,"geometry":{"type":"Point","coordinates":[-77.012911274660937,38.876790667122869]},"properties":{"NAME":"MPD First District (Bowen)","ADDRESS":"101 M STREET SW","TYPE":"Indoor","SITE_TYPE":"Public School","WARD":"Ward 6","MAR_ID":152387,"GIS_ID":"WirelessHotSpotPt_956","YCOORD":134328.10000000001,"XCOORD":398879.85999999999,"LONGITUDE":-77.01290899,"LATITUDE":38.87678322,"LABEL":null,"NUMBER_OF_SITES":null,"SE_ANNO_CAD_DATA":null,"GLOBALID":"{6BC684ED-5232-4783-AD08-B588E14139DA}","CREATOR":"JLAY","CREATED":1713469448000,"EDITOR":"DCGIS","EDITED":1713477402000,"OBJECTID":956}},{"type":"Feature","id":852,"geometry":{"type":"Point","coordinates":[-76.978733295738536,38.857607293041518]},"properties":{"NAME":"Fort Stanton Community Center","ADDRESS":"1812 ERIE STREET SE","TYPE":"Indoor","SITE_TYPE":"Rec. Center","WARD":"Ward 8","MAR_ID":296165,"GIS_ID":"WirelessHotSpotPt_852","YCOORD":132198.73999999999,"XCOORD":401846.04999999999,"LONGITUDE":-76.978731019999998,"LATITUDE":38.85759951,"LABEL":null,"NUMBER_OF_SITES":null,"SE_ANNO_CAD_DATA":null,"GLOBALID":"{DBF6FBA8-F7F5-4757-AB3D-1ECC2EEB99F8}","CREATOR":"JLAY","CREATED":1713469448000,"EDITOR":"DCGIS","EDITED":1713477402000,"OBJECTID":852}},{"type":"Feature","id":1104,"geometry":{"type":"Point","coordinates":[-76.997030987732984,38.886592831334617]},"properties":{"NAME":"William H Rumsey Aquatic Center","ADDRESS":"635 NORTH CAROLINA AVENUE SE","TYPE":"Indoor/Outdoor","SITE_TYPE":"Rec. Center","WARD":"Ward 6","MAR_ID":295159,"GIS_ID":"WirelessHotSpotPt_1104","YCOORD":135416.14000000001,"XCOORD":400257.79000000004,"LONGITUDE":-76.997028709999995,"LATITUDE":38.88658538,"LABEL":null,"NUMBER_OF_SITES":null,"SE_ANNO_CAD_DATA":null,"GLOBALID":"{87B281B5-C2AC-41C0-A40D-C89D4A3BF405}","CREATOR":"JLAY","CREATED":1713469448000,"EDITOR":"DCGIS","EDITED":1713477402000,"OBJECTID":1104}},{"type":"Feature","id":726,"geometry":{"type":"Point","coordinates":[-76.996016417068603,38.924659660290132]},"properties":{"NAME":"D.C. Preparatory Academy PCES - Middle Campus","ADDRESS":"701 EDGEWOOD STREET NE","TYPE":"Outdoor","SITE_TYPE":"Public Charter School","WARD":"Ward 5","MAR_ID":289579,"GIS_ID":"WirelessHotSpotPt_726","YCOORD":139641.87,"XCOORD":400345.63,"LONGITUDE":-76.996014130000006,"LATITUDE":38.924651869999998,"LABEL":null,"NUMBER_OF_SITES":null,"SE_ANNO_CAD_DATA":null,"GLOBALID":"{95D3643B-B36D-429E-A1F9-DA6BCD14E2BA}","CREATOR":"JLAY","CREATED":1713469448000,"EDITOR":"DCGIS","EDITED":1713477402000,"OBJECTID":726}},{"type":"Feature","id":741,"geometry":{"type":"Point","coordinates":[-77.000807180311924,38.950649834724771]},"properties":{"NAME":"DDOT","ADDRESS":"401 FARRAGUT STREET NE","TYPE":"Indoor/Outdoor","SITE_TYPE":"Fire Emergency Medical Services","WARD":"Ward 5","MAR_ID":288069,"GIS_ID":"WirelessHotSpotPt_741","YCOORD":142527,"XCOORD":399930.22999999998,"LONGITUDE":-77.000804889999998,"LATITUDE":38.950642369999997,"LABEL":null,"NUMBER_OF_SITES":null,"SE_ANNO_CAD_DATA":null,"GLOBALID":"{1D17BCA8-7895-4B21-A18A-70401A7C118E}","CREATOR":"JLAY","CREATED":1713469448000,"EDITOR":"DCGIS","EDITED":1713477402000,"OBJECTID":741}},{"type":"Feature","id":645,"geometry":{"type":"Point","coordinates":[-77.044379548925434,38.917316991230486]},"properties":{"NAME":"Adams Elementary School","ADDRESS":"2020 19TH STREET NW","TYPE":"Indoor/Outdoor","SITE_TYPE":"Public School / Rec. Center","WARD":"Ward 1","MAR_ID":294534,"GIS_ID":"WirelessHotSpotPt_645","YCOORD":138827.70000000001,"XCOORD":396151.47999999998,"LONGITUDE":-77.044377249999997,"LATITUDE":38.917309539999998,"LABEL":null,"NUMBER_OF_SITES":null,"SE_ANNO_CAD_DATA":null,"GLOBALID":"{F0DA7F1C-1102-4B91-ACFA-E55965598522}","CREATOR":"JLAY","CREATED":1713469448000,"EDITOR":"DCGIS","EDITED":1713477402000,"OBJECTID":645}},{"type":"Feature","id":905,"geometry":{"type":"Point","coordinates":[-76.940487210402338,38.908236523752571]},"properties":{"NAME":"Kenilworth-Parkside Rec Center","ADDRESS":"1300 44TH STREET NE","TYPE":"Indoor","SITE_TYPE":"Rec. Center","WARD":"Ward 7","MAR_ID":294516,"GIS_ID":"WirelessHotSpotPt_905","YCOORD":137820.44,"XCOORD":405161.97000000003,"LONGITUDE":-76.940484999999995,"LATITUDE":38.908228999999999,"LABEL":null,"NUMBER_OF_SITES":null,"SE_ANNO_CAD_DATA":null,"GLOBALID":"{F52B0F4D-9A85-4F07-A853-37D1B1720C1A}","CREATOR":"JLAY","CREATED":1713469448000,"EDITOR":"DCGIS","EDITED":1713477402000,"OBJECTID":905}},{"type":"Feature","id":951,"geometry":{"type":"Point","coordinates":[-76.976711386219634,38.924085199555357]},"properties":{"NAME":"Model Cities Senior Wellness Center","ADDRESS":"1901 EVARTS STREET NE","TYPE":"Indoor","SITE_TYPE":"Senior Center","WARD":"Ward 5","MAR_ID":301587,"GIS_ID":"WirelessHotSpotPt_951","YCOORD":139578.35000000001,"XCOORD":402019.66000000003,"LONGITUDE":-76.976709110000002,"LATITUDE":38.924077410000002,"LABEL":null,"NUMBER_OF_SITES":null,"SE_ANNO_CAD_DATA":null,"GLOBALID":"{59D164B2-641C-404E-813D-8B4CF8CC14EA}","CREATOR":"JLAY","CREATED":1713469448000,"EDITOR":"DCGIS","EDITED":1713477402000,"OBJECTID":951}},{"type":"Feature","id":847,"geometry":{"type":"Point","coordinates":[-76.973642333366683,38.915085047337762]},"properties":{"NAME":"Fifth District Station","ADDRESS":"1805 BLADENSBURG ROAD NE","TYPE":"Indoor","SITE_TYPE":"Metro. Police Dept.","WARD":"Ward 5","MAR_ID":286486,"GIS_ID":"WirelessHotSpotPt_847","YCOORD":138579.33000000002,"XCOORD":402286.08000000002,"LONGITUDE":-76.973640059999994,"LATITUDE":38.915077590000003,"LABEL":null,"NUMBER_OF_SITES":null,"SE_ANNO_CAD_DATA":null,"GLOBALID":"{61112C98-5317-4AF4-99E4-5B6F05C1F950}","CREATOR":"JLAY","CREATED":1713469448000,"EDITOR":"DCGIS","EDITED":1713477402000,"OBJECTID":847}},{"type":"Feature","id":1103,"geometry":{"type":"Point","coordinates":[-76.995819389487892,38.923679998556629]},"properties":{"NAME":"William Doar PCS","ADDRESS":"705 EDGEWOOD STREET NE","TYPE":"Outdoor","SITE_TYPE":"Public Charter School","WARD":"Ward 5","MAR_ID":289576,"GIS_ID":"WirelessHotSpotPt_1103","YCOORD":139533.12,"XCOORD":400362.72000000003,"LONGITUDE":-76.995817110000004,"LATITUDE":38.923672209999999,"LABEL":null,"NUMBER_OF_SITES":null,"SE_ANNO_CAD_DATA":null,"GLOBALID":"{2E2A670F-25DF-429A-A120-580C97484F21}","CREATOR":"JLAY","CREATED":1713469448000,"EDITOR":"DCGIS","EDITED":1713477402000,"OBJECTID":1103}},{"type":"Feature","id":988,"geometry":{"type":"Point","coordinates":[-77.041707096515864,38.899601682154511]},"properties":{"NAME":"PA2040 Cabinet 13 (NW Corner)","ADDRESS":"18TH STREET NW AND PENNSYLVANIA AVENUE NW","TYPE":"Outdoor","SITE_TYPE":"Administrative","WARD":"Ward 2","MAR_ID":903286,"GIS_ID":"WirelessHotSpotPt_988","YCOORD":136861.04687600001,"XCOORD":396382.34373899997,"LONGITUDE":-77.041704999999993,"LATITUDE":38.899594,"LABEL":null,"NUMBER_OF_SITES":null,"SE_ANNO_CAD_DATA":null,"GLOBALID":"{1EB87FDF-5EF8-4457-8516-D8B744A394CA}","CREATOR":"JLAY","CREATED":1713469448000,"EDITOR":"DCGIS","EDITED":1713477402000,"OBJECTID":988}},{"type":"Feature","id":809,"geometry":{"type":"Point","coordinates":[-77.033064882202169,38.932254283361601]},"properties":{"NAME":"Engine Company 11 (Truck Company 6 BFC 4)","ADDRESS":"3420 14TH STREET NW","TYPE":"Indoor/Outdoor","SITE_TYPE":"Fire Emergency Medical Services","WARD":"Ward 1","MAR_ID":234580,"GIS_ID":"WirelessHotSpotPt_809","YCOORD":140485.45000000001,"XCOORD":397133.32000000001,"LONGITUDE":-77.03306259,"LATITUDE":38.932246820000003,"LABEL":null,"NUMBER_OF_SITES":null,"SE_ANNO_CAD_DATA":null,"GLOBALID":"{F291A98D-10FB-43DD-89BF-5BBC7256ED5E}","CREATOR":"JLAY","CREATED":1713469448000,"EDITOR":"DCGIS","EDITED":1713477402000,"OBJECTID":809}},{"type":"Feature","id":750,"geometry":{"type":"Point","coordinates":[-77.006992152444852,38.876263459695906]},"properties":{"NAME":"DECOM 03-23-21 (OLD - DDOT HQ)","ADDRESS":"55 M STREET SE","TYPE":"Indoor","SITE_TYPE":"Administrative","WARD":"Ward 8","MAR_ID":306664,"GIS_ID":"WirelessHotSpotPt_750","YCOORD":134269.51999999999,"XCOORD":399393.47000000003,"LONGITUDE":-77.006989869999998,"LATITUDE":38.876256009999999,"LABEL":null,"NUMBER_OF_SITES":null,"SE_ANNO_CAD_DATA":null,"GLOBALID":"{AAFD6805-EA81-4D43-B4DF-6277E6477D96}","CREATOR":"JLAY","CREATED":1713469448000,"EDITOR":"DCGIS","EDITED":1713477402000,"OBJECTID":750}},{"type":"Feature","id":723,"geometry":{"type":"Point","coordinates":[-77.033209858301987,38.897591425075497]},"properties":{"NAME":"D.C. Economic Partnership","ADDRESS":"1495 F STREET NW","TYPE":"Indoor","SITE_TYPE":"Community Service Organization","WARD":"Ward 2","MAR_ID":301576,"GIS_ID":"WirelessHotSpotPt_723","YCOORD":136637.59,"XCOORD":397119.35000000003,"LONGITUDE":-77.033207559999994,"LATITUDE":38.897583969999999,"LABEL":null,"NUMBER_OF_SITES":null,"SE_ANNO_CAD_DATA":null,"GLOBALID":"{ADCF84C8-2DB8-436E-9010-9DF11C743085}","CREATOR":"JLAY","CREATED":1713469448000,"EDITOR":"DCGIS","EDITED":1713477402000,"OBJECTID":723}},{"type":"Feature","id":883,"geometry":{"type":"Point","coordinates":[-77.021649260090882,38.920586500811105]},"properties":{"NAME":"Howard University","ADDRESS":"2301 GEORGIA AVENUE NW","TYPE":"Outdoor","SITE_TYPE":"Health Center","WARD":"Ward 1","MAR_ID":229522,"GIS_ID":"WirelessHotSpotPt_883","YCOORD":139189.92999999999,"XCOORD":398122.79999999999,"LONGITUDE":-77.021646970000006,"LATITUDE":38.920578710000001,"LABEL":null,"NUMBER_OF_SITES":null,"SE_ANNO_CAD_DATA":null,"GLOBALID":"{092F5A8E-C7BF-438B-9EDA-C7BABE3BB990}","CREATOR":"JLAY","CREATED":1713469448000,"EDITOR":"DCGIS","EDITED":1713477402000,"OBJECTID":883}},{"type":"Feature","id":720,"geometry":{"type":"Point","coordinates":[-77.003735308180453,38.839911820393354]},"properties":{"NAME":"Congress Heights Senior Wellness Center","ADDRESS":"3500 MARTIN LUTHER KING JR AVENUE SE","TYPE":"Indoor/Outdoor","SITE_TYPE":"Senior Center","WARD":"Ward 8","MAR_ID":303598,"GIS_ID":"WirelessHotSpotPt_720","YCOORD":130234.21000000001,"XCOORD":399675.91000000003,"LONGITUDE":-77.003733030000006,"LATITUDE":38.83990438,"LABEL":null,"NUMBER_OF_SITES":null,"SE_ANNO_CAD_DATA":null,"GLOBALID":"{89A7DBFE-4928-474C-8401-DB40486924D9}","CREATOR":"JLAY","CREATED":1713469448000,"EDITOR":"DCGIS","EDITED":1713477402000,"OBJECTID":720}},{"type":"Feature","id":804,"geometry":{"type":"Point","coordinates":[-76.985993606564222,38.85340577712509]},"properties":{"NAME":"Elvans Road","ADDRESS":"2402 ELVANS ROAD SE","TYPE":"Outdoor","SITE_TYPE":"Public Housing","WARD":"Ward 8","MAR_ID":296096,"GIS_ID":"WirelessHotSpotPt_804","YCOORD":131732.22,"XCOORD":401215.96000000002,"LONGITUDE":-76.985990999999999,"LATITUDE":38.853397999999999,"LABEL":null,"NUMBER_OF_SITES":null,"SE_ANNO_CAD_DATA":null,"GLOBALID":"{04B2545E-C926-4892-8C00-B083DC08F1B0}","CREATOR":"JLAY","CREATED":1713469448000,"EDITOR":"DCGIS","EDITED":1713477402000,"OBJECTID":804}},{"type":"Feature","id":844,"geometry":{"type":"Point","coordinates":[-77.013296441488805,38.895448785688785]},"properties":{"NAME":"Federal City - CCNV (Homeless)","ADDRESS":"425 2ND STREET NW","TYPE":"Outdoor","SITE_TYPE":"Health Center","WARD":"Ward 6","MAR_ID":299726,"GIS_ID":"WirelessHotSpotPt_844","YCOORD":136399.29999999999,"XCOORD":398846.73999999999,"LONGITUDE":-77.013294149999993,"LATITUDE":38.895440999999998,"LABEL":null,"NUMBER_OF_SITES":null,"SE_ANNO_CAD_DATA":null,"GLOBALID":"{2346FC31-CDC3-4939-BEBE-1A9E7153FC77}","CREATOR":"JLAY","CREATED":1713469448000,"EDITOR":"DCGIS","EDITED":1713477402000,"OBJECTID":844}},{"type":"Feature","id":745,"geometry":{"type":"Point","coordinates":[-76.982429944509732,38.918830832292578]},"properties":{"NAME":"DDOT YARD @ W STREET NE","ADDRESS":"1403 W STREET NE","TYPE":"Indoor/Outdoor","SITE_TYPE":"Unknown","WARD":"Ward 5","MAR_ID":304795,"GIS_ID":"WirelessHotSpotPt_745","YCOORD":138994.95999999999,"XCOORD":401523.89000000001,"LONGITUDE":-76.982427999999999,"LATITUDE":38.918822999999996,"LABEL":null,"NUMBER_OF_SITES":null,"SE_ANNO_CAD_DATA":null,"GLOBALID":"{34C090D7-5C40-474E-A17C-975DD3E1812A}","CREATOR":"JLAY","CREATED":1713469448000,"EDITOR":"DCGIS","EDITED":1713477402000,"OBJECTID":745}},{"type":"Feature","id":652,"geometry":{"type":"Point","coordinates":[-76.983079530504611,38.870091507625673]},"properties":{"NAME":"Anacostia Senior High School","ADDRESS":"1601 16TH STREET SE","TYPE":"Indoor/Outdoor","SITE_TYPE":"Public School","WARD":"Ward 8","MAR_ID":155922,"GIS_ID":"WirelessHotSpotPt_652","YCOORD":133584.5,"XCOORD":401468.56,"LONGITUDE":-76.983077249999994,"LATITUDE":38.870084060000003,"LABEL":null,"NUMBER_OF_SITES":null,"SE_ANNO_CAD_DATA":null,"GLOBALID":"{C2F982E9-B4FF-4287-B9D0-9346EF03963C}","CREATOR":"JLAY","CREATED":1713469448000,"EDITOR":"DCGIS","EDITED":1713477402000,"OBJECTID":652}},{"type":"Feature","id":826,"geometry":{"type":"Point","coordinates":[-76.986768844870596,38.92482644401062]},"properties":{"NAME":"Engine Company 26 (Truck Company 15)","ADDRESS":"1340 RHODE ISLAND AVENUE NE","TYPE":"Indoor/Outdoor","SITE_TYPE":"Fire Emergency Medical Services","WARD":"Ward 5","MAR_ID":294518,"GIS_ID":"WirelessHotSpotPt_826","YCOORD":139660.45999999999,"XCOORD":401147.52000000002,"LONGITUDE":-76.986766560000007,"LATITUDE":38.924818649999999,"LABEL":null,"NUMBER_OF_SITES":null,"SE_ANNO_CAD_DATA":null,"GLOBALID":"{D734ADEA-283B-4E8E-89EB-3427780CBFEB}","CREATOR":"JLAY","CREATED":1713469448000,"EDITOR":"DCGIS","EDITED":1713477402000,"OBJECTID":826}},{"type":"Feature","id":841,"geometry":{"type":"Point","coordinates":[-76.942887582864429,38.892491286085601]},"properties":{"NAME":"Executive Office of the Mayor","ADDRESS":"100 42ND STREET NE","TYPE":"Indoor/Outdoor","SITE_TYPE":"Administrative","WARD":"Ward 7","MAR_ID":294469,"GIS_ID":"WirelessHotSpotPt_841","YCOORD":136072.45999999999,"XCOORD":404954.87,"LONGITUDE":-76.942885320000002,"LATITUDE":38.892483830000003,"LABEL":null,"NUMBER_OF_SITES":null,"SE_ANNO_CAD_DATA":null,"GLOBALID":"{2501DD74-2141-4D12-8A8E-9D97F4486F04}","CREATOR":"JLAY","CREATED":1713469448000,"EDITOR":"DCGIS","EDITED":1713477402000,"OBJECTID":841}},{"type":"Feature","id":952,"geometry":{"type":"Point","coordinates":[-76.977315645011828,38.89660230326102]},"properties":{"NAME":"Monument Academy PCS","ADDRESS":"500 19TH STREET NE","TYPE":"Indoor","SITE_TYPE":"Public Charter School","WARD":"Ward 7","MAR_ID":290080,"GIS_ID":"WirelessHotSpotPt_952","YCOORD":136527.51000000001,"XCOORD":401968.02000000002,"LONGITUDE":-76.977313370000005,"LATITUDE":38.89659451,"LABEL":null,"NUMBER_OF_SITES":null,"SE_ANNO_CAD_DATA":null,"GLOBALID":"{69D76A5E-0A82-465D-B349-96B429D6FFFD}","CREATOR":"JLAY","CREATED":1713469448000,"EDITOR":"DCGIS","EDITED":1713477402000,"OBJECTID":952}},{"type":"Feature","id":736,"geometry":{"type":"Point","coordinates":[-76.957255527845192,38.918237623286529]},"properties":{"NAME":"DCPS - Security / DC BOEE","ADDRESS":"3535 V STREET NE","TYPE":"Indoor","SITE_TYPE":"Administrative","WARD":"Ward 5","MAR_ID":33275,"GIS_ID":"WirelessHotSpotPt_736","YCOORD":138929.83000000002,"XCOORD":403707.07000000001,"LONGITUDE":-76.957253260000002,"LATITUDE":38.91823016,"LABEL":null,"NUMBER_OF_SITES":null,"SE_ANNO_CAD_DATA":null,"GLOBALID":"{BCAF3035-5499-451D-AB0D-729D336091F7}","CREATOR":"JLAY","CREATED":1713469448000,"EDITOR":"DCGIS","EDITED":1713477402000,"OBJECTID":736}},{"type":"Feature","id":773,"geometry":{"type":"Point","coordinates":[-76.970915050236229,38.924840149321611]},"properties":{"NAME":"DPR","ADDRESS":"2424 EVARTS STREET NE","TYPE":"Indoor","SITE_TYPE":"Administrative","WARD":"Ward 5","MAR_ID":47286,"GIS_ID":"WirelessHotSpotPt_773","YCOORD":139662.29999999999,"XCOORD":402522.26000000001,"LONGITUDE":-76.970912769999998,"LATITUDE":38.924832690000002,"LABEL":null,"NUMBER_OF_SITES":null,"SE_ANNO_CAD_DATA":null,"GLOBALID":"{FA162110-57FE-4255-B397-B9D2267677EF}","CREATOR":"JLAY","CREATED":1713469448000,"EDITOR":"DCGIS","EDITED":1713477402000,"OBJECTID":773}},{"type":"Feature","id":812,"geometry":{"type":"Point","coordinates":[-77.008293745411564,38.948900406117637]},"properties":{"NAME":"Engine Company 14","ADDRESS":"4801 NORTH CAPITOL STREET NE","TYPE":"Indoor/Outdoor","SITE_TYPE":"Fire Emergency Medical Services","WARD":"Ward 5","MAR_ID":288276,"GIS_ID":"WirelessHotSpotPt_812","YCOORD":142332.83000000002,"XCOORD":399281.26000000001,"LONGITUDE":-77.008291459999995,"LATITUDE":38.948892610000001,"LABEL":null,"NUMBER_OF_SITES":null,"SE_ANNO_CAD_DATA":null,"GLOBALID":"{8DBFF1E5-AE7F-475B-9D97-855356105DD2}","CREATOR":"JLAY","CREATED":1713469448000,"EDITOR":"DCGIS","EDITED":1713477402000,"OBJECTID":812}},{"type":"Feature","id":851,"geometry":{"type":"Point","coordinates":[-76.960938380289292,38.928068073756044]},"properties":{"NAME":"Fort Lincoln","ADDRESS":"2855 BLADENSBURG ROAD NE","TYPE":"Indoor/Outdoor","SITE_TYPE":"Public Housing","WARD":"Ward 5","MAR_ID":289764,"GIS_ID":"WirelessHotSpotPt_851","YCOORD":140020.95000000001,"XCOORD":403387.22000000003,"LONGITUDE":-76.960936110000006,"LATITUDE":38.928060279999997,"LABEL":null,"NUMBER_OF_SITES":null,"SE_ANNO_CAD_DATA":null,"GLOBALID":"{76D4230B-E74F-48F9-970A-695315BD6B94}","CREATOR":"JLAY","CREATED":1713469448000,"EDITOR":"DCGIS","EDITED":1713477402000,"OBJECTID":851}},{"type":"Feature","id":730,"geometry":{"type":"Point","coordinates":[-77.017790793122742,38.813743888361266]},"properties":{"NAME":"DC MPD IMPOUND ADMIN BLDG","ADDRESS":"5000 SHEPHERD PARKWAY SW","TYPE":"Outdoor","SITE_TYPE":"Metro. Police Dept.","WARD":"Ward 8","MAR_ID":330989,"GIS_ID":"WirelessHotSpotPt_730","YCOORD":127329.54000000001,"XCOORD":398455.09000000003,"LONGITUDE":-77.017788510000003,"LATITUDE":38.813736120000002,"LABEL":null,"NUMBER_OF_SITES":null,"SE_ANNO_CAD_DATA":null,"GLOBALID":"{F01BB137-9C89-4BBB-B76D-7A0857446B4D}","CREATOR":"JLAY","CREATED":1713469448000,"EDITOR":"DCGIS","EDITED":1713477402000,"OBJECTID":730}},{"type":"Feature","id":1108,"geometry":{"type":"Point","coordinates":[-76.973052029395674,38.857538646956307]},"properties":{"NAME":"Woodland Terrace","ADDRESS":"2311 AINGER PLACE SE","TYPE":"Outdoor","SITE_TYPE":"Public Housing","WARD":"Ward 8","MAR_ID":286828,"GIS_ID":"WirelessHotSpotPt_1108","YCOORD":132191.25,"XCOORD":402339.16000000003,"LONGITUDE":-76.973049759999995,"LATITUDE":38.857531199999997,"LABEL":null,"NUMBER_OF_SITES":null,"SE_ANNO_CAD_DATA":null,"GLOBALID":"{CC31E418-16AB-4798-B78B-888E6EEC6213}","CREATOR":"JLAY","CREATED":1713469448000,"EDITOR":"DCGIS","EDITED":1713477402000,"OBJECTID":1108}},{"type":"Feature","id":780,"geometry":{"type":"Point","coordinates":[-76.998933525871834,38.836763780842027]},"properties":{"NAME":"DPR-Oxon Run Pool House","ADDRESS":"501 MISSISSIPPI AVENUE SE","TYPE":"Indoor/Outdoor","SITE_TYPE":"Rec. Center","WARD":"Ward 8","MAR_ID":310268,"GIS_ID":"WirelessHotSpotPt_780","YCOORD":129884.75,"XCOORD":400092.79000000004,"LONGITUDE":-76.998931249999998,"LATITUDE":38.836756340000001,"LABEL":null,"NUMBER_OF_SITES":null,"SE_ANNO_CAD_DATA":null,"GLOBALID":"{CDA80D14-8B31-45C5-A8CB-DF9F3184104E}","CREATOR":"JLAY","CREATED":1713469448000,"EDITOR":"DCGIS","EDITED":1713477402000,"OBJECTID":780}},{"type":"Feature","id":943,"geometry":{"type":"Point","coordinates":[-77.020380467523736,38.956164275107938]},"properties":{"NAME":"Mary's Center for Maternal and Child Care","ADDRESS":"508 KENNEDY STREET NW","TYPE":"Indoor","SITE_TYPE":"Health Center","WARD":"Ward 4","MAR_ID":285079,"GIS_ID":"WirelessHotSpotPt_943","YCOORD":143139.35000000001,"XCOORD":398233.71000000002,"LONGITUDE":-77.020378170000001,"LATITUDE":38.956156810000003,"LABEL":null,"NUMBER_OF_SITES":null,"SE_ANNO_CAD_DATA":null,"GLOBALID":"{FC1A087D-BB4F-481D-82BB-5F3D583F42E3}","CREATOR":"JLAY","CREATED":1713469448000,"EDITOR":"DCGIS","EDITED":1713477402000,"OBJECTID":943}},{"type":"Feature","id":970,"geometry":{"type":"Point","coordinates":[-77.003086865015646,38.841020689648076]},"properties":{"NAME":"National Children's Center","ADDRESS":"3400 MARTIN LUTHER KING JR AVENUE SE","TYPE":"Outdoor","SITE_TYPE":"Community Service Organization","WARD":"Ward 8","MAR_ID":35265,"GIS_ID":"WirelessHotSpotPt_970","YCOORD":130357.3,"XCOORD":399732.21000000002,"LONGITUDE":-77.003084580000007,"LATITUDE":38.841013250000003,"LABEL":null,"NUMBER_OF_SITES":null,"SE_ANNO_CAD_DATA":null,"GLOBALID":"{A892C290-A158-449B-BF19-A38D90788938}","CREATOR":"JLAY","CREATED":1713469448000,"EDITOR":"DCGIS","EDITED":1713477402000,"OBJECTID":970}},{"type":"Feature","id":1002,"geometry":{"type":"Point","coordinates":[-77.021378098560277,38.935017780639953]},"properties":{"NAME":"Parkview Community Center","ADDRESS":"693 OTIS PLACE NW","TYPE":"Indoor/Outdoor","SITE_TYPE":"Rec. Center","WARD":"Ward 1","MAR_ID":295160,"GIS_ID":"WirelessHotSpotPt_1002","YCOORD":140791.92000000001,"XCOORD":398146.69,"LONGITUDE":-77.021376000000004,"LATITUDE":38.935009999999998,"LABEL":null,"NUMBER_OF_SITES":null,"SE_ANNO_CAD_DATA":null,"GLOBALID":"{E2251474-CA3B-48A0-858F-75442D1017DF}","CREATOR":"JLAY","CREATED":1713469448000,"EDITOR":"DCGIS","EDITED":1713477402000,"OBJECTID":1002}},{"type":"Feature","id":679,"geometry":{"type":"Point","coordinates":[-77.033032545196946,38.928177491335894]},"properties":{"NAME":"Buckley Upper Cardoza Health Center","ADDRESS":"3020 14TH STREET NW","TYPE":"Outdoor","SITE_TYPE":"Health Center","WARD":"Ward 1","MAR_ID":242939,"GIS_ID":"WirelessHotSpotPt_679","YCOORD":140032.89000000001,"XCOORD":397135.96000000002,"LONGITUDE":-77.033030249999996,"LATITUDE":38.928170029999997,"LABEL":null,"NUMBER_OF_SITES":null,"SE_ANNO_CAD_DATA":null,"GLOBALID":"{BA4E7A98-741E-431F-98F3-3E370D2FC69A}","CREATOR":"JLAY","CREATED":1713469448000,"EDITOR":"DCGIS","EDITED":1713477402000,"OBJECTID":679}},{"type":"Feature","id":900,"geometry":{"type":"Point","coordinates":[-77.044359649349801,38.920732597251359]},"properties":{"NAME":"Kalorama Recreation Center","ADDRESS":"1875 COLUMBIA ROAD NW","TYPE":"Indoor/Outdoor","SITE_TYPE":"Rec. Center","WARD":"Ward 1","MAR_ID":284143,"GIS_ID":"WirelessHotSpotPt_900","YCOORD":139206.86000000002,"XCOORD":396153.39000000001,"LONGITUDE":-77.044357349999999,"LATITUDE":38.920725140000002,"LABEL":null,"NUMBER_OF_SITES":null,"SE_ANNO_CAD_DATA":null,"GLOBALID":"{40F401BE-D839-46E6-A605-01B965404898}","CREATOR":"JLAY","CREATED":1713469448000,"EDITOR":"DCGIS","EDITED":1713477402000,"OBJECTID":900}},{"type":"Feature","id":1033,"geometry":{"type":"Point","coordinates":[-76.993606540641025,38.862859433361635]},"properties":{"NAME":"Savoy Elementary School","ADDRESS":"2400 SHANNON PLACE SE","TYPE":"Indoor/Outdoor","SITE_TYPE":"Public School","WARD":"Ward 8","MAR_ID":278153,"GIS_ID":"WirelessHotSpotPt_1033","YCOORD":132781.57000000001,"XCOORD":400555.08000000002,"LONGITUDE":-76.993604259999998,"LATITUDE":38.862851990000003,"LABEL":null,"NUMBER_OF_SITES":null,"SE_ANNO_CAD_DATA":null,"GLOBALID":"{047FB61E-14E0-46ED-A55D-92D8C803FDB2}","CREATOR":"JLAY","CREATED":1713469448000,"EDITOR":"DCGIS","EDITED":1713477402000,"OBJECTID":1033}},{"type":"Feature","id":710,"geometry":{"type":"Point","coordinates":[-77.022617886775848,38.915066101951432]},"properties":{"NAME":"Cleveland Elementary School","ADDRESS":"1825 8TH STREET NW","TYPE":"Indoor/Outdoor","SITE_TYPE":"Public School","WARD":"Ward 1","MAR_ID":294531,"GIS_ID":"WirelessHotSpotPt_710","YCOORD":138577.14000000001,"XCOORD":398038.65000000002,"LONGITUDE":-77.022615599999995,"LATITUDE":38.915058309999999,"LABEL":null,"NUMBER_OF_SITES":null,"SE_ANNO_CAD_DATA":null,"GLOBALID":"{216D6B86-71E9-4A93-9C01-3C303E7E4DD4}","CREATOR":"JLAY","CREATED":1713469448000,"EDITOR":"DCGIS","EDITED":1713477402000,"OBJECTID":710}},{"type":"Feature","id":1079,"geometry":{"type":"Point","coordinates":[-76.992792389558005,38.938112153274666]},"properties":{"NAME":"Turkey Thicket Recreation Center","ADDRESS":"1100 MICHIGAN AVENUE NE","TYPE":"Indoor/Outdoor","SITE_TYPE":"Rec. Center","WARD":"Ward 5","MAR_ID":74603,"GIS_ID":"WirelessHotSpotPt_1079","YCOORD":141135.23000000001,"XCOORD":400625.08000000002,"LONGITUDE":-76.992790110000001,"LATITUDE":38.938104359999997,"LABEL":null,"NUMBER_OF_SITES":null,"SE_ANNO_CAD_DATA":null,"GLOBALID":"{BBACA2D9-C111-4D19-B71E-31A39EF6C5E6}","CREATOR":"JLAY","CREATED":1713469448000,"EDITOR":"DCGIS","EDITED":1713477402000,"OBJECTID":1079}},{"type":"Feature","id":1075,"geometry":{"type":"Point","coordinates":[-77.028485430980183,38.903399101173221]},"properties":{"NAME":"Thomson Elementary","ADDRESS":"1200 L STREET NW","TYPE":"Indoor/Outdoor","SITE_TYPE":"Public School","WARD":"Ward 2","MAR_ID":240922,"GIS_ID":"WirelessHotSpotPt_1075","YCOORD":137282.14999999999,"XCOORD":397529.38,"LONGITUDE":-77.028483140000006,"LATITUDE":38.903391310000004,"LABEL":null,"NUMBER_OF_SITES":null,"SE_ANNO_CAD_DATA":null,"GLOBALID":"{96AC48A0-8C77-4E6B-A12B-B5EE603EC7DA}","CREATOR":"JLAY","CREATED":1713469448000,"EDITOR":"DCGIS","EDITED":1713477402000,"OBJECTID":1075}},{"type":"Feature","id":661,"geometry":{"type":"Point","coordinates":[-76.955607017560084,38.864357287429307]},"properties":{"NAME":"Beers Elementary School","ADDRESS":"3600 ALABAMA AVENUE SE","TYPE":"Indoor/Outdoor","SITE_TYPE":"Public School","WARD":"Ward 7","MAR_ID":278406,"GIS_ID":"WirelessHotSpotPt_661","YCOORD":132948.76000000001,"XCOORD":403852.94,"LONGITUDE":-76.955604750000006,"LATITUDE":38.864349840000003,"LABEL":null,"NUMBER_OF_SITES":null,"SE_ANNO_CAD_DATA":null,"GLOBALID":"{62DF7EE4-8A0F-4568-9000-C36B95DAFA02}","CREATOR":"JLAY","CREATED":1713469448000,"EDITOR":"DCGIS","EDITED":1713477402000,"OBJECTID":661}},{"type":"Feature","id":648,"geometry":{"type":"Point","coordinates":[-77.018127587236819,38.879522850651654]},"properties":{"NAME":"Amidon Elementary School","ADDRESS":"401 I STREET SW","TYPE":"Indoor/Outdoor","SITE_TYPE":"Public School","WARD":"Ward 6","MAR_ID":294482,"GIS_ID":"WirelessHotSpotPt_648","YCOORD":134631.47,"XCOORD":398427.29000000004,"LONGITUDE":-77.018125299999994,"LATITUDE":38.879515400000003,"LABEL":null,"NUMBER_OF_SITES":null,"SE_ANNO_CAD_DATA":null,"GLOBALID":"{2DC0C2C0-DE45-4B97-BCFD-C8201CBCC4D1}","CREATOR":"JLAY","CREATED":1713469448000,"EDITOR":"DCGIS","EDITED":1713477402000,"OBJECTID":648}},{"type":"Feature","id":681,"geometry":{"type":"Point","coordinates":[-76.984997917195969,38.942019931312913]},"properties":{"NAME":"Bunker Hill Elementary School","ADDRESS":"1401 MICHIGAN AVENUE NE","TYPE":"Indoor/Outdoor","SITE_TYPE":"Public School","WARD":"Ward 5","MAR_ID":286131,"GIS_ID":"WirelessHotSpotPt_681","YCOORD":141569.11000000002,"XCOORD":401300.77000000002,"LONGITUDE":-76.984995639999994,"LATITUDE":38.942012470000002,"LABEL":null,"NUMBER_OF_SITES":null,"SE_ANNO_CAD_DATA":null,"GLOBALID":"{77AA89FD-66B7-4304-AAD1-12A0C6704613}","CREATOR":"JLAY","CREATED":1713469448000,"EDITOR":"DCGIS","EDITED":1713477402000,"OBJECTID":681}},{"type":"Feature","id":685,"geometry":{"type":"Point","coordinates":[-76.925989981675826,38.884233457821622]},"properties":{"NAME":"C.W. Harris Elementary School","ADDRESS":"301 53RD STREET SE","TYPE":"Indoor/Outdoor","SITE_TYPE":"Public School","WARD":"Ward 7","MAR_ID":289801,"GIS_ID":"WirelessHotSpotPt_685","YCOORD":135156.83000000002,"XCOORD":406421.53000000003,"LONGITUDE":-76.925987719999995,"LATITUDE":38.884225669999999,"LABEL":null,"NUMBER_OF_SITES":null,"SE_ANNO_CAD_DATA":null,"GLOBALID":"{19745D05-375A-46E1-BA28-E593AB14C057}","CREATOR":"JLAY","CREATED":1713469448000,"EDITOR":"DCGIS","EDITED":1713477402000,"OBJECTID":685}},{"type":"Feature","id":884,"geometry":{"type":"Point","coordinates":[-77.021619095103318,38.918841773389524]},"properties":{"NAME":"Howard University Hospital Family Health Center","ADDRESS":"2139 GEORGIA AVENUE NW","TYPE":"Outdoor","SITE_TYPE":"Health Center","WARD":"Ward 1","MAR_ID":291573,"GIS_ID":"WirelessHotSpotPt_884","YCOORD":138996.25,"XCOORD":398125.37,"LONGITUDE":-77.021616800000004,"LATITUDE":38.918834320000002,"LABEL":null,"NUMBER_OF_SITES":null,"SE_ANNO_CAD_DATA":null,"GLOBALID":"{CD6A22AE-C53A-4B3B-B8C9-B3B5F3D9E0B3}","CREATOR":"JLAY","CREATED":1713469448000,"EDITOR":"DCGIS","EDITED":1713477402000,"OBJECTID":884}},{"type":"Feature","id":913,"geometry":{"type":"Point","coordinates":[-76.981138290285529,38.90808143103591]},"properties":{"NAME":"KIPP DC Webb Campus","ADDRESS":"1375 MOUNT OLIVET ROAD NE","TYPE":"Outdoor","SITE_TYPE":"Public Charter School","WARD":"Ward 5","MAR_ID":286108,"GIS_ID":"WirelessHotSpotPt_913","YCOORD":137801.70999999999,"XCOORD":401636.15000000002,"LONGITUDE":-76.98113601,"LATITUDE":38.908073969999997,"LABEL":null,"NUMBER_OF_SITES":null,"SE_ANNO_CAD_DATA":null,"GLOBALID":"{1D491B6D-2F4F-4C05-A0EF-5C9122860DBC}","CREATOR":"JLAY","CREATED":1713469448000,"EDITOR":"DCGIS","EDITED":1713477402000,"OBJECTID":913}},{"type":"Feature","id":936,"geometry":{"type":"Point","coordinates":[-77.087973586395279,38.934287492272269]},"properties":{"NAME":"Mann Elementary School","ADDRESS":"4430 NEWARK STREET NW","TYPE":"Indoor/Outdoor","SITE_TYPE":"Public School","WARD":"Ward 3","MAR_ID":294597,"GIS_ID":"WirelessHotSpotPt_936","YCOORD":140714.31,"XCOORD":392372.70000000001,"LONGITUDE":-77.087971269999997,"LATITUDE":38.934279699999998,"LABEL":null,"NUMBER_OF_SITES":null,"SE_ANNO_CAD_DATA":null,"GLOBALID":"{A87B953B-1629-407A-ACB2-41BBF2B3408B}","CREATOR":"JLAY","CREATED":1713469448000,"EDITOR":"DCGIS","EDITED":1713477402000,"OBJECTID":936}},{"type":"Feature","id":868,"geometry":{"type":"Point","coordinates":[-77.084983487932362,38.909923619321354]},"properties":{"NAME":"Hardy Recreation Center","ADDRESS":"4500 Q STREET NW","TYPE":"Indoor/Outdoor","SITE_TYPE":"Rec. Center","WARD":"Ward 3","MAR_ID":284929,"GIS_ID":"WirelessHotSpotPt_868","YCOORD":138009.47,"XCOORD":392629.42999999999,"LONGITUDE":-77.08498118,"LATITUDE":38.909916170000002,"LABEL":null,"NUMBER_OF_SITES":null,"SE_ANNO_CAD_DATA":null,"GLOBALID":"{94F79B48-8C82-4E8B-984F-C0A6C2CDFFA4}","CREATOR":"JLAY","CREATED":1713469448000,"EDITOR":"DCGIS","EDITED":1713477402000,"OBJECTID":868}},{"type":"Feature","id":923,"geometry":{"type":"Point","coordinates":[-76.999884831417219,38.959979609350128]},"properties":{"NAME":"LaSalle-Backus Elementary School","ADDRESS":"501 RIGGS ROAD NE","TYPE":"Indoor/Outdoor","SITE_TYPE":"Public School","WARD":"Ward 4","MAR_ID":294489,"GIS_ID":"WirelessHotSpotPt_923","YCOORD":143562.69,"XCOORD":400010.17999999999,"LONGITUDE":-76.999882540000002,"LATITUDE":38.959972139999998,"LABEL":null,"NUMBER_OF_SITES":null,"SE_ANNO_CAD_DATA":null,"GLOBALID":"{BEF59FFE-C578-41F8-B2D4-6FF866444BBB}","CREATOR":"JLAY","CREATED":1713469448000,"EDITOR":"DCGIS","EDITED":1713477402000,"OBJECTID":923}},{"type":"Feature","id":682,"geometry":{"type":"Point","coordinates":[-76.978458649271786,38.933510121729391]},"properties":{"NAME":"Burroughs Elementary School","ADDRESS":"1820 MONROE STREET NE","TYPE":"Indoor/Outdoor","SITE_TYPE":"Public School","WARD":"Ward 5","MAR_ID":294530,"GIS_ID":"WirelessHotSpotPt_682","YCOORD":140624.56,"XCOORD":401867.90000000002,"LONGITUDE":-76.978456370000004,"LATITUDE":38.933502660000002,"LABEL":null,"NUMBER_OF_SITES":null,"SE_ANNO_CAD_DATA":null,"GLOBALID":"{E33B0656-BA6B-423D-B807-EEFABE5F688C}","CREATOR":"JLAY","CREATED":1713469448000,"EDITOR":"DCGIS","EDITED":1713477402000,"OBJECTID":682}},{"type":"Feature","id":860,"geometry":{"type":"Point","coordinates":[-77.028455701738594,38.913839602087585]},"properties":{"NAME":"Garrison Elementary School","ADDRESS":"1200 S STREET NW","TYPE":"Indoor/Outdoor","SITE_TYPE":"Public School","WARD":"Ward 2","MAR_ID":294509,"GIS_ID":"WirelessHotSpotPt_860","YCOORD":138441.13,"XCOORD":397532.32000000001,"LONGITUDE":-77.028453409999997,"LATITUDE":38.913831809999998,"LABEL":null,"NUMBER_OF_SITES":null,"SE_ANNO_CAD_DATA":null,"GLOBALID":"{35A419B5-639D-4978-8569-9269845DCFEA}","CREATOR":"JLAY","CREATED":1713469448000,"EDITOR":"DCGIS","EDITED":1713477402000,"OBJECTID":860}},{"type":"Feature","id":915,"geometry":{"type":"Point","coordinates":[-76.980194104377986,38.871249985447967]},"properties":{"NAME":"Kramer Middle School","ADDRESS":"1700 Q STREET SE","TYPE":"Indoor/Outdoor","SITE_TYPE":"Public School","WARD":"Ward 8","MAR_ID":289467,"GIS_ID":"WirelessHotSpotPt_915","YCOORD":133713.14999999999,"XCOORD":401718.92999999999,"LONGITUDE":-76.980191829999995,"LATITUDE":38.871242199999998,"LABEL":null,"NUMBER_OF_SITES":null,"SE_ANNO_CAD_DATA":null,"GLOBALID":"{0981E3B1-C8F7-4D29-A87F-61C28DAC7C7C}","CREATOR":"JLAY","CREATED":1713469448000,"EDITOR":"DCGIS","EDITED":1713477402000,"OBJECTID":915}},{"type":"Feature","id":731,"geometry":{"type":"Point","coordinates":[-76.985316787794375,38.856666475447611]},"properties":{"NAME":"DC Prep - Anacostia Middle School Campus","ADDRESS":"2330 POMEROY ROAD SE","TYPE":"Indoor","SITE_TYPE":"Administrative","WARD":"Ward 8","MAR_ID":294542,"GIS_ID":"WirelessHotSpotPt_731","YCOORD":132094.19,"XCOORD":401274.65000000002,"LONGITUDE":-76.985314509999995,"LATITUDE":38.856658699999997,"LABEL":null,"NUMBER_OF_SITES":null,"SE_ANNO_CAD_DATA":null,"GLOBALID":"{4FAC00A1-560E-45DA-8558-B8AC6BF944C3}","CREATOR":"JLAY","CREATED":1713469448000,"EDITOR":"DCGIS","EDITED":1713477402000,"OBJECTID":731}},{"type":"Feature","id":1006,"geometry":{"type":"Point","coordinates":[-76.984197191473669,38.885140099354174]},"properties":{"NAME":"Payne Elementary School","ADDRESS":"305 15TH STREET SE","TYPE":"Indoor/Outdoor","SITE_TYPE":"Public School","WARD":"Ward 6","MAR_ID":294478,"GIS_ID":"WirelessHotSpotPt_1006","YCOORD":135254.98999999999,"XCOORD":401371.28000000003,"LONGITUDE":-76.984194909999999,"LATITUDE":38.885132310000003,"LABEL":null,"NUMBER_OF_SITES":null,"SE_ANNO_CAD_DATA":null,"GLOBALID":"{861F5485-5570-48A1-BD2C-DBA09670E522}","CREATOR":"JLAY","CREATED":1713469448000,"EDITOR":"DCGIS","EDITED":1713477402000,"OBJECTID":1006}},{"type":"Feature","id":819,"geometry":{"type":"Point","coordinates":[-77.078425144417352,38.944981373132585]},"properties":{"NAME":"Engine Company 20 (Truck Company 12)","ADDRESS":"4300 WISCONSIN AVENUE NW","TYPE":"Indoor/Outdoor","SITE_TYPE":"Fire Emergency Medical Services","WARD":"Ward 3","MAR_ID":222965,"GIS_ID":"WirelessHotSpotPt_819","YCOORD":141900.67000000001,"XCOORD":393201.59000000003,"LONGITUDE":-77.078422829999994,"LATITUDE":38.944973910000002,"LABEL":null,"NUMBER_OF_SITES":null,"SE_ANNO_CAD_DATA":null,"GLOBALID":"{C984BDB3-A32D-43C9-82BE-D2B737CE3F14}","CREATOR":"JLAY","CREATED":1713469448000,"EDITOR":"DCGIS","EDITED":1713477402000,"OBJECTID":819}},{"type":"Feature","id":910,"geometry":{"type":"Point","coordinates":[-76.95762689088572,38.883006872866503]},"properties":{"NAME":"Kimball Elementary School","ADDRESS":"3375 MINNESOTA AVENUE SE","TYPE":"Indoor/Outdoor","SITE_TYPE":"Public School","WARD":"Ward 7","MAR_ID":294565,"GIS_ID":"WirelessHotSpotPt_910","YCOORD":135018.92000000001,"XCOORD":403676.67999999999,"LONGITUDE":-76.957624620000004,"LATITUDE":38.882999089999998,"LABEL":null,"NUMBER_OF_SITES":null,"SE_ANNO_CAD_DATA":null,"GLOBALID":"{E79D6CD1-6765-4072-9AD1-C0C0F59BE1C4}","CREATOR":"JLAY","CREATED":1713469448000,"EDITOR":"DCGIS","EDITED":1713477402000,"OBJECTID":910}},{"type":"Feature","id":810,"geometry":{"type":"Point","coordinates":[-76.99914573127532,38.919915851689844]},"properties":{"NAME":"Engine Company 12 (Hazmat BFC 1)","ADDRESS":"2225 5TH STREET NE","TYPE":"Indoor/Outdoor","SITE_TYPE":"Fire Emergency Medical Services","WARD":"Ward 5","MAR_ID":294541,"GIS_ID":"WirelessHotSpotPt_810","YCOORD":139115.26000000001,"XCOORD":400074.28000000003,"LONGITUDE":-76.999143450000005,"LATITUDE":38.919908059999997,"LABEL":null,"NUMBER_OF_SITES":null,"SE_ANNO_CAD_DATA":null,"GLOBALID":"{8B8CC195-EC24-4F00-BEBF-25F7A1211874}","CREATOR":"JLAY","CREATED":1713469448000,"EDITOR":"DCGIS","EDITED":1713477402000,"OBJECTID":810}},{"type":"Feature","id":853,"geometry":{"type":"Point","coordinates":[-77.031161184406628,38.970269724150754]},"properties":{"NAME":"Fort Stevens Recreation Center","ADDRESS":"1327 VAN BUREN STREET NW","TYPE":"Indoor/Outdoor","SITE_TYPE":"Rec. Center","WARD":"Ward 4","MAR_ID":290152,"GIS_ID":"WirelessHotSpotPt_853","YCOORD":144705.45000000001,"XCOORD":397299.82000000001,"LONGITUDE":-77.03115889,"LATITUDE":38.970261919999999,"LABEL":null,"NUMBER_OF_SITES":null,"SE_ANNO_CAD_DATA":null,"GLOBALID":"{6220A7F4-E94D-445A-8FFF-F70FDEB43F7A}","CREATOR":"JLAY","CREATED":1713469448000,"EDITOR":"DCGIS","EDITED":1713477402000,"OBJECTID":853}},{"type":"Feature","id":657,"geometry":{"type":"Point","coordinates":[-77.040555742301137,38.934325816193443]},"properties":{"NAME":"Bancroft Elementary School","ADDRESS":"1755 NEWTON STREET NW","TYPE":"Indoor/Outdoor","SITE_TYPE":"Public School / Rec. Center","WARD":"Ward 1","MAR_ID":294528,"GIS_ID":"WirelessHotSpotPt_657","YCOORD":140715.67000000001,"XCOORD":396483.92999999999,"LONGITUDE":-77.040553439999996,"LATITUDE":38.934318359999999,"LABEL":null,"NUMBER_OF_SITES":null,"SE_ANNO_CAD_DATA":null,"GLOBALID":"{67AE95E8-687F-4433-9F79-3FD363734212}","CREATOR":"JLAY","CREATED":1713469448000,"EDITOR":"DCGIS","EDITED":1713477402000,"OBJECTID":657}},{"type":"Feature","id":878,"geometry":{"type":"Point","coordinates":[-76.999187124960486,38.828993353467766]},"properties":{"NAME":"Hendley Elementary School","ADDRESS":"425 CHESAPEAKE STREET SE","TYPE":"Indoor/Outdoor","SITE_TYPE":"Public School / Rec. Center","WARD":"Ward 8","MAR_ID":24445,"GIS_ID":"WirelessHotSpotPt_878","YCOORD":129022.18000000001,"XCOORD":400070.78000000003,"LONGITUDE":-76.999184850000006,"LATITUDE":38.82898591,"LABEL":null,"NUMBER_OF_SITES":null,"SE_ANNO_CAD_DATA":null,"GLOBALID":"{D5FC7AB8-58A0-4FA4-B667-33C3BFFF168D}","CREATOR":"JLAY","CREATED":1713469448000,"EDITOR":"DCGIS","EDITED":1713477402000,"OBJECTID":878}},{"type":"Feature","id":1026,"geometry":{"type":"Point","coordinates":[-76.999884831417219,38.959979609350128]},"properties":{"NAME":"Riggs LaSalle Community Center","ADDRESS":"501 RIGGS ROAD NE","TYPE":"Indoor/Outdoor","SITE_TYPE":"Rec. Center","WARD":"Ward 4","MAR_ID":294489,"GIS_ID":"WirelessHotSpotPt_1026","YCOORD":143562.69,"XCOORD":400010.17999999999,"LONGITUDE":-76.999882540000002,"LATITUDE":38.959972139999998,"LABEL":null,"NUMBER_OF_SITES":null,"SE_ANNO_CAD_DATA":null,"GLOBALID":"{9521CC92-A437-45BA-9C1A-F915EF86F01E}","CREATOR":"JLAY","CREATED":1713469448000,"EDITOR":"DCGIS","EDITED":1713477402000,"OBJECTID":1026}},{"type":"Feature","id":842,"geometry":{"type":"Point","coordinates":[-76.98982866632619,38.865930134482376]},"properties":{"NAME":"Family and Medical Counseling","ADDRESS":"2041 MARTIN LUTHER KING JR AVENUE SE","TYPE":"Indoor","SITE_TYPE":"Health Center","WARD":"Ward 8","MAR_ID":278056,"GIS_ID":"WirelessHotSpotPt_842","YCOORD":133122.47,"XCOORD":400882.91999999998,"LONGITUDE":-76.989826390000005,"LATITUDE":38.865922689999998,"LABEL":null,"NUMBER_OF_SITES":null,"SE_ANNO_CAD_DATA":null,"GLOBALID":"{1DA67163-1949-4435-BD48-7C540157F8E7}","CREATOR":"JLAY","CREATED":1713469448000,"EDITOR":"DCGIS","EDITED":1713477402000,"OBJECTID":842}},{"type":"Feature","id":742,"geometry":{"type":"Point","coordinates":[-76.982429944509732,38.918830832292578]},"properties":{"NAME":"DDOT - W Street NE","ADDRESS":"1403 W STREET NE","TYPE":"Outdoor","SITE_TYPE":"Administrative","WARD":"Ward 5","MAR_ID":304795,"GIS_ID":"WirelessHotSpotPt_742","YCOORD":138994.95999999999,"XCOORD":401523.89000000001,"LONGITUDE":-76.982427670000007,"LATITUDE":38.918823039999999,"LABEL":null,"NUMBER_OF_SITES":null,"SE_ANNO_CAD_DATA":null,"GLOBALID":"{D66F904C-9CD6-4840-B8A2-125E12B8EAA6}","CREATOR":"JLAY","CREATED":1713469448000,"EDITOR":"DCGIS","EDITED":1713477402000,"OBJECTID":742}},{"type":"Feature","id":1018,"geometry":{"type":"Point","coordinates":[-77.009413050470044,38.879572433545128]},"properties":{"NAME":"Randall Recreation Center","ADDRESS":"820 SOUTH CAPITOL STREET SW","TYPE":"Indoor","SITE_TYPE":"Rec. Center","WARD":"Ward 6","MAR_ID":276842,"GIS_ID":"WirelessHotSpotPt_1018","YCOORD":134636.86000000002,"XCOORD":399183.44,"LONGITUDE":-77.009410770000002,"LATITUDE":38.879564979999998,"LABEL":null,"NUMBER_OF_SITES":null,"SE_ANNO_CAD_DATA":null,"GLOBALID":"{4B29DCF8-073E-4542-8316-B132B19A7787}","CREATOR":"JLAY","CREATED":1713469448000,"EDITOR":"DCGIS","EDITED":1713477402000,"OBJECTID":1018}},{"type":"Feature","id":974,"geometry":{"type":"Point","coordinates":[-76.991845166813548,38.925185439498129]},"properties":{"NAME":"Noyes Elementary School","ADDRESS":"2725 10TH STREET NE","TYPE":"Indoor/Outdoor","SITE_TYPE":"Public School","WARD":"Ward 5","MAR_ID":289594,"GIS_ID":"WirelessHotSpotPt_974","YCOORD":139700.26000000001,"XCOORD":400707.33000000002,"LONGITUDE":-76.991842879999993,"LATITUDE":38.925177980000001,"LABEL":null,"NUMBER_OF_SITES":null,"SE_ANNO_CAD_DATA":null,"GLOBALID":"{8F99B5A7-F777-44A7-A917-8A5EAB2FA33B}","CREATOR":"JLAY","CREATED":1713469448000,"EDITOR":"DCGIS","EDITED":1713477402000,"OBJECTID":974}},{"type":"Feature","id":980,"geometry":{"type":"Point","coordinates":[-77.006223082781617,38.903442405587569]},"properties":{"NAME":"OSSE - DISB Building","ADDRESS":"1050 1ST STREET NE","TYPE":"Indoor","SITE_TYPE":"Administrative","WARD":"Ward 6","MAR_ID":310029,"GIS_ID":"WirelessHotSpotPt_980","YCOORD":137286.59,"XCOORD":399460.41000000003,"LONGITUDE":-77.006220799999994,"LATITUDE":38.903434949999998,"LABEL":null,"NUMBER_OF_SITES":null,"SE_ANNO_CAD_DATA":null,"GLOBALID":"{59967099-1FFB-4559-A29C-AFA13783B13C}","CREATOR":"JLAY","CREATED":1713469448000,"EDITOR":"DCGIS","EDITED":1713477402000,"OBJECTID":980}},{"type":"Feature","id":1076,"geometry":{"type":"Point","coordinates":[-76.993688053394777,38.862284520508581]},"properties":{"NAME":"Thurgood Marshall Academy PCS","ADDRESS":"2427 MARTIN LUTHER KING JR AVENUE SE","TYPE":"Outdoor","SITE_TYPE":"Public Charter School","WARD":"Ward 8","MAR_ID":278159,"GIS_ID":"WirelessHotSpotPt_1076","YCOORD":132717.75,"XCOORD":400548.01000000001,"LONGITUDE":-76.993685769999999,"LATITUDE":38.862277069999998,"LABEL":null,"NUMBER_OF_SITES":null,"SE_ANNO_CAD_DATA":null,"GLOBALID":"{1697D440-03AF-4313-B0B1-97EA4658CA0C}","CREATOR":"JLAY","CREATED":1713469448000,"EDITOR":"DCGIS","EDITED":1713477402000,"OBJECTID":1076}},{"type":"Feature","id":724,"geometry":{"type":"Point","coordinates":[-77.032283196288887,38.901031708033756]},"properties":{"NAME":"D.C. Police Complaints (DC OPC)","ADDRESS":"1400 I STREET NW","TYPE":"Indoor","SITE_TYPE":"Administrative","WARD":"Ward 2","MAR_ID":217995,"GIS_ID":"WirelessHotSpotPt_724","YCOORD":137019.45999999999,"XCOORD":397199.87,"LONGITUDE":-77.032280900000003,"LATITUDE":38.90102426,"LABEL":null,"NUMBER_OF_SITES":null,"SE_ANNO_CAD_DATA":null,"GLOBALID":"{A53AACF4-D7E0-4880-A133-C5CAA50C0723}","CREATOR":"JLAY","CREATED":1713469448000,"EDITOR":"DCGIS","EDITED":1713477402000,"OBJECTID":724}},{"type":"Feature","id":1017,"geometry":{"type":"Point","coordinates":[-76.997110313243354,38.846069208672787]},"properties":{"NAME":"Ralph Waldo \"Petey\" Greene Community Service Center","ADDRESS":"2907 MARTIN LUTHER KING JR AVENUE SE","TYPE":"Outdoor","SITE_TYPE":"Community Service Organization","WARD":"Ward 8","MAR_ID":278297,"GIS_ID":"WirelessHotSpotPt_1017","YCOORD":130917.72,"XCOORD":400251.04999999999,"LONGITUDE":-76.997108030000007,"LATITUDE":38.846061429999999,"LABEL":null,"NUMBER_OF_SITES":null,"SE_ANNO_CAD_DATA":null,"GLOBALID":"{05D57CA4-0358-49FC-9572-8B4C386D55C4}","CREATOR":"JLAY","CREATED":1713469448000,"EDITOR":"DCGIS","EDITED":1713477402000,"OBJECTID":1017}},{"type":"Feature","id":917,"geometry":{"type":"Point","coordinates":[-77.068039430942108,38.966635018804027]},"properties":{"NAME":"Lafayette Elementary School","ADDRESS":"5701 BROAD BRANCH ROAD NW","TYPE":"Indoor/Outdoor","SITE_TYPE":"Public School","WARD":"Ward 4","MAR_ID":294611,"GIS_ID":"WirelessHotSpotPt_917","YCOORD":144303.70000000001,"XCOORD":394103.71000000002,"LONGITUDE":-77.06803712,"LATITUDE":38.966627549999998,"LABEL":null,"NUMBER_OF_SITES":null,"SE_ANNO_CAD_DATA":null,"GLOBALID":"{266EE649-9219-476C-AA07-C2AA8DA2E04B}","CREATOR":"JLAY","CREATED":1713469448000,"EDITOR":"DCGIS","EDITED":1713477402000,"OBJECTID":917}},{"type":"Feature","id":885,"geometry":{"type":"Point","coordinates":[-77.020922651413656,38.917810266164985]},"properties":{"NAME":"Howard University Hospital Family Medicine Group","ADDRESS":"2041 GEORGIA AVENUE NW","TYPE":"Outdoor","SITE_TYPE":"Health Center","WARD":"Ward 1","MAR_ID":279523,"GIS_ID":"WirelessHotSpotPt_885","YCOORD":138881.73000000001,"XCOORD":398185.73999999999,"LONGITUDE":-77.020920360000005,"LATITUDE":38.917802479999999,"LABEL":null,"NUMBER_OF_SITES":null,"SE_ANNO_CAD_DATA":null,"GLOBALID":"{FBEAE88C-7342-4ADA-88D7-8EDCFAB3E775}","CREATOR":"JLAY","CREATED":1713469448000,"EDITOR":"DCGIS","EDITED":1713477402000,"OBJECTID":885}},{"type":"Feature","id":1074,"geometry":{"type":"Point","coordinates":[-76.952177596072644,38.901327441328419]},"properties":{"NAME":"Thomas Elementary School","ADDRESS":"650 ANACOSTIA AVENUE NE","TYPE":"Indoor/Outdoor","SITE_TYPE":"Public School","WARD":"Ward 7","MAR_ID":294493,"GIS_ID":"WirelessHotSpotPt_1074","YCOORD":137052.88,"XCOORD":404148.41999999998,"LONGITUDE":-76.952175330000003,"LATITUDE":38.901319649999998,"LABEL":null,"NUMBER_OF_SITES":null,"SE_ANNO_CAD_DATA":null,"GLOBALID":"{F8711C66-3B0E-40CE-B6BB-8AB48C9A04E3}","CREATOR":"JLAY","CREATED":1713469448000,"EDITOR":"DCGIS","EDITED":1713477402000,"OBJECTID":1074}},{"type":"Feature","id":893,"geometry":{"type":"Point","coordinates":[-77.080997137169874,38.947557880895587]},"properties":{"NAME":"Janney Elementary School","ADDRESS":"4130 ALBEMARLE STREET NW","TYPE":"Indoor/Outdoor","SITE_TYPE":"Public School","WARD":"Ward 3","MAR_ID":285713,"GIS_ID":"WirelessHotSpotPt_893","YCOORD":142186.88,"XCOORD":392978.88,"LONGITUDE":-77.080994829999995,"LATITUDE":38.947550419999999,"LABEL":null,"NUMBER_OF_SITES":null,"SE_ANNO_CAD_DATA":null,"GLOBALID":"{7C6AA662-76E4-44C6-A70E-5D6ADAF626F8}","CREATOR":"JLAY","CREATED":1713469448000,"EDITOR":"DCGIS","EDITED":1713477402000,"OBJECTID":893}},{"type":"Feature","id":1066,"geometry":{"type":"Point","coordinates":[-77.000006663799141,38.896305157337558]},"properties":{"NAME":"Stuart-Hobson Middle School","ADDRESS":"410 E STREET NE","TYPE":"Indoor/Outdoor","SITE_TYPE":"Public School","WARD":"Ward 6","MAR_ID":294483,"GIS_ID":"WirelessHotSpotPt_1066","YCOORD":136494.28,"XCOORD":399999.62,"LONGITUDE":-77.000004379999993,"LATITUDE":38.896297699999998,"LABEL":null,"NUMBER_OF_SITES":null,"SE_ANNO_CAD_DATA":null,"GLOBALID":"{371B34AB-38E7-4F45-A555-56FDE71D427C}","CREATOR":"JLAY","CREATED":1713469448000,"EDITOR":"DCGIS","EDITED":1713477402000,"OBJECTID":1066}},{"type":"Feature","id":664,"geometry":{"type":"Point","coordinates":[-76.937450313627622,38.888667868142306]},"properties":{"NAME":"Benning Rd DMV","ADDRESS":"4525 BENNING ROAD SE","TYPE":"Indoor","SITE_TYPE":"Administrative","WARD":"Ward 7","MAR_ID":278512,"GIS_ID":"WirelessHotSpotPt_664","YCOORD":135648.34,"XCOORD":405426.85999999999,"LONGITUDE":-76.93744805,"LATITUDE":38.888660080000001,"LABEL":null,"NUMBER_OF_SITES":null,"SE_ANNO_CAD_DATA":null,"GLOBALID":"{BEFFCF00-0BAA-4F18-AD55-AF583F64D14B}","CREATOR":"JLAY","CREATED":1713469448000,"EDITOR":"DCGIS","EDITED":1713477402000,"OBJECTID":664}},{"type":"Feature","id":767,"geometry":{"type":"Point","coordinates":[-76.9478302993315,38.896979316009002]},"properties":{"NAME":"DOES HQ","ADDRESS":"4058 MINNESOTA AVENUE NE","TYPE":"Indoor","SITE_TYPE":"Administrative","WARD":"Ward 7","MAR_ID":305174,"GIS_ID":"WirelessHotSpotPt_767","YCOORD":136570.41,"XCOORD":404525.79000000004,"LONGITUDE":-76.947828029999997,"LATITUDE":38.896971530000002,"LABEL":null,"NUMBER_OF_SITES":null,"SE_ANNO_CAD_DATA":null,"GLOBALID":"{C6AC5336-6DCB-4DCC-8843-A6780D228C67}","CREATOR":"JLAY","CREATED":1713469448000,"EDITOR":"DCGIS","EDITED":1713477402000,"OBJECTID":767}},{"type":"Feature","id":688,"geometry":{"type":"Point","coordinates":[-77.002568752930756,38.898537762094264]},"properties":{"NAME":"Capitol Hill Montessori School at Logan","ADDRESS":"215 G STREET NE","TYPE":"Indoor/Outdoor","SITE_TYPE":"Public School","WARD":"Ward 6","MAR_ID":286687,"GIS_ID":"WirelessHotSpotPt_688","YCOORD":136742.12,"XCOORD":399777.37,"LONGITUDE":-77.002566470000005,"LATITUDE":38.898530309999998,"LABEL":null,"NUMBER_OF_SITES":null,"SE_ANNO_CAD_DATA":null,"GLOBALID":"{0099982D-7220-45A2-BC93-0ACDF72B6206}","CREATOR":"JLAY","CREATED":1713469448000,"EDITOR":"DCGIS","EDITED":1713477402000,"OBJECTID":688}},{"type":"Feature","id":667,"geometry":{"type":"Point","coordinates":[-76.93691062842727,38.880609395653103]},"properties":{"NAME":"Benning Terrace DCHA","ADDRESS":"4450 G STREET SE","TYPE":"Outdoor","SITE_TYPE":"Public Housing","WARD":"Ward 7","MAR_ID":21041,"GIS_ID":"WirelessHotSpotPt_667","YCOORD":134753.82000000001,"XCOORD":405474.29999999999,"LONGITUDE":-76.936908369999998,"LATITUDE":38.880601939999998,"LABEL":null,"NUMBER_OF_SITES":null,"SE_ANNO_CAD_DATA":null,"GLOBALID":"{E286D700-7B29-44C1-9086-A30CFF3D4789}","CREATOR":"JLAY","CREATED":1713469448000,"EDITOR":"DCGIS","EDITED":1713477402000,"OBJECTID":667}},{"type":"Feature","id":1049,"geometry":{"type":"Point","coordinates":[-77.031966129770709,38.892100990901078]},"properties":{"NAME":"Smithsonian Museum of American History","ADDRESS":"14TH STREET NW AND CONSTITUTION AVENUE NW","TYPE":"Outdoor","SITE_TYPE":"Federal","WARD":"Ward 2","MAR_ID":903110,"GIS_ID":"WirelessHotSpotPt_1049","YCOORD":136028.07029999999,"XCOORD":397227.02581899997,"LONGITUDE":-77.031964000000002,"LATITUDE":38.892094,"LABEL":null,"NUMBER_OF_SITES":null,"SE_ANNO_CAD_DATA":null,"GLOBALID":"{4D7C3266-B823-4E5E-856C-DC6FD4823347}","CREATOR":"JLAY","CREATED":1713469448000,"EDITOR":"DCGIS","EDITED":1713477402000,"OBJECTID":1049}},{"type":"Feature","id":918,"geometry":{"type":"Point","coordinates":[-77.067014644638434,38.967729031770588]},"properties":{"NAME":"Lafayette Recreation Center","ADDRESS":"5900 33RD STREET NW","TYPE":"Indoor/Outdoor","SITE_TYPE":"Rec. Center","WARD":"Ward 4","MAR_ID":308530,"GIS_ID":"WirelessHotSpotPt_918","YCOORD":144425.08000000002,"XCOORD":394192.60999999999,"LONGITUDE":-77.067012340000005,"LATITUDE":38.967721230000002,"LABEL":null,"NUMBER_OF_SITES":null,"SE_ANNO_CAD_DATA":null,"GLOBALID":"{F5483072-3939-4DD6-8ADE-F305F90574A0}","CREATOR":"JLAY","CREATED":1713469448000,"EDITOR":"DCGIS","EDITED":1713477402000,"OBJECTID":918}},{"type":"Feature","id":714,"geometry":{"type":"Point","coordinates":[-77.035092356901686,38.92760107947047]},"properties":{"NAME":"Columbia Road Apartments","ADDRESS":"1475 COLUMBIA ROAD NW","TYPE":"Outdoor","SITE_TYPE":"Public Housing","WARD":"Ward 1","MAR_ID":234372,"GIS_ID":"WirelessHotSpotPt_714","YCOORD":139968.97,"XCOORD":396957.33000000002,"LONGITUDE":-77.035090060000002,"LATITUDE":38.927593620000003,"LABEL":null,"NUMBER_OF_SITES":null,"SE_ANNO_CAD_DATA":null,"GLOBALID":"{B16F054F-57B2-4753-85BB-C5B57B6190DC}","CREATOR":"JLAY","CREATED":1713469448000,"EDITOR":"DCGIS","EDITED":1713477402000,"OBJECTID":714}},{"type":"Feature","id":746,"geometry":{"type":"Point","coordinates":[-77.014431325968161,38.882943941784553]},"properties":{"NAME":"DDS at One Independence Square","ADDRESS":"250 E STREET SW","TYPE":"Indoor","SITE_TYPE":"Health Center","WARD":"Ward 6","MAR_ID":301036,"GIS_ID":"WirelessHotSpotPt_746","YCOORD":135011.17999999999,"XCOORD":398748.07000000001,"LONGITUDE":-77.014429039999996,"LATITUDE":38.88293616,"LABEL":null,"NUMBER_OF_SITES":null,"SE_ANNO_CAD_DATA":null,"GLOBALID":"{2A8ED915-CF33-441D-92D3-2AC2CEDDB5AA}","CREATOR":"JLAY","CREATED":1713469448000,"EDITOR":"DCGIS","EDITED":1713477402000,"OBJECTID":746}},{"type":"Feature","id":987,"geometry":{"type":"Point","coordinates":[-77.041702776772141,38.90021861231731]},"properties":{"NAME":"PA2040 Cabinet 12 (NW Corner)","ADDRESS":"18TH STREET NW AND H STREET NW","TYPE":"Outdoor","SITE_TYPE":"Administrative","WARD":"Ward 2","MAR_ID":901144,"GIS_ID":"WirelessHotSpotPt_987","YCOORD":136929.53125999999,"XCOORD":396382.75001100003,"LONGITUDE":-77.041700000000006,"LATITUDE":38.900210999999999,"LABEL":null,"NUMBER_OF_SITES":null,"SE_ANNO_CAD_DATA":null,"GLOBALID":"{484B329F-9CED-4FE5-9A1E-D31CF0DDA4BB}","CREATOR":"JLAY","CREATED":1713469448000,"EDITOR":"DCGIS","EDITED":1713477402000,"OBJECTID":987}},{"type":"Feature","id":793,"geometry":{"type":"Point","coordinates":[-77.012693764207285,38.907634008020054]},"properties":{"NAME":"Dunbar Senior High","ADDRESS":"101 N STREET NW","TYPE":"Indoor/Outdoor","SITE_TYPE":"Public School","WARD":"Ward 5","MAR_ID":309947,"GIS_ID":"WirelessHotSpotPt_793","YCOORD":137751.95000000001,"XCOORD":398899.21000000002,"LONGITUDE":-77.01269099999999,"LATITUDE":38.907626999999998,"LABEL":null,"NUMBER_OF_SITES":null,"SE_ANNO_CAD_DATA":null,"GLOBALID":"{9D634E62-784B-420F-B4E1-5C1959AD9766}","CREATOR":"JLAY","CREATED":1713469448000,"EDITOR":"DCGIS","EDITED":1713477402000,"OBJECTID":793}},{"type":"Feature","id":689,"geometry":{"type":"Point","coordinates":[-76.999128830727997,38.877912382638193]},"properties":{"NAME":"Capper Community Center","ADDRESS":"1000 5TH STREET SE","TYPE":"Indoor/Outdoor","SITE_TYPE":"Rec. Center","WARD":"Ward 8","MAR_ID":289437,"GIS_ID":"WirelessHotSpotPt_689","YCOORD":134452.54000000001,"XCOORD":400075.79000000004,"LONGITUDE":-76.99912655,"LATITUDE":38.877904600000001,"LABEL":null,"NUMBER_OF_SITES":null,"SE_ANNO_CAD_DATA":null,"GLOBALID":"{E864D822-5813-491F-87D2-F43620AE67E5}","CREATOR":"JLAY","CREATED":1713469448000,"EDITOR":"DCGIS","EDITED":1713477402000,"OBJECTID":689}},{"type":"Feature","id":820,"geometry":{"type":"Point","coordinates":[-77.042217753559143,38.924778938875754]},"properties":{"NAME":"Engine Company 21","ADDRESS":"1763 LANIER PLACE NW","TYPE":"Indoor/Outdoor","SITE_TYPE":"Fire Emergency Medical Services","WARD":"Ward 1","MAR_ID":236004,"GIS_ID":"WirelessHotSpotPt_820","YCOORD":139655.95000000001,"XCOORD":396339.34000000003,"LONGITUDE":-77.042215459999994,"LATITUDE":38.924771479999997,"LABEL":null,"NUMBER_OF_SITES":null,"SE_ANNO_CAD_DATA":null,"GLOBALID":"{3AF8FC7D-28B1-4458-A8C0-4287A8B51C24}","CREATOR":"JLAY","CREATED":1713469448000,"EDITOR":"DCGIS","EDITED":1713477402000,"OBJECTID":820}},{"type":"Feature","id":837,"geometry":{"type":"Point","coordinates":[-77.011232070623436,38.876936416420392]},"properties":{"NAME":"Engine Company 7/Ambulance 7","ADDRESS":"1101 HALF STREET SW","TYPE":"Indoor/Outdoor","SITE_TYPE":"Fire Emergency Medical Services","WARD":"Ward 6","MAR_ID":277735,"GIS_ID":"WirelessHotSpotPt_837","YCOORD":134344.26000000001,"XCOORD":399025.57000000001,"LONGITUDE":-77.011229790000002,"LATITUDE":38.876928970000002,"LABEL":null,"NUMBER_OF_SITES":null,"SE_ANNO_CAD_DATA":null,"GLOBALID":"{DBFA0F21-FE1D-4674-B1F0-71DF079FA32B}","CREATOR":"JLAY","CREATED":1713469448000,"EDITOR":"DCGIS","EDITED":1713477402000,"OBJECTID":837}},{"type":"Feature","id":824,"geometry":{"type":"Point","coordinates":[-77.027163883315154,38.952116291091066]},"properties":{"NAME":"Engine Company 24 (Rescue Squad 2)","ADDRESS":"5101 GEORGIA AVENUE NW","TYPE":"Indoor/Outdoor","SITE_TYPE":"Fire Emergency Medical Services","WARD":"Ward 4","MAR_ID":251752,"GIS_ID":"WirelessHotSpotPt_824","YCOORD":142690.14000000001,"XCOORD":397645.62,"LONGITUDE":-77.027161590000006,"LATITUDE":38.952108490000001,"LABEL":null,"NUMBER_OF_SITES":null,"SE_ANNO_CAD_DATA":null,"GLOBALID":"{83D09249-FCD6-45D9-9C15-D0F0462BC4BA}","CREATOR":"JLAY","CREATED":1713469448000,"EDITOR":"DCGIS","EDITED":1713477402000,"OBJECTID":824}},{"type":"Feature","id":954,"geometry":{"type":"Point","coordinates":[-76.964626800458504,38.917563110901376]},"properties":{"NAME":"MPD ATEU/SOD/ERT/EOD/NSID/ESB","ADDRESS":"2850 NEW YORK AVENUE NE","TYPE":"Indoor","SITE_TYPE":"Metro. Police Dept.","WARD":"Ward 5","MAR_ID":287304,"GIS_ID":"WirelessHotSpotPt_954","YCOORD":138854.67999999999,"XCOORD":403067.85000000003,"LONGITUDE":-76.964624529999995,"LATITUDE":38.917555319999998,"LABEL":null,"NUMBER_OF_SITES":null,"SE_ANNO_CAD_DATA":null,"GLOBALID":"{41204EE1-4E26-4AE8-9402-490DDD5A02C1}","CREATOR":"JLAY","CREATED":1713469448000,"EDITOR":"DCGIS","EDITED":1713477402000,"OBJECTID":954}},{"type":"Feature","id":1019,"geometry":{"type":"Point","coordinates":[-76.96435855383109,38.870099185756054]},"properties":{"NAME":"Randle Highlands Elementary School","ADDRESS":"1650 30TH STREET SE","TYPE":"Indoor/Outdoor","SITE_TYPE":"Public School","WARD":"Ward 7","MAR_ID":156337,"GIS_ID":"WirelessHotSpotPt_1019","YCOORD":133585.82000000001,"XCOORD":403093.16999999998,"LONGITUDE":-76.964356280000004,"LATITUDE":38.870091739999999,"LABEL":null,"NUMBER_OF_SITES":null,"SE_ANNO_CAD_DATA":null,"GLOBALID":"{00C79F40-4FE5-4381-A124-F560AE69631C}","CREATOR":"JLAY","CREATED":1713469448000,"EDITOR":"DCGIS","EDITED":1713477402000,"OBJECTID":1019}},{"type":"Feature","id":979,"geometry":{"type":"Point","coordinates":[-76.997269674868789,38.953348323857661]},"properties":{"NAME":"Old Bernie Backus School","ADDRESS":"5171 SOUTH DAKOTA AVENUE NE","TYPE":"Indoor","SITE_TYPE":"Administrative","WARD":"Ward 5","MAR_ID":294607,"GIS_ID":"WirelessHotSpotPt_979","YCOORD":142826.56,"XCOORD":400236.85999999999,"LONGITUDE":-76.997267390000005,"LATITUDE":38.953340859999997,"LABEL":null,"NUMBER_OF_SITES":null,"SE_ANNO_CAD_DATA":null,"GLOBALID":"{C99775E7-E59A-407D-ABA1-C27B37C3A4BC}","CREATOR":"JLAY","CREATED":1713469448000,"EDITOR":"DCGIS","EDITED":1713477402000,"OBJECTID":979}},{"type":"Feature","id":708,"geometry":{"type":"Point","coordinates":[-77.031965090801549,38.926929325763332]},"properties":{"NAME":"CIC Building","ADDRESS":"1371 HARVARD STREET NW","TYPE":"Indoor","SITE_TYPE":"Administrative","WARD":"Ward 1","MAR_ID":304920,"GIS_ID":"WirelessHotSpotPt_708","YCOORD":139894.30000000002,"XCOORD":397228.47000000003,"LONGITUDE":-77.031962800000002,"LATITUDE":38.926921870000001,"LABEL":null,"NUMBER_OF_SITES":null,"SE_ANNO_CAD_DATA":null,"GLOBALID":"{009CDEF1-42A0-4544-8F8D-F8FAB270812A}","CREATOR":"JLAY","CREATED":1713469448000,"EDITOR":"DCGIS","EDITED":1713477402000,"OBJECTID":708}},{"type":"Feature","id":935,"geometry":{"type":"Point","coordinates":[-76.983588476930649,38.841702147373319]},"properties":{"NAME":"Malcolm X Elementary School","ADDRESS":"1500 MISSISSIPPI AVENUE SE","TYPE":"Indoor/Outdoor","SITE_TYPE":"Public School","WARD":"Ward 8","MAR_ID":294523,"GIS_ID":"WirelessHotSpotPt_935","YCOORD":130433.07000000001,"XCOORD":401424.96000000002,"LONGITUDE":-76.983586200000005,"LATITUDE":38.841694369999999,"LABEL":null,"NUMBER_OF_SITES":null,"SE_ANNO_CAD_DATA":null,"GLOBALID":"{64957B55-8EE6-40D8-B028-66316A5956EA}","CREATOR":"JLAY","CREATED":1713469448000,"EDITOR":"DCGIS","EDITED":1713477402000,"OBJECTID":935}},{"type":"Feature","id":911,"geometry":{"type":"Point","coordinates":[-77.01275769559075,38.875090889308822]},"properties":{"NAME":"King Greenleaf Recreation Center","ADDRESS":"201 N STREET SW","TYPE":"Indoor/Outdoor","SITE_TYPE":"Rec. Center","WARD":"Ward 6","MAR_ID":52917,"GIS_ID":"WirelessHotSpotPt_911","YCOORD":134139.41,"XCOORD":398893.16000000003,"LONGITUDE":-77.012755409999997,"LATITUDE":38.875083109999998,"LABEL":null,"NUMBER_OF_SITES":null,"SE_ANNO_CAD_DATA":null,"GLOBALID":"{BC7979A5-72E8-40FD-95F5-FC1D6BCD62A3}","CREATOR":"JLAY","CREATED":1713469448000,"EDITOR":"DCGIS","EDITED":1713477402000,"OBJECTID":911}},{"type":"Feature","id":771,"geometry":{"type":"Point","coordinates":[-76.999163735367461,38.918626219484381]},"properties":{"NAME":"DOT Bus Lot - 5th St","ADDRESS":"2115 5TH STREET NE","TYPE":"Indoor/Outdoor","SITE_TYPE":"Public School","WARD":"Ward 5","MAR_ID":286636,"GIS_ID":"WirelessHotSpotPt_771","YCOORD":138972.10000000001,"XCOORD":400072.72000000003,"LONGITUDE":-76.999161450000003,"LATITUDE":38.918618430000002,"LABEL":null,"NUMBER_OF_SITES":null,"SE_ANNO_CAD_DATA":null,"GLOBALID":"{9568A6BA-0282-47C2-8F2E-A154358C52EA}","CREATOR":"JLAY","CREATED":1713469448000,"EDITOR":"DCGIS","EDITED":1713477402000,"OBJECTID":771}},{"type":"Feature","id":899,"geometry":{"type":"Point","coordinates":[-77.027007857768837,38.980298270018736]},"properties":{"NAME":"Juanita E. Thornton/Shepherd Park Neighborhood Library","ADDRESS":"7420 GEORGIA AVENUE NW","TYPE":"Outdoor","SITE_TYPE":"Library","WARD":"Ward 4","MAR_ID":253522,"GIS_ID":"WirelessHotSpotPt_899","YCOORD":145818.60000000001,"XCOORD":397660.07000000001,"LONGITUDE":-77.027005560000006,"LATITUDE":38.98029047,"LABEL":null,"NUMBER_OF_SITES":null,"SE_ANNO_CAD_DATA":null,"GLOBALID":"{C18D6F95-AB60-4098-8AF5-C38199868319}","CREATOR":"JLAY","CREATED":1713469448000,"EDITOR":"DCGIS","EDITED":1713477402000,"OBJECTID":899}},{"type":"Feature","id":984,"geometry":{"type":"Point","coordinates":[-77.044910759318242,38.898330171106018]},"properties":{"NAME":"PA2040 Cabinet 1 (SW Corner)","ADDRESS":"20TH STREET NW AND G STREET NW","TYPE":"Outdoor","SITE_TYPE":"Administrative","WARD":"Ward 2","MAR_ID":901743,"GIS_ID":"WirelessHotSpotPt_984","YCOORD":136720.03125999999,"XCOORD":396104.37500200002,"LONGITUDE":-77.044907999999992,"LATITUDE":38.898322999999998,"LABEL":null,"NUMBER_OF_SITES":null,"SE_ANNO_CAD_DATA":null,"GLOBALID":"{0E8CEA28-840C-4AFB-80EF-FC77EF349C92}","CREATOR":"JLAY","CREATED":1713469448000,"EDITOR":"DCGIS","EDITED":1713477402000,"OBJECTID":984}},{"type":"Feature","id":881,"geometry":{"type":"Point","coordinates":[-77.028889449717894,38.943090661007666]},"properties":{"NAME":"Hospitality High School (Roosevelt High School)","ADDRESS":"4301 13TH STREET NW","TYPE":"Indoor/Outdoor","SITE_TYPE":"Public School","WARD":"Ward 4","MAR_ID":252605,"GIS_ID":"WirelessHotSpotPt_881","YCOORD":141688.26000000001,"XCOORD":397495.72999999998,"LONGITUDE":-77.028887150000003,"LATITUDE":38.943082869999998,"LABEL":null,"NUMBER_OF_SITES":null,"SE_ANNO_CAD_DATA":null,"GLOBALID":"{C5CF76B1-27F8-4E90-8B19-1524ADD175D5}","CREATOR":"JLAY","CREATED":1713469448000,"EDITOR":"DCGIS","EDITED":1713477402000,"OBJECTID":881}},{"type":"Feature","id":1041,"geometry":{"type":"Point","coordinates":[-77.033974827690571,38.984690031968043]},"properties":{"NAME":"Shepherd Elementary School","ADDRESS":"7800 14TH STREET NW","TYPE":"Indoor/Outdoor","SITE_TYPE":"Public School","WARD":"Ward 4","MAR_ID":256319,"GIS_ID":"WirelessHotSpotPt_1041","YCOORD":146306.33000000002,"XCOORD":397056.59000000003,"LONGITUDE":-77.03397253,"LATITUDE":38.984682229999997,"LABEL":null,"NUMBER_OF_SITES":null,"SE_ANNO_CAD_DATA":null,"GLOBALID":"{01CCCAC7-D698-49D3-A403-0C2F0C93A186}","CREATOR":"JLAY","CREATED":1713469448000,"EDITOR":"DCGIS","EDITED":1713477402000,"OBJECTID":1041}},{"type":"Feature","id":668,"geometry":{"type":"Point","coordinates":[-76.938905860535954,38.881267438442947]},"properties":{"NAME":"Benning Terrace, DCHA Community Center","ADDRESS":"4739 ALABAMA AVENUE SE","TYPE":"Outdoor","SITE_TYPE":"Public Housing","WARD":"Ward 7","MAR_ID":290935,"GIS_ID":"WirelessHotSpotPt_668","YCOORD":134826.75,"XCOORD":405301.13,"LONGITUDE":-76.938903600000003,"LATITUDE":38.881259989999997,"LABEL":null,"NUMBER_OF_SITES":null,"SE_ANNO_CAD_DATA":null,"GLOBALID":"{11BE1B2B-101A-46E4-B770-1832D60890F9}","CREATOR":"JLAY","CREATED":1713469448000,"EDITOR":"DCGIS","EDITED":1713477402000,"OBJECTID":668}},{"type":"Feature","id":789,"geometry":{"type":"Point","coordinates":[-76.983623062590837,38.913390422204195]},"properties":{"NAME":"DPW - Fenwick Street NE","ADDRESS":"1831 FENWICK STREET NE","TYPE":"Indoor","SITE_TYPE":"Administrative","WARD":"Ward 5","MAR_ID":314581,"GIS_ID":"WirelessHotSpotPt_789","YCOORD":138391.01000000001,"XCOORD":401420.53000000003,"LONGITUDE":-76.983620779999995,"LATITUDE":38.913382630000001,"LABEL":null,"NUMBER_OF_SITES":null,"SE_ANNO_CAD_DATA":null,"GLOBALID":"{7151BD7D-CAB5-4E15-9FF0-4A660C0AE7E2}","CREATOR":"JLAY","CREATED":1713469448000,"EDITOR":"DCGIS","EDITED":1713477402000,"OBJECTID":789}},{"type":"Feature","id":811,"geometry":{"type":"Point","coordinates":[-77.017965863495292,38.883066866419277]},"properties":{"NAME":"Engine Company 13 (Future location)","ADDRESS":"400 E STREET SW","TYPE":"Indoor","SITE_TYPE":"Fire Emergency Medical Services","WARD":"Ward 6","MAR_ID":311526,"GIS_ID":"WirelessHotSpotPt_811","YCOORD":135024.88,"XCOORD":398441.40000000002,"LONGITUDE":-77.01796358,"LATITUDE":38.883059080000002,"LABEL":null,"NUMBER_OF_SITES":null,"SE_ANNO_CAD_DATA":null,"GLOBALID":"{A1A70F0A-6297-48CF-9065-EFDEB8ADCD44}","CREATOR":"JLAY","CREATED":1713469448000,"EDITOR":"DCGIS","EDITED":1713477402000,"OBJECTID":811}},{"type":"Feature","id":1107,"geometry":{"type":"Point","coordinates":[-77.031355167628604,38.895010139724491]},"properties":{"NAME":"Wilson Building","ADDRESS":"1350 PENNSYLVANIA AVENUE NW","TYPE":"Indoor","SITE_TYPE":"Administrative","WARD":"Ward 2","MAR_ID":293203,"GIS_ID":"WirelessHotSpotPt_1107","YCOORD":136350.98999999999,"XCOORD":397280.14000000001,"LONGITUDE":-77.031352870000006,"LATITUDE":38.895002689999998,"LABEL":null,"NUMBER_OF_SITES":null,"SE_ANNO_CAD_DATA":null,"GLOBALID":"{56596126-4D95-4778-9924-76994A3F529E}","CREATOR":"JLAY","CREATED":1713469448000,"EDITOR":"DCGIS","EDITED":1713477402000,"OBJECTID":1107}},{"type":"Feature","id":705,"geometry":{"type":"Point","coordinates":[-77.07543203306497,38.965583364478668]},"properties":{"NAME":"Chevy Chase Neighborhood Library","ADDRESS":"5625 CONNECTICUT AVENUE NW","TYPE":"Outdoor","SITE_TYPE":"Library","WARD":"Ward 3","MAR_ID":263960,"GIS_ID":"WirelessHotSpotPt_705","YCOORD":144187.45999999999,"XCOORD":393462.95000000001,"LONGITUDE":-77.075429720000002,"LATITUDE":38.965575569999999,"LABEL":null,"NUMBER_OF_SITES":null,"SE_ANNO_CAD_DATA":null,"GLOBALID":"{A812469F-AC85-476D-83E4-0A1DB0FB8984}","CREATOR":"JLAY","CREATED":1713469448000,"EDITOR":"DCGIS","EDITED":1713477402000,"OBJECTID":705}},{"type":"Feature","id":759,"geometry":{"type":"Point","coordinates":[-77.006995955299928,38.902114530200684]},"properties":{"NAME":"DMH Region 3","ADDRESS":"35 K STREET NE","TYPE":"Indoor","SITE_TYPE":"Administrative","WARD":"Ward 6","MAR_ID":287960,"GIS_ID":"WirelessHotSpotPt_759","YCOORD":137139.19,"XCOORD":399393.35999999999,"LONGITUDE":-77.00699367,"LATITUDE":38.90210708,"LABEL":null,"NUMBER_OF_SITES":null,"SE_ANNO_CAD_DATA":null,"GLOBALID":"{DF2035C4-5B39-4983-B215-E7AF8A3B8695}","CREATOR":"JLAY","CREATED":1713469448000,"EDITOR":"DCGIS","EDITED":1713477402000,"OBJECTID":759}},{"type":"Feature","id":658,"geometry":{"type":"Point","coordinates":[-77.022585370405409,38.922711747819619]},"properties":{"NAME":"Banneker Community Center","ADDRESS":"2500 GEORGIA AVENUE NW","TYPE":"Indoor/Outdoor","SITE_TYPE":"Rec. Center","WARD":"Ward 1","MAR_ID":232292,"GIS_ID":"WirelessHotSpotPt_658","YCOORD":139425.87,"XCOORD":398041.67999999999,"LONGITUDE":-77.022583080000004,"LATITUDE":38.922704289999999,"LABEL":null,"NUMBER_OF_SITES":null,"SE_ANNO_CAD_DATA":null,"GLOBALID":"{515E0C79-3F1E-4FAD-ACD7-15B8F807C911}","CREATOR":"JLAY","CREATED":1713469448000,"EDITOR":"DCGIS","EDITED":1713477402000,"OBJECTID":658}},{"type":"Feature","id":1029,"geometry":{"type":"Point","coordinates":[-76.932707042045848,38.906570171124791]},"properties":{"NAME":"Ron H. Brown Preparatory High School","ADDRESS":"4800 MEADE STREET NE","TYPE":"Indoor/Outdoor","SITE_TYPE":"Public School","WARD":"Ward 7","MAR_ID":294601,"GIS_ID":"WirelessHotSpotPt_1029","YCOORD":137635.92999999999,"XCOORD":405836.91000000003,"LONGITUDE":-76.932704779999995,"LATITUDE":38.906562710000003,"LABEL":null,"NUMBER_OF_SITES":null,"SE_ANNO_CAD_DATA":null,"GLOBALID":"{9FCA3EA3-9EB3-4D3C-9D32-7A1E5AEC45BD}","CREATOR":"JLAY","CREATED":1713469448000,"EDITOR":"DCGIS","EDITED":1713477402000,"OBJECTID":1029}},{"type":"Feature","id":795,"geometry":{"type":"Point","coordinates":[-77.022418668989516,38.945609356735709]},"properties":{"NAME":"E.L. Haynes Public Charter School","ADDRESS":"4501 KANSAS AVENUE NW","TYPE":"Outdoor","SITE_TYPE":"Public Charter School","WARD":"Ward 4","MAR_ID":284930,"GIS_ID":"WirelessHotSpotPt_795","YCOORD":141967.70000000001,"XCOORD":398056.76000000001,"LONGITUDE":-77.022416379999996,"LATITUDE":38.945601889999999,"LABEL":null,"NUMBER_OF_SITES":null,"SE_ANNO_CAD_DATA":null,"GLOBALID":"{DD5C055F-714A-448B-ADBD-58D9D117E327}","CREATOR":"JLAY","CREATED":1713469448000,"EDITOR":"DCGIS","EDITED":1713477402000,"OBJECTID":795}},{"type":"Feature","id":1001,"geometry":{"type":"Point","coordinates":[-76.981253592330461,38.846194308105979]},"properties":{"NAME":"Parklands Turner Community Library","ADDRESS":"1547 ALABAMA AVENUE SE","TYPE":"Outdoor","SITE_TYPE":"Library","WARD":"Ward 8","MAR_ID":304504,"GIS_ID":"WirelessHotSpotPt_1001","YCOORD":130931.77,"XCOORD":401627.56,"LONGITUDE":-76.981251319999998,"LATITUDE":38.846186860000003,"LABEL":null,"NUMBER_OF_SITES":null,"SE_ANNO_CAD_DATA":null,"GLOBALID":"{261406E6-1949-4D0A-B78D-616EB28FB1C6}","CREATOR":"JLAY","CREATED":1713469448000,"EDITOR":"DCGIS","EDITED":1713477402000,"OBJECTID":1001}},{"type":"Feature","id":877,"geometry":{"type":"Point","coordinates":[-77.0715848702459,38.940876359833972]},"properties":{"NAME":"Hearst Recreation Center","ADDRESS":"3950 37TH STREET NW","TYPE":"Indoor/Outdoor","SITE_TYPE":"Rec. Center","WARD":"Ward 3","MAR_ID":294586,"GIS_ID":"WirelessHotSpotPt_877","YCOORD":141444.48999999999,"XCOORD":393794.21000000002,"LONGITUDE":-77.071582559999996,"LATITUDE":38.940868569999999,"LABEL":null,"NUMBER_OF_SITES":null,"SE_ANNO_CAD_DATA":null,"GLOBALID":"{9B6C862F-41B4-47C5-83D7-BD363185AFCE}","CREATOR":"JLAY","CREATED":1713469448000,"EDITOR":"DCGIS","EDITED":1713477402000,"OBJECTID":877}},{"type":"Feature","id":779,"geometry":{"type":"Point","coordinates":[-76.998382047910383,38.877338449802735]},"properties":{"NAME":"DPR-Lincoln Capper Childrens Pool","ADDRESS":"555 L STREET SE","TYPE":"Outdoor","SITE_TYPE":"Rec. Center","WARD":"Ward 8","MAR_ID":289646,"GIS_ID":"WirelessHotSpotPt_779","YCOORD":134388.83000000002,"XCOORD":400140.59000000003,"LONGITUDE":-76.99837977,"LATITUDE":38.877330999999998,"LABEL":null,"NUMBER_OF_SITES":null,"SE_ANNO_CAD_DATA":null,"GLOBALID":"{796F1756-095B-45F9-A192-9044398ADF7B}","CREATOR":"JLAY","CREATED":1713469448000,"EDITOR":"DCGIS","EDITED":1713477402000,"OBJECTID":779}},{"type":"Feature","id":1054,"geometry":{"type":"Point","coordinates":[-76.95306999599471,38.884000647752352]},"properties":{"NAME":"Sousa Middle School","ADDRESS":"3650 ELY PLACE SE","TYPE":"Indoor/Outdoor","SITE_TYPE":"Public School","WARD":"Ward 7","MAR_ID":294584,"GIS_ID":"WirelessHotSpotPt_1054","YCOORD":135129.42999999999,"XCOORD":404072,"LONGITUDE":-76.953067730000001,"LATITUDE":38.883992859999999,"LABEL":null,"NUMBER_OF_SITES":null,"SE_ANNO_CAD_DATA":null,"GLOBALID":"{10FD5695-3BBD-49F3-A3E3-9738E2C8DF3B}","CREATOR":"JLAY","CREATED":1713469448000,"EDITOR":"DCGIS","EDITED":1713477402000,"OBJECTID":1054}},{"type":"Feature","id":839,"geometry":{"type":"Point","coordinates":[-77.037527824659335,38.917304258696987]},"properties":{"NAME":"Engine Company 9 (Truck Company 9)","ADDRESS":"1617 U STREET NW","TYPE":"Indoor/Outdoor","SITE_TYPE":"Fire Emergency Medical Services","WARD":"Ward 1","MAR_ID":241846,"GIS_ID":"WirelessHotSpotPt_839","YCOORD":138826.01999999999,"XCOORD":396745.67999999999,"LONGITUDE":-77.037525529999996,"LATITUDE":38.917296800000003,"LABEL":null,"NUMBER_OF_SITES":null,"SE_ANNO_CAD_DATA":null,"GLOBALID":"{6A74083A-AA0F-4DF2-B2FA-3AA2AC7919E3}","CREATOR":"JLAY","CREATED":1713469448000,"EDITOR":"DCGIS","EDITED":1713477402000,"OBJECTID":839}},{"type":"Feature","id":1003,"geometry":{"type":"Point","coordinates":[-77.003213375327562,38.823901453619087]},"properties":{"NAME":"Patricia R. Harris Education Center (UDC-CC)","ADDRESS":"4600 LIVINGSTON ROAD SE","TYPE":"Indoor/Outdoor","SITE_TYPE":"Public School","WARD":"Ward 8","MAR_ID":294600,"GIS_ID":"WirelessHotSpotPt_1003","YCOORD":128456.95,"XCOORD":399721.16000000003,"LONGITUDE":-77.003211100000001,"LATITUDE":38.823893679999998,"LABEL":null,"NUMBER_OF_SITES":null,"SE_ANNO_CAD_DATA":null,"GLOBALID":"{1396A8E2-BC0F-4516-B5AF-E64D62220E0A}","CREATOR":"JLAY","CREATED":1713469448000,"EDITOR":"DCGIS","EDITED":1713477402000,"OBJECTID":1003}},{"type":"Feature","id":678,"geometry":{"type":"Point","coordinates":[-77.02138240815006,38.934388910226424]},"properties":{"NAME":"Bruce-Monroe Elementary School @ Parkview","ADDRESS":"3560 WARDER STREET NW","TYPE":"Indoor/Outdoor","SITE_TYPE":"Public School","WARD":"Ward 1","MAR_ID":294583,"GIS_ID":"WirelessHotSpotPt_678","YCOORD":140722.11000000002,"XCOORD":398146.29999999999,"LONGITUDE":-77.021380120000003,"LATITUDE":38.934381119999998,"LABEL":null,"NUMBER_OF_SITES":null,"SE_ANNO_CAD_DATA":null,"GLOBALID":"{77A26ABA-26C5-40D0-AF96-30FC7FE92DE5}","CREATOR":"JLAY","CREATED":1713469448000,"EDITOR":"DCGIS","EDITED":1713477402000,"OBJECTID":678}},{"type":"Feature","id":996,"geometry":{"type":"Point","coordinates":[-77.04490181485788,38.900712886333991]},"properties":{"NAME":"PA2040 Cabinet 8 (NE Corner)","ADDRESS":"20TH STREET NW AND PENNSYLVANIA AVENUE NW","TYPE":"Outdoor","SITE_TYPE":"Administrative","WARD":"Ward 2","MAR_ID":904189,"GIS_ID":"WirelessHotSpotPt_996","YCOORD":136984.531261,"XCOORD":396105.281242,"LONGITUDE":-77.044899999999998,"LATITUDE":38.900704999999995,"LABEL":null,"NUMBER_OF_SITES":null,"SE_ANNO_CAD_DATA":null,"GLOBALID":"{2FFB76D9-C940-4C26-8388-80EE4DCA1260}","CREATOR":"JLAY","CREATED":1713469448000,"EDITOR":"DCGIS","EDITED":1713477402000,"OBJECTID":996}},{"type":"Feature","id":985,"geometry":{"type":"Point","coordinates":[-77.043462958784559,38.901343880574537]},"properties":{"NAME":"PA2040 Cabinet 10 (NE Corner)","ADDRESS":"19TH STREET NW AND I STREET NW","TYPE":"Outdoor","SITE_TYPE":"Administrative","WARD":"Ward 2","MAR_ID":901002,"GIS_ID":"WirelessHotSpotPt_985","YCOORD":137054.51564500001,"XCOORD":396230.12498600001,"LONGITUDE":-77.043460999999994,"LATITUDE":38.901336000000001,"LABEL":null,"NUMBER_OF_SITES":null,"SE_ANNO_CAD_DATA":null,"GLOBALID":"{4D1C540D-7BB7-4EDB-BCE0-6A984DC8C5A8}","CREATOR":"JLAY","CREATED":1713469448000,"EDITOR":"DCGIS","EDITED":1713477402000,"OBJECTID":985}},{"type":"Feature","id":706,"geometry":{"type":"Point","coordinates":[-77.080756179326073,38.963466922654611]},"properties":{"NAME":"Chevy Chase Playground and Recreation Center","ADDRESS":"5500 41ST STREET NW","TYPE":"Indoor/Outdoor","SITE_TYPE":"Rec. Center","WARD":"Ward 3","MAR_ID":264727,"GIS_ID":"WirelessHotSpotPt_706","YCOORD":143952.91,"XCOORD":393001.33000000002,"LONGITUDE":-77.080753869999995,"LATITUDE":38.963459120000003,"LABEL":null,"NUMBER_OF_SITES":null,"SE_ANNO_CAD_DATA":null,"GLOBALID":"{236DF2C4-C052-45CC-BDF8-B92FA85F60F3}","CREATOR":"JLAY","CREATED":1713469448000,"EDITOR":"DCGIS","EDITED":1713477402000,"OBJECTID":706}},{"type":"Feature","id":715,"geometry":{"type":"Point","coordinates":[-77.031609297353427,38.960455746625271]},"properties":{"NAME":"Community Academy PCS-Amos 2 Campus","ADDRESS":"1351 NICHOLSON STREET NW","TYPE":"Outdoor","SITE_TYPE":"Public Charter School","WARD":"Ward 4","MAR_ID":257768,"GIS_ID":"WirelessHotSpotPt_715","YCOORD":143616.01999999999,"XCOORD":397260.60999999999,"LONGITUDE":-77.031606999999994,"LATITUDE":38.960447950000002,"LABEL":null,"NUMBER_OF_SITES":null,"SE_ANNO_CAD_DATA":null,"GLOBALID":"{83414E24-66D7-4098-8E4E-2615EC3A5D85}","CREATOR":"JLAY","CREATED":1713469448000,"EDITOR":"DCGIS","EDITED":1713477402000,"OBJECTID":715}},{"type":"Feature","id":948,"geometry":{"type":"Point","coordinates":[-77.004330759856643,38.914934797585644]},"properties":{"NAME":"McKinley","ADDRESS":"151 T STREET NE","TYPE":"Indoor/Outdoor","SITE_TYPE":"Public School","WARD":"Ward 5","MAR_ID":296345,"GIS_ID":"WirelessHotSpotPt_948","YCOORD":138562.33000000002,"XCOORD":399624.60999999999,"LONGITUDE":-77.004328470000004,"LATITUDE":38.91492701,"LABEL":null,"NUMBER_OF_SITES":null,"SE_ANNO_CAD_DATA":null,"GLOBALID":"{AB40CC46-8C82-41C2-9691-B750CBEA19BA}","CREATOR":"JLAY","CREATED":1713469448000,"EDITOR":"DCGIS","EDITED":1713477402000,"OBJECTID":948}},{"type":"Feature","id":725,"geometry":{"type":"Point","coordinates":[-76.995598981014737,38.924190762262867]},"properties":{"NAME":"D.C. Preparatory Academy PCES - Elementary Campus","ADDRESS":"707 EDGEWOOD STREET NE","TYPE":"Outdoor","SITE_TYPE":"Public Charter School","WARD":"Ward 5","MAR_ID":289577,"GIS_ID":"WirelessHotSpotPt_725","YCOORD":139589.82000000001,"XCOORD":400381.83000000002,"LONGITUDE":-76.995596699999993,"LATITUDE":38.924182969999997,"LABEL":null,"NUMBER_OF_SITES":null,"SE_ANNO_CAD_DATA":null,"GLOBALID":"{8768FD94-1413-47C7-8EC7-B64732C84CCD}","CREATOR":"JLAY","CREATED":1713469448000,"EDITOR":"DCGIS","EDITED":1713477402000,"OBJECTID":725}},{"type":"Feature","id":674,"geometry":{"type":"Point","coordinates":[-77.030691143018444,38.960543191189338]},"properties":{"NAME":"Brightwood Elementary School","ADDRESS":"1300 NICHOLSON STREET NW","TYPE":"Indoor/Outdoor","SITE_TYPE":"Public School","WARD":"Ward 4","MAR_ID":294515,"GIS_ID":"WirelessHotSpotPt_674","YCOORD":143625.70000000001,"XCOORD":397340.19,"LONGITUDE":-77.030688850000004,"LATITUDE":38.960535729999997,"LABEL":null,"NUMBER_OF_SITES":null,"SE_ANNO_CAD_DATA":null,"GLOBALID":"{543C1850-ED0E-42F2-95FC-206F7EA3A7F2}","CREATOR":"JLAY","CREATED":1713469448000,"EDITOR":"DCGIS","EDITED":1713477402000,"OBJECTID":674}},{"type":"Feature","id":1065,"geometry":{"type":"Point","coordinates":[-77.078982623373989,38.923193686605565]},"properties":{"NAME":"Stoddert Elementary School","ADDRESS":"4001 CALVERT STREET NW","TYPE":"Indoor/Outdoor","SITE_TYPE":"Public School / Rec. Center","WARD":"Ward 3","MAR_ID":224730,"GIS_ID":"WirelessHotSpotPt_1065","YCOORD":139482.09,"XCOORD":393151.16999999998,"LONGITUDE":-77.078980310000006,"LATITUDE":38.9231859,"LABEL":null,"NUMBER_OF_SITES":null,"SE_ANNO_CAD_DATA":null,"GLOBALID":"{84C629F5-6920-4068-8CDA-F8E95634D6A3}","CREATOR":"JLAY","CREATED":1713469448000,"EDITOR":"DCGIS","EDITED":1713477402000,"OBJECTID":1065}},{"type":"Feature","id":734,"geometry":{"type":"Point","coordinates":[-77.033177152712483,38.897911051141897]},"properties":{"NAME":"DC-Net Central office","ADDRESS":"655 15TH STREET NW","TYPE":"Indoor","SITE_TYPE":"Administrative","WARD":"Ward 2","MAR_ID":279876,"GIS_ID":"WirelessHotSpotPt_734","YCOORD":136673.07000000001,"XCOORD":397122.20000000001,"LONGITUDE":-77.033174860000003,"LATITUDE":38.897903599999999,"LABEL":null,"NUMBER_OF_SITES":null,"SE_ANNO_CAD_DATA":null,"GLOBALID":"{465587F7-951F-48FE-B146-88F423062C6D}","CREATOR":"JLAY","CREATED":1713469448000,"EDITOR":"DCGIS","EDITED":1713477402000,"OBJECTID":734}},{"type":"Feature","id":986,"geometry":{"type":"Point","coordinates":[-77.041700553093037,38.90134480224112]},"properties":{"NAME":"PA2040 Cabinet 11 (NW Corner)","ADDRESS":"18TH STREET NW AND I STREET NW","TYPE":"Outdoor","SITE_TYPE":"Administrative","WARD":"Ward 2","MAR_ID":901145,"GIS_ID":"WirelessHotSpotPt_986","YCOORD":137054.54687699999,"XCOORD":396382.99999500002,"LONGITUDE":-77.041697999999997,"LATITUDE":38.901336999999998,"LABEL":null,"NUMBER_OF_SITES":null,"SE_ANNO_CAD_DATA":null,"GLOBALID":"{6988075B-B9A8-4A84-8939-3BBAFD8E599B}","CREATOR":"JLAY","CREATED":1713469448000,"EDITOR":"DCGIS","EDITED":1713477402000,"OBJECTID":986}},{"type":"Feature","id":995,"geometry":{"type":"Point","coordinates":[-77.044907584668564,38.899586559714315]},"properties":{"NAME":"PA2040 Cabinet 7 (NE Corner)","ADDRESS":"20TH STREET NW AND H STREET NW","TYPE":"Outdoor","SITE_TYPE":"Administrative","WARD":"Ward 2","MAR_ID":904988,"GIS_ID":"WirelessHotSpotPt_995","YCOORD":136859.499996,"XCOORD":396104.71874600003,"LONGITUDE":-77.044905,"LATITUDE":38.899578999999996,"LABEL":null,"NUMBER_OF_SITES":null,"SE_ANNO_CAD_DATA":null,"GLOBALID":"{395DC83A-93ED-4E95-8F2F-19903F396BCB}","CREATOR":"JLAY","CREATED":1713469448000,"EDITOR":"DCGIS","EDITED":1713477402000,"OBJECTID":995}},{"type":"Feature","id":1014,"geometry":{"type":"Point","coordinates":[-77.031584470580228,38.941665212702389]},"properties":{"NAME":"Powell Elementary School","ADDRESS":"1350 UPSHUR STREET NW","TYPE":"Indoor/Outdoor","SITE_TYPE":"Public School","WARD":"Ward 4","MAR_ID":255302,"GIS_ID":"WirelessHotSpotPt_1014","YCOORD":141530.10000000001,"XCOORD":397262.04000000004,"LONGITUDE":-77.031582169999993,"LATITUDE":38.941657419999999,"LABEL":null,"NUMBER_OF_SITES":null,"SE_ANNO_CAD_DATA":null,"GLOBALID":"{670F8598-E00F-4A79-8E6E-ECB134162E96}","CREATOR":"JLAY","CREATED":1713469448000,"EDITOR":"DCGIS","EDITED":1713477402000,"OBJECTID":1014}},{"type":"Feature","id":1080,"geometry":{"type":"Point","coordinates":[-76.98031550483384,38.847643882321783]},"properties":{"NAME":"Turner Elementary School","ADDRESS":"3264 STANTON ROAD SE","TYPE":"Indoor/Outdoor","SITE_TYPE":"Public School","WARD":"Ward 8","MAR_ID":294561,"GIS_ID":"WirelessHotSpotPt_1080","YCOORD":131092.70000000001,"XCOORD":401708.96000000002,"LONGITUDE":-76.980313229999993,"LATITUDE":38.847636440000002,"LABEL":null,"NUMBER_OF_SITES":null,"SE_ANNO_CAD_DATA":null,"GLOBALID":"{7CA00310-90F0-4179-98B4-DD64A48E5BF9}","CREATOR":"JLAY","CREATED":1713469448000,"EDITOR":"DCGIS","EDITED":1713477402000,"OBJECTID":1080}},{"type":"Feature","id":904,"geometry":{"type":"Point","coordinates":[-76.936481486632857,38.912272045450933]},"properties":{"NAME":"Kenilworth Courts","ADDRESS":"4500 QUARLES STREET NE","TYPE":"Indoor/Outdoor","SITE_TYPE":"Public Housing","WARD":"Ward 7","MAR_ID":20614,"GIS_ID":"WirelessHotSpotPt_904","YCOORD":138268.64999999999,"XCOORD":405509.09000000003,"LONGITUDE":-76.936479219999995,"LATITUDE":38.91226425,"LABEL":null,"NUMBER_OF_SITES":null,"SE_ANNO_CAD_DATA":null,"GLOBALID":"{92DA1828-EB09-4785-AD6B-557966D39953}","CREATOR":"JLAY","CREATED":1713469448000,"EDITOR":"DCGIS","EDITED":1713477402000,"OBJECTID":904}},{"type":"Feature","id":729,"geometry":{"type":"Point","coordinates":[-77.016544618151812,38.894321243666994]},"properties":{"NAME":"Daly Building","ADDRESS":"300 INDIANA AVENUE NW","TYPE":"Indoor","SITE_TYPE":"Administrative","WARD":"Ward 6","MAR_ID":279642,"GIS_ID":"WirelessHotSpotPt_729","YCOORD":136274.17999999999,"XCOORD":398564.94,"LONGITUDE":-77.016542000000001,"LATITUDE":38.894314000000001,"LABEL":null,"NUMBER_OF_SITES":null,"SE_ANNO_CAD_DATA":null,"GLOBALID":"{C8C8601F-7E7A-40B6-9791-886EF18FA9F3}","CREATOR":"JLAY","CREATED":1713469448000,"EDITOR":"DCGIS","EDITED":1713477402000,"OBJECTID":729}},{"type":"Feature","id":650,"geometry":{"type":"Point","coordinates":[-76.978546203198363,38.865994007903318]},"properties":{"NAME":"Anacostia Neighborhood Library","ADDRESS":"1800 GOOD HOPE ROAD SE","TYPE":"Indoor/Outdoor","SITE_TYPE":"Library","WARD":"Ward 8","MAR_ID":53560,"GIS_ID":"WirelessHotSpotPt_650","YCOORD":133129.73000000001,"XCOORD":401862.07000000001,"LONGITUDE":-76.978543930000001,"LATITUDE":38.865986229999997,"LABEL":null,"NUMBER_OF_SITES":null,"SE_ANNO_CAD_DATA":null,"GLOBALID":"{36273E6C-ED15-45DB-9D50-744BFD7413DB}","CREATOR":"JLAY","CREATED":1713469448000,"EDITOR":"DCGIS","EDITED":1713477402000,"OBJECTID":650}},{"type":"Feature","id":1048,"geometry":{"type":"Point","coordinates":[-77.019909622455856,38.887574823960328]},"properties":{"NAME":"Smithsonian Air and Space Museum","ADDRESS":"INDEPENDENCE AVENUE SW AND 6TH STREET SW","TYPE":"Outdoor","SITE_TYPE":"Federal","WARD":"Ward 2/6","MAR_ID":901831,"GIS_ID":"WirelessHotSpotPt_1048","YCOORD":135525.332891,"XCOORD":398272.85999600001,"LONGITUDE":-77.019907000000003,"LATITUDE":38.887566999999997,"LABEL":null,"NUMBER_OF_SITES":null,"SE_ANNO_CAD_DATA":null,"GLOBALID":"{89DBE091-839E-451D-9BB9-44E3C5C46D44}","CREATOR":"JLAY","CREATED":1713469448000,"EDITOR":"DCGIS","EDITED":1713477402000,"OBJECTID":1048}},{"type":"Feature","id":1090,"geometry":{"type":"Point","coordinates":[-77.013917980472954,38.904199434835874]},"properties":{"NAME":"Walker Jones Education Campus","ADDRESS":"1125 NEW JERSEY AVENUE NW","TYPE":"Indoor/Outdoor","SITE_TYPE":"Public School / Rec. Center","WARD":"Ward 6","MAR_ID":307735,"GIS_ID":"WirelessHotSpotPt_1090","YCOORD":137370.70000000001,"XCOORD":398792.97000000003,"LONGITUDE":-77.013915690000005,"LATITUDE":38.90419198,"LABEL":null,"NUMBER_OF_SITES":null,"SE_ANNO_CAD_DATA":null,"GLOBALID":"{2F10A4D9-F8E7-4B0D-AC6C-4DA1F88AC726}","CREATOR":"JLAY","CREATED":1713469448000,"EDITOR":"DCGIS","EDITED":1713477402000,"OBJECTID":1090}},{"type":"Feature","id":947,"geometry":{"type":"Point","coordinates":[-76.920637522764011,38.89029889194947]},"properties":{"NAME":"Maya Angelou PCS - Middle School Campus","ADDRESS":"5600 EAST CAPITOL STREET NE","TYPE":"Outdoor","SITE_TYPE":"Public Charter School","WARD":"Ward 7","MAR_ID":289793,"GIS_ID":"WirelessHotSpotPt_947","YCOORD":135830.53,"XCOORD":406885.34000000003,"LONGITUDE":-76.920635259999997,"LATITUDE":38.890291439999999,"LABEL":null,"NUMBER_OF_SITES":null,"SE_ANNO_CAD_DATA":null,"GLOBALID":"{4AF6BE0F-76E8-4C9C-931A-239B48D1BDD4}","CREATOR":"JLAY","CREATED":1713469448000,"EDITOR":"DCGIS","EDITED":1713477402000,"OBJECTID":947}},{"type":"Feature","id":858,"geometry":{"type":"Point","coordinates":[-76.937618570923604,38.87907573644052]},"properties":{"NAME":"Garfield ES @ Davis Swing Space","ADDRESS":"4430 H STREET SE","TYPE":"Indoor/Outdoor","SITE_TYPE":"Public School","WARD":"Ward 7","MAR_ID":294598,"GIS_ID":"WirelessHotSpotPt_858","YCOORD":134583.53,"XCOORD":405412.98999999999,"LONGITUDE":-76.937616309999996,"LATITUDE":38.879068279999998,"LABEL":null,"NUMBER_OF_SITES":null,"SE_ANNO_CAD_DATA":null,"GLOBALID":"{B5BA8DCF-832E-4D4A-9FA3-2FFB59B55F26}","CREATOR":"JLAY","CREATED":1713469448000,"EDITOR":"DCGIS","EDITED":1713477402000,"OBJECTID":858}},{"type":"Feature","id":931,"geometry":{"type":"Point","coordinates":[-76.996494776181706,38.898751596381921]},"properties":{"NAME":"Ludlow-Taylor Elementary School","ADDRESS":"659 G STREET NE","TYPE":"Indoor/Outdoor","SITE_TYPE":"Public School","WARD":"Ward 6","MAR_ID":294494,"GIS_ID":"WirelessHotSpotPt_931","YCOORD":136765.86000000002,"XCOORD":400304.26000000001,"LONGITUDE":-76.996492489999994,"LATITUDE":38.898744139999998,"LABEL":null,"NUMBER_OF_SITES":null,"SE_ANNO_CAD_DATA":null,"GLOBALID":"{C579B99D-6628-4F47-A4AA-F9F84486D7F4}","CREATOR":"JLAY","CREATED":1713469448000,"EDITOR":"DCGIS","EDITED":1713477402000,"OBJECTID":931}},{"type":"Feature","id":1082,"geometry":{"type":"Point","coordinates":[-77.029970382991166,38.886780541606932]},"properties":{"NAME":"U.S. Department of Agriculture","ADDRESS":"1400 INDEPENDENCE AVENUE SW","TYPE":"Outdoor","SITE_TYPE":"Federal","WARD":"Ward 6","MAR_ID":291739,"GIS_ID":"WirelessHotSpotPt_1082","YCOORD":135437.39999999999,"XCOORD":397399.97000000003,"LONGITUDE":-77.029968089999997,"LATITUDE":38.886772759999999,"LABEL":null,"NUMBER_OF_SITES":null,"SE_ANNO_CAD_DATA":null,"GLOBALID":"{B744086E-5504-4A90-91F3-E11E644E16C1}","CREATOR":"JLAY","CREATED":1713469448000,"EDITOR":"DCGIS","EDITED":1713477402000,"OBJECTID":1082}},{"type":"Feature","id":1056,"geometry":{"type":"Point","coordinates":[-76.995049171031042,38.838853011831006]},"properties":{"NAME":"Southeast Tennis and Learning Center","ADDRESS":"720 MISSISSIPPI AVENUE SE","TYPE":"Indoor/Outdoor","SITE_TYPE":"Rec. Center","WARD":"Ward 8","MAR_ID":77659,"GIS_ID":"WirelessHotSpotPt_1056","YCOORD":130116.68000000001,"XCOORD":400430.02000000002,"LONGITUDE":-76.995046889999998,"LATITUDE":38.838845569999997,"LABEL":null,"NUMBER_OF_SITES":null,"SE_ANNO_CAD_DATA":null,"GLOBALID":"{DAF9E807-8DE2-49DF-BE99-426C5AD6A1D7}","CREATOR":"JLAY","CREATED":1713469448000,"EDITOR":"DCGIS","EDITED":1713477402000,"OBJECTID":1056}},{"type":"Feature","id":785,"geometry":{"type":"Point","coordinates":[-77.002583547349076,38.947311070867023]},"properties":{"NAME":"DPW - Bates Road","ADDRESS":"4900 BATES ROAD NE","TYPE":"Indoor/Outdoor","SITE_TYPE":"Administrative","WARD":"Ward 5","MAR_ID":301206,"GIS_ID":"WirelessHotSpotPt_785","YCOORD":142156.37,"XCOORD":399776.23999999999,"LONGITUDE":-77.002581259999999,"LATITUDE":38.947303269999999,"LABEL":null,"NUMBER_OF_SITES":null,"SE_ANNO_CAD_DATA":null,"GLOBALID":"{197BF38D-570E-4A7F-A721-733A9A18921B}","CREATOR":"JLAY","CREATED":1713469448000,"EDITOR":"DCGIS","EDITED":1713477402000,"OBJECTID":785}},{"type":"Feature","id":1078,"geometry":{"type":"Point","coordinates":[-77.029445592325004,38.929206028480351]},"properties":{"NAME":"Tubman Elementary School","ADDRESS":"3101 13TH STREET NW","TYPE":"Indoor/Outdoor","SITE_TYPE":"Public School","WARD":"Ward 1","MAR_ID":294555,"GIS_ID":"WirelessHotSpotPt_1078","YCOORD":140146.95999999999,"XCOORD":397447.02000000002,"LONGITUDE":-77.029443299999997,"LATITUDE":38.929198569999997,"LABEL":null,"NUMBER_OF_SITES":null,"SE_ANNO_CAD_DATA":null,"GLOBALID":"{F81C080B-F0F5-45C8-B057-6CF93A5D1570}","CREATOR":"JLAY","CREATED":1713469448000,"EDITOR":"DCGIS","EDITED":1713477402000,"OBJECTID":1078}},{"type":"Feature","id":663,"geometry":{"type":"Point","coordinates":[-76.926911263063388,38.879810016766761]},"properties":{"NAME":"Benning Park Community Center","ADDRESS":"5100 SOUTHERN AVENUE SE","TYPE":"Indoor/Outdoor","SITE_TYPE":"Rec. Center","WARD":"Ward 7","MAR_ID":296175,"GIS_ID":"WirelessHotSpotPt_663","YCOORD":134665.73000000001,"XCOORD":406341.98999999999,"LONGITUDE":-76.926908999999995,"LATITUDE":38.879802230000003,"LABEL":null,"NUMBER_OF_SITES":null,"SE_ANNO_CAD_DATA":null,"GLOBALID":"{064904E3-970C-48A0-9192-2EEAC8A1DCD5}","CREATOR":"JLAY","CREATED":1713469448000,"EDITOR":"DCGIS","EDITED":1713477402000,"OBJECTID":663}},{"type":"Feature","id":991,"geometry":{"type":"Point","coordinates":[-77.041704550156197,38.898322351397219]},"properties":{"NAME":"PA2040 Cabinet 3 (SW Corner)","ADDRESS":"18TH STREET NW AND G STREET NW","TYPE":"Outdoor","SITE_TYPE":"Administrative","WARD":"Ward 2","MAR_ID":906527,"GIS_ID":"WirelessHotSpotPt_991","YCOORD":136719.03125999999,"XCOORD":396382.49999500002,"LONGITUDE":-77.041702000000001,"LATITUDE":38.898314999999997,"LABEL":null,"NUMBER_OF_SITES":null,"SE_ANNO_CAD_DATA":null,"GLOBALID":"{95476674-616D-43CD-9961-FF31E72BF920}","CREATOR":"JLAY","CREATED":1713469448000,"EDITOR":"DCGIS","EDITED":1713477402000,"OBJECTID":991}},{"type":"Feature","id":998,"geometry":{"type":"Point","coordinates":[-77.097176952912946,38.918389252467257]},"properties":{"NAME":"Palisades Neighborhood Library","ADDRESS":"4901 V STREET NW","TYPE":"Outdoor","SITE_TYPE":"Library","WARD":"Ward 3","MAR_ID":224474,"GIS_ID":"WirelessHotSpotPt_998","YCOORD":138950.28,"XCOORD":391572.87,"LONGITUDE":-77.097174640000006,"LATITUDE":38.918381799999999,"LABEL":null,"NUMBER_OF_SITES":null,"SE_ANNO_CAD_DATA":null,"GLOBALID":"{7E664A1F-99D9-4036-840B-2CEC561CA477}","CREATOR":"JLAY","CREATED":1713469448000,"EDITOR":"DCGIS","EDITED":1713477402000,"OBJECTID":998}},{"type":"Feature","id":919,"geometry":{"type":"Point","coordinates":[-77.008239972994986,38.967735063289027]},"properties":{"NAME":"Lamond Recreation Center","ADDRESS":"20 TUCKERMAN STREET NE","TYPE":"Indoor/Outdoor","SITE_TYPE":"Rec. Center","WARD":"Ward 4","MAR_ID":296166,"GIS_ID":"WirelessHotSpotPt_919","YCOORD":144423.64999999999,"XCOORD":399286.10999999999,"LONGITUDE":-77.008237679999993,"LATITUDE":38.967727259999997,"LABEL":null,"NUMBER_OF_SITES":null,"SE_ANNO_CAD_DATA":null,"GLOBALID":"{C055497E-B739-4D44-8BCB-21A8EA2C29DE}","CREATOR":"JLAY","CREATED":1713469448000,"EDITOR":"DCGIS","EDITED":1713477402000,"OBJECTID":919}},{"type":"Feature","id":892,"geometry":{"type":"Point","coordinates":[-77.010863422254999,38.874793263214137]},"properties":{"NAME":"James Creek","ADDRESS":"1265 HALF STREET SW","TYPE":"Outdoor","SITE_TYPE":"Public Housing","WARD":"Ward 6","MAR_ID":156174,"GIS_ID":"WirelessHotSpotPt_892","YCOORD":134106.35000000001,"XCOORD":399057.53000000003,"LONGITUDE":-77.010861140000003,"LATITUDE":38.874785809999999,"LABEL":null,"NUMBER_OF_SITES":null,"SE_ANNO_CAD_DATA":null,"GLOBALID":"{27555BCC-3923-4613-87D8-BFA50A933825}","CREATOR":"JLAY","CREATED":1713469448000,"EDITOR":"DCGIS","EDITED":1713477402000,"OBJECTID":892}},{"type":"Feature","id":848,"geometry":{"type":"Point","coordinates":[-77.020851459412668,38.873882508712519]},"properties":{"NAME":"Fire Boats 1 and 2","ADDRESS":"550 WATER STREET SW","TYPE":"Indoor/Outdoor","SITE_TYPE":"Fire Emergency Medical Services","WARD":"Ward 6","MAR_ID":294491,"GIS_ID":"WirelessHotSpotPt_848","YCOORD":134005.39999999999,"XCOORD":398190.79999999999,"LONGITUDE":-77.020849170000005,"LATITUDE":38.873875060000003,"LABEL":null,"NUMBER_OF_SITES":null,"SE_ANNO_CAD_DATA":null,"GLOBALID":"{272746A5-591F-44E7-B9E2-6A716B181CF1}","CREATOR":"JLAY","CREATED":1713469448000,"EDITOR":"DCGIS","EDITED":1713477402000,"OBJECTID":848}},{"type":"Feature","id":1072,"geometry":{"type":"Point","coordinates":[-76.958279010113429,38.924188983662994]},"properties":{"NAME":"Theodore Hagan Cultural Center","ADDRESS":"3201 FORT LINCOLN DRIVE NE","TYPE":"Indoor/Outdoor","SITE_TYPE":"Rec. Center","WARD":"Ward 5","MAR_ID":295140,"GIS_ID":"WirelessHotSpotPt_1072","YCOORD":139590.44,"XCOORD":403618.01000000001,"LONGITUDE":-76.958276740000002,"LATITUDE":38.924181189999999,"LABEL":null,"NUMBER_OF_SITES":null,"SE_ANNO_CAD_DATA":null,"GLOBALID":"{24EB6C80-4057-4585-B178-EAC97B7540D4}","CREATOR":"JLAY","CREATED":1713469448000,"EDITOR":"DCGIS","EDITED":1713477402000,"OBJECTID":1072}},{"type":"Feature","id":941,"geometry":{"type":"Point","coordinates":[-76.986866909749239,38.929613383816907]},"properties":{"NAME":"Mary McLeod Bethune PCS    (Old Slowe Elementary Campus)","ADDRESS":"1404 JACKSON STREET NE","TYPE":"Indoor","SITE_TYPE":"Public School","WARD":"Ward 5","MAR_ID":294522,"GIS_ID":"WirelessHotSpotPt_941","YCOORD":140191.85000000001,"XCOORD":401138.94,"LONGITUDE":-76.986864629999999,"LATITUDE":38.92960592,"LABEL":null,"NUMBER_OF_SITES":null,"SE_ANNO_CAD_DATA":null,"GLOBALID":"{C43A981D-E978-4597-8518-8A7D90F24E55}","CREATOR":"JLAY","CREATED":1713469448000,"EDITOR":"DCGIS","EDITED":1713477402000,"OBJECTID":941}},{"type":"Feature","id":686,"geometry":{"type":"Point","coordinates":[-76.99945917881675,38.947308125487048]},"properties":{"NAME":"Capital Area Food Bank","ADDRESS":"4900 PUERTO RICO AVENUE NE","TYPE":"Outdoor","SITE_TYPE":"Community Service Organization","WARD":"Ward 5","MAR_ID":288297,"GIS_ID":"WirelessHotSpotPt_686","YCOORD":142156.04000000001,"XCOORD":400047.08000000002,"LONGITUDE":-76.999456890000005,"LATITUDE":38.947300660000003,"LABEL":null,"NUMBER_OF_SITES":null,"SE_ANNO_CAD_DATA":null,"GLOBALID":"{E35478BE-6481-45D2-98D1-975FD2257F5F}","CREATOR":"JLAY","CREATED":1713469448000,"EDITOR":"DCGIS","EDITED":1713477402000,"OBJECTID":686}},{"type":"Feature","id":1105,"geometry":{"type":"Point","coordinates":[-77.009421076357725,38.831258875409297]},"properties":{"NAME":"William O. Lockridge / Bellevue Heighborhood Library (Old Washington Highlands Neighborhood Library)","ADDRESS":"115 ATLANTIC STREET SW","TYPE":"Outdoor","SITE_TYPE":"Library","WARD":"Ward 8","MAR_ID":302935,"GIS_ID":"WirelessHotSpotPt_1105","YCOORD":129273.71000000001,"XCOORD":399182.19,"LONGITUDE":-77.009418789999998,"LATITUDE":38.831251100000003,"LABEL":null,"NUMBER_OF_SITES":null,"SE_ANNO_CAD_DATA":null,"GLOBALID":"{762F4BFD-A15C-4B9C-A855-25204883659A}","CREATOR":"JLAY","CREATED":1713469448000,"EDITOR":"DCGIS","EDITED":1713477402000,"OBJECTID":1105}},{"type":"Feature","id":863,"geometry":{"type":"Point","coordinates":[-77.013249033342476,38.876047166227586]},"properties":{"NAME":"Greenleaf Gardens Senior","ADDRESS":"1200 DELAWARE AVENUE SW","TYPE":"Outdoor","SITE_TYPE":"Public Housing","WARD":"Ward 6","MAR_ID":72281,"GIS_ID":"WirelessHotSpotPt_863","YCOORD":134245.57000000001,"XCOORD":398850.54000000004,"LONGITUDE":-77.013246749999993,"LATITUDE":38.876039380000002,"LABEL":null,"NUMBER_OF_SITES":null,"SE_ANNO_CAD_DATA":null,"GLOBALID":"{B7E7D0ED-F13C-4FE0-ACFB-E5C11D64A26B}","CREATOR":"JLAY","CREATED":1713469448000,"EDITOR":"DCGIS","EDITED":1713477402000,"OBJECTID":863}},{"type":"Feature","id":874,"geometry":{"type":"Point","coordinates":[-77.029162147952093,38.901657438693597]},"properties":{"NAME":"HBX","ADDRESS":"1225 I STREET NW","TYPE":"Indoor","SITE_TYPE":"Administrative","WARD":"Ward 2","MAR_ID":240923,"GIS_ID":"WirelessHotSpotPt_874","YCOORD":137088.83000000002,"XCOORD":397470.62,"LONGITUDE":-77.029159859999993,"LATITUDE":38.901649990000003,"LABEL":null,"NUMBER_OF_SITES":null,"SE_ANNO_CAD_DATA":null,"GLOBALID":"{EDFD90C7-56AA-4761-8349-04FFE80DC581}","CREATOR":"JLAY","CREATED":1713469448000,"EDITOR":"DCGIS","EDITED":1713477402000,"OBJECTID":874}},{"type":"Feature","id":950,"geometry":{"type":"Point","coordinates":[-76.982701165846308,38.897408842918495]},"properties":{"NAME":"Miner Elementary School","ADDRESS":"601 15TH STREET NE","TYPE":"Indoor/Outdoor","SITE_TYPE":"Public School","WARD":"Ward 7","MAR_ID":289548,"GIS_ID":"WirelessHotSpotPt_950","YCOORD":136616.94,"XCOORD":401500.82000000001,"LONGITUDE":-76.982698889999995,"LATITUDE":38.897401049999999,"LABEL":null,"NUMBER_OF_SITES":null,"SE_ANNO_CAD_DATA":null,"GLOBALID":"{CDED9276-8A14-4E54-AFC8-3438D3ADDB3E}","CREATOR":"JLAY","CREATED":1713469448000,"EDITOR":"DCGIS","EDITED":1713477402000,"OBJECTID":950}},{"type":"Feature","id":831,"geometry":{"type":"Point","coordinates":[-76.933434359223781,38.890701272057839]},"properties":{"NAME":"Engine Company 30 (Truck Company 17)","ADDRESS":"50 49TH STREET NE","TYPE":"Indoor/Outdoor","SITE_TYPE":"Fire Emergency Medical Services","WARD":"Ward 7","MAR_ID":156317,"GIS_ID":"WirelessHotSpotPt_831","YCOORD":135874.31,"XCOORD":405775.10999999999,"LONGITUDE":-76.933432100000005,"LATITUDE":38.890693480000003,"LABEL":null,"NUMBER_OF_SITES":null,"SE_ANNO_CAD_DATA":null,"GLOBALID":"{565D6848-F51C-40F2-B730-A06D3CF28A49}","CREATOR":"JLAY","CREATED":1713469448000,"EDITOR":"DCGIS","EDITED":1713477402000,"OBJECTID":831}},{"type":"Feature","id":924,"geometry":{"type":"Point","coordinates":[-76.97383109162962,38.872338659932268]},"properties":{"NAME":"Lawrence E. Boone Elementary School","ADDRESS":"2200 MINNESOTA AVENUE SE","TYPE":"Indoor","SITE_TYPE":"Public School","WARD":"Ward 8","MAR_ID":294539,"GIS_ID":"WirelessHotSpotPt_924","YCOORD":133834.14000000001,"XCOORD":402271.07000000001,"LONGITUDE":-76.973828819999994,"LATITUDE":38.87233088,"LABEL":null,"NUMBER_OF_SITES":null,"SE_ANNO_CAD_DATA":null,"GLOBALID":"{FEE04DAA-3D60-4462-90A5-F5A54C2F0A32}","CREATOR":"JLAY","CREATED":1713469448000,"EDITOR":"DCGIS","EDITED":1713477402000,"OBJECTID":924}},{"type":"Feature","id":673,"geometry":{"type":"Point","coordinates":[-76.982939565287666,38.921010022283951]},"properties":{"NAME":"Brentwood Recreation Center","ADDRESS":"2311 14TH STREET NE","TYPE":"Indoor/Outdoor","SITE_TYPE":"Rec. Center","WARD":"Ward 5","MAR_ID":286825,"GIS_ID":"WirelessHotSpotPt_673","YCOORD":139236.86000000002,"XCOORD":401479.65000000002,"LONGITUDE":-76.982937289999995,"LATITUDE":38.921002229999999,"LABEL":null,"NUMBER_OF_SITES":null,"SE_ANNO_CAD_DATA":null,"GLOBALID":"{E93522AC-230D-435D-910F-A8143B5C2602}","CREATOR":"JLAY","CREATED":1713469448000,"EDITOR":"DCGIS","EDITED":1713477402000,"OBJECTID":673}},{"type":"Feature","id":850,"geometry":{"type":"Point","coordinates":[-76.949712650096345,38.886034695262516]},"properties":{"NAME":"Fort Dupont Stoddert","ADDRESS":"155 RIDGE ROAD SE","TYPE":"Outdoor","SITE_TYPE":"Public Housing","WARD":"Ward 7","MAR_ID":286318,"GIS_ID":"WirelessHotSpotPt_850","YCOORD":135355.38,"XCOORD":404363.16999999998,"LONGITUDE":-76.949710379999999,"LATITUDE":38.886027239999997,"LABEL":null,"NUMBER_OF_SITES":null,"SE_ANNO_CAD_DATA":null,"GLOBALID":"{534E08FE-4058-41A3-AF33-EB350BBB8FE8}","CREATOR":"JLAY","CREATED":1713469448000,"EDITOR":"DCGIS","EDITED":1713477402000,"OBJECTID":850}},{"type":"Feature","id":782,"geometry":{"type":"Point","coordinates":[-76.940725314423062,38.876441407328272]},"properties":{"NAME":"DPR-Ridge Road Community Center","ADDRESS":"830 RIDGE ROAD SE","TYPE":"Indoor","SITE_TYPE":"Rec. Center","WARD":"Ward 7","MAR_ID":310262,"GIS_ID":"WirelessHotSpotPt_782","YCOORD":134290.92000000001,"XCOORD":405143.60999999999,"LONGITUDE":-76.940723050000003,"LATITUDE":38.87643362,"LABEL":null,"NUMBER_OF_SITES":null,"SE_ANNO_CAD_DATA":null,"GLOBALID":"{4F718495-48C2-449B-BE91-7E4D1FB66453}","CREATOR":"JLAY","CREATED":1713469448000,"EDITOR":"DCGIS","EDITED":1713477402000,"OBJECTID":782}},{"type":"Feature","id":693,"geometry":{"type":"Point","coordinates":[-76.983258335441377,38.889411562555232]},"properties":{"NAME":"Center City Capitol Hill","ADDRESS":"1503 EAST CAPITOL STREET SE","TYPE":"Outdoor","SITE_TYPE":"Public Charter School","WARD":"Ward 7","MAR_ID":295125,"GIS_ID":"WirelessHotSpotPt_693","YCOORD":135729.17000000001,"XCOORD":401452.65000000002,"LONGITUDE":-76.983256060000002,"LATITUDE":38.889403780000002,"LABEL":null,"NUMBER_OF_SITES":null,"SE_ANNO_CAD_DATA":null,"GLOBALID":"{E10B162F-5BD7-40F9-81EE-B5B47CE89886}","CREATOR":"JLAY","CREATED":1713469448000,"EDITOR":"DCGIS","EDITED":1713477402000,"OBJECTID":693}},{"type":"Feature","id":807,"geometry":{"type":"Point","coordinates":[-77.049697819982711,38.905490228962613]},"properties":{"NAME":"Engine Company 1 (Truck Company 2)","ADDRESS":"2225 M STREET NW","TYPE":"Indoor","SITE_TYPE":"Fire Emergency Medical Services","WARD":"Ward 2","MAR_ID":294540,"GIS_ID":"WirelessHotSpotPt_807","YCOORD":137515.07000000001,"XCOORD":395689.54999999999,"LONGITUDE":-77.04969552,"LATITUDE":38.90548244,"LABEL":null,"NUMBER_OF_SITES":null,"SE_ANNO_CAD_DATA":null,"GLOBALID":"{2DA3D665-3621-4C94-AF04-F0EFB8C16396}","CREATOR":"JLAY","CREATED":1713469448000,"EDITOR":"DCGIS","EDITED":1713477402000,"OBJECTID":807}},{"type":"Feature","id":649,"geometry":{"type":"Point","coordinates":[-76.980742601946915,38.865784855045455]},"properties":{"NAME":"Anacostia Community Service Center","ADDRESS":"1649 GOOD HOPE ROAD SE","TYPE":"Outdoor","SITE_TYPE":"Community Service Organization","WARD":"Ward 8","MAR_ID":286385,"GIS_ID":"WirelessHotSpotPt_649","YCOORD":133106.47,"XCOORD":401671.46000000002,"LONGITUDE":-76.980740330000003,"LATITUDE":38.86577707,"LABEL":null,"NUMBER_OF_SITES":null,"SE_ANNO_CAD_DATA":null,"GLOBALID":"{4E2BB9F2-5A40-4B3D-8DE8-A37C4CFCF6B8}","CREATOR":"JLAY","CREATED":1713469448000,"EDITOR":"DCGIS","EDITED":1713477402000,"OBJECTID":649}},{"type":"Feature","id":1071,"geometry":{"type":"Point","coordinates":[-77.006965864442563,38.90918167356525]},"properties":{"NAME":"The Peoples Building","ADDRESS":"64 NEW YORK AVENUE NE","TYPE":"Indoor","SITE_TYPE":"Administrative","WARD":"Ward 5","MAR_ID":289616,"GIS_ID":"WirelessHotSpotPt_1071","YCOORD":137923.70000000001,"XCOORD":399396.03000000003,"LONGITUDE":-77.006963580000004,"LATITUDE":38.909174219999997,"LABEL":null,"NUMBER_OF_SITES":null,"SE_ANNO_CAD_DATA":null,"GLOBALID":"{6C17D5D1-8B9C-4348-96D9-1FD2E93C540D}","CREATOR":"JLAY","CREATED":1713469448000,"EDITOR":"DCGIS","EDITED":1713477402000,"OBJECTID":1071}},{"type":"Feature","id":862,"geometry":{"type":"Point","coordinates":[-77.013832549130456,38.875060408615887]},"properties":{"NAME":"Greenleaf Gardens","ADDRESS":"203 N STREET SW","TYPE":"Outdoor","SITE_TYPE":"Public Housing","WARD":"Ward 6","MAR_ID":277800,"GIS_ID":"WirelessHotSpotPt_862","YCOORD":134136.04000000001,"XCOORD":398799.89000000001,"LONGITUDE":-77.013830260000006,"LATITUDE":38.875052629999999,"LABEL":null,"NUMBER_OF_SITES":null,"SE_ANNO_CAD_DATA":null,"GLOBALID":"{D17FF747-CC49-479D-A4DA-1C56D2E0BE16}","CREATOR":"JLAY","CREATED":1713469448000,"EDITOR":"DCGIS","EDITED":1713477402000,"OBJECTID":862}},{"type":"Feature","id":1099,"geometry":{"type":"Point","coordinates":[-77.050631982716425,38.903973631778193]},"properties":{"NAME":"West End Neighborhood Library","ADDRESS":"2301 L STREET NW","TYPE":"Outdoor","SITE_TYPE":"Library","WARD":"Ward 2","MAR_ID":242337,"GIS_ID":"WirelessHotSpotPt_1099","YCOORD":137346.76000000001,"XCOORD":395608.42999999999,"LONGITUDE":-77.05062968,"LATITUDE":38.903965839999998,"LABEL":null,"NUMBER_OF_SITES":null,"SE_ANNO_CAD_DATA":null,"GLOBALID":"{F4312245-E774-441B-9807-F1912335E2DB}","CREATOR":"JLAY","CREATED":1713469448000,"EDITOR":"DCGIS","EDITED":1713477402000,"OBJECTID":1099}},{"type":"Feature","id":696,"geometry":{"type":"Point","coordinates":[-77.020882746985166,38.943774653434858]},"properties":{"NAME":"Center City Petworth Campus","ADDRESS":"510 WEBSTER STREET NW","TYPE":"Outdoor","SITE_TYPE":"Public Charter School","WARD":"Ward 4","MAR_ID":303332,"GIS_ID":"WirelessHotSpotPt_696","YCOORD":141764,"XCOORD":398189.85999999999,"LONGITUDE":-77.020880450000007,"LATITUDE":38.943766859999997,"LABEL":null,"NUMBER_OF_SITES":null,"SE_ANNO_CAD_DATA":null,"GLOBALID":"{C8C347EF-550F-4137-9668-3172EFBD13C2}","CREATOR":"JLAY","CREATED":1713469448000,"EDITOR":"DCGIS","EDITED":1713477402000,"OBJECTID":696}},{"type":"Feature","id":737,"geometry":{"type":"Point","coordinates":[-77.006301596989459,38.906090136371574]},"properties":{"NAME":"DCPS and DDOE","ADDRESS":"1200 1ST STREET NE","TYPE":"Indoor","SITE_TYPE":"Administrative","WARD":"Ward 6","MAR_ID":302635,"GIS_ID":"WirelessHotSpotPt_737","YCOORD":137580.51000000001,"XCOORD":399453.62,"LONGITUDE":-77.006299310000003,"LATITUDE":38.906082349999998,"LABEL":null,"NUMBER_OF_SITES":null,"SE_ANNO_CAD_DATA":null,"GLOBALID":"{C1F113FD-BD4F-41E1-B9EC-BE788C2C7540}","CREATOR":"JLAY","CREATED":1713469448000,"EDITOR":"DCGIS","EDITED":1713477402000,"OBJECTID":737}},{"type":"Feature","id":695,"geometry":{"type":"Point","coordinates":[-76.991164576241658,38.905281382902103]},"properties":{"NAME":"Center City PCS Trinidad Campus","ADDRESS":"1217 WEST VIRGINIA AVENUE NE","TYPE":"Outdoor","SITE_TYPE":"Public Charter School","WARD":"Ward 5","MAR_ID":285938,"GIS_ID":"WirelessHotSpotPt_695","YCOORD":137490.75,"XCOORD":400766.56,"LONGITUDE":-76.991162299999999,"LATITUDE":38.90527359,"LABEL":null,"NUMBER_OF_SITES":null,"SE_ANNO_CAD_DATA":null,"GLOBALID":"{6E653EA7-EFDD-446D-BAF8-7CD5FC7F2627}","CREATOR":"JLAY","CREATED":1713469448000,"EDITOR":"DCGIS","EDITED":1713477402000,"OBJECTID":695}},{"type":"Feature","id":855,"geometry":{"type":"Point","coordinates":[-77.080638880345589,38.951373405672186]},"properties":{"NAME":"Friendship","ADDRESS":"4713 WISCONSIN AVENUE NW","TYPE":"Outdoor","SITE_TYPE":"Health Center","WARD":"Ward 3","MAR_ID":274422,"GIS_ID":"WirelessHotSpotPt_855","YCOORD":142610.41,"XCOORD":393010.31,"LONGITUDE":-77.080636569999996,"LATITUDE":38.951365940000002,"LABEL":null,"NUMBER_OF_SITES":null,"SE_ANNO_CAD_DATA":null,"GLOBALID":"{AF6CA518-987F-4458-A388-DEE176E0F4FD}","CREATOR":"JLAY","CREATED":1713469448000,"EDITOR":"DCGIS","EDITED":1713477402000,"OBJECTID":855}},{"type":"Feature","id":833,"geometry":{"type":"Point","coordinates":[-77.005149704935235,38.830902767241575]},"properties":{"NAME":"Engine Company 33 (Truck Company 8)","ADDRESS":"101 ATLANTIC STREET SE","TYPE":"Indoor/Outdoor","SITE_TYPE":"Fire Emergency Medical Services","WARD":"Ward 8","MAR_ID":294471,"GIS_ID":"WirelessHotSpotPt_833","YCOORD":129234.15000000001,"XCOORD":399553.06,"LONGITUDE":-77.00514742,"LATITUDE":38.830895329999997,"LABEL":null,"NUMBER_OF_SITES":null,"SE_ANNO_CAD_DATA":null,"GLOBALID":"{9D113A28-2E3B-4804-AE61-1194E2244EC0}","CREATOR":"JLAY","CREATED":1713469448000,"EDITOR":"DCGIS","EDITED":1713477402000,"OBJECTID":833}},{"type":"Feature","id":840,"geometry":{"type":"Point","coordinates":[-76.995356847939334,38.859769537679455]},"properties":{"NAME":"Excel Academy","ADDRESS":"2501 MARTIN LUTHER KING JR AVENUE SE","TYPE":"Indoor/Outdoor","SITE_TYPE":"Public Charter School","WARD":"Ward 8","MAR_ID":278172,"GIS_ID":"WirelessHotSpotPt_840","YCOORD":132438.56,"XCOORD":400403.19,"LONGITUDE":-76.995354570000003,"LATITUDE":38.859762089999997,"LABEL":null,"NUMBER_OF_SITES":null,"SE_ANNO_CAD_DATA":null,"GLOBALID":"{F93BE1B5-C0A0-4838-B556-A8D8D60F22E0}","CREATOR":"JLAY","CREATED":1713469448000,"EDITOR":"DCGIS","EDITED":1713477402000,"OBJECTID":840}},{"type":"Feature","id":763,"geometry":{"type":"Point","coordinates":[-76.989831881205106,38.920208903903891]},"properties":{"NAME":"DMV - Brentwood Square Center","ADDRESS":"1205 BRENTWOOD ROAD NE","TYPE":"Indoor","SITE_TYPE":"Administrative","WARD":"Ward 5","MAR_ID":285919,"GIS_ID":"WirelessHotSpotPt_763","YCOORD":139147.84,"XCOORD":400881.97000000003,"LONGITUDE":-76.989829599999993,"LATITUDE":38.92020145,"LABEL":null,"NUMBER_OF_SITES":null,"SE_ANNO_CAD_DATA":null,"GLOBALID":"{BD7BBCCD-28F2-4B42-A566-A2E6C20A104F}","CREATOR":"JLAY","CREATED":1713469448000,"EDITOR":"DCGIS","EDITED":1713477402000,"OBJECTID":763}},{"type":"Feature","id":1098,"geometry":{"type":"Point","coordinates":[-76.98986145072088,38.883356437375362]},"properties":{"NAME":"Watkins Elementary School","ADDRESS":"420 12TH STREET SE","TYPE":"Indoor/Outdoor","SITE_TYPE":"Public School / Rec. Center","WARD":"Ward 6","MAR_ID":294486,"GIS_ID":"WirelessHotSpotPt_1098","YCOORD":135056.92000000001,"XCOORD":400879.85999999999,"LONGITUDE":-76.989859170000003,"LATITUDE":38.883348650000002,"LABEL":null,"NUMBER_OF_SITES":null,"SE_ANNO_CAD_DATA":null,"GLOBALID":"{C27C8430-D210-48F1-A700-A7209BF89BCE}","CREATOR":"JLAY","CREATED":1713469448000,"EDITOR":"DCGIS","EDITED":1713477402000,"OBJECTID":1098}},{"type":"Feature","id":768,"geometry":{"type":"Point","coordinates":[-77.00843735394831,38.90101901865976]},"properties":{"NAME":"DOH","ADDRESS":"899 NORTH CAPITOL STREET NE","TYPE":"Indoor","SITE_TYPE":"Administrative","WARD":"Ward 6","MAR_ID":308942,"GIS_ID":"WirelessHotSpotPt_768","YCOORD":137017.59,"XCOORD":399268.32000000001,"LONGITUDE":-77.008435070000004,"LATITUDE":38.901011230000002,"LABEL":null,"NUMBER_OF_SITES":null,"SE_ANNO_CAD_DATA":null,"GLOBALID":"{DA90FF8B-4530-407D-AB27-23E5BD9BD589}","CREATOR":"JLAY","CREATED":1713469448000,"EDITOR":"DCGIS","EDITED":1713477402000,"OBJECTID":768}},{"type":"Feature","id":838,"geometry":{"type":"Point","coordinates":[-76.982932113346919,38.885650966970225]},"properties":{"NAME":"Engine Company 8 (BFC 2)","ADDRESS":"1520 C STREET SE","TYPE":"Indoor/Outdoor","SITE_TYPE":"Fire Emergency Medical Services","WARD":"Ward 7","MAR_ID":289723,"GIS_ID":"WirelessHotSpotPt_838","YCOORD":135311.72,"XCOORD":401481.03000000003,"LONGITUDE":-76.982929839999997,"LATITUDE":38.885643180000002,"LABEL":null,"NUMBER_OF_SITES":null,"SE_ANNO_CAD_DATA":null,"GLOBALID":"{3A357A49-7A47-4FEB-B948-A2BA00A1133A}","CREATOR":"JLAY","CREATED":1713469448000,"EDITOR":"DCGIS","EDITED":1713477402000,"OBJECTID":838}},{"type":"Feature","id":683,"geometry":{"type":"Point","coordinates":[-76.924461439851186,38.900573222055279]},"properties":{"NAME":"Burrville Elementary School","ADDRESS":"801 DIVISION AVENUE NE","TYPE":"Indoor/Outdoor","SITE_TYPE":"Public School","WARD":"Ward 7","MAR_ID":289787,"GIS_ID":"WirelessHotSpotPt_683","YCOORD":136970.78,"XCOORD":406552.65000000002,"LONGITUDE":-76.924459179999999,"LATITUDE":38.90056577,"LABEL":null,"NUMBER_OF_SITES":null,"SE_ANNO_CAD_DATA":null,"GLOBALID":"{AD8B3F1D-76F2-42E9-8273-9DE2DCE242CF}","CREATOR":"JLAY","CREATED":1713469448000,"EDITOR":"DCGIS","EDITED":1713477402000,"OBJECTID":683}},{"type":"Feature","id":728,"geometry":{"type":"Point","coordinates":[-76.983522850698989,38.91095121973342]},"properties":{"NAME":"D.C. Vehicle Maintenance Complex  (Gas Pump Canopy)","ADDRESS":"1833 WEST VIRGINIA AVENUE NE","TYPE":"Outdoor","SITE_TYPE":"Administrative","WARD":"Ward 5","MAR_ID":301125,"GIS_ID":"WirelessHotSpotPt_728","YCOORD":138120.23999999999,"XCOORD":401429.27000000002,"LONGITUDE":-76.983520999999996,"LATITUDE":38.910942999999996,"LABEL":null,"NUMBER_OF_SITES":null,"SE_ANNO_CAD_DATA":null,"GLOBALID":"{ED33F838-5273-47D0-BBA7-DFB7F0F04733}","CREATOR":"JLAY","CREATED":1713469448000,"EDITOR":"DCGIS","EDITED":1713477402000,"OBJECTID":728}},{"type":"Feature","id":939,"geometry":{"type":"Point","coordinates":[-76.99816708594966,38.842550621150835]},"properties":{"NAME":"Martin Luther King Jr Elementary School","ADDRESS":"3200 6TH STREET SE","TYPE":"Indoor/Outdoor","SITE_TYPE":"Public School","WARD":"Ward 8","MAR_ID":294557,"GIS_ID":"WirelessHotSpotPt_939","YCOORD":130527.13,"XCOORD":400159.32000000001,"LONGITUDE":-76.998164810000006,"LATITUDE":38.84254284,"LABEL":null,"NUMBER_OF_SITES":null,"SE_ANNO_CAD_DATA":null,"GLOBALID":"{F37447F2-B0D6-4F45-9A0F-F209F297E55A}","CREATOR":"JLAY","CREATED":1713469448000,"EDITOR":"DCGIS","EDITED":1713477402000,"OBJECTID":939}},{"type":"Feature","id":691,"geometry":{"type":"Point","coordinates":[-76.999955838648745,38.876718593201858]},"properties":{"NAME":"Carroll Apartments","ADDRESS":"410 M STREET SE","TYPE":"Indoor/Outdoor","SITE_TYPE":"Public Housing","WARD":"Ward 8","MAR_ID":155956,"GIS_ID":"WirelessHotSpotPt_691","YCOORD":134320.01999999999,"XCOORD":400004.03000000003,"LONGITUDE":-76.999953559999994,"LATITUDE":38.876711139999998,"LABEL":null,"NUMBER_OF_SITES":null,"SE_ANNO_CAD_DATA":null,"GLOBALID":"{44192602-8F5C-4FA7-B09B-31F8EF2792E3}","CREATOR":"JLAY","CREATED":1713469448000,"EDITOR":"DCGIS","EDITED":1713477402000,"OBJECTID":691}},{"type":"Feature","id":1043,"geometry":{"type":"Point","coordinates":[-77.009479933990505,38.905018198097224]},"properties":{"NAME":"Sibley Plaza","ADDRESS":"1140 NORTH CAPITOL STREET NW","TYPE":"Indoor/Outdoor","SITE_TYPE":"Public Housing","WARD":"Ward 6","MAR_ID":285576,"GIS_ID":"WirelessHotSpotPt_1043","YCOORD":137461.54000000001,"XCOORD":399177.92999999999,"LONGITUDE":-77.009477649999994,"LATITUDE":38.905010410000003,"LABEL":null,"NUMBER_OF_SITES":null,"SE_ANNO_CAD_DATA":null,"GLOBALID":"{259A08F9-CFE0-4815-9E8B-12A1DA830024}","CREATOR":"JLAY","CREATED":1713469448000,"EDITOR":"DCGIS","EDITED":1713477402000,"OBJECTID":1043}},{"type":"Feature","id":739,"geometry":{"type":"Point","coordinates":[-76.991355003211567,38.864639171441816]},"properties":{"NAME":"DCTC - DCLB","ADDRESS":"2235 SHANNON PLACE SE","TYPE":"Indoor","SITE_TYPE":"Administrative","WARD":"Ward 8","MAR_ID":49693,"GIS_ID":"WirelessHotSpotPt_739","YCOORD":132979.14999999999,"XCOORD":400750.47000000003,"LONGITUDE":-76.991352719999995,"LATITUDE":38.86463139,"LABEL":null,"NUMBER_OF_SITES":null,"SE_ANNO_CAD_DATA":null,"GLOBALID":"{E2F518A5-504A-4287-933A-EF2BBDC80879}","CREATOR":"JLAY","CREATED":1713469448000,"EDITOR":"DCGIS","EDITED":1713477402000,"OBJECTID":739}},{"type":"Feature","id":872,"geometry":{"type":"Point","coordinates":[-77.043141452477116,38.928350129147418]},"properties":{"NAME":"Harvard Towers (\"Hot Spot\" wireless creation)","ADDRESS":"1845 HARVARD STREET NW","TYPE":"Indoor/Outdoor","SITE_TYPE":"Public Housing","WARD":"Ward 1","MAR_ID":236261,"GIS_ID":"WirelessHotSpotPt_872","YCOORD":140052.42000000001,"XCOORD":396259.42999999999,"LONGITUDE":-77.043139150000002,"LATITUDE":38.92834234,"LABEL":null,"NUMBER_OF_SITES":null,"SE_ANNO_CAD_DATA":null,"GLOBALID":"{6EE0619F-9D99-4230-B337-9785AD648BB7}","CREATOR":"JLAY","CREATED":1713469448000,"EDITOR":"DCGIS","EDITED":1713477402000,"OBJECTID":872}},{"type":"Feature","id":978,"geometry":{"type":"Point","coordinates":[-76.999182711245183,38.902878645559639]},"properties":{"NAME":"Office on Aging - Ward 6 Hayes Senior Wellness Center","ADDRESS":"500 K STREET NE","TYPE":"Indoor","SITE_TYPE":"Administrative","WARD":"Ward 6","MAR_ID":300865,"GIS_ID":"WirelessHotSpotPt_978","YCOORD":137223.98999999999,"XCOORD":400071.09000000003,"LONGITUDE":-76.999180429999996,"LATITUDE":38.90287086,"LABEL":null,"NUMBER_OF_SITES":null,"SE_ANNO_CAD_DATA":null,"GLOBALID":"{96013441-98AB-4C77-BB54-B1881439285A}","CREATOR":"JLAY","CREATED":1713469448000,"EDITOR":"DCGIS","EDITED":1713477402000,"OBJECTID":978}},{"type":"Feature","id":976,"geometry":{"type":"Point","coordinates":[-77.028548694192366,38.90102087943982]},"properties":{"NAME":"Office of Government Ethics","ADDRESS":"1201 NEW YORK AVENUE NW","TYPE":"Indoor","SITE_TYPE":"Federal","WARD":"Ward 2","MAR_ID":278918,"GIS_ID":"WirelessHotSpotPt_976","YCOORD":137018.14999999999,"XCOORD":397523.81,"LONGITUDE":-77.028546399999996,"LATITUDE":38.901013429999999,"LABEL":null,"NUMBER_OF_SITES":null,"SE_ANNO_CAD_DATA":null,"GLOBALID":"{AE911450-BFBC-4AFA-9F67-CAF9B9773C5A}","CREATOR":"JLAY","CREATED":1713469448000,"EDITOR":"DCGIS","EDITED":1713477402000,"OBJECTID":976}},{"type":"Feature","id":866,"geometry":{"type":"Point","coordinates":[-77.031338633000018,38.952621601486122]},"properties":{"NAME":"Hamilton Recreation Center","ADDRESS":"1340 HAMILTON STREET NW","TYPE":"Indoor/Outdoor","SITE_TYPE":"Rec. Center","WARD":"Ward 4","MAR_ID":255042,"GIS_ID":"WirelessHotSpotPt_866","YCOORD":142746.35000000001,"XCOORD":397283.77000000002,"LONGITUDE":-77.031336339999996,"LATITUDE":38.952614140000001,"LABEL":null,"NUMBER_OF_SITES":null,"SE_ANNO_CAD_DATA":null,"GLOBALID":"{B5E23752-0592-4D5F-963D-549EFD057287}","CREATOR":"JLAY","CREATED":1713469448000,"EDITOR":"DCGIS","EDITED":1713477402000,"OBJECTID":866}},{"type":"Feature","id":1089,"geometry":{"type":"Point","coordinates":[-77.066804852018905,38.910109468909639]},"properties":{"NAME":"Volta Park Recreation Center","ADDRESS":"1555 34TH STREET NW","TYPE":"Indoor/Outdoor","SITE_TYPE":"Rec. Center","WARD":"Ward 2","MAR_ID":279236,"GIS_ID":"WirelessHotSpotPt_1089","YCOORD":138028.79000000001,"XCOORD":394206.10999999999,"LONGITUDE":-77.066802550000006,"LATITUDE":38.910102019999997,"LABEL":null,"NUMBER_OF_SITES":null,"SE_ANNO_CAD_DATA":null,"GLOBALID":"{F600677E-CD6A-4357-B120-BA81C57BC551}","CREATOR":"JLAY","CREATED":1713469448000,"EDITOR":"DCGIS","EDITED":1713477402000,"OBJECTID":1089}},{"type":"Feature","id":994,"geometry":{"type":"Point","coordinates":[-77.038524709972364,38.901352694044448]},"properties":{"NAME":"PA2040 Cabinet 6 (NE Corner)","ADDRESS":"17TH STREET NW AND I STREET NW","TYPE":"Outdoor","SITE_TYPE":"Administrative","WARD":"Ward 2","MAR_ID":903513,"GIS_ID":"WirelessHotSpotPt_994","YCOORD":137055.30220500001,"XCOORD":396658.48002700001,"LONGITUDE":-77.038522,"LATITUDE":38.901344999999999,"LABEL":null,"NUMBER_OF_SITES":null,"SE_ANNO_CAD_DATA":null,"GLOBALID":"{59719E59-4B46-4004-B91F-7D0F67DF1D92}","CREATOR":"JLAY","CREATED":1713469448000,"EDITOR":"DCGIS","EDITED":1713477402000,"OBJECTID":994}},{"type":"Feature","id":760,"geometry":{"type":"Point","coordinates":[-77.00792765808508,38.877960131409118]},"properties":{"NAME":"DMPED - 6th Floor","ADDRESS":"1015 HALF STREET SE","TYPE":"Indoor","SITE_TYPE":"Administrative","WARD":"Ward 6","MAR_ID":75572,"GIS_ID":"WirelessHotSpotPt_760","YCOORD":134457.87,"XCOORD":399312.31,"LONGITUDE":-77.007925369999995,"LATITUDE":38.877952350000001,"LABEL":null,"NUMBER_OF_SITES":null,"SE_ANNO_CAD_DATA":null,"GLOBALID":"{857C5C3F-CA31-4152-9CD4-711FB87A4F74}","CREATOR":"JLAY","CREATED":1713469448000,"EDITOR":"DCGIS","EDITED":1713477402000,"OBJECTID":760}},{"type":"Feature","id":653,"geometry":{"type":"Point","coordinates":[-76.992106965102678,38.931295256127761]},"properties":{"NAME":"Anchor Mental Health Services","ADDRESS":"1001 LAWRENCE STREET NE","TYPE":"Outdoor","SITE_TYPE":"Community Service Organization","WARD":"Ward 5","MAR_ID":289589,"GIS_ID":"WirelessHotSpotPt_653","YCOORD":140378.5,"XCOORD":400684.57000000001,"LONGITUDE":-76.992104679999997,"LATITUDE":38.93128746,"LABEL":null,"NUMBER_OF_SITES":null,"SE_ANNO_CAD_DATA":null,"GLOBALID":"{2E1E17F5-D4C7-4F6D-B42E-62512289B184}","CREATOR":"JLAY","CREATED":1713469448000,"EDITOR":"DCGIS","EDITED":1713477402000,"OBJECTID":653}},{"type":"Feature","id":755,"geometry":{"type":"Point","coordinates":[-76.993054464400061,38.922569321016056]},"properties":{"NAME":"DHS","ADDRESS":"920 RHODE ISLAND AVENUE NE","TYPE":"Indoor","SITE_TYPE":"Administrative","WARD":"Ward 5","MAR_ID":289074,"GIS_ID":"WirelessHotSpotPt_755","YCOORD":139409.84,"XCOORD":400602.48999999999,"LONGITUDE":-76.993052180000007,"LATITUDE":38.922561860000002,"LABEL":null,"NUMBER_OF_SITES":null,"SE_ANNO_CAD_DATA":null,"GLOBALID":"{B567593B-672A-4A92-A24D-77A765C4C8C5}","CREATOR":"JLAY","CREATED":1713469448000,"EDITOR":"DCGIS","EDITED":1713477402000,"OBJECTID":755}},{"type":"Feature","id":1016,"geometry":{"type":"Point","coordinates":[-77.030991824424419,38.898725016518739]},"properties":{"NAME":"Public Service Commission","ADDRESS":"1325 G STREET NW","TYPE":"Indoor","SITE_TYPE":"Administrative","WARD":"Ward 2","MAR_ID":240653,"GIS_ID":"WirelessHotSpotPt_1016","YCOORD":136763.36000000002,"XCOORD":397311.79999999999,"LONGITUDE":-77.030989529999999,"LATITUDE":38.898717560000001,"LABEL":null,"NUMBER_OF_SITES":null,"SE_ANNO_CAD_DATA":null,"GLOBALID":"{E95756DE-52AC-47AA-8520-C2E1C250890B}","CREATOR":"JLAY","CREATED":1713469448000,"EDITOR":"DCGIS","EDITED":1713477402000,"OBJECTID":1016}},{"type":"Feature","id":832,"geometry":{"type":"Point","coordinates":[-76.971368189006341,38.852647749489094]},"properties":{"NAME":"Engine Company 32 (Truck Company 16)","ADDRESS":"2425 IRVING STREET SE","TYPE":"Indoor/Outdoor","SITE_TYPE":"Fire Emergency Medical Services","WARD":"Ward 8","MAR_ID":47304,"GIS_ID":"WirelessHotSpotPt_832","YCOORD":131648.37,"XCOORD":402485.47999999998,"LONGITUDE":-76.971365919999997,"LATITUDE":38.852640299999997,"LABEL":null,"NUMBER_OF_SITES":null,"SE_ANNO_CAD_DATA":null,"GLOBALID":"{67252D5B-CCEC-44AE-A705-714E066F4A7F}","CREATOR":"JLAY","CREATED":1713469448000,"EDITOR":"DCGIS","EDITED":1713477402000,"OBJECTID":832}},{"type":"Feature","id":702,"geometry":{"type":"Point","coordinates":[-77.038147089762148,38.905974266306288]},"properties":{"NAME":"Charles Sumner School Museum and Archives","ADDRESS":"1201 17TH STREET NW","TYPE":"Indoor","SITE_TYPE":"Public School","WARD":"Ward 2","MAR_ID":301200,"GIS_ID":"WirelessHotSpotPt_702","YCOORD":137568.32000000001,"XCOORD":396691.45000000001,"LONGITUDE":-77.038144790000004,"LATITUDE":38.905966480000004,"LABEL":null,"NUMBER_OF_SITES":null,"SE_ANNO_CAD_DATA":null,"GLOBALID":"{A77548AC-9186-4C74-BFB6-781DF4EFDBAF}","CREATOR":"JLAY","CREATED":1713469448000,"EDITOR":"DCGIS","EDITED":1713477402000,"OBJECTID":702}},{"type":"Feature","id":805,"geometry":{"type":"Point","coordinates":[-77.006778226884578,38.91351055318902]},"properties":{"NAME":"Emery Elementary School","ADDRESS":"1720 1ST STREET NE","TYPE":"Indoor","SITE_TYPE":"Public School","WARD":"Ward 5","MAR_ID":294527,"GIS_ID":"WirelessHotSpotPt_805","YCOORD":138404.23999999999,"XCOORD":399412.34000000003,"LONGITUDE":-77.006775939999997,"LATITUDE":38.9135031,"LABEL":null,"NUMBER_OF_SITES":null,"SE_ANNO_CAD_DATA":null,"GLOBALID":"{0C18ADB4-0992-4817-B755-6FD14900B784}","CREATOR":"JLAY","CREATED":1713469448000,"EDITOR":"DCGIS","EDITED":1713477402000,"OBJECTID":805}},{"type":"Feature","id":1094,"geometry":{"type":"Point","coordinates":[-76.96413050048325,38.860481281308921]},"properties":{"NAME":"Washington Seniors Wellness Center","ADDRESS":"3001 ALABAMA AVENUE SE","TYPE":"Indoor/Outdoor","SITE_TYPE":"Senior Center","WARD":"Ward 7","MAR_ID":289473,"GIS_ID":"WirelessHotSpotPt_1094","YCOORD":132518.17000000001,"XCOORD":403113.38,"LONGITUDE":-76.96412823,"LATITUDE":38.860473499999998,"LABEL":null,"NUMBER_OF_SITES":null,"SE_ANNO_CAD_DATA":null,"GLOBALID":"{14FADD83-B018-44B5-A7F5-9959F877A1E7}","CREATOR":"JLAY","CREATED":1713469448000,"EDITOR":"DCGIS","EDITED":1713477402000,"OBJECTID":1094}},{"type":"Feature","id":879,"geometry":{"type":"Point","coordinates":[-76.999982700294964,38.831219258235365]},"properties":{"NAME":"Highland Dwellings/Parkside","ADDRESS":"400 ATLANTIC STREET SE","TYPE":"Outdoor","SITE_TYPE":"Public Housing","WARD":"Ward 8","MAR_ID":290742,"GIS_ID":"WirelessHotSpotPt_879","YCOORD":129269.27,"XCOORD":400001.70000000001,"LONGITUDE":-76.99998042,"LATITUDE":38.83121148,"LABEL":null,"NUMBER_OF_SITES":null,"SE_ANNO_CAD_DATA":null,"GLOBALID":"{D7D1F997-A6BF-4D16-A499-D91C30DD0009}","CREATOR":"JLAY","CREATED":1713469448000,"EDITOR":"DCGIS","EDITED":1713477402000,"OBJECTID":879}},{"type":"Feature","id":1081,"geometry":{"type":"Point","coordinates":[-76.992043942505148,38.881091807426344]},"properties":{"NAME":"Tyler Elementary School","ADDRESS":"1001 G STREET SE","TYPE":"Indoor/Outdoor","SITE_TYPE":"Public School","WARD":"Ward 6","MAR_ID":294505,"GIS_ID":"WirelessHotSpotPt_1081","YCOORD":134805.51000000001,"XCOORD":400690.52000000002,"LONGITUDE":-76.992041659999998,"LATITUDE":38.881084360000003,"LABEL":null,"NUMBER_OF_SITES":null,"SE_ANNO_CAD_DATA":null,"GLOBALID":"{6BD6892B-9048-4075-9063-99918E6BA717}","CREATOR":"JLAY","CREATED":1713469448000,"EDITOR":"DCGIS","EDITED":1713477402000,"OBJECTID":1081}},{"type":"Feature","id":694,"geometry":{"type":"Point","coordinates":[-77.00449228964473,38.841521153495442]},"properties":{"NAME":"Center City PCS Congress Heights","ADDRESS":"220 HIGHVIEW PLACE SE","TYPE":"Outdoor","SITE_TYPE":"Public Charter School","WARD":"Ward 8","MAR_ID":303702,"GIS_ID":"WirelessHotSpotPt_694","YCOORD":130412.86,"XCOORD":399610.20000000001,"LONGITUDE":-77.004490009999998,"LATITUDE":38.841513380000002,"LABEL":null,"NUMBER_OF_SITES":null,"SE_ANNO_CAD_DATA":null,"GLOBALID":"{191C6CA8-16D8-40AE-9AF3-2C12B87361D6}","CREATOR":"JLAY","CREATED":1713469448000,"EDITOR":"DCGIS","EDITED":1713477402000,"OBJECTID":694}},{"type":"Feature","id":1023,"geometry":{"type":"Point","coordinates":[-77.07112557093987,38.957888776939242]},"properties":{"NAME":"Regency House","ADDRESS":"5201 CONNECTICUT AVENUE NW","TYPE":"Outdoor","SITE_TYPE":"Public Housing","WARD":"Ward 3","MAR_ID":264202,"GIS_ID":"WirelessHotSpotPt_1023","YCOORD":143332.98999999999,"XCOORD":393835.5,"LONGITUDE":-77.071123259999993,"LATITUDE":38.957881309999998,"LABEL":null,"NUMBER_OF_SITES":null,"SE_ANNO_CAD_DATA":null,"GLOBALID":"{29F01129-9779-4798-8B58-212A4C3B0C16}","CREATOR":"JLAY","CREATED":1713469448000,"EDITOR":"DCGIS","EDITED":1713477402000,"OBJECTID":1023}},{"type":"Feature","id":1093,"geometry":{"type":"Point","coordinates":[-77.074286638166129,38.941511470328408]},"properties":{"NAME":"Washington Home & Community Hospices","ADDRESS":"3720 UPTON STREET NW","TYPE":"Outdoor","SITE_TYPE":"Health Center","WARD":"Ward 3","MAR_ID":222233,"GIS_ID":"WirelessHotSpotPt_1093","YCOORD":141515.17999999999,"XCOORD":393560.04000000004,"LONGITUDE":-77.074284329999998,"LATITUDE":38.941503679999997,"LABEL":null,"NUMBER_OF_SITES":null,"SE_ANNO_CAD_DATA":null,"GLOBALID":"{C2F21D3E-5A1A-4894-8329-A70923124712}","CREATOR":"JLAY","CREATED":1713469448000,"EDITOR":"DCGIS","EDITED":1713477402000,"OBJECTID":1093}},{"type":"Feature","id":870,"geometry":{"type":"Point","coordinates":[-77.007870437695601,38.913993511783168]},"properties":{"NAME":"Harry L. Thomas Community Center","ADDRESS":"1743 LINCOLN ROAD NE","TYPE":"Indoor/Outdoor","SITE_TYPE":"Rec. Center","WARD":"Ward 5","MAR_ID":296786,"GIS_ID":"WirelessHotSpotPt_870","YCOORD":138457.86000000002,"XCOORD":399317.62,"LONGITUDE":-77.007868149999993,"LATITUDE":38.913986059999999,"LABEL":null,"NUMBER_OF_SITES":null,"SE_ANNO_CAD_DATA":null,"GLOBALID":"{A84139AD-8C5D-429D-AC48-AA0E929BC9FD}","CREATOR":"JLAY","CREATED":1713469448000,"EDITOR":"DCGIS","EDITED":1713477402000,"OBJECTID":870}},{"type":"Feature","id":997,"geometry":{"type":"Point","coordinates":[-77.04490436877154,38.901345299229796]},"properties":{"NAME":"PA2040 Cabinet 9 (NW Corner)","ADDRESS":"20TH STREET NW AND I STREET NW","TYPE":"Outdoor","SITE_TYPE":"Administrative","WARD":"Ward 2","MAR_ID":901003,"GIS_ID":"WirelessHotSpotPt_997","YCOORD":137054.73439699999,"XCOORD":396105.09375399997,"LONGITUDE":-77.044901999999993,"LATITUDE":38.901337999999996,"LABEL":null,"NUMBER_OF_SITES":null,"SE_ANNO_CAD_DATA":null,"GLOBALID":"{6B74C33E-38B5-44F9-B8C6-F9029FEFBAFC}","CREATOR":"JLAY","CREATED":1713469448000,"EDITOR":"DCGIS","EDITED":1713477402000,"OBJECTID":997}},{"type":"Feature","id":1032,"geometry":{"type":"Point","coordinates":[-77.039706749143647,38.912384175878167]},"properties":{"NAME":"Ross Elementary School","ADDRESS":"1730 R STREET NW","TYPE":"Indoor/Outdoor","SITE_TYPE":"Public School","WARD":"Ward 2","MAR_ID":241714,"GIS_ID":"WirelessHotSpotPt_1032","YCOORD":138279.92999999999,"XCOORD":396556.47999999998,"LONGITUDE":-77.039704450000002,"LATITUDE":38.912376389999999,"LABEL":null,"NUMBER_OF_SITES":null,"SE_ANNO_CAD_DATA":null,"GLOBALID":"{DE520790-951D-41D7-AE24-539D1B20A57E}","CREATOR":"JLAY","CREATED":1713469448000,"EDITOR":"DCGIS","EDITED":1713477402000,"OBJECTID":1032}},{"type":"Feature","id":743,"geometry":{"type":"Point","coordinates":[-76.999709029169281,38.951271858523363]},"properties":{"NAME":"DDOT (Farragut Street)","ADDRESS":"414 FARRAGUT STREET NE","TYPE":"Indoor/Outdoor","SITE_TYPE":"Administrative","WARD":"Ward 5","MAR_ID":309422,"GIS_ID":"WirelessHotSpotPt_743","YCOORD":142596.05000000002,"XCOORD":400025.41999999998,"LONGITUDE":-76.999706739999993,"LATITUDE":38.95126406,"LABEL":null,"NUMBER_OF_SITES":null,"SE_ANNO_CAD_DATA":null,"GLOBALID":"{1FBC6BBD-32A9-4163-877E-5AE01375D83B}","CREATOR":"JLAY","CREATED":1713469448000,"EDITOR":"DCGIS","EDITED":1713477402000,"OBJECTID":743}},{"type":"Feature","id":822,"geometry":{"type":"Point","coordinates":[-77.028341095876016,38.959988875747229]},"properties":{"NAME":"Engine Company 22 (Old Location, See Site 1247)","ADDRESS":"5760 GEORGIA AVENUE NW","TYPE":"Indoor","SITE_TYPE":"Fire Emergency Medical Services","WARD":"Ward 4","MAR_ID":294612,"GIS_ID":"WirelessHotSpotPt_822","YCOORD":143564.10000000001,"XCOORD":397543.85000000003,"LONGITUDE":-77.0283388,"LATITUDE":38.959981409999997,"LABEL":null,"NUMBER_OF_SITES":null,"SE_ANNO_CAD_DATA":null,"GLOBALID":"{7429F996-DC63-4F69-B7CC-F33E9896220A}","CREATOR":"JLAY","CREATED":1713469448000,"EDITOR":"DCGIS","EDITED":1713477402000,"OBJECTID":822}},{"type":"Feature","id":806,"geometry":{"type":"Point","coordinates":[-77.027851362902268,38.958642708952851]},"properties":{"NAME":"Emery Recreation Center (DOES One Stop)","ADDRESS":"5701 GEORGIA AVENUE NW","TYPE":"Indoor/Outdoor","SITE_TYPE":"Rec. Center","WARD":"Ward 4","MAR_ID":309352,"GIS_ID":"WirelessHotSpotPt_806","YCOORD":143414.64999999999,"XCOORD":397586.25,"LONGITUDE":-77.027849070000002,"LATITUDE":38.95863524,"LABEL":null,"NUMBER_OF_SITES":null,"SE_ANNO_CAD_DATA":null,"GLOBALID":"{47F47BBA-99E4-49B4-9BB6-B5D1489E1365}","CREATOR":"JLAY","CREATED":1713469448000,"EDITOR":"DCGIS","EDITED":1713477402000,"OBJECTID":806}},{"type":"Feature","id":671,"geometry":{"type":"Point","coordinates":[-76.981056828015213,38.866208121718188]},"properties":{"NAME":"Bread for the City","ADDRESS":"1640 GOOD HOPE ROAD SE","TYPE":"Outdoor","SITE_TYPE":"Health Center","WARD":"Ward 8","MAR_ID":286380,"GIS_ID":"WirelessHotSpotPt_671","YCOORD":133153.45000000001,"XCOORD":401644.17999999999,"LONGITUDE":-76.981054549999996,"LATITUDE":38.866200669999998,"LABEL":null,"NUMBER_OF_SITES":null,"SE_ANNO_CAD_DATA":null,"GLOBALID":"{CE3ABFFB-A53E-4946-9D2D-00BFAE3400B2}","CREATOR":"JLAY","CREATED":1713469448000,"EDITOR":"DCGIS","EDITED":1713477402000,"OBJECTID":671}},{"type":"Feature","id":901,"geometry":{"type":"Point","coordinates":[-77.017405674025113,38.919228754176075]},"properties":{"NAME":"Kelly Miller / Ledroit Apartments","ADDRESS":"2125 4TH STREET NW","TYPE":"Outdoor","SITE_TYPE":"Public Housing","WARD":"Ward 1","MAR_ID":284228,"GIS_ID":"WirelessHotSpotPt_901","YCOORD":139039.13,"XCOORD":398490.77000000002,"LONGITUDE":-77.017403380000005,"LATITUDE":38.919221299999997,"LABEL":null,"NUMBER_OF_SITES":null,"SE_ANNO_CAD_DATA":null,"GLOBALID":"{7C256C77-8449-476A-9E28-A9D95C344419}","CREATOR":"JLAY","CREATED":1713469448000,"EDITOR":"DCGIS","EDITED":1713477402000,"OBJECTID":901}},{"type":"Feature","id":735,"geometry":{"type":"Point","coordinates":[-77.037501423041761,38.901086181408459]},"properties":{"NAME":"DCPCA - 3rd Floor","ADDRESS":"1620 I STREET NW","TYPE":"Indoor","SITE_TYPE":"Health Center","WARD":"Ward 2","MAR_ID":279268,"GIS_ID":"WirelessHotSpotPt_735","YCOORD":137025.67999999999,"XCOORD":396747.22999999998,"LONGITUDE":-77.03749913,"LATITUDE":38.901078730000002,"LABEL":null,"NUMBER_OF_SITES":null,"SE_ANNO_CAD_DATA":null,"GLOBALID":"{D40CDEDA-2290-449C-A8E4-A784A05C0450}","CREATOR":"JLAY","CREATED":1713469448000,"EDITOR":"DCGIS","EDITED":1713477402000,"OBJECTID":735}},{"type":"Feature","id":968,"geometry":{"type":"Point","coordinates":[-76.986453766978485,38.94981470644715]},"properties":{"NAME":"N. Michigan Park Rec. Center","ADDRESS":"1333 EMERSON STREET NE","TYPE":"Indoor/Outdoor","SITE_TYPE":"Rec. Center","WARD":"Ward 5","MAR_ID":296163,"GIS_ID":"WirelessHotSpotPt_968","YCOORD":142434.38,"XCOORD":401174.42999999999,"LONGITUDE":-76.986451000000002,"LATITUDE":38.949807,"LABEL":null,"NUMBER_OF_SITES":null,"SE_ANNO_CAD_DATA":null,"GLOBALID":"{07B0F3FA-0C1D-4EBE-A368-F0E8CC2D52F9}","CREATOR":"JLAY","CREATED":1713469448000,"EDITOR":"DCGIS","EDITED":1713477402000,"OBJECTID":968}},{"type":"Feature","id":949,"geometry":{"type":"Point","coordinates":[-77.069912517137482,38.954248006282604]},"properties":{"NAME":"Medic Unit 31","ADDRESS":"4930 CONNECTICUT AVENUE NW","TYPE":"Indoor/Outdoor","SITE_TYPE":"Fire Emergency Medical Services","WARD":"Ward 3","MAR_ID":294604,"GIS_ID":"WirelessHotSpotPt_949","YCOORD":142928.75,"XCOORD":393940.33000000002,"LONGITUDE":-77.069910210000003,"LATITUDE":38.954240540000001,"LABEL":null,"NUMBER_OF_SITES":null,"SE_ANNO_CAD_DATA":null,"GLOBALID":"{7C387775-0591-4282-89F5-6DC7735D51DC}","CREATOR":"JLAY","CREATED":1713469448000,"EDITOR":"DCGIS","EDITED":1713477402000,"OBJECTID":949}},{"type":"Feature","id":1057,"geometry":{"type":"Point","coordinates":[-77.0124388010871,38.879599355773053]},"properties":{"NAME":"Southwest Community Health Center","ADDRESS":"850 DELAWARE AVENUE SW","TYPE":"Outdoor","SITE_TYPE":"Health Center","WARD":"Ward 6","MAR_ID":276851,"GIS_ID":"WirelessHotSpotPt_1057","YCOORD":134639.88,"XCOORD":398920.90000000002,"LONGITUDE":-77.012436510000001,"LATITUDE":38.879591570000002,"LABEL":null,"NUMBER_OF_SITES":null,"SE_ANNO_CAD_DATA":null,"GLOBALID":"{5222D29A-3AEC-421A-BA3A-127BA0F1281D}","CREATOR":"JLAY","CREATED":1713469448000,"EDITOR":"DCGIS","EDITED":1713477402000,"OBJECTID":1057}},{"type":"Feature","id":783,"geometry":{"type":"Point","coordinates":[-77.032316997449044,38.943321186548708]},"properties":{"NAME":"DPR-Upshur Pool","ADDRESS":"4300 ARKANSAS AVENUE NW","TYPE":"Outdoor","SITE_TYPE":"Rec. Center","WARD":"Ward 4","MAR_ID":295147,"GIS_ID":"WirelessHotSpotPt_783","YCOORD":141713.95000000001,"XCOORD":397198.60000000003,"LONGITUDE":-77.032314700000001,"LATITUDE":38.94331373,"LABEL":null,"NUMBER_OF_SITES":null,"SE_ANNO_CAD_DATA":null,"GLOBALID":"{8687806C-3849-474D-937C-DE17C9F03022}","CREATOR":"JLAY","CREATED":1713469448000,"EDITOR":"DCGIS","EDITED":1713477402000,"OBJECTID":783}},{"type":"Feature","id":716,"geometry":{"type":"Point","coordinates":[-77.033154805846493,38.925726293820226]},"properties":{"NAME":"Community of Hope (Girard St Apts)","ADDRESS":"1413 GIRARD STREET NW","TYPE":"Outdoor","SITE_TYPE":"Health Center","WARD":"Ward 1","MAR_ID":234321,"GIS_ID":"WirelessHotSpotPt_716","YCOORD":139760.79000000001,"XCOORD":397125.26000000001,"LONGITUDE":-77.033152509999994,"LATITUDE":38.925718840000002,"LABEL":null,"NUMBER_OF_SITES":null,"SE_ANNO_CAD_DATA":null,"GLOBALID":"{08BB5034-BD57-40BC-9D3C-AF931442D2C5}","CREATOR":"JLAY","CREATED":1713469448000,"EDITOR":"DCGIS","EDITED":1713477402000,"OBJECTID":716}},{"type":"Feature","id":1095,"geometry":{"type":"Point","coordinates":[-77.017161805343676,38.877621504691113]},"properties":{"NAME":"Waterfront Tower East (DC Permit Office)","ADDRESS":"1100 4TH STREET SW","TYPE":"Indoor","SITE_TYPE":"Administrative","WARD":"Ward 6","MAR_ID":307170,"GIS_ID":"WirelessHotSpotPt_1095","YCOORD":134420.39000000001,"XCOORD":398511.04999999999,"LONGITUDE":-77.017159520000007,"LATITUDE":38.877614059999999,"LABEL":null,"NUMBER_OF_SITES":null,"SE_ANNO_CAD_DATA":null,"GLOBALID":"{6E7262C8-3EEA-434B-912A-B820CC10EBF1}","CREATOR":"JLAY","CREATED":1713469448000,"EDITOR":"DCGIS","EDITED":1713477402000,"OBJECTID":1095}},{"type":"Feature","id":656,"geometry":{"type":"Point","coordinates":[-77.001364775723204,38.838519435597846]},"properties":{"NAME":"Ballou Senior High","ADDRESS":"3401 4TH STREET SE","TYPE":"Indoor/Outdoor","SITE_TYPE":"Public School","WARD":"Ward 8","MAR_ID":294567,"GIS_ID":"WirelessHotSpotPt_656","YCOORD":130079.64,"XCOORD":399881.71000000002,"LONGITUDE":-77.001362499999999,"LATITUDE":38.838511660000002,"LABEL":null,"NUMBER_OF_SITES":null,"SE_ANNO_CAD_DATA":null,"GLOBALID":"{B34434D4-B99A-4D71-A41A-DD7DFD764BD8}","CREATOR":"JLAY","CREATED":1713469448000,"EDITOR":"DCGIS","EDITED":1713477402000,"OBJECTID":656}},{"type":"Feature","id":902,"geometry":{"type":"Point","coordinates":[-76.932457410532848,38.893322869213705]},"properties":{"NAME":"Kelly Miller Middle School and Rec Center","ADDRESS":"301 49TH STREET NE","TYPE":"Indoor/Outdoor","SITE_TYPE":"Public School / Rec. Center","WARD":"Ward 7","MAR_ID":294476,"GIS_ID":"WirelessHotSpotPt_902","YCOORD":136165.39000000001,"XCOORD":405859.65000000002,"LONGITUDE":-76.932455149999996,"LATITUDE":38.89331541,"LABEL":null,"NUMBER_OF_SITES":null,"SE_ANNO_CAD_DATA":null,"GLOBALID":"{0E063548-286F-4E81-89DC-896F0FB1DF1B}","CREATOR":"JLAY","CREATED":1713469448000,"EDITOR":"DCGIS","EDITED":1713477402000,"OBJECTID":902}},{"type":"Feature","id":701,"geometry":{"type":"Point","coordinates":[-76.948937247936016,38.895931951796399]},"properties":{"NAME":"CFSA at East of the River Family Strengthening Collaborative","ADDRESS":"4020 MINNESOTA AVENUE NE","TYPE":"Indoor","SITE_TYPE":"Unknown","WARD":"Ward 7","MAR_ID":310430,"GIS_ID":"WirelessHotSpotPt_701","YCOORD":136454.09,"XCOORD":404429.83000000002,"LONGITUDE":-76.948934980000004,"LATITUDE":38.89592416,"LABEL":null,"NUMBER_OF_SITES":null,"SE_ANNO_CAD_DATA":null,"GLOBALID":"{C6CBF258-2E18-426C-BA9C-1501A142EF05}","CREATOR":"JLAY","CREATED":1713469448000,"EDITOR":"DCGIS","EDITED":1713477402000,"OBJECTID":701}},{"type":"Feature","id":781,"geometry":{"type":"Point","coordinates":[-77.010337156790769,38.879850174216905]},"properties":{"NAME":"DPR-Randall Pool","ADDRESS":"25 I STREET SW","TYPE":"Outdoor","SITE_TYPE":"Rec. Center","WARD":"Ward 6","MAR_ID":310270,"GIS_ID":"WirelessHotSpotPt_781","YCOORD":134667.70000000001,"XCOORD":399103.26000000001,"LONGITUDE":-77.010334869999994,"LATITUDE":38.87984239,"LABEL":null,"NUMBER_OF_SITES":null,"SE_ANNO_CAD_DATA":null,"GLOBALID":"{F7F36FB8-D91D-43FB-97BB-99FE1D79EF63}","CREATOR":"JLAY","CREATED":1713469448000,"EDITOR":"DCGIS","EDITED":1713477402000,"OBJECTID":781}},{"type":"Feature","id":680,"geometry":{"type":"Point","coordinates":[-77.017077548047652,38.908865430965037]},"properties":{"NAME":"Bundy School","ADDRESS":"429 O STREET NW","TYPE":"Indoor","SITE_TYPE":"Administrative","WARD":"Ward 2","MAR_ID":237434,"GIS_ID":"WirelessHotSpotPt_680","YCOORD":137888.70999999999,"XCOORD":398519.01000000001,"LONGITUDE":-77.017075259999999,"LATITUDE":38.908857640000001,"LABEL":null,"NUMBER_OF_SITES":null,"SE_ANNO_CAD_DATA":null,"GLOBALID":"{99E31FF4-927A-4DDA-8147-E863CE87A469}","CREATOR":"JLAY","CREATED":1713469448000,"EDITOR":"DCGIS","EDITED":1713477402000,"OBJECTID":680}},{"type":"Feature","id":800,"geometry":{"type":"Point","coordinates":[-76.997879140746292,38.923122168684493]},"properties":{"NAME":"Edgewood Commons Apartments","ADDRESS":"611 EDGEWOOD STREET NE","TYPE":"Indoor","SITE_TYPE":"Administrative","WARD":"Ward 5","MAR_ID":289572,"GIS_ID":"WirelessHotSpotPt_800","YCOORD":139471.19,"XCOORD":400184.10999999999,"LONGITUDE":-76.997876860000005,"LATITUDE":38.92311471,"LABEL":null,"NUMBER_OF_SITES":null,"SE_ANNO_CAD_DATA":null,"GLOBALID":"{481AC092-6579-4D6B-A329-B9CA1445AC1E}","CREATOR":"JLAY","CREATED":1713469448000,"EDITOR":"DCGIS","EDITED":1713477402000,"OBJECTID":800}},{"type":"Feature","id":798,"geometry":{"type":"Point","coordinates":[-76.99647071598433,38.886420575498676]},"properties":{"NAME":"Eastern Market","ADDRESS":"225 7TH STREET SE","TYPE":"Indoor/Outdoor","SITE_TYPE":"Administrative","WARD":"Ward 6","MAR_ID":300829,"GIS_ID":"WirelessHotSpotPt_798","YCOORD":135397.01999999999,"XCOORD":400306.40000000002,"LONGITUDE":-76.996468429999993,"LATITUDE":38.88641312,"LABEL":null,"NUMBER_OF_SITES":null,"SE_ANNO_CAD_DATA":null,"GLOBALID":"{36D0BF1C-9E88-495E-A0C5-C3AA15E5DD47}","CREATOR":"JLAY","CREATED":1713469448000,"EDITOR":"DCGIS","EDITED":1713477402000,"OBJECTID":798}},{"type":"Feature","id":1059,"geometry":{"type":"Point","coordinates":[-76.995378981885722,38.847116744791542]},"properties":{"NAME":"St. Elizabeths Chapel-Digital Inclusion Center","ADDRESS":"2730 MARTIN LUTHER KING JR AVENUE SE","TYPE":"Indoor/Outdoor","SITE_TYPE":"Community Service Organization","WARD":"Ward 8","MAR_ID":311840,"GIS_ID":"WirelessHotSpotPt_1059","YCOORD":131034.01000000001,"XCOORD":400401.34000000003,"LONGITUDE":-76.995376699999994,"LATITUDE":38.847108970000001,"LABEL":null,"NUMBER_OF_SITES":null,"SE_ANNO_CAD_DATA":null,"GLOBALID":"{E9B5C601-02BE-4D4D-91BC-DEF92C611021}","CREATOR":"JLAY","CREATED":1713469448000,"EDITOR":"DCGIS","EDITED":1713477402000,"OBJECTID":1059}},{"type":"Feature","id":644,"geometry":{"type":"Point","coordinates":[-76.988588119087183,38.912147050914342]},"properties":{"NAME":"Absconders Unit (DYRS)","ADDRESS":"1000 MOUNT OLIVET ROAD NE","TYPE":"Indoor/Outdoor","SITE_TYPE":"Administrative","WARD":"Ward 5","MAR_ID":290013,"GIS_ID":"WirelessHotSpotPt_644","YCOORD":138252.92000000001,"XCOORD":400989.94,"LONGITUDE":-76.988585839999999,"LATITUDE":38.912139590000002,"LABEL":null,"NUMBER_OF_SITES":null,"SE_ANNO_CAD_DATA":null,"GLOBALID":"{E74357D7-DB13-4DB2-979B-4A2FF7FCDDFE}","CREATOR":"JLAY","CREATED":1713469448000,"EDITOR":"DCGIS","EDITED":1713477402000,"OBJECTID":644}},{"type":"Feature","id":975,"geometry":{"type":"Point","coordinates":[-77.002938719576107,38.879798526340075]},"properties":{"NAME":"OCTO HQ","ADDRESS":"200 I STREET SE","TYPE":"Indoor","SITE_TYPE":"Administrative","WARD":"Ward 8","MAR_ID":308596,"GIS_ID":"WirelessHotSpotPt_975","YCOORD":134661.92000000001,"XCOORD":399745.21000000002,"LONGITUDE":-77.002936439999999,"LATITUDE":38.879790739999997,"LABEL":null,"NUMBER_OF_SITES":null,"SE_ANNO_CAD_DATA":null,"GLOBALID":"{17CC2FAF-6921-429D-BC08-7CED66BF914C}","CREATOR":"JLAY","CREATED":1713469448000,"EDITOR":"DCGIS","EDITED":1713477402000,"OBJECTID":975}},{"type":"Feature","id":751,"geometry":{"type":"Point","coordinates":[-77.007674783465774,38.906658751347386]},"properties":{"NAME":"DECOM 2-26-18 (Unity - Walker Jones)","ADDRESS":"40 PATTERSON STREET NE","TYPE":"Outdoor","SITE_TYPE":"Health Center","WARD":"Ward 6","MAR_ID":28515,"GIS_ID":"WirelessHotSpotPt_751","YCOORD":137643.64000000001,"XCOORD":399334.52000000002,"LONGITUDE":-77.007672499999998,"LATITUDE":38.9066513,"LABEL":null,"NUMBER_OF_SITES":null,"SE_ANNO_CAD_DATA":null,"GLOBALID":"{579E4DA7-4BD0-4E98-B4AB-083204CC9CAC}","CREATOR":"JLAY","CREATED":1713469448000,"EDITOR":"DCGIS","EDITED":1713477402000,"OBJECTID":751}},{"type":"Feature","id":642,"geometry":{"type":"Point","coordinates":[-77.031560811126766,38.898906743019452]},"properties":{"NAME":"717 Fourteenth Street","ADDRESS":"717 14TH STREET NW","TYPE":"Indoor","SITE_TYPE":"Administrative","WARD":"Ward 2","MAR_ID":279904,"GIS_ID":"WirelessHotSpotPt_642","YCOORD":136783.54999999999,"XCOORD":397262.45000000001,"LONGITUDE":-77.031558520000004,"LATITUDE":38.898899290000003,"LABEL":null,"NUMBER_OF_SITES":null,"SE_ANNO_CAD_DATA":null,"GLOBALID":"{591AAD16-014A-41BD-BFE0-901462ACC978}","CREATOR":"JLAY","CREATED":1713469448000,"EDITOR":"DCGIS","EDITED":1713477402000,"OBJECTID":642}},{"type":"Feature","id":933,"geometry":{"type":"Point","coordinates":[-77.02790382298862,38.943520775973056]},"properties":{"NAME":"MacFarland Middle School","ADDRESS":"4400 IOWA AVENUE NW","TYPE":"Indoor/Outdoor","SITE_TYPE":"Public School","WARD":"Ward 4","MAR_ID":294595,"GIS_ID":"WirelessHotSpotPt_933","YCOORD":141735.98000000001,"XCOORD":397581.19,"LONGITUDE":-77.027901529999994,"LATITUDE":38.943512980000001,"LABEL":null,"NUMBER_OF_SITES":null,"SE_ANNO_CAD_DATA":null,"GLOBALID":"{1745094A-0E8A-40D7-AABF-BFBEE2D114A7}","CREATOR":"JLAY","CREATED":1713469448000,"EDITOR":"DCGIS","EDITED":1713477402000,"OBJECTID":933}},{"type":"Feature","id":704,"geometry":{"type":"Point","coordinates":[-77.075110929950156,38.965166218868475]},"properties":{"NAME":"Chevy Chase Community Center","ADDRESS":"5601 CONNECTICUT AVENUE NW","TYPE":"Indoor/Outdoor","SITE_TYPE":"Rec. Center","WARD":"Ward 3","MAR_ID":263959,"GIS_ID":"WirelessHotSpotPt_704","YCOORD":144141.13,"XCOORD":393490.73999999999,"LONGITUDE":-77.075108619999995,"LATITUDE":38.965158750000001,"LABEL":null,"NUMBER_OF_SITES":null,"SE_ANNO_CAD_DATA":null,"GLOBALID":"{06E87C6E-D43C-49CE-A8BE-9040D440F6D2}","CREATOR":"JLAY","CREATED":1713469448000,"EDITOR":"DCGIS","EDITED":1713477402000,"OBJECTID":704}},{"type":"Feature","id":882,"geometry":{"type":"Point","coordinates":[-76.929956801069082,38.904978580348654]},"properties":{"NAME":"Houston Elementary School","ADDRESS":"1100 50TH PLACE NE","TYPE":"Indoor","SITE_TYPE":"Public School","WARD":"Ward 7","MAR_ID":156316,"GIS_ID":"WirelessHotSpotPt_882","YCOORD":137459.42999999999,"XCOORD":406075.59000000003,"LONGITUDE":-76.929954539999997,"LATITUDE":38.90497079,"LABEL":null,"NUMBER_OF_SITES":null,"SE_ANNO_CAD_DATA":null,"GLOBALID":"{1A199931-C4F1-4E72-AFEF-B4C5236FA309}","CREATOR":"JLAY","CREATED":1713469448000,"EDITOR":"DCGIS","EDITED":1713477402000,"OBJECTID":882}},{"type":"Feature","id":992,"geometry":{"type":"Point","coordinates":[-77.039462644715371,38.898821265746633]},"properties":{"NAME":"PA2040 Cabinet 4 (NW Corner)","ADDRESS":"17TH STREET NW AND PENNSYLVANIA AVENUE NW","TYPE":"Outdoor","SITE_TYPE":"Administrative","WARD":"Ward 2","MAR_ID":902251,"GIS_ID":"WirelessHotSpotPt_992","YCOORD":136774.32812399999,"XCOORD":396576.99999500002,"LONGITUDE":-77.039459999999991,"LATITUDE":38.898814000000002,"LABEL":null,"NUMBER_OF_SITES":null,"SE_ANNO_CAD_DATA":null,"GLOBALID":"{AE3180CF-5A20-4D7D-9E52-A48ACFF57A12}","CREATOR":"JLAY","CREATED":1713469448000,"EDITOR":"DCGIS","EDITED":1713477402000,"OBJECTID":992}},{"type":"Feature","id":794,"geometry":{"type":"Point","coordinates":[-77.013220952898436,38.906731042751652]},"properties":{"NAME":"Dunbar-New York Ave Playground","ADDRESS":"100 N STREET NW","TYPE":"Outdoor","SITE_TYPE":"Rec. Center","WARD":"Ward 5","MAR_ID":305773,"GIS_ID":"WirelessHotSpotPt_794","YCOORD":137651.72,"XCOORD":398853.47000000003,"LONGITUDE":-77.013218660000007,"LATITUDE":38.906723249999999,"LABEL":null,"NUMBER_OF_SITES":null,"SE_ANNO_CAD_DATA":null,"GLOBALID":"{E68D4E3A-31B8-446E-8282-A97547326509}","CREATOR":"JLAY","CREATED":1713469448000,"EDITOR":"DCGIS","EDITED":1713477402000,"OBJECTID":794}},{"type":"Feature","id":1009,"geometry":{"type":"Point","coordinates":[-77.026139719672315,38.942207685179064]},"properties":{"NAME":"Petworth Neighborhood Library","ADDRESS":"4200 KANSAS AVENUE NW","TYPE":"Outdoor","SITE_TYPE":"Library","WARD":"Ward 4","MAR_ID":295146,"GIS_ID":"WirelessHotSpotPt_1009","YCOORD":141590.17000000001,"XCOORD":397734.08000000002,"LONGITUDE":-77.026137430000006,"LATITUDE":38.942200219999997,"LABEL":null,"NUMBER_OF_SITES":null,"SE_ANNO_CAD_DATA":null,"GLOBALID":"{623CBA51-81F7-47AD-BD40-75D5CFDE3FFA}","CREATOR":"JLAY","CREATED":1713469448000,"EDITOR":"DCGIS","EDITED":1713477402000,"OBJECTID":1009}},{"type":"Feature","id":1004,"geometry":{"type":"Point","coordinates":[-77.008240288428567,38.82679013408768]},"properties":{"NAME":"Patterson Elementary School","ADDRESS":"4399 SOUTH CAPITOL TERRACE SW","TYPE":"Indoor/Outdoor","SITE_TYPE":"Public School","WARD":"Ward 8","MAR_ID":301073,"GIS_ID":"WirelessHotSpotPt_1004","YCOORD":128777.64,"XCOORD":399284.66999999998,"LONGITUDE":-77.008238009999999,"LATITUDE":38.826782360000003,"LABEL":null,"NUMBER_OF_SITES":null,"SE_ANNO_CAD_DATA":null,"GLOBALID":"{B38C44DB-1199-41ED-932F-EFDC145E8660}","CREATOR":"JLAY","CREATED":1713469448000,"EDITOR":"DCGIS","EDITED":1713477402000,"OBJECTID":1004}},{"type":"Feature","id":927,"geometry":{"type":"Point","coordinates":[-77.025042530880469,38.884480510613074]},"properties":{"NAME":"L'Enfant Plaza","ADDRESS":"955 L'ENFANT PLAZA SW","TYPE":"Indoor","SITE_TYPE":"Federal","WARD":"Ward 6","MAR_ID":291726,"GIS_ID":"WirelessHotSpotPt_927","YCOORD":135181.95000000001,"XCOORD":397827.44,"LONGITUDE":-77.025040239999996,"LATITUDE":38.884473059999998,"LABEL":null,"NUMBER_OF_SITES":null,"SE_ANNO_CAD_DATA":null,"GLOBALID":"{80326B8D-884C-4206-AB87-82E7D0E34DCF}","CREATOR":"JLAY","CREATED":1713469448000,"EDITOR":"DCGIS","EDITED":1713477402000,"OBJECTID":927}},{"type":"Feature","id":775,"geometry":{"type":"Point","coordinates":[-76.982744399039774,38.906448195388961]},"properties":{"NAME":"DPR Trinidad Recreation Center","ADDRESS":"1310 CHILDRESS STREET NE","TYPE":"Indoor","SITE_TYPE":"Rec. Center","WARD":"Ward 5","MAR_ID":68509,"GIS_ID":"WirelessHotSpotPt_775","YCOORD":137620.38,"XCOORD":401496.88,"LONGITUDE":-76.982742119999997,"LATITUDE":38.906440740000001,"LABEL":null,"NUMBER_OF_SITES":null,"SE_ANNO_CAD_DATA":null,"GLOBALID":"{9B9ADB76-AE99-4B27-9CED-37F2A6ECBAF8}","CREATOR":"JLAY","CREATED":1713469448000,"EDITOR":"DCGIS","EDITED":1713477402000,"OBJECTID":775}},{"type":"Feature","id":1067,"geometry":{"type":"Point","coordinates":[-77.010842107348168,38.871790944821001]},"properties":{"NAME":"Syphax Gardens","ADDRESS":"1501 HALF STREET SW","TYPE":"Outdoor","SITE_TYPE":"Public Housing","WARD":"Ward 6","MAR_ID":276554,"GIS_ID":"WirelessHotSpotPt_1067","YCOORD":133773.07000000001,"XCOORD":399059.34000000003,"LONGITUDE":-77.010839820000001,"LATITUDE":38.871783499999999,"LABEL":null,"NUMBER_OF_SITES":null,"SE_ANNO_CAD_DATA":null,"GLOBALID":"{C900A1C0-685A-4DD2-BEA5-9E380F8F54BB}","CREATOR":"JLAY","CREATED":1713469448000,"EDITOR":"DCGIS","EDITED":1713477402000,"OBJECTID":1067}},{"type":"Feature","id":880,"geometry":{"type":"Point","coordinates":[-76.962644367896118,38.858813896558765]},"properties":{"NAME":"Hillcrest Recreation Center","ADDRESS":"3100 DENVER STREET SE","TYPE":"Indoor/Outdoor","SITE_TYPE":"Rec. Center","WARD":"Ward 7","MAR_ID":296174,"GIS_ID":"WirelessHotSpotPt_880","YCOORD":132333.13,"XCOORD":403242.44,"LONGITUDE":-76.962642099999997,"LATITUDE":38.858806119999997,"LABEL":null,"NUMBER_OF_SITES":null,"SE_ANNO_CAD_DATA":null,"GLOBALID":"{1994E410-D6F1-4C88-B7F6-8681A1F52F93}","CREATOR":"JLAY","CREATED":1713469448000,"EDITOR":"DCGIS","EDITED":1713477402000,"OBJECTID":880}},{"type":"Feature","id":930,"geometry":{"type":"Point","coordinates":[-76.940487210402338,38.908236523752571]},"properties":{"NAME":"Lorraine H. Whitlock Elementary School @ Kenilworth ES (Swing Space)","ADDRESS":"1300 44TH STREET NE","TYPE":"Indoor/Outdoor","SITE_TYPE":"Public School / Rec. Center","WARD":"Ward 7","MAR_ID":294516,"GIS_ID":"WirelessHotSpotPt_930","YCOORD":137820.44,"XCOORD":405161.97000000003,"LONGITUDE":-76.940484940000005,"LATITUDE":38.908229069999997,"LABEL":null,"NUMBER_OF_SITES":null,"SE_ANNO_CAD_DATA":null,"GLOBALID":"{93F89D5F-7D7F-4A74-B037-0B433342E24C}","CREATOR":"JLAY","CREATED":1713469448000,"EDITOR":"DCGIS","EDITED":1713477402000,"OBJECTID":930}},{"type":"Feature","id":774,"geometry":{"type":"Point","coordinates":[-77.029037776133478,38.916716000655484]},"properties":{"NAME":"DPR Headquarters & DGS","ADDRESS":"1250 U STREET NW","TYPE":"Indoor","SITE_TYPE":"Administrative","WARD":"Ward 1","MAR_ID":297746,"GIS_ID":"WirelessHotSpotPt_774","YCOORD":138760.45000000001,"XCOORD":397481.94,"LONGITUDE":-77.029035480000005,"LATITUDE":38.916708540000002,"LABEL":null,"NUMBER_OF_SITES":null,"SE_ANNO_CAD_DATA":null,"GLOBALID":"{54AF8FC3-5B4E-4A87-8FE6-366E362EC77E}","CREATOR":"JLAY","CREATED":1713469448000,"EDITOR":"DCGIS","EDITED":1713477402000,"OBJECTID":774}},{"type":"Feature","id":959,"geometry":{"type":"Point","coordinates":[-77.008692809883001,38.868759074975692]},"properties":{"NAME":"MPD Helo Branch","ADDRESS":"1724 SOUTH CAPITOL STREET SE","TYPE":"Outdoor","SITE_TYPE":"Metro. Police Dept.","WARD":"Ward 6","MAR_ID":277757,"GIS_ID":"WirelessHotSpotPt_959","YCOORD":133436.48999999999,"XCOORD":399245.82000000001,"LONGITUDE":-77.008690999999999,"LATITUDE":38.868752000000001,"LABEL":null,"NUMBER_OF_SITES":null,"SE_ANNO_CAD_DATA":null,"GLOBALID":"{58E26C5C-C5AA-475F-A12D-899B1131FCEA}","CREATOR":"JLAY","CREATED":1713469448000,"EDITOR":"DCGIS","EDITED":1713477402000,"OBJECTID":959}},{"type":"Feature","id":973,"geometry":{"type":"Point","coordinates":[-76.985831714163837,38.915075720316899]},"properties":{"NAME":"New York Avenue (Homeless)","ADDRESS":"1355 NEW YORK AVENUE NE","TYPE":"Outdoor","SITE_TYPE":"Health Center","WARD":"Ward 5","MAR_ID":66060,"GIS_ID":"WirelessHotSpotPt_973","YCOORD":138578.06,"XCOORD":401228.95000000001,"LONGITUDE":-76.985829429999995,"LATITUDE":38.915068259999998,"LABEL":null,"NUMBER_OF_SITES":null,"SE_ANNO_CAD_DATA":null,"GLOBALID":"{7D8113FC-D176-4100-B319-D0F0B720E41F}","CREATOR":"JLAY","CREATED":1713469448000,"EDITOR":"DCGIS","EDITED":1713477402000,"OBJECTID":973}},{"type":"Feature","id":962,"geometry":{"type":"Point","coordinates":[-77.019552315599867,38.903994408277526]},"properties":{"NAME":"MPD Major Crash Division","ADDRESS":"501 NEW YORK AVENUE NW","TYPE":"Outdoor","SITE_TYPE":"Metro. Police Dept.","WARD":"Ward 2","MAR_ID":238919,"GIS_ID":"WirelessHotSpotPt_962","YCOORD":137348.03,"XCOORD":398304.25,"LONGITUDE":-77.019550030000005,"LATITUDE":38.903986619999998,"LABEL":null,"NUMBER_OF_SITES":null,"SE_ANNO_CAD_DATA":null,"GLOBALID":"{FE14577D-A4AD-4491-926B-59AB1EBD8ED5}","CREATOR":"JLAY","CREATED":1713469448000,"EDITOR":"DCGIS","EDITED":1713477402000,"OBJECTID":962}},{"type":"Feature","id":786,"geometry":{"type":"Point","coordinates":[-76.956839969778486,38.901238722729339]},"properties":{"NAME":"DPW - Benning Road NE","ADDRESS":"3200 BENNING ROAD NE","TYPE":"Indoor","SITE_TYPE":"Administrative","WARD":"Ward 7","MAR_ID":301048,"GIS_ID":"WirelessHotSpotPt_786","YCOORD":137042.83000000002,"XCOORD":403744,"LONGITUDE":-76.956837699999994,"LATITUDE":38.901230929999997,"LABEL":null,"NUMBER_OF_SITES":null,"SE_ANNO_CAD_DATA":null,"GLOBALID":"{D2038A56-FC70-4590-A7CE-67C1EF2421B5}","CREATOR":"JLAY","CREATED":1713469448000,"EDITOR":"DCGIS","EDITED":1713477402000,"OBJECTID":786}},{"type":"Feature","id":914,"geometry":{"type":"Point","coordinates":[-76.995255970353611,38.832966083152051]},"properties":{"NAME":"KIPP, DC @ Ferebee Hope","ADDRESS":"3999 8TH STREET SE","TYPE":"Indoor/Outdoor","SITE_TYPE":"Public Charter School","WARD":"Ward 8","MAR_ID":294588,"GIS_ID":"WirelessHotSpotPt_914","YCOORD":129463.19,"XCOORD":400412.10000000003,"LONGITUDE":-76.995253689999998,"LATITUDE":38.832958310000002,"LABEL":null,"NUMBER_OF_SITES":null,"SE_ANNO_CAD_DATA":null,"GLOBALID":"{DA0E23C3-8241-4DF3-A95A-0F01BFFD472C}","CREATOR":"JLAY","CREATED":1713469448000,"EDITOR":"DCGIS","EDITED":1713477402000,"OBJECTID":914}},{"type":"Feature","id":703,"geometry":{"type":"Point","coordinates":[-76.991368706476877,38.82944832521806]},"properties":{"NAME":"Chesapeake Veterans House","ADDRESS":"840 CHESAPEAKE STREET SE","TYPE":"Outdoor","SITE_TYPE":"Health Center","WARD":"Ward 8","MAR_ID":81323,"GIS_ID":"WirelessHotSpotPt_703","YCOORD":129072.72,"XCOORD":400749.65000000002,"LONGITUDE":-76.991366429999999,"LATITUDE":38.829440550000001,"LABEL":null,"NUMBER_OF_SITES":null,"SE_ANNO_CAD_DATA":null,"GLOBALID":"{AD9DA495-BA00-491E-AB6D-53F819920C7B}","CREATOR":"JLAY","CREATED":1713469448000,"EDITOR":"DCGIS","EDITED":1713477402000,"OBJECTID":703}},{"type":"Feature","id":1012,"geometry":{"type":"Point","coordinates":[-76.939936939656221,38.887247650633569]},"properties":{"NAME":"Plummer Elementary School","ADDRESS":"4601 TEXAS AVENUE SE","TYPE":"Indoor/Outdoor","SITE_TYPE":"Public School","WARD":"Ward 7","MAR_ID":19536,"GIS_ID":"WirelessHotSpotPt_1012","YCOORD":135490.54000000001,"XCOORD":405211.22999999998,"LONGITUDE":-76.939934679999993,"LATITUDE":38.887240200000001,"LABEL":null,"NUMBER_OF_SITES":null,"SE_ANNO_CAD_DATA":null,"GLOBALID":"{433B0E63-2448-4A88-B0CC-E9037FAA5066}","CREATOR":"JLAY","CREATED":1713469448000,"EDITOR":"DCGIS","EDITED":1713477402000,"OBJECTID":1012}},{"type":"Feature","id":784,"geometry":{"type":"Point","coordinates":[-76.981152150386379,38.91322429637021]},"properties":{"NAME":"DPW - 15th Street NE (Impound Lot)","ADDRESS":"1725 15TH STREET NE","TYPE":"Indoor/Outdoor","SITE_TYPE":"Administrative","WARD":"Ward 5","MAR_ID":301201,"GIS_ID":"WirelessHotSpotPt_784","YCOORD":138372.61000000002,"XCOORD":401634.83000000002,"LONGITUDE":-76.981149869999996,"LATITUDE":38.913216839999997,"LABEL":null,"NUMBER_OF_SITES":null,"SE_ANNO_CAD_DATA":null,"GLOBALID":"{54188872-6367-49AB-B4EB-3D6C92A289AB}","CREATOR":"JLAY","CREATED":1713469448000,"EDITOR":"DCGIS","EDITED":1713477402000,"OBJECTID":784}},{"type":"Feature","id":945,"geometry":{"type":"Point","coordinates":[-76.988708615653181,38.892438670108945]},"properties":{"NAME":"Maury Elementary School","ADDRESS":"1250 CONSTITUTION AVENUE NE","TYPE":"Indoor/Outdoor","SITE_TYPE":"Public School","WARD":"Ward 6","MAR_ID":294511,"GIS_ID":"WirelessHotSpotPt_945","YCOORD":136065.13,"XCOORD":400979.76000000001,"LONGITUDE":-76.988706339999993,"LATITUDE":38.892430879999999,"LABEL":null,"NUMBER_OF_SITES":null,"SE_ANNO_CAD_DATA":null,"GLOBALID":"{3CBFF7F5-BE30-465B-B488-F7D580153FD0}","CREATOR":"JLAY","CREATED":1713469448000,"EDITOR":"DCGIS","EDITED":1713477402000,"OBJECTID":945}},{"type":"Feature","id":856,"geometry":{"type":"Point","coordinates":[-77.088080206301626,38.942448932271823]},"properties":{"NAME":"Friendship Recreation Center","ADDRESS":"4500 VAN NESS STREET NW","TYPE":"Indoor/Outdoor","SITE_TYPE":"Rec. Center","WARD":"Ward 3","MAR_ID":295150,"GIS_ID":"WirelessHotSpotPt_856","YCOORD":141620.31,"XCOORD":392364.33000000002,"LONGITUDE":-77.088077889999994,"LATITUDE":38.94244114,"LABEL":null,"NUMBER_OF_SITES":null,"SE_ANNO_CAD_DATA":null,"GLOBALID":"{D6CEDFF0-4B46-48E6-A8F1-630D629434A0}","CREATOR":"JLAY","CREATED":1713469448000,"EDITOR":"DCGIS","EDITED":1713477402000,"OBJECTID":856}},{"type":"Feature","id":744,"geometry":{"type":"Point","coordinates":[-77.018933578754101,38.898322217032273]},"properties":{"NAME":"DDoT Chinatown Cabinet","ADDRESS":"5TH STREET NW AND G STREET NW","TYPE":"Outdoor","SITE_TYPE":"Administrative","WARD":"Ward 2/6","MAR_ID":904252,"GIS_ID":"WirelessHotSpotPt_744","YCOORD":136718.359964,"XCOORD":398357.78758,"LONGITUDE":-77.018930999999995,"LATITUDE":38.898314999999997,"LABEL":null,"NUMBER_OF_SITES":null,"SE_ANNO_CAD_DATA":null,"GLOBALID":"{FB145FAE-27EB-4336-B44F-395A1C107D61}","CREATOR":"JLAY","CREATED":1713469448000,"EDITOR":"DCGIS","EDITED":1713477402000,"OBJECTID":744}},{"type":"Feature","id":981,"geometry":{"type":"Point","coordinates":[-77.014275196924004,38.812875412555108]},"properties":{"NAME":"OSSE-DOT Bus Terminal","ADDRESS":"4 DC VILLAGE LANE SW","TYPE":"Indoor/Outdoor","SITE_TYPE":"Administrative","WARD":"Ward 8","MAR_ID":338645,"GIS_ID":"WirelessHotSpotPt_981","YCOORD":127233.08,"XCOORD":398760.40000000002,"LONGITUDE":-77.014272910000003,"LATITUDE":38.81286764,"LABEL":null,"NUMBER_OF_SITES":null,"SE_ANNO_CAD_DATA":null,"GLOBALID":"{431DA043-FC33-4B93-893B-6D4C292FCD40}","CREATOR":"JLAY","CREATED":1713469448000,"EDITOR":"DCGIS","EDITED":1713477402000,"OBJECTID":981}},{"type":"Feature","id":989,"geometry":{"type":"Point","coordinates":[-77.043464792461577,38.900209808436081]},"properties":{"NAME":"PA2040 Cabinet 14 (NE Corner)","ADDRESS":"19TH STREET NW AND PENNSYLVANIA AVENUE NW","TYPE":"Outdoor","SITE_TYPE":"Administrative","WARD":"Ward 2","MAR_ID":902310,"GIS_ID":"WirelessHotSpotPt_989","YCOORD":136928.62502050001,"XCOORD":396229.90626645001,"LONGITUDE":-77.043462489999996,"LATITUDE":38.900202020000002,"LABEL":null,"NUMBER_OF_SITES":null,"SE_ANNO_CAD_DATA":null,"GLOBALID":"{F586C237-0B1A-44CD-81C3-C4839C18B590}","CREATOR":"JLAY","CREATED":1713469448000,"EDITOR":"DCGIS","EDITED":1713477402000,"OBJECTID":989}},{"type":"Feature","id":1050,"geometry":{"type":"Point","coordinates":[-77.025992737732238,38.892089726089317]},"properties":{"NAME":"Smithsonian National Museum of Natural History","ADDRESS":"10TH STREET NW AND CONSTITUTION AVENUE NW","TYPE":"Outdoor","SITE_TYPE":"Federal","WARD":"Ward 2","MAR_ID":905743,"GIS_ID":"WirelessHotSpotPt_1050","YCOORD":136026.65455599999,"XCOORD":397745.23842800001,"LONGITUDE":-77.025989999999993,"LATITUDE":38.892081999999995,"LABEL":null,"NUMBER_OF_SITES":null,"SE_ANNO_CAD_DATA":null,"GLOBALID":"{23F5C704-C0C6-4BA4-86C9-3B08C1FAA3C8}","CREATOR":"JLAY","CREATED":1713469448000,"EDITOR":"DCGIS","EDITED":1713477402000,"OBJECTID":1050}},{"type":"Feature","id":845,"geometry":{"type":"Point","coordinates":[-76.992899380580226,38.943226347599335]},"properties":{"NAME":"FEMS Fire Clinic/Medical Services Office","ADDRESS":"920 VARNUM STREET NE","TYPE":"Indoor/Outdoor","SITE_TYPE":"Fire Emergency Medical Services","WARD":"Ward 5","MAR_ID":289075,"GIS_ID":"WirelessHotSpotPt_845","YCOORD":141702.95000000001,"XCOORD":400615.76000000001,"LONGITUDE":-76.992897099999993,"LATITUDE":38.943218549999997,"LABEL":null,"NUMBER_OF_SITES":null,"SE_ANNO_CAD_DATA":null,"GLOBALID":"{38E34CD7-34F2-41B9-86D2-30E2E7EA15C5}","CREATOR":"JLAY","CREATED":1713469448000,"EDITOR":"DCGIS","EDITED":1713477402000,"OBJECTID":845}},{"type":"Feature","id":813,"geometry":{"type":"Point","coordinates":[-76.986098513998897,38.864882792102343]},"properties":{"NAME":"Engine Company 15 (Rescue Squad 3 BFC 3)","ADDRESS":"2101 14TH STREET SE","TYPE":"Indoor/Outdoor","SITE_TYPE":"Fire Emergency Medical Services","WARD":"Ward 8","MAR_ID":156246,"GIS_ID":"WirelessHotSpotPt_813","YCOORD":133006.25,"XCOORD":401206.66000000003,"LONGITUDE":-76.986096239999995,"LATITUDE":38.864875009999999,"LABEL":null,"NUMBER_OF_SITES":null,"SE_ANNO_CAD_DATA":null,"GLOBALID":"{BDE26E65-2598-42FD-888D-A6CC0C08C6EB}","CREATOR":"JLAY","CREATED":1713469448000,"EDITOR":"DCGIS","EDITED":1713477402000,"OBJECTID":813}}]}