{
"type": "FeatureCollection",
"name": "Parks_-_City_of_Norfolk",
"crs": { "type": "name", "properties": { "name": "urn:ogc:def:crs:OGC:1.3:CRS84" } },
"features": [
{ "type": "Feature", "properties": { "OBJECTID": 1, "ID": 121, "PARK_NAME": "Pollard Street Playground", "BASKETBALL_COURTS": "2", "GYMS": "0", "RESTROOMS": "no", "DETAILS": "none", "X_COORD": 12133888.71331536, "Y_COORD": 3482556.7665264499, "ADDRESS": "913 Pollard Street", "PARK_TYPE": "NAP", "Shape_Leng": 1001.17804985, "ACRES": 1.32362874, "ADDITIONAL_INFO": " ", "BIKE_RACKS": 0, "LIGHTED_BASKETBALL_COURTS": 0, "LIGHTED_BASEBALL_FIELDS": 0, "LIGHTED_TENNIS_COURTS": 0, "ADA_PLAYGROUNDS": 0, "PLAYGROUNDS": 1, "TENNIS_COURTS": 0, "FOOTBALL_FIELDS": 0, "BASEBALL_FIELDS": 1, "POOLS": null, "GYM": null, "PICNIC_SHELTERS": null, "REC_CENTER": null, "PICNIC_TABLES": null, "LIGHTED_FOOTBALL_FIELDS": null, "created_user": null, "created_date": null, "last_edited_user": "RFRASHE", "last_edited_date": "2026-01-06T18:59:23Z", "LUCITYID": "PRK-0001", "COMPKEY": 2586423, "UNITID": "3071", "LucityAutoID": 1, "InLucity": 1, "LastSynDate": "2020-07-24T12:33:29Z", "Shape__Area": 55096.850754656232, "Shape__Length": 956.0653750863421 }, "geometry": { "type": "Polygon", "coordinates": [ [ [ -76.274731736209276, 36.866752685272495 ], [ -76.275154913516417, 36.866310933419193 ], [ -76.274816661810817, 36.866116705756717 ], [ -76.274221030269203, 36.865941842917302 ], [ -76.27391184423719, 36.866252432983281 ], [ -76.274731736209276, 36.866752685272495 ] ] ] } },
{ "type": "Feature", "properties": { "OBJECTID": 2, "ID": 1, "PARK_NAME": "Willoughby Boat Ramp", "BASKETBALL_COURTS": "0", "GYMS": "0", "RESTROOMS": "no", "DETAILS": "2 boat ramps", "X_COORD": 12129059.03835573, "Y_COORD": 3518169.10023975, "ADDRESS": "1275 Bayville Street", "PARK_TYPE": "PBR", "Shape_Leng": 1633.11790307, "ACRES": 2.60241695, "ADDITIONAL_INFO": " ", "BIKE_RACKS": 0, "LIGHTED_BASKETBALL_COURTS": 0, "LIGHTED_BASEBALL_FIELDS": 0, "LIGHTED_TENNIS_COURTS": 0, "ADA_PLAYGROUNDS": 0, "PLAYGROUNDS": 0, "TENNIS_COURTS": 0, "FOOTBALL_FIELDS": 0, "BASEBALL_FIELDS": 0, "POOLS": null, "GYM": null, "PICNIC_SHELTERS": null, "REC_CENTER": null, "PICNIC_TABLES": null, "LIGHTED_FOOTBALL_FIELDS": null, "created_user": null, "created_date": null, "last_edited_user": "RFRASHE", "last_edited_date": "2026-01-06T18:59:23Z", "LUCITYID": "PRK-0002", "COMPKEY": 2586113, "UNITID": "4060", "LucityAutoID": 2, "InLucity": 1, "LastSynDate": "2020-07-24T12:33:29Z", "Shape__Area": 113360.83125326427, "Shape__Length": 1633.1177459755081 }, "geometry": { "type": "Polygon", "coordinates": [ [ [ -76.288841727609409, 36.964443707280743 ], [ -76.288851916084852, 36.964094714667709 ], [ -76.287920596303081, 36.963687053142721 ], [ -76.287899964230874, 36.963727631144771 ], [ -76.287901367532911, 36.963762771014665 ], [ -76.287957061609646, 36.963853551772445 ], [ -76.288023269403311, 36.963917221640791 ], [ -76.287903892328302, 36.9640924945395 ], [ -76.287767718224714, 36.964093835467892 ], [ -76.287746818527381, 36.964559672153378 ], [ -76.287306915914542, 36.964639181363843 ], [ -76.287305641906741, 36.96476595568133 ], [ -76.287901180063656, 36.964851286185493 ], [ -76.287987965255283, 36.964876326668545 ], [ -76.28820128451207, 36.965063709484191 ], [ -76.288301091066316, 36.96497585107025 ], [ -76.28839835408111, 36.964891846748756 ], [ -76.288467466554991, 36.964856082184987 ], [ -76.288573195659765, 36.96481515436767 ], [ -76.288658576235633, 36.964805054474816 ], [ -76.288666050447659, 36.964465764479861 ], [ -76.288841727609409, 36.964443707280743 ] ] ] } },
{ "type": "Feature", "properties": { "OBJECTID": 3, "ID": 44, "PARK_NAME": "Haven Creek Boat Ramp", "BASKETBALL_COURTS": "0", "GYMS": "0", "RESTROOMS": "no", "DETAILS": "1 boat ramp", "X_COORD": 12130983.872709179, "Y_COORD": 3488888.0975848702, "ADDRESS": "300 Delaware Avenue", "PARK_TYPE": "PBR", "Shape_Leng": 855.95513792999998, "ACRES": 0.81823934, "ADDITIONAL_INFO": " ", "BIKE_RACKS": 0, "LIGHTED_BASKETBALL_COURTS": 0, "LIGHTED_BASEBALL_FIELDS": 0, "LIGHTED_TENNIS_COURTS": 0, "ADA_PLAYGROUNDS": 0, "PLAYGROUNDS": 0, "TENNIS_COURTS": 0, "FOOTBALL_FIELDS": 0, "BASEBALL_FIELDS": 0, "POOLS": null, "GYM": null, "PICNIC_SHELTERS": null, "REC_CENTER": null, "PICNIC_TABLES": null, "LIGHTED_FOOTBALL_FIELDS": null, "created_user": null, "created_date": null, "last_edited_user": "RFRASHE", "last_edited_date": "2026-01-06T18:59:23Z", "LUCITYID": "PRK-0003", "COMPKEY": 2586112, "UNITID": "5029", "LucityAutoID": 3, "InLucity": 1, "LastSynDate": "2020-07-24T12:33:29Z", "Shape__Area": 35642.341379709396, "Shape__Length": 855.95480421966761 }, "geometry": { "type": "Polygon", "coordinates": [ [ [ -76.284008045902368, 36.884329244934456 ], [ -76.284293840769308, 36.883509105210621 ], [ -76.283936180013512, 36.8834287464136 ], [ -76.283610668411967, 36.8842639100639 ], [ -76.284008045902368, 36.884329244934456 ] ] ] } },
{ "type": "Feature", "properties": { "OBJECTID": 4, "ID": 29, "PARK_NAME": "Campostella Center", "BASKETBALL_COURTS": "2", "GYMS": "0", "RESTROOMS": "no", "DETAILS": "none", "X_COORD": 12136309.18960708, "Y_COORD": 3469425.4127188702, "ADDRESS": "1130 Leake Street", "PARK_TYPE": "CCAPA", "Shape_Leng": 873.18535212999996, "ACRES": 1.56695078, "ADDITIONAL_INFO": " ", "BIKE_RACKS": 0, "LIGHTED_BASKETBALL_COURTS": 0, "LIGHTED_BASEBALL_FIELDS": 0, "LIGHTED_TENNIS_COURTS": 0, "ADA_PLAYGROUNDS": 0, "PLAYGROUNDS": 1, "TENNIS_COURTS": 0, "FOOTBALL_FIELDS": 0, "BASEBALL_FIELDS": 0, "POOLS": null, "GYM": null, "PICNIC_SHELTERS": null, "REC_CENTER": null, "PICNIC_TABLES": null, "LIGHTED_FOOTBALL_FIELDS": null, "created_user": null, "created_date": null, "last_edited_user": "RFRASHE", "last_edited_date": "2026-01-06T18:59:23Z", "LUCITYID": "PRK-0004", "COMPKEY": 2586228, "UNITID": "8038", "LucityAutoID": 4, "InLucity": 1, "LastSynDate": "2020-07-24T12:33:29Z", "Shape__Area": 68256.036896000413, "Shape__Length": 1145.1678218263185 }, "geometry": { "type": "Polygon", "coordinates": [ [ [ -76.267504060668315, 36.830645322217109 ], [ -76.267837813473292, 36.829864787665052 ], [ -76.267405776902592, 36.829731302738232 ], [ -76.267446392355041, 36.829635332754727 ], [ -76.267034666537441, 36.829532129275243 ], [ -76.267025773558245, 36.829724425261723 ], [ -76.267002113290303, 36.830236071753284 ], [ -76.266859515826297, 36.830447321634821 ], [ -76.267073432932378, 36.830522661345981 ], [ -76.267166523609148, 36.830546210566311 ], [ -76.267504060668315, 36.830645322217109 ] ] ] } },
{ "type": "Feature", "properties": { "OBJECTID": 5, "ID": 18, "PARK_NAME": "Jeff Robertson Park", "BASKETBALL_COURTS": "0", "GYMS": "0", "RESTROOMS": "no", "DETAILS": "Elizabeth River Trail asphalt path runs through", "X_COORD": 12125200.15225105, "Y_COORD": 3484984.1511760601, "ADDRESS": "1220 Azalea Court", "PARK_TYPE": "NAP", "Shape_Leng": 3514.3644326499998, "ACRES": 9.65625768, "ADDITIONAL_INFO": " ", "BIKE_RACKS": 0, "LIGHTED_BASKETBALL_COURTS": 0, "LIGHTED_BASEBALL_FIELDS": 0, "LIGHTED_TENNIS_COURTS": 0, "ADA_PLAYGROUNDS": 0, "PLAYGROUNDS": 0, "TENNIS_COURTS": 0, "FOOTBALL_FIELDS": 2, "BASEBALL_FIELDS": 1, "POOLS": null, "GYM": null, "PICNIC_SHELTERS": null, "REC_CENTER": null, "PICNIC_TABLES": null, "LIGHTED_FOOTBALL_FIELDS": null, "created_user": null, "created_date": null, "last_edited_user": "RFRASHE", "last_edited_date": "2026-01-06T18:59:23Z", "LUCITYID": "PRK-0005", "COMPKEY": 2586407, "UNITID": "3007", "LucityAutoID": 5, "InLucity": 1, "LastSynDate": "2020-07-24T12:33:29Z", "Shape__Area": 420624.77812054078, "Shape__Length": 3514.3643790405954 }, "geometry": { "type": "Polygon", "coordinates": [ [ [ -76.305535886124161, 36.874506502188872 ], [ -76.306173796796571, 36.872851032147381 ], [ -76.304390664606558, 36.873483011047 ], [ -76.302488582139816, 36.872503564988257 ], [ -76.301785066584927, 36.873384388744732 ], [ -76.301782809309529, 36.873583976582026 ], [ -76.302041165115355, 36.873655297584357 ], [ -76.302310032321159, 36.873485688593306 ], [ -76.303101447724544, 36.873858084299208 ], [ -76.303941477172444, 36.874114605550545 ], [ -76.305535886124161, 36.874506502188872 ] ] ] } },
{ "type": "Feature", "properties": { "OBJECTID": 6, "ID": 142, "PARK_NAME": "St Helena Elementary Berkley Community Center", "BASKETBALL_COURTS": "4", "GYMS": "0", "RESTROOMS": "yes", "DETAILS": "Outdoor pool", "X_COORD": 12131108.64764292, "Y_COORD": 3469592.6909610201, "ADDRESS": "903 South Main Street", "PARK_TYPE": "SCSSAPA", "Shape_Leng": 2796.45946615, "ACRES": 11.31044371, "ADDITIONAL_INFO": " ", "BIKE_RACKS": 0, "LIGHTED_BASKETBALL_COURTS": 0, "LIGHTED_BASEBALL_FIELDS": 1, "LIGHTED_TENNIS_COURTS": 0, "ADA_PLAYGROUNDS": 0, "PLAYGROUNDS": 1, "TENNIS_COURTS": 1, "FOOTBALL_FIELDS": 1, "BASEBALL_FIELDS": 1, "POOLS": null, "GYM": null, "PICNIC_SHELTERS": null, "REC_CENTER": null, "PICNIC_TABLES": null, "LIGHTED_FOOTBALL_FIELDS": null, "created_user": null, "created_date": null, "last_edited_user": "RFRASHE", "last_edited_date": "2026-01-06T18:59:23Z", "LUCITYID": "PRK-0006", "COMPKEY": 2586810, "UNITID": "8175", "LucityAutoID": 6, "InLucity": 1, "LastSynDate": "2020-07-24T12:33:29Z", "Shape__Area": 492680.94337097241, "Shape__Length": 2819.0192318990271 }, "geometry": { "type": "Polygon", "coordinates": [ [ [ -76.285261896131246, 36.832339289590173 ], [ -76.285349757533396, 36.832308987057971 ], [ -76.285491825785968, 36.832209786038597 ], [ -76.285559902451084, 36.832149558017136 ], [ -76.285591310638878, 36.832121770841752 ], [ -76.285793279975053, 36.8318614117754 ], [ -76.286066211059335, 36.831477838748683 ], [ -76.286071257347004, 36.830824819343192 ], [ -76.286048482146072, 36.830325170084926 ], [ -76.286011238513893, 36.830086239457664 ], [ -76.285936191606496, 36.82978097561088 ], [ -76.28506612659173, 36.829373718774512 ], [ -76.284975048193772, 36.829485562843089 ], [ -76.284745448277903, 36.829384194573876 ], [ -76.284143782674064, 36.830766052925043 ], [ -76.28382550645172, 36.83149702407124 ], [ -76.283786991323325, 36.831588219380635 ], [ -76.283761146630269, 36.831647751765317 ], [ -76.28385586966894, 36.831691829039521 ], [ -76.285261896131246, 36.832339289590173 ] ] ] } },
{ "type": "Feature", "properties": { "OBJECTID": 7, "ID": 14, "PARK_NAME": "Beechwood Park", "BASKETBALL_COURTS": "0", "GYMS": "0", "RESTROOMS": "no", "DETAILS": "none", "X_COORD": 12127277.14310259, "Y_COORD": 3479006.6703277202, "ADDRESS": "350 Beechwood Place", "PARK_TYPE": "NPP", "Shape_Leng": 504.41396572999997, "ACRES": 0.22293615, "ADDITIONAL_INFO": " ", "BIKE_RACKS": 0, "LIGHTED_BASKETBALL_COURTS": 0, "LIGHTED_BASEBALL_FIELDS": 0, "LIGHTED_TENNIS_COURTS": 0, "ADA_PLAYGROUNDS": 0, "PLAYGROUNDS": 0, "TENNIS_COURTS": 0, "FOOTBALL_FIELDS": 0, "BASEBALL_FIELDS": 0, "POOLS": null, "GYM": null, "PICNIC_SHELTERS": null, "REC_CENTER": null, "PICNIC_TABLES": null, "LIGHTED_FOOTBALL_FIELDS": null, "created_user": null, "created_date": null, "last_edited_user": "RFRASHE", "last_edited_date": "2026-01-06T18:59:23Z", "LUCITYID": "PRK-0007", "COMPKEY": 2586406, "UNITID": "3005", "LucityAutoID": 7, "InLucity": 1, "LastSynDate": "2020-07-24T12:33:29Z", "Shape__Area": 9711.065438484793, "Shape__Length": 440.98935193853742 }, "geometry": { "type": "Polygon", "coordinates": [ [ [ -76.297408845759463, 36.857240169555176 ], [ -76.297611653838985, 36.856825184710736 ], [ -76.297507370596605, 36.856790237575289 ], [ -76.297411161175518, 36.856757996213538 ], [ -76.297231897743671, 36.857161224135361 ], [ -76.297408845759463, 36.857240169555176 ] ] ] } },
{ "type": "Feature", "properties": { "OBJECTID": 8, "ID": 12, "PARK_NAME": "Barraud Park", "BASKETBALL_COURTS": "3", "GYMS": "0", "RESTROOMS": "yes", "DETAILS": "ampitheater, nature trail,", "X_COORD": 12136597.74903778, "Y_COORD": 3482562.84088931, "ADDRESS": "1136 Vista Street", "PARK_TYPE": "CP", "Shape_Leng": 3802.74888108, "ACRES": 20.80082343, "ADDITIONAL_INFO": " ", "BIKE_RACKS": 0, "LIGHTED_BASKETBALL_COURTS": 0, "LIGHTED_BASEBALL_FIELDS": 1, "LIGHTED_TENNIS_COURTS": 3, "ADA_PLAYGROUNDS": 0, "PLAYGROUNDS": 2, "TENNIS_COURTS": 3, "FOOTBALL_FIELDS": 1, "BASEBALL_FIELDS": 1, "POOLS": null, "GYM": null, "PICNIC_SHELTERS": null, "REC_CENTER": null, "PICNIC_TABLES": null, "LIGHTED_FOOTBALL_FIELDS": null, "created_user": null, "created_date": null, "last_edited_user": "RFRASHE", "last_edited_date": "2026-01-06T18:59:23Z", "LUCITYID": "PRK-0008", "COMPKEY": 2586378, "UNITID": "8021", "LucityAutoID": 8, "InLucity": 1, "LastSynDate": "2020-08-26T13:36:35Z", "Shape__Area": 906080.20369665243, "Shape__Length": 4256.6782983099965 }, "geometry": { "type": "Polygon", "coordinates": [ [ [ -76.26656696427186, 36.867573471603883 ], [ -76.26672481173803, 36.867692168822181 ], [ -76.267344162754441, 36.868048815770003 ], [ -76.267240681880793, 36.867360950636559 ], [ -76.267235864696715, 36.867069038752973 ], [ -76.267085902844627, 36.866741403108151 ], [ -76.267466539190394, 36.865945735262315 ], [ -76.266790266598449, 36.865727173538275 ], [ -76.2658661041187, 36.865413896186737 ], [ -76.265990445056516, 36.865176268421529 ], [ -76.263846035696417, 36.864462631999167 ], [ -76.26353895955431, 36.864928199304558 ], [ -76.263297238032763, 36.865347868605035 ], [ -76.262940688172051, 36.866043912223397 ], [ -76.263261641640625, 36.866360893225888 ], [ -76.264196548250339, 36.866723329145458 ], [ -76.264947500990345, 36.867043094877808 ], [ -76.265327762420611, 36.867371468601242 ], [ -76.26616710593963, 36.867669409925739 ], [ -76.266461003310468, 36.867552174867619 ], [ -76.26656696427186, 36.867573471603883 ] ] ] } },
{ "type": "Feature", "properties": { "OBJECTID": 9, "ID": 10, "PARK_NAME": "Azalea Little League Park", "BASKETBALL_COURTS": "0", "GYMS": "0", "RESTROOMS": "yes", "DETAILS": "none", "X_COORD": 12147474.34090507, "Y_COORD": 3480596.93114739, "ADDRESS": "1147 Pineridge Road", "PARK_TYPE": "NAP", "Shape_Leng": 4732.2578108500002, "ACRES": 21.37633927, "ADDITIONAL_INFO": "3 batting cages", "BIKE_RACKS": 0, "LIGHTED_BASKETBALL_COURTS": 0, "LIGHTED_BASEBALL_FIELDS": 8, "LIGHTED_TENNIS_COURTS": 0, "ADA_PLAYGROUNDS": 0, "PLAYGROUNDS": 1, "TENNIS_COURTS": 0, "FOOTBALL_FIELDS": 1, "BASEBALL_FIELDS": 8, "POOLS": null, "GYM": null, "PICNIC_SHELTERS": null, "REC_CENTER": null, "PICNIC_TABLES": null, "LIGHTED_FOOTBALL_FIELDS": null, "created_user": null, "created_date": null, "last_edited_user": "RFRASHE", "last_edited_date": "2026-01-06T18:59:23Z", "LUCITYID": "PRK-0009", "COMPKEY": 2586441, "UNITID": "8015", "LucityAutoID": 9, "InLucity": 1, "LastSynDate": "2020-07-24T12:33:29Z", "Shape__Area": 931149.52675337647, "Shape__Length": 4732.2578320875546 }, "geometry": { "type": "Polygon", "coordinates": [ [ [ -76.228735823310203, 36.861417792483088 ], [ -76.228599117867688, 36.860710293317538 ], [ -76.230086806774793, 36.860534643831258 ], [ -76.230036614599996, 36.860160101136799 ], [ -76.230520257093545, 36.860120107094062 ], [ -76.231084272154121, 36.860032323071451 ], [ -76.230908603729688, 36.8597469884049 ], [ -76.230730617054292, 36.859539141623401 ], [ -76.230454933553617, 36.859371698661448 ], [ -76.230249385902823, 36.859205609444587 ], [ -76.229963041411651, 36.859101396491198 ], [ -76.229657267392767, 36.859060244498529 ], [ -76.229462506385872, 36.859119916137111 ], [ -76.229168570379414, 36.859269301600179 ], [ -76.229053972145181, 36.85928823235507 ], [ -76.228899549821648, 36.859172469736841 ], [ -76.228807548116464, 36.859022670889338 ], [ -76.228776490105602, 36.858888147981133 ], [ -76.228736876395928, 36.858746410839665 ], [ -76.228667470937893, 36.858427884329316 ], [ -76.228501542700855, 36.858403529217959 ], [ -76.22814254004723, 36.85838248926288 ], [ -76.227742237676921, 36.858276065642769 ], [ -76.227557834464562, 36.858575585959599 ], [ -76.227432571591663, 36.858657745151966 ], [ -76.227289140535376, 36.858760698131547 ], [ -76.227082445014787, 36.858925864000902 ], [ -76.226918735853729, 36.859120056558275 ], [ -76.226848081822723, 36.859428824984839 ], [ -76.226862869687338, 36.859520742682349 ], [ -76.226920224026827, 36.859655775949562 ], [ -76.226853368759166, 36.859837744262123 ], [ -76.226796546925996, 36.85997761490637 ], [ -76.226710679174971, 36.860208555798188 ], [ -76.226616466266492, 36.860425237548036 ], [ -76.22658573216674, 36.860572662705025 ], [ -76.226544330502549, 36.860783317757743 ], [ -76.226468495140466, 36.860972160861309 ], [ -76.226301402113876, 36.861279064152896 ], [ -76.226034070196107, 36.861710898591134 ], [ -76.228735823310203, 36.861417792483088 ] ] ] } },
{ "type": "Feature", "properties": { "OBJECTID": 10, "ID": 8, "PARK_NAME": "Azalea Acres Playground", "BASKETBALL_COURTS": "1", "GYMS": "0", "RESTROOMS": "no", "DETAILS": "none", "X_COORD": 12151898.086076871, "Y_COORD": 3492159.3743896298, "ADDRESS": "5860 Townley Avenue", "PARK_TYPE": "NAP", "Shape_Leng": 1709.0401117399999, "ACRES": 3.50784443, "ADDITIONAL_INFO": " ", "BIKE_RACKS": 0, "LIGHTED_BASKETBALL_COURTS": 0, "LIGHTED_BASEBALL_FIELDS": 0, "LIGHTED_TENNIS_COURTS": 0, "ADA_PLAYGROUNDS": 0, "PLAYGROUNDS": 1, "TENNIS_COURTS": 1, "FOOTBALL_FIELDS": 0, "BASEBALL_FIELDS": 0, "POOLS": null, "GYM": null, "PICNIC_SHELTERS": null, "REC_CENTER": null, "PICNIC_TABLES": null, "LIGHTED_FOOTBALL_FIELDS": null, "created_user": null, "created_date": null, "last_edited_user": "RFRASHE", "last_edited_date": "2026-01-06T18:59:23Z", "LUCITYID": "PRK-0010", "COMPKEY": 2586440, "UNITID": "8009", "LucityAutoID": 10, "InLucity": 1, "LastSynDate": "2020-07-24T12:33:29Z", "Shape__Area": 152801.16539640178, "Shape__Length": 1709.0403400857424 }, "geometry": { "type": "Polygon", "coordinates": [ [ [ -76.212621127554186, 36.891259205143463 ], [ -76.212393862462235, 36.890842618687394 ], [ -76.212321380195874, 36.890749366676857 ], [ -76.212213019561418, 36.890736057340149 ], [ -76.212131450499072, 36.890759109393827 ], [ -76.212019762380493, 36.890763654568865 ], [ -76.211882045107387, 36.890799052783152 ], [ -76.211755475784059, 36.890834668827196 ], [ -76.211637808023184, 36.890852537709002 ], [ -76.211489143903563, 36.890881002482644 ], [ -76.211383993060068, 36.890946155322254 ], [ -76.211424668140467, 36.891076868251339 ], [ -76.211465747727473, 36.891194148530481 ], [ -76.211496017119359, 36.891300019487758 ], [ -76.211527097552164, 36.89137902520951 ], [ -76.211609428397225, 36.891423188240999 ], [ -76.211697467428991, 36.891462983403834 ], [ -76.211756758775167, 36.891531337847837 ], [ -76.21176309280051, 36.891598661935667 ], [ -76.211741284869902, 36.891674397752254 ], [ -76.21180418988628, 36.891807783346842 ], [ -76.211862939924245, 36.891894047567327 ], [ -76.211932079389072, 36.891913314213141 ], [ -76.212065997053813, 36.891911441841692 ], [ -76.212113649656033, 36.891903409906064 ], [ -76.212241979578607, 36.892179189420581 ], [ -76.212326979859299, 36.892319725577437 ], [ -76.212465411359361, 36.892445620470198 ], [ -76.212571256426884, 36.892449921722147 ], [ -76.212957080537606, 36.891955668259882 ], [ -76.212868143147176, 36.891853136623851 ], [ -76.212794577546802, 36.891795704600383 ], [ -76.212764104594456, 36.891696551660907 ], [ -76.212621127554186, 36.891259205143463 ] ] ] } },
{ "type": "Feature", "properties": { "OBJECTID": 11, "ID": 167, "PARK_NAME": "Winona Dog Park", "BASKETBALL_COURTS": "0", "GYMS": "0", "RESTROOMS": "no", "DETAILS": "No Fence", "X_COORD": 12136121.66581629, "Y_COORD": 3488291.5339813698, "ADDRESS": "3400 Norway Place", "PARK_TYPE": "DP", "Shape_Leng": 1239.36452534, "ACRES": 1.51346017, "ADDITIONAL_INFO": " ", "BIKE_RACKS": 0, "LIGHTED_BASKETBALL_COURTS": 0, "LIGHTED_BASEBALL_FIELDS": 0, "LIGHTED_TENNIS_COURTS": 0, "ADA_PLAYGROUNDS": 0, "PLAYGROUNDS": 0, "TENNIS_COURTS": 0, "FOOTBALL_FIELDS": 0, "BASEBALL_FIELDS": 0, "POOLS": null, "GYM": null, "PICNIC_SHELTERS": null, "REC_CENTER": null, "PICNIC_TABLES": null, "LIGHTED_FOOTBALL_FIELDS": null, "created_user": null, "created_date": null, "last_edited_user": "RFRASHE", "last_edited_date": "2026-01-06T18:59:23Z", "LUCITYID": "PRK-0011", "COMPKEY": 2587015, "UNITID": "5060", "LucityAutoID": 11, "InLucity": 1, "LastSynDate": "2020-07-24T12:33:29Z", "Shape__Area": 65926.037737777151, "Shape__Length": 1239.364141803921 }, "geometry": { "type": "Polygon", "coordinates": [ [ [ -76.267246772559972, 36.882131080826468 ], [ -76.267331365214204, 36.881836112452916 ], [ -76.266480648849239, 36.881667497758599 ], [ -76.266137951448343, 36.881705331 ], [ -76.265575637973782, 36.881819366614707 ], [ -76.265588164740294, 36.882096778837813 ], [ -76.265878565951027, 36.882077354766189 ], [ -76.265980631031695, 36.882126415473557 ], [ -76.266080552620949, 36.882131087032903 ], [ -76.266289416677097, 36.882068536870186 ], [ -76.266647563579212, 36.882091974493399 ], [ -76.2667548726061, 36.882080155627875 ], [ -76.266861038251321, 36.882107118902233 ], [ -76.266904970946982, 36.882138442724582 ], [ -76.267246772559972, 36.882131080826468 ] ] ] } },
{ "type": "Feature", "properties": { "OBJECTID": 12, "ID": 7, "PARK_NAME": "Ashby Street Park", "BASKETBALL_COURTS": "0.5", "GYMS": "0", "RESTROOMS": "no", "DETAILS": "none", "X_COORD": 12150746.16948298, "Y_COORD": 3486534.32275039, "ADDRESS": "5416 Ashby Street", "PARK_TYPE": "NAP", "Shape_Leng": 489.7420178, "ACRES": 0.33897959, "ADDITIONAL_INFO": "basketball court is very small slab of concrete", "BIKE_RACKS": 0, "LIGHTED_BASKETBALL_COURTS": 0, "LIGHTED_BASEBALL_FIELDS": 0, "LIGHTED_TENNIS_COURTS": 0, "ADA_PLAYGROUNDS": 0, "PLAYGROUNDS": 1, "TENNIS_COURTS": 0, "FOOTBALL_FIELDS": 0, "BASEBALL_FIELDS": 0, "POOLS": null, "GYM": null, "PICNIC_SHELTERS": null, "REC_CENTER": null, "PICNIC_TABLES": null, "LIGHTED_FOOTBALL_FIELDS": null, "created_user": null, "created_date": null, "last_edited_user": "RFRASHE", "last_edited_date": "2026-01-06T18:59:23Z", "LUCITYID": "PRK-0012", "COMPKEY": 2586439, "UNITID": "8008", "LucityAutoID": 12, "InLucity": 1, "LastSynDate": "2020-07-24T12:33:29Z", "Shape__Area": 14765.905214173912, "Shape__Length": 489.74233790291902 }, "geometry": { "type": "Polygon", "coordinates": [ [ [ -76.216915508879453, 36.876127986802622 ], [ -76.21681714962827, 36.875968197497308 ], [ -76.216791636438884, 36.875945336598356 ], [ -76.21675789922304, 36.875923629176697 ], [ -76.21672189361459, 36.875922929420497 ], [ -76.216665653015923, 36.875941572127076 ], [ -76.216577404138405, 36.875989851169507 ], [ -76.21650560227927, 36.876035818690958 ], [ -76.216442260928787, 36.876072741204787 ], [ -76.216375486839425, 36.876114860127224 ], [ -76.216335177326144, 36.876148282218558 ], [ -76.21632085713297, 36.876188789568253 ], [ -76.216325819449935, 36.876241511378311 ], [ -76.216344390274401, 36.876277394898707 ], [ -76.216363515498273, 36.876294870364191 ], [ -76.216375698462016, 36.87632536654715 ], [ -76.216411071790276, 36.87634710497727 ], [ -76.216437416546569, 36.876342353880247 ], [ -76.216802592006374, 36.876179733786053 ], [ -76.216915508879453, 36.876127986802622 ] ] ] } },
{ "type": "Feature", "properties": { "OBJECTID": 13, "ID": 5, "PARK_NAME": "Airport Gateway Park", "BASKETBALL_COURTS": "0", "GYMS": "0", "RESTROOMS": "no", "DETAILS": "none", "X_COORD": 12150460.833444379, "Y_COORD": 3494658.2833579802, "ADDRESS": "1936 Norview Avenue", "PARK_TYPE": "NPP", "Shape_Leng": 2403.7426119500001, "ACRES": 10.90680704, "ADDITIONAL_INFO": " ", "BIKE_RACKS": 0, "LIGHTED_BASKETBALL_COURTS": 0, "LIGHTED_BASEBALL_FIELDS": 0, "LIGHTED_TENNIS_COURTS": 0, "ADA_PLAYGROUNDS": 0, "PLAYGROUNDS": 0, "TENNIS_COURTS": 0, "FOOTBALL_FIELDS": 0, "BASEBALL_FIELDS": 0, "POOLS": null, "GYM": null, "PICNIC_SHELTERS": null, "REC_CENTER": null, "PICNIC_TABLES": null, "LIGHTED_FOOTBALL_FIELDS": null, "created_user": null, "created_date": null, "last_edited_user": "RFRASHE", "last_edited_date": "2026-01-06T18:59:23Z", "LUCITYID": "PRK-0013", "COMPKEY": 2586438, "UNITID": "8001", "LucityAutoID": 13, "InLucity": 1, "LastSynDate": "2020-07-24T12:33:29Z", "Shape__Area": 475098.53476083913, "Shape__Length": 2737.9927194838237 }, "geometry": { "type": "Polygon", "coordinates": [ [ [ -76.217622628604303, 36.899701291626151 ], [ -76.218305651960975, 36.899165888865383 ], [ -76.2181299969901, 36.898728457296997 ], [ -76.217634881257823, 36.897507047180106 ], [ -76.217518201907509, 36.89724131646868 ], [ -76.217327987829435, 36.897297562791479 ], [ -76.216502590211149, 36.897518734649964 ], [ -76.215748899964609, 36.897717273731921 ], [ -76.215575853914032, 36.897752944334769 ], [ -76.215522458624065, 36.897787938184699 ], [ -76.215502872189944, 36.897817583342544 ], [ -76.21549769013518, 36.897865525320178 ], [ -76.21549597188681, 36.897922541233335 ], [ -76.215468669986407, 36.898084152739393 ], [ -76.215444651991419, 36.898260841484436 ], [ -76.215405960336653, 36.898428235662799 ], [ -76.215338009430113, 36.898574044408946 ], [ -76.216838778185704, 36.899389899136104 ], [ -76.216866148680921, 36.899379564735142 ], [ -76.216893707653384, 36.899394571804017 ], [ -76.217553892184796, 36.899755058974279 ], [ -76.217622628604303, 36.899701291626151 ] ] ] } },
{ "type": "Feature", "properties": { "OBJECTID": 14, "ID": 3, "PARK_NAME": "38th Street Playground", "BASKETBALL_COURTS": "1", "GYMS": "0", "RESTROOMS": "no", "DETAILS": "none", "X_COORD": 12127308.56489818, "Y_COORD": 3487217.5875792298, "ADDRESS": "841 38th Street", "PARK_TYPE": "NAP", "Shape_Leng": 754.11830000999998, "ACRES": 0.5690329, "ADDITIONAL_INFO": " ", "BIKE_RACKS": 0, "LIGHTED_BASKETBALL_COURTS": 0, "LIGHTED_BASEBALL_FIELDS": 0, "LIGHTED_TENNIS_COURTS": 0, "ADA_PLAYGROUNDS": 0, "PLAYGROUNDS": 1, "TENNIS_COURTS": 0, "FOOTBALL_FIELDS": 0, "BASEBALL_FIELDS": 0, "POOLS": null, "GYM": null, "PICNIC_SHELTERS": null, "REC_CENTER": null, "PICNIC_TABLES": null, "LIGHTED_FOOTBALL_FIELDS": null, "created_user": null, "created_date": null, "last_edited_user": "RFRASHE", "last_edited_date": "2026-01-06T18:59:23Z", "LUCITYID": "PRK-0014", "COMPKEY": 2586999, "UNITID": "5002\r\n5002", "LucityAutoID": 14, "InLucity": 1, "LastSynDate": "2020-07-24T12:33:29Z", "Shape__Area": 24786.953122461622, "Shape__Length": 754.11824114976025 }, "geometry": { "type": "Polygon", "coordinates": [ [ [ -76.29678796669856, 36.879863181402214 ], [ -76.296777481285901, 36.87970930958037 ], [ -76.296943914540492, 36.879705143831593 ], [ -76.296927884277522, 36.879528319404962 ], [ -76.296828924719279, 36.879534561623046 ], [ -76.296813631657059, 36.87924313637005 ], [ -76.296390599160986, 36.87927329451167 ], [ -76.296412999769913, 36.879555102207533 ], [ -76.296512510657422, 36.87955205249046 ], [ -76.296532134237864, 36.879876814810622 ], [ -76.29678796669856, 36.879863181402214 ] ] ] } },
{ "type": "Feature", "properties": { "OBJECTID": 15, "ID": 2, "PARK_NAME": "37th Street Park", "BASKETBALL_COURTS": "0", "GYMS": "0", "RESTROOMS": "no", "DETAILS": "none", "X_COORD": 12123670.520377601, "Y_COORD": 3486864.15881937, "ADDRESS": "1430 37th Street", "PARK_TYPE": "NAP", "Shape_Leng": 551.01781115999995, "ACRES": 0.43163755, "ADDITIONAL_INFO": " ", "BIKE_RACKS": 0, "LIGHTED_BASKETBALL_COURTS": 0, "LIGHTED_BASEBALL_FIELDS": 0, "LIGHTED_TENNIS_COURTS": 0, "ADA_PLAYGROUNDS": 0, "PLAYGROUNDS": 1, "TENNIS_COURTS": 0, "FOOTBALL_FIELDS": 0, "BASEBALL_FIELDS": 0, "POOLS": null, "GYM": null, "PICNIC_SHELTERS": null, "REC_CENTER": null, "PICNIC_TABLES": null, "LIGHTED_FOOTBALL_FIELDS": null, "created_user": null, "created_date": null, "last_edited_user": "RFRASHE", "last_edited_date": "2026-01-06T18:59:23Z", "LUCITYID": "PRK-0015", "COMPKEY": 2587021, "UNITID": "5100", "LucityAutoID": 15, "InLucity": 1, "LastSynDate": "2020-07-24T12:33:30Z", "Shape__Area": 18802.083970190881, "Shape__Length": 551.01812407041018 }, "geometry": { "type": "Polygon", "coordinates": [ [ [ -76.309381055164991, 36.878964620261797 ], [ -76.309364232110056, 36.87861741807248 ], [ -76.308859992013623, 36.87863390235723 ], [ -76.30887029560219, 36.87898357178473 ], [ -76.309205842210588, 36.878969119395137 ], [ -76.309381055164991, 36.878964620261797 ] ] ] } },
{ "type": "Feature", "properties": { "OBJECTID": 16, "ID": 63, "PARK_NAME": "Greenway Court Park", "BASKETBALL_COURTS": "0", "GYMS": "0", "RESTROOMS": "no", "DETAILS": "none", "X_COORD": 12125390.412189741, "Y_COORD": 3482080.0029037399, "ADDRESS": "930 Greenway Park", "PARK_TYPE": "NPP", "Shape_Leng": 711.54509376, "ACRES": 0.57853135, "ADDITIONAL_INFO": " ", "BIKE_RACKS": 0, "LIGHTED_BASKETBALL_COURTS": 0, "LIGHTED_BASEBALL_FIELDS": 0, "LIGHTED_TENNIS_COURTS": 0, "ADA_PLAYGROUNDS": 0, "PLAYGROUNDS": 0, "TENNIS_COURTS": 0, "FOOTBALL_FIELDS": 0, "BASEBALL_FIELDS": 0, "POOLS": null, "GYM": null, "PICNIC_SHELTERS": null, "REC_CENTER": null, "PICNIC_TABLES": null, "LIGHTED_FOOTBALL_FIELDS": null, "created_user": null, "created_date": null, "last_edited_user": "RFRASHE", "last_edited_date": "2026-01-06T18:59:23Z", "LUCITYID": "PRK-0016", "COMPKEY": 2586413, "UNITID": "3033", "LucityAutoID": 16, "InLucity": 1, "LastSynDate": "2020-07-24T12:33:30Z", "Shape__Area": 25200.735989661596, "Shape__Length": 681.05571227368068 }, "geometry": { "type": "Polygon", "coordinates": [ [ [ -76.303780358460344, 36.865632500233318 ], [ -76.303972636882449, 36.865363340152044 ], [ -76.30366275410934, 36.865193486178313 ], [ -76.303261790158899, 36.865760474325 ], [ -76.30358897435066, 36.865900404022788 ], [ -76.303780358460344, 36.865632500233318 ] ] ] } },
{ "type": "Feature", "properties": { "OBJECTID": 17, "ID": 62, "PARK_NAME": "Graydon Place", "BASKETBALL_COURTS": "0", "GYMS": "0", "RESTROOMS": "no", "DETAILS": "none", "X_COORD": 12124042.789095569, "Y_COORD": 3484279.1440138002, "ADDRESS": "1400 Block Graydon Place", "PARK_TYPE": "MOUS", "Shape_Leng": 1577.7388587099999, "ACRES": 1.64271492, "ADDITIONAL_INFO": " ", "BIKE_RACKS": 0, "LIGHTED_BASKETBALL_COURTS": 0, "LIGHTED_BASEBALL_FIELDS": 0, "LIGHTED_TENNIS_COURTS": 0, "ADA_PLAYGROUNDS": 0, "PLAYGROUNDS": 0, "TENNIS_COURTS": 0, "FOOTBALL_FIELDS": 0, "BASEBALL_FIELDS": 0, "POOLS": null, "GYM": null, "PICNIC_SHELTERS": null, "REC_CENTER": null, "PICNIC_TABLES": null, "LIGHTED_FOOTBALL_FIELDS": null, "created_user": null, "created_date": null, "last_edited_user": "RFRASHE", "last_edited_date": "2026-01-06T18:59:23Z", "LUCITYID": "PRK-0017", "COMPKEY": 2586344, "UNITID": "3032", "LucityAutoID": 17, "InLucity": 1, "LastSynDate": "2020-07-24T12:33:30Z", "Shape__Area": 71556.401694188171, "Shape__Length": 1577.7387281277527 }, "geometry": { "type": "Polygon", "coordinates": [ [ [ -76.308360230947983, 36.871920866440931 ], [ -76.307765214007063, 36.870699662469896 ], [ -76.307724585405396, 36.870710681478933 ], [ -76.307625268584701, 36.870723549091167 ], [ -76.307544351586287, 36.870733817069251 ], [ -76.30751173139933, 36.870848035349283 ], [ -76.3076188068151, 36.871073799182241 ], [ -76.307850087882358, 36.871693471433964 ], [ -76.308144318554099, 36.872290764178217 ], [ -76.308187680454083, 36.872438787018694 ], [ -76.308250547370974, 36.872545954507849 ], [ -76.308374569409594, 36.872565933998544 ], [ -76.308473633399032, 36.87256189342726 ], [ -76.308580702001521, 36.872534447731034 ], [ -76.308604123953131, 36.872484831173338 ], [ -76.308587595604266, 36.872422694033169 ], [ -76.308556501561284, 36.872357338638906 ], [ -76.308360230947983, 36.871920866440931 ] ] ] } },
{ "type": "Feature", "properties": { "OBJECTID": 18, "ID": 59, "PARK_NAME": "Goff and Maltby Mini Park", "BASKETBALL_COURTS": "0", "GYMS": "0", "RESTROOMS": "no", "DETAILS": "none", "X_COORD": 12136012.5032702, "Y_COORD": 3479266.5197675298, "ADDRESS": "1305 Maltby Avenue", "PARK_TYPE": "NAP", "Shape_Leng": 437.3857866, "ACRES": 0.26388491, "ADDITIONAL_INFO": " ", "BIKE_RACKS": 0, "LIGHTED_BASKETBALL_COURTS": 0, "LIGHTED_BASEBALL_FIELDS": 0, "LIGHTED_TENNIS_COURTS": 0, "ADA_PLAYGROUNDS": 0, "PLAYGROUNDS": 1, "TENNIS_COURTS": 0, "FOOTBALL_FIELDS": 0, "BASEBALL_FIELDS": 0, "POOLS": null, "GYM": null, "PICNIC_SHELTERS": null, "REC_CENTER": null, "PICNIC_TABLES": null, "LIGHTED_FOOTBALL_FIELDS": null, "created_user": null, "created_date": null, "last_edited_user": "RFRASHE", "last_edited_date": "2026-01-06T18:59:23Z", "LUCITYID": "PRK-0018", "COMPKEY": 2586448, "UNITID": "8072", "LucityAutoID": 18, "InLucity": 1, "LastSynDate": "2020-07-24T12:33:30Z", "Shape__Area": 11494.766137171748, "Shape__Length": 437.38565637335597 }, "geometry": { "type": "Polygon", "coordinates": [ [ [ -76.267703977851269, 36.857319613410532 ], [ -76.267808826686519, 36.857098242068567 ], [ -76.267810138323185, 36.857098266995557 ], [ -76.267410257176621, 36.856964234297827 ], [ -76.267279012168785, 36.857191424849461 ], [ -76.267703977851269, 36.857319613410532 ] ] ] } },
{ "type": "Feature", "properties": { "OBJECTID": 19, "ID": 55, "PARK_NAME": "Friendship Park", "BASKETBALL_COURTS": "0", "GYMS": "0", "RESTROOMS": "no", "DETAILS": "pagoda, water garden", "X_COORD": 12128141.745815709, "Y_COORD": 3476435.3797880299, "ADDRESS": "265 W Tazwell Street", "PARK_TYPE": "NPP", "Shape_Leng": 1182.1982731600001, "ACRES": 1.88844478, "ADDITIONAL_INFO": " ", "BIKE_RACKS": 0, "LIGHTED_BASKETBALL_COURTS": 0, "LIGHTED_BASEBALL_FIELDS": 0, "LIGHTED_TENNIS_COURTS": 0, "ADA_PLAYGROUNDS": 0, "PLAYGROUNDS": 0, "TENNIS_COURTS": 0, "FOOTBALL_FIELDS": 0, "BASEBALL_FIELDS": 0, "POOLS": null, "GYM": null, "PICNIC_SHELTERS": null, "REC_CENTER": null, "PICNIC_TABLES": null, "LIGHTED_FOOTBALL_FIELDS": null, "created_user": null, "created_date": null, "last_edited_user": "RFRASHE", "last_edited_date": "2026-01-06T18:59:23Z", "LUCITYID": "PRK-0019", "COMPKEY": 2586412, "UNITID": "3028", "LucityAutoID": 19, "InLucity": 1, "LastSynDate": "2020-07-24T12:33:30Z", "Shape__Area": 82260.252234569271, "Shape__Length": 1182.1981565794365 }, "geometry": { "type": "Polygon", "coordinates": [ [ [ -76.295052777647257, 36.850036742480789 ], [ -76.295231368970235, 36.849705582891872 ], [ -76.295254945714461, 36.849603353833523 ], [ -76.294855051014466, 36.849466678821486 ], [ -76.294668566634826, 36.849360504658812 ], [ -76.294509953361214, 36.849287974208785 ], [ -76.294064033310974, 36.850167215065191 ], [ -76.294354644484812, 36.850235600075109 ], [ -76.294529832875142, 36.85030513034696 ], [ -76.294524654638508, 36.850341465340321 ], [ -76.294581741864192, 36.850362408819123 ], [ -76.29463307350882, 36.850439547896904 ], [ -76.294831647723669, 36.850413469291063 ], [ -76.295052777647257, 36.850036742480789 ] ] ] } },
{ "type": "Feature", "properties": { "OBJECTID": 20, "ID": 52, "PARK_NAME": "Fergis Reid Tennis Courts", "BASKETBALL_COURTS": "0", "GYMS": "0", "RESTROOMS": "no", "DETAILS": "none", "X_COORD": 12123949.95900948, "Y_COORD": 3482966.0320335501, "ADDRESS": "915 Orapax Avenue", "PARK_TYPE": "NAP", "Shape_Leng": 1213.6881653200001, "ACRES": 1.88677296, "ADDITIONAL_INFO": " ", "BIKE_RACKS": 0, "LIGHTED_BASKETBALL_COURTS": 0, "LIGHTED_BASEBALL_FIELDS": 0, "LIGHTED_TENNIS_COURTS": 0, "ADA_PLAYGROUNDS": 0, "PLAYGROUNDS": 0, "TENNIS_COURTS": 8, "FOOTBALL_FIELDS": 0, "BASEBALL_FIELDS": 0, "POOLS": null, "GYM": null, "PICNIC_SHELTERS": null, "REC_CENTER": null, "PICNIC_TABLES": null, "LIGHTED_FOOTBALL_FIELDS": null, "created_user": null, "created_date": null, "last_edited_user": "RFRASHE", "last_edited_date": "2026-01-06T18:59:23Z", "LUCITYID": "PRK-0020", "COMPKEY": 2586409, "UNITID": "3023", "LucityAutoID": 20, "InLucity": 1, "LastSynDate": "2020-07-24T12:33:30Z", "Shape__Area": 82854.337912765332, "Shape__Length": 1211.3382051670478 }, "geometry": { "type": "Polygon", "coordinates": [ [ [ -76.308132945420965, 36.868212341671573 ], [ -76.308315397745645, 36.868558126762558 ], [ -76.309219732836596, 36.868380297706153 ], [ -76.309065585551153, 36.86806292558159 ], [ -76.309037049795663, 36.868003696772661 ], [ -76.308979311118165, 36.867977608036924 ], [ -76.308943007968296, 36.867961204895828 ], [ -76.30890537930334, 36.86794420285328 ], [ -76.308830913785059, 36.867910556918673 ], [ -76.308756897928816, 36.867877114017148 ], [ -76.308683586413807, 36.8678439897676 ], [ -76.30860788085937, 36.86780978244424 ], [ -76.308533864104632, 36.86777633848039 ], [ -76.30846010543253, 36.86774301105207 ], [ -76.308385383413352, 36.867709248273705 ], [ -76.308310298203082, 36.867675322735096 ], [ -76.30823628283197, 36.867641878604523 ], [ -76.308162352766757, 36.867608473875016 ], [ -76.308087096153656, 36.867574469277592 ], [ -76.308078607066761, 36.867570634229622 ], [ -76.308009673577089, 36.867539486799508 ], [ -76.307753477486628, 36.867727585524591 ], [ -76.307775181459746, 36.867768103818179 ], [ -76.307834108185645, 36.867839501498658 ], [ -76.307843053372977, 36.867849641080745 ], [ -76.307884213010709, 36.867896303739379 ], [ -76.307898219717956, 36.867913203330851 ], [ -76.307924646148095, 36.867945087248359 ], [ -76.307950613254533, 36.86798009391601 ], [ -76.307975538420962, 36.868013695743564 ], [ -76.308132945420965, 36.868212341671573 ] ] ] } },
{ "type": "Feature", "properties": { "OBJECTID": 21, "ID": 45, "PARK_NAME": "Diggs Town Park", "BASKETBALL_COURTS": "4", "GYMS": "1", "RESTROOMS": "no", "DETAILS": "none", "X_COORD": 12137609.62650777, "Y_COORD": 3468694.4590149401, "ADDRESS": "1401 Melon Street", "PARK_TYPE": "NAP", "Shape_Leng": 1786.9039572500001, "ACRES": 3.08737846, "ADDITIONAL_INFO": " ", "BIKE_RACKS": 0, "LIGHTED_BASKETBALL_COURTS": 0, "LIGHTED_BASEBALL_FIELDS": 0, "LIGHTED_TENNIS_COURTS": 0, "ADA_PLAYGROUNDS": 0, "PLAYGROUNDS": 1, "TENNIS_COURTS": 0, "FOOTBALL_FIELDS": 0, "BASEBALL_FIELDS": 0, "POOLS": null, "GYM": null, "PICNIC_SHELTERS": null, "REC_CENTER": null, "PICNIC_TABLES": null, "LIGHTED_FOOTBALL_FIELDS": null, "created_user": null, "created_date": null, "last_edited_user": "RFRASHE", "last_edited_date": "2026-01-06T18:59:23Z", "LUCITYID": "PRK-0021", "COMPKEY": 2586816, "UNITID": "8299", "LucityAutoID": 21, "InLucity": 1, "LastSynDate": "2020-07-24T12:33:30Z", "Shape__Area": 134485.63304024807, "Shape__Length": 1786.9033832010505 }, "geometry": { "type": "Polygon", "coordinates": [ [ [ -76.261912588221861, 36.828278373991317 ], [ -76.263048674473524, 36.828780847539882 ], [ -76.26353111911132, 36.828031655992909 ], [ -76.263327905178542, 36.827945076925026 ], [ -76.263411419832096, 36.827833120314132 ], [ -76.263399946835861, 36.82768991724339 ], [ -76.263717901967084, 36.827255803502432 ], [ -76.263320811632468, 36.827061797176711 ], [ -76.263040816343121, 36.827450373832264 ], [ -76.262631644693741, 36.827843497429342 ], [ -76.262336349068008, 36.82804113278673 ], [ -76.261912588221861, 36.828278373991317 ] ] ] } },
{ "type": "Feature", "properties": { "OBJECTID": 22, "ID": 42, "PARK_NAME": "Craig Street Playground", "BASKETBALL_COURTS": " ", "GYMS": "0", "RESTROOMS": "no", "DETAILS": "none", "X_COORD": 12133801.64234484, "Y_COORD": 3469525.0819153702, "ADDRESS": "435 Craig Street", "PARK_TYPE": "NAP", "Shape_Leng": 854.33837412000003, "ACRES": 0.81400066, "ADDITIONAL_INFO": " ", "BIKE_RACKS": 0, "LIGHTED_BASKETBALL_COURTS": 0, "LIGHTED_BASEBALL_FIELDS": 0, "LIGHTED_TENNIS_COURTS": 0, "ADA_PLAYGROUNDS": 0, "PLAYGROUNDS": 1, "TENNIS_COURTS": 0, "FOOTBALL_FIELDS": 0, "BASEBALL_FIELDS": 0, "POOLS": null, "GYM": null, "PICNIC_SHELTERS": null, "REC_CENTER": null, "PICNIC_TABLES": null, "LIGHTED_FOOTBALL_FIELDS": null, "created_user": null, "created_date": null, "last_edited_user": "RFRASHE", "last_edited_date": "2026-01-06T18:59:23Z", "LUCITYID": "PRK-0022", "COMPKEY": 2586446, "UNITID": "8057", "LucityAutoID": 22, "InLucity": 1, "LastSynDate": "2020-07-24T12:33:30Z", "Shape__Area": 35457.682908539231, "Shape__Length": 854.3379030959253 }, "geometry": { "type": "Polygon", "coordinates": [ [ [ -76.275757207544856, 36.830940650466403 ], [ -76.276325635895745, 36.830576376610239 ], [ -76.275858461342281, 36.830119172081936 ], [ -76.275561277105353, 36.830325031220006 ], [ -76.275779953590742, 36.830523743267278 ], [ -76.275511722320971, 36.830699132880078 ], [ -76.275757207544856, 36.830940650466403 ] ] ] } },
{ "type": "Feature", "properties": { "OBJECTID": 23, "ID": 40, "PARK_NAME": "Community Beach", "BASKETBALL_COURTS": "0", "GYMS": "0", "RESTROOMS": "yes", "DETAILS": "beach access", "X_COORD": 12141964.38372973, "Y_COORD": 3513404.8477157801, "ADDRESS": "700 E Ocean View Avenue", "PARK_TYPE": "NPP", "Shape_Leng": 3250.3949040299999, "ACRES": 13.63956029, "ADDITIONAL_INFO": " ", "BIKE_RACKS": 0, "LIGHTED_BASKETBALL_COURTS": 0, "LIGHTED_BASEBALL_FIELDS": 0, "LIGHTED_TENNIS_COURTS": 0, "ADA_PLAYGROUNDS": 0, "PLAYGROUNDS": 0, "TENNIS_COURTS": 0, "FOOTBALL_FIELDS": 0, "BASEBALL_FIELDS": 0, "POOLS": null, "GYM": null, "PICNIC_SHELTERS": null, "REC_CENTER": null, "PICNIC_TABLES": null, "LIGHTED_FOOTBALL_FIELDS": null, "created_user": null, "created_date": null, "last_edited_user": "RFRASHE", "last_edited_date": "2026-01-06T18:59:23Z", "LUCITYID": "PRK-0023", "COMPKEY": 2587023, "UNITID": "4017", "LucityAutoID": 23, "InLucity": 1, "LastSynDate": "2020-07-24T12:33:30Z", "Shape__Area": 594136.92739813158, "Shape__Length": 3256.8136511680796 }, "geometry": { "type": "Polygon", "coordinates": [ [ [ -76.244954148695129, 36.951900890800964 ], [ -76.246591221856605, 36.950432988996859 ], [ -76.246476668653401, 36.950360348963684 ], [ -76.246231008235895, 36.950206294621481 ], [ -76.245775682547361, 36.950002644840112 ], [ -76.245586646219792, 36.94994451782415 ], [ -76.245109205938562, 36.949836709863838 ], [ -76.244682508565077, 36.949751818821412 ], [ -76.244238965852063, 36.949658264488896 ], [ -76.244002895808066, 36.949609592167178 ], [ -76.243671729756343, 36.949505759685763 ], [ -76.243176611921768, 36.949288562778207 ], [ -76.24221817658605, 36.950209736532074 ], [ -76.242464529400976, 36.950347904365458 ], [ -76.243472002383513, 36.95091293867668 ], [ -76.244954148695129, 36.951900890800964 ] ] ] } },
{ "type": "Feature", "properties": { "OBJECTID": 24, "ID": 4, "PARK_NAME": "44th Street Kayak Launch", "BASKETBALL_COURTS": "0", "GYMS": "0", "RESTROOMS": "no", "DETAILS": "Complete June 2018", "X_COORD": 12127971.46901186, "Y_COORD": 3488990.6571356198, "ADDRESS": "44th Street and Colley Avenue", "PARK_TYPE": "PBR", "Shape_Leng": 414.35688512000002, "ACRES": 0.14762765, "ADDITIONAL_INFO": " ", "BIKE_RACKS": 0, "LIGHTED_BASKETBALL_COURTS": 0, "LIGHTED_BASEBALL_FIELDS": 0, "LIGHTED_TENNIS_COURTS": 0, "ADA_PLAYGROUNDS": 0, "PLAYGROUNDS": 0, "TENNIS_COURTS": 0, "FOOTBALL_FIELDS": 0, "BASEBALL_FIELDS": 0, "POOLS": null, "GYM": null, "PICNIC_SHELTERS": null, "REC_CENTER": null, "PICNIC_TABLES": null, "LIGHTED_FOOTBALL_FIELDS": null, "created_user": null, "created_date": null, "last_edited_user": "RFRASHE", "last_edited_date": "2026-01-06T19:04:14Z", "LUCITYID": "PRK-0024", "COMPKEY": 2586110, "UNITID": "9000", "LucityAutoID": 24, "InLucity": 1, "LastSynDate": "2020-07-24T12:33:30Z", "Shape__Area": 6430.62393167954, "Shape__Length": 414.3567956142814 }, "geometry": { "type": "Polygon", "coordinates": [ [ [ -76.294554121692769, 36.884402808145609 ], [ -76.294548029572326, 36.884313787806732 ], [ -76.293977443502911, 36.884308306213079 ], [ -76.293969608944749, 36.884428444294713 ], [ -76.294554121692769, 36.884402808145609 ] ] ] } },
{ "type": "Feature", "properties": { "OBJECTID": 25, "ID": 103, "PARK_NAME": "North Fox Hall Playground", "BASKETBALL_COURTS": "0", "GYMS": "0", "RESTROOMS": "no", "DETAILS": "concrete slab, no bball hoops", "X_COORD": 12148152.714443831, "Y_COORD": 3486248.1312722401, "ADDRESS": "2651 Bartin Street", "PARK_TYPE": "NAP", "Shape_Leng": 1206.0539426600001, "ACRES": 1.97510526, "ADDITIONAL_INFO": " ", "BIKE_RACKS": 0, "LIGHTED_BASKETBALL_COURTS": 0, "LIGHTED_BASEBALL_FIELDS": 0, "LIGHTED_TENNIS_COURTS": 0, "ADA_PLAYGROUNDS": 0, "PLAYGROUNDS": 1, "TENNIS_COURTS": 0, "FOOTBALL_FIELDS": 1, "BASEBALL_FIELDS": 1, "POOLS": null, "GYM": null, "PICNIC_SHELTERS": null, "REC_CENTER": null, "PICNIC_TABLES": null, "LIGHTED_FOOTBALL_FIELDS": null, "created_user": null, "created_date": null, "last_edited_user": "RFRASHE", "last_edited_date": "2026-01-06T18:59:23Z", "LUCITYID": "PRK-0025", "COMPKEY": 2586453, "UNITID": "8123", "LucityAutoID": 25, "InLucity": 1, "LastSynDate": "2020-07-24T12:33:30Z", "Shape__Area": 86035.230465023065, "Shape__Length": 1206.0538541277697 }, "geometry": { "type": "Polygon", "coordinates": [ [ [ -76.226197142573199, 36.875430257415921 ], [ -76.225838500828189, 36.874985616679929 ], [ -76.224791807337795, 36.875433236102587 ], [ -76.22525916243174, 36.876136569025704 ], [ -76.226197142573199, 36.875430257415921 ] ] ] } },
{ "type": "Feature", "properties": { "OBJECTID": 26, "ID": 99, "PARK_NAME": "Munson Park", "BASKETBALL_COURTS": "1", "GYMS": "0", "RESTROOMS": "no", "DETAILS": "none", "X_COORD": 12128416.013046579, "Y_COORD": 3485286.5266815699, "ADDRESS": "2608 Gosnold Avenue", "PARK_TYPE": "NAP", "Shape_Leng": 866.56571985000005, "ACRES": 1.07556849, "ADDITIONAL_INFO": " ", "BIKE_RACKS": 0, "LIGHTED_BASKETBALL_COURTS": 0, "LIGHTED_BASEBALL_FIELDS": 0, "LIGHTED_TENNIS_COURTS": 0, "ADA_PLAYGROUNDS": 0, "PLAYGROUNDS": 1, "TENNIS_COURTS": 0, "FOOTBALL_FIELDS": 0, "BASEBALL_FIELDS": 0, "POOLS": null, "GYM": null, "PICNIC_SHELTERS": null, "REC_CENTER": null, "PICNIC_TABLES": null, "LIGHTED_FOOTBALL_FIELDS": null, "created_user": null, "created_date": null, "last_edited_user": "RFRASHE", "last_edited_date": "2026-01-06T18:59:23Z", "LUCITYID": "PRK-0026", "COMPKEY": 2587013, "UNITID": "5052", "LucityAutoID": 26, "InLucity": 1, "LastSynDate": "2020-07-24T12:33:30Z", "Shape__Area": 53441.40641031717, "Shape__Length": 898.52522890486784 }, "geometry": { "type": "Polygon", "coordinates": [ [ [ -76.29319426320528, 36.874557635294309 ], [ -76.293229843168575, 36.874567272193879 ], [ -76.293253346368687, 36.874560802910288 ], [ -76.293263808515732, 36.874543913169603 ], [ -76.293512236266608, 36.874001990330015 ], [ -76.293495889566799, 36.873971345207231 ], [ -76.293481051492634, 36.873947768970353 ], [ -76.292841461018284, 36.873767858451714 ], [ -76.292818306671094, 36.873769981515892 ], [ -76.292787512404956, 36.873790554378516 ], [ -76.292772885674069, 36.873813572627178 ], [ -76.292538236604514, 36.874314434357572 ], [ -76.292536221502402, 36.874340106104171 ], [ -76.292547850124521, 36.87436119478668 ], [ -76.292575534034654, 36.874378299149903 ], [ -76.29319426320528, 36.874557635294309 ] ] ] } },
{ "type": "Feature", "properties": { "OBJECTID": 27, "ID": 98, "PARK_NAME": "Monticello Village Park", "BASKETBALL_COURTS": "1", "GYMS": "0", "RESTROOMS": "no", "DETAILS": "none", "X_COORD": 12137102.474147029, "Y_COORD": 3503716.6930519799, "ADDRESS": "8075 West Glen Road", "PARK_TYPE": "NAP", "Shape_Leng": 1398.8666515699999, "ACRES": 3.48301871, "ADDITIONAL_INFO": " ", "BIKE_RACKS": 0, "LIGHTED_BASKETBALL_COURTS": 0, "LIGHTED_BASEBALL_FIELDS": 0, "LIGHTED_TENNIS_COURTS": 0, "ADA_PLAYGROUNDS": 0, "PLAYGROUNDS": 1, "TENNIS_COURTS": 0, "FOOTBALL_FIELDS": 1, "BASEBALL_FIELDS": 1, "POOLS": null, "GYM": null, "PICNIC_SHELTERS": null, "REC_CENTER": null, "PICNIC_TABLES": null, "LIGHTED_FOOTBALL_FIELDS": null, "created_user": null, "created_date": null, "last_edited_user": "RFRASHE", "last_edited_date": "2026-01-06T18:59:23Z", "LUCITYID": "PRK-0027", "COMPKEY": 2587025, "UNITID": "4035", "LucityAutoID": 27, "InLucity": 1, "LastSynDate": "2020-07-24T12:33:30Z", "Shape__Area": 151719.69356452511, "Shape__Length": 1470.2061444734984 }, "geometry": { "type": "Polygon", "coordinates": [ [ [ -76.261799218094396, 36.923657582787399 ], [ -76.261646677172692, 36.923585490217867 ], [ -76.261575902636878, 36.923541374431025 ], [ -76.261219941622826, 36.923885047831547 ], [ -76.260985327041112, 36.924111562019718 ], [ -76.261148262307117, 36.924322654454897 ], [ -76.261233431976692, 36.924462736764042 ], [ -76.261300207081931, 36.924599996261605 ], [ -76.26135664111932, 36.924670301537752 ], [ -76.261571082600156, 36.924812845163324 ], [ -76.262185108908497, 36.924772612484624 ], [ -76.262353575537006, 36.924699171218307 ], [ -76.262448757349361, 36.924604555240307 ], [ -76.262508390614656, 36.924462285025449 ], [ -76.262539446968233, 36.92434914038185 ], [ -76.262573873939999, 36.924226170955137 ], [ -76.262583312748262, 36.924115086425999 ], [ -76.262528761600052, 36.923876687804281 ], [ -76.262453334208871, 36.923719484692533 ], [ -76.262046843408399, 36.923719164472736 ], [ -76.261826698941107, 36.923665523363141 ], [ -76.261829777818477, 36.923665581980956 ], [ -76.261799218094396, 36.923657582787399 ] ] ] } },
{ "type": "Feature", "properties": { "OBJECTID": 28, "ID": 96, "PARK_NAME": "Mona Avenue Park", "BASKETBALL_COURTS": "0", "GYMS": "0", "RESTROOMS": "no", "DETAILS": "none", "X_COORD": 12151645.558783369, "Y_COORD": 3502570.1784347999, "ADDRESS": "8230 Mona Avenue", "PARK_TYPE": "NAP", "Shape_Leng": 678.55235621999998, "ACRES": 0.61942183, "ADDITIONAL_INFO": " ", "BIKE_RACKS": 0, "LIGHTED_BASKETBALL_COURTS": 0, "LIGHTED_BASEBALL_FIELDS": 0, "LIGHTED_TENNIS_COURTS": 0, "ADA_PLAYGROUNDS": 0, "PLAYGROUNDS": 1, "TENNIS_COURTS": 0, "FOOTBALL_FIELDS": 0, "BASEBALL_FIELDS": 0, "POOLS": null, "GYM": null, "PICNIC_SHELTERS": null, "REC_CENTER": null, "PICNIC_TABLES": null, "LIGHTED_FOOTBALL_FIELDS": null, "created_user": null, "created_date": null, "last_edited_user": "RFRASHE", "last_edited_date": "2026-01-06T18:59:23Z", "LUCITYID": "PRK-0028", "COMPKEY": 2587032, "UNITID": "4064", "LucityAutoID": 28, "InLucity": 1, "LastSynDate": "2020-07-24T12:33:30Z", "Shape__Area": 26981.897501348809, "Shape__Length": 678.55232496984945 }, "geometry": { "type": "Polygon", "coordinates": [ [ [ -76.212253192125161, 36.920442716482185 ], [ -76.21258198026085, 36.920256405701437 ], [ -76.212151438226584, 36.919744254131707 ], [ -76.212134439294559, 36.919743923289737 ], [ -76.212076724676848, 36.919777699683387 ], [ -76.212027904174548, 36.919829858866848 ], [ -76.211992304922731, 36.919882274465877 ], [ -76.211955731965162, 36.919904322492862 ], [ -76.211903591490426, 36.919941243153097 ], [ -76.211836902940689, 36.920021884250602 ], [ -76.212253192125161, 36.920442716482185 ] ] ] } },
{ "type": "Feature", "properties": { "OBJECTID": 29, "ID": 95, "PARK_NAME": "Martin Luther King Memorial Plaza", "BASKETBALL_COURTS": "0", "GYMS": "0", "RESTROOMS": "no", "DETAILS": "viewing garden", "X_COORD": 12132215.1517053, "Y_COORD": 3477888.0639226399, "ADDRESS": "701 Church Street", "PARK_TYPE": "NPP", "Shape_Leng": 587.05618922999997, "ACRES": 0.35783437, "ADDITIONAL_INFO": " ", "BIKE_RACKS": 0, "LIGHTED_BASKETBALL_COURTS": 0, "LIGHTED_BASEBALL_FIELDS": 0, "LIGHTED_TENNIS_COURTS": 0, "ADA_PLAYGROUNDS": 0, "PLAYGROUNDS": 0, "TENNIS_COURTS": 0, "FOOTBALL_FIELDS": 0, "BASEBALL_FIELDS": 0, "POOLS": null, "GYM": null, "PICNIC_SHELTERS": null, "REC_CENTER": null, "PICNIC_TABLES": null, "LIGHTED_FOOTBALL_FIELDS": null, "created_user": null, "created_date": null, "last_edited_user": "RFRASHE", "last_edited_date": "2026-01-06T18:59:23Z", "LUCITYID": "PRK-0029", "COMPKEY": 2586418, "UNITID": "3048", "LucityAutoID": 29, "InLucity": 1, "LastSynDate": "2020-07-24T12:33:30Z", "Shape__Area": 15587.192188086263, "Shape__Length": 545.90094526702035 }, "geometry": { "type": "Polygon", "coordinates": [ [ [ -76.280941724046116, 36.853569768764537 ], [ -76.280932473806956, 36.853556394375246 ], [ -76.280910733325058, 36.853542783096103 ], [ -76.280673638309011, 36.853493820760796 ], [ -76.280432196719758, 36.853447215801005 ], [ -76.280385983031621, 36.853445812445763 ], [ -76.280362014706483, 36.853449961863404 ], [ -76.280346057554809, 36.85345516674812 ], [ -76.280325135494806, 36.853465795969804 ], [ -76.280267257473824, 36.853522591536752 ], [ -76.280231516664941, 36.853573762697209 ], [ -76.280683579291249, 36.853739851976265 ], [ -76.280816039639063, 36.853784467603496 ], [ -76.280897901447389, 36.853817952456765 ], [ -76.280902688452983, 36.853800627588647 ], [ -76.280939336847723, 36.85366800602128 ], [ -76.28094822805609, 36.853629358437985 ], [ -76.280952182742297, 36.853606207630889 ], [ -76.28095119651546, 36.853587738915444 ], [ -76.280947149193409, 36.853579627661617 ], [ -76.280941724046116, 36.853569768764537 ] ] ] } },
{ "type": "Feature", "properties": { "OBJECTID": 30, "ID": 57, "PARK_NAME": "Gleneagles Dog Park", "BASKETBALL_COURTS": "0", "GYMS": "0", "RESTROOMS": "no", "DETAILS": "No Fence", "X_COORD": 12123377.012923811, "Y_COORD": 3500413.4311414398, "ADDRESS": "1201 Daniel Avenue", "PARK_TYPE": "DP", "Shape_Leng": 961.23922625, "ACRES": 0.62518728, "ADDITIONAL_INFO": "Also listed as Gleneagles park NPP", "BIKE_RACKS": 0, "LIGHTED_BASKETBALL_COURTS": 0, "LIGHTED_BASEBALL_FIELDS": 0, "LIGHTED_TENNIS_COURTS": 0, "ADA_PLAYGROUNDS": 0, "PLAYGROUNDS": 0, "TENNIS_COURTS": 0, "FOOTBALL_FIELDS": 0, "BASEBALL_FIELDS": 0, "POOLS": null, "GYM": null, "PICNIC_SHELTERS": null, "REC_CENTER": null, "PICNIC_TABLES": null, "LIGHTED_FOOTBALL_FIELDS": null, "created_user": null, "created_date": null, "last_edited_user": "RFRASHE", "last_edited_date": "2026-01-06T18:59:23Z", "LUCITYID": "PRK-0030", "COMPKEY": 2587005, "UNITID": "5020", "LucityAutoID": 30, "InLucity": 1, "LastSynDate": "2020-07-24T12:33:30Z", "Shape__Area": 27233.050618492958, "Shape__Length": 961.23943292366175 }, "geometry": { "type": "Polygon", "coordinates": [ [ [ -76.309087062155726, 36.916346263543062 ], [ -76.309497707493378, 36.916038738238434 ], [ -76.309649147274186, 36.91591178158793 ], [ -76.309679736961925, 36.915891958326789 ], [ -76.309678071744486, 36.91586967994612 ], [ -76.30966921644935, 36.915856536267533 ], [ -76.309639430035816, 36.915848565754366 ], [ -76.309585710781633, 36.915869812101803 ], [ -76.309464265660324, 36.91591760599777 ], [ -76.309356932851841, 36.915956394993323 ], [ -76.309231996623723, 36.91596518937164 ], [ -76.309132819168596, 36.915961486841489 ], [ -76.309070725418067, 36.915952914033298 ], [ -76.309015555191507, 36.915944469338868 ], [ -76.308940097756675, 36.91591896140617 ], [ -76.308862547968417, 36.915885998035456 ], [ -76.308760147921262, 36.915834031309707 ], [ -76.308635047067824, 36.915768663522492 ], [ -76.308475758870031, 36.915687827252249 ], [ -76.308452629330475, 36.915689250126093 ], [ -76.308431485001393, 36.915701833687251 ], [ -76.308419034994216, 36.915733119410469 ], [ -76.308461971613426, 36.915765436862458 ], [ -76.309087062155726, 36.916346263543062 ] ] ] } },
{ "type": "Feature", "properties": { "OBJECTID": 31, "ID": 82, "PARK_NAME": "Lakewood Park", "BASKETBALL_COURTS": "1", "GYMS": "0", "RESTROOMS": "yes", "DETAILS": "Athletics office, canoe launch, rowing center, music and dance center, horshoe pits", "X_COORD": 12136755.140168959, "Y_COORD": 3491138.8606080501, "ADDRESS": "1612 Willow Wood Drive", "PARK_TYPE": "CP", "Shape_Leng": 5935.1856347200001, "ACRES": 39.14368432, "ADDITIONAL_INFO": "2 football fields are placed on baseball fields during season", "BIKE_RACKS": 0, "LIGHTED_BASKETBALL_COURTS": 0, "LIGHTED_BASEBALL_FIELDS": 2, "LIGHTED_TENNIS_COURTS": 9, "ADA_PLAYGROUNDS": 0, "PLAYGROUNDS": 1, "TENNIS_COURTS": 9, "FOOTBALL_FIELDS": 4, "BASEBALL_FIELDS": 2, "POOLS": null, "GYM": null, "PICNIC_SHELTERS": null, "REC_CENTER": null, "PICNIC_TABLES": null, "LIGHTED_FOOTBALL_FIELDS": null, "created_user": null, "created_date": null, "last_edited_user": "RFRASHE", "last_edited_date": "2026-01-06T18:59:23Z", "LUCITYID": "PRK-0031", "COMPKEY": 2587010, "UNITID": "5038", "LucityAutoID": 31, "InLucity": 1, "LastSynDate": "2020-07-24T12:33:30Z", "Shape__Area": 1705092.1573755769, "Shape__Length": 5870.2703203299525 }, "geometry": { "type": "Polygon", "coordinates": [ [ [ -76.266590505242888, 36.890407597817351 ], [ -76.267147477151823, 36.888600730438192 ], [ -76.262756150713813, 36.887722079938278 ], [ -76.262676769551632, 36.887989021909043 ], [ -76.26230300142447, 36.887916191069955 ], [ -76.262185537406552, 36.888341246145188 ], [ -76.262076426136375, 36.888439567297489 ], [ -76.261954253172917, 36.888539394544097 ], [ -76.261913026488813, 36.888589685488007 ], [ -76.261868409045903, 36.888754834803898 ], [ -76.261807150358848, 36.888945205668918 ], [ -76.261648867001469, 36.889191189819371 ], [ -76.261405459295233, 36.889358937388891 ], [ -76.261167544754173, 36.889609787367952 ], [ -76.261170778889081, 36.889769463746703 ], [ -76.261400025811653, 36.889812138685087 ], [ -76.261646670096539, 36.889804068394973 ], [ -76.261897866381474, 36.889911006352925 ], [ -76.261989617260866, 36.890034061231162 ], [ -76.26197033775955, 36.890148616999156 ], [ -76.26180825290254, 36.890254067487746 ], [ -76.261715780083165, 36.890424689648505 ], [ -76.261549360992973, 36.890676903160475 ], [ -76.261545969709317, 36.890791761531908 ], [ -76.261707900380117, 36.890960845240869 ], [ -76.261701306670943, 36.89118418026942 ], [ -76.261703598913215, 36.891375761609801 ], [ -76.26179233596757, 36.891600912447878 ], [ -76.262043351172593, 36.89171423093223 ], [ -76.262308337036401, 36.89162350844218 ], [ -76.262535143112913, 36.891749134568123 ], [ -76.262845535506344, 36.891735891030159 ], [ -76.26301424817207, 36.891675257002852 ], [ -76.263450769529783, 36.891428182641754 ], [ -76.263809202210794, 36.891403081215316 ], [ -76.264122039433317, 36.891306880891861 ], [ -76.264324784261319, 36.89117027699487 ], [ -76.264414387437654, 36.890827213949116 ], [ -76.2644820809073, 36.890688041287412 ], [ -76.26479871942206, 36.890732372047012 ], [ -76.264796838142303, 36.89079618120433 ], [ -76.264806895153086, 36.890994295341301 ], [ -76.265002114459861, 36.891112931428736 ], [ -76.265291303981144, 36.891009892959929 ], [ -76.265425955840541, 36.890940385486466 ], [ -76.265682939257246, 36.89098483410568 ], [ -76.26636849721578, 36.891131549518519 ], [ -76.266590505242888, 36.890407597817351 ] ] ] } },
{ "type": "Feature", "properties": { "OBJECTID": 32, "ID": 69, "PARK_NAME": "Hyde Park", "BASKETBALL_COURTS": "0", "GYMS": "0", "RESTROOMS": "no", "DETAILS": "none", "X_COORD": 12141177.554536929, "Y_COORD": 3505855.3727021902, "ADDRESS": "555 Austin Street", "PARK_TYPE": "NAP", "Shape_Leng": 693.63611713, "ACRES": 0.63372316, "ADDITIONAL_INFO": "concrete slab present", "BIKE_RACKS": 0, "LIGHTED_BASKETBALL_COURTS": 0, "LIGHTED_BASEBALL_FIELDS": 0, "LIGHTED_TENNIS_COURTS": 0, "ADA_PLAYGROUNDS": 0, "PLAYGROUNDS": 0, "TENNIS_COURTS": 0, "FOOTBALL_FIELDS": 0, "BASEBALL_FIELDS": 0, "POOLS": null, "GYM": null, "PICNIC_SHELTERS": null, "REC_CENTER": null, "PICNIC_TABLES": null, "LIGHTED_FOOTBALL_FIELDS": null, "created_user": null, "created_date": null, "last_edited_user": "RFRASHE", "last_edited_date": "2026-01-06T18:59:23Z", "LUCITYID": "PRK-0032", "COMPKEY": 2587024, "UNITID": "4030", "LucityAutoID": 32, "InLucity": 1, "LastSynDate": "2020-07-24T12:33:31Z", "Shape__Area": 27604.862207380447, "Shape__Length": 693.63618998783386 }, "geometry": { "type": "Polygon", "coordinates": [ [ [ -76.248202047267654, 36.92996424802628 ], [ -76.248189943711452, 36.929907768743242 ], [ -76.248146573255312, 36.929821182350246 ], [ -76.248107956580014, 36.929767883650541 ], [ -76.248038482673721, 36.929709383364042 ], [ -76.247976526279473, 36.92966854611479 ], [ -76.247914074683464, 36.929644297224819 ], [ -76.247841182166624, 36.92962353671048 ], [ -76.247791986521705, 36.929617061671344 ], [ -76.247717426794338, 36.929613789125412 ], [ -76.247644942668742, 36.929617933131901 ], [ -76.247578033833662, 36.929627716534782 ], [ -76.247510934337399, 36.929643950978459 ], [ -76.24745963082718, 36.929669708171573 ], [ -76.247403517469905, 36.929702750924207 ], [ -76.247353989180837, 36.92974606297296 ], [ -76.247306785252448, 36.929788496532424 ], [ -76.24727819367989, 36.929822988666402 ], [ -76.247257692432385, 36.929855791604687 ], [ -76.247252662313301, 36.929870448894555 ], [ -76.24724694610903, 36.929908145651602 ], [ -76.247249459523005, 36.929939544464645 ], [ -76.247553467878376, 36.929951823957772 ], [ -76.247826347289831, 36.929968116875301 ], [ -76.248048743791173, 36.92998252009621 ], [ -76.248137106545826, 36.929985134699002 ], [ -76.248176136456493, 36.929985882255984 ], [ -76.248195897894604, 36.929977961811595 ], [ -76.248202047267654, 36.92996424802628 ] ] ] } },
{ "type": "Feature", "properties": { "OBJECTID": 33, "ID": 65, "PARK_NAME": "Harbor Park", "BASKETBALL_COURTS": "0", "GYMS": "0", "RESTROOMS": "no", "DETAILS": "1 stadium", "X_COORD": 12132787.075467, "Y_COORD": 3474029.2780857198, "ADDRESS": "150 Park Avenue", "PARK_TYPE": "FBOS", "Shape_Leng": 5886.2463489499996, "ACRES": 31.23328666, "ADDITIONAL_INFO": " ", "BIKE_RACKS": 0, "LIGHTED_BASKETBALL_COURTS": 0, "LIGHTED_BASEBALL_FIELDS": 0, "LIGHTED_TENNIS_COURTS": 0, "ADA_PLAYGROUNDS": 0, "PLAYGROUNDS": 0, "TENNIS_COURTS": 0, "FOOTBALL_FIELDS": 0, "BASEBALL_FIELDS": 0, "POOLS": null, "GYM": null, "PICNIC_SHELTERS": null, "REC_CENTER": null, "PICNIC_TABLES": null, "LIGHTED_FOOTBALL_FIELDS": null, "created_user": null, "created_date": null, "last_edited_user": "RFRASHE", "last_edited_date": "2026-01-06T18:59:23Z", "LUCITYID": "PRK-0033", "COMPKEY": 2586436, "UNITID": "3119", "LucityAutoID": 33, "InLucity": 1, "LastSynDate": "2020-07-24T12:33:31Z", "Shape__Area": 1360516.734948562, "Shape__Length": 5753.8190198302527 }, "geometry": { "type": "Polygon", "coordinates": [ [ [ -76.284246551161146, 36.842895875505775 ], [ -76.283211413159606, 36.842608661949036 ], [ -76.28221857937622, 36.842393619109721 ], [ -76.279801001427046, 36.841928575056038 ], [ -76.279151088574892, 36.841755679322944 ], [ -76.277445180710941, 36.842008927957949 ], [ -76.27610153323154, 36.842145160423428 ], [ -76.275695926505989, 36.842225642235633 ], [ -76.276060552966101, 36.844177676446868 ], [ -76.277368245172823, 36.84425596937993 ], [ -76.277980845912268, 36.844187258287796 ], [ -76.278682991594266, 36.844093469895299 ], [ -76.28042640321658, 36.843698149165718 ], [ -76.282305287325258, 36.843225057632139 ], [ -76.284246551161146, 36.842895875505775 ] ] ] } },
{ "type": "Feature", "properties": { "OBJECTID": 34, "ID": 140, "PARK_NAME": "Shoop Park", "BASKETBALL_COURTS": "3", "GYMS": "0", "RESTROOMS": "yes", "DETAILS": "walking path with fitness stations, sand volleyball, horshoes, bocce, Splash Pad", "X_COORD": 12137707.088755609, "Y_COORD": 3484548.8893732498, "ADDRESS": "2400 Shoop Avenue", "PARK_TYPE": "NAP", "Shape_Leng": 1995.16812848, "ACRES": 5.67211699, "ADDITIONAL_INFO": " ", "BIKE_RACKS": 0, "LIGHTED_BASKETBALL_COURTS": 0, "LIGHTED_BASEBALL_FIELDS": 0, "LIGHTED_TENNIS_COURTS": 0, "ADA_PLAYGROUNDS": 0, "PLAYGROUNDS": 1, "TENNIS_COURTS": 0, "FOOTBALL_FIELDS": 1, "BASEBALL_FIELDS": 0, "POOLS": null, "GYM": null, "PICNIC_SHELTERS": null, "REC_CENTER": null, "PICNIC_TABLES": null, "LIGHTED_FOOTBALL_FIELDS": null, "created_user": null, "created_date": null, "last_edited_user": "RFRASHE", "last_edited_date": "2026-01-06T18:59:23Z", "LUCITYID": "PRK-0034", "COMPKEY": 2586993, "UNITID": "8165", "LucityAutoID": 34, "InLucity": 1, "LastSynDate": "2020-07-24T12:33:31Z", "Shape__Area": 247076.35144165257, "Shape__Length": 1995.1678392974516 }, "geometry": { "type": "Polygon", "coordinates": [ [ [ -76.261815468361604, 36.872425867730804 ], [ -76.262344792342574, 36.871014657577483 ], [ -76.260873682567208, 36.870640907243953 ], [ -76.260296320488791, 36.872058878718178 ], [ -76.261815468361604, 36.872425867730804 ] ] ] } },
{ "type": "Feature", "properties": { "OBJECTID": 35, "ID": 132, "PARK_NAME": "Riverpoint Playground", "BASKETBALL_COURTS": "0.5", "GYMS": "0", "RESTROOMS": "no", "DETAILS": "none", "X_COORD": 12130515.27918645, "Y_COORD": 3494031.7768749902, "ADDRESS": "6050 Newport Avenue", "PARK_TYPE": "NAP", "Shape_Leng": 1005.73793048, "ACRES": 1.99540469, "ADDITIONAL_INFO": " ", "BIKE_RACKS": 0, "LIGHTED_BASKETBALL_COURTS": 0, "LIGHTED_BASEBALL_FIELDS": 0, "LIGHTED_TENNIS_COURTS": 0, "ADA_PLAYGROUNDS": 0, "PLAYGROUNDS": 1, "TENNIS_COURTS": 0, "FOOTBALL_FIELDS": 0, "BASEBALL_FIELDS": 0, "POOLS": null, "GYM": null, "PICNIC_SHELTERS": null, "REC_CENTER": null, "PICNIC_TABLES": null, "LIGHTED_FOOTBALL_FIELDS": null, "created_user": null, "created_date": null, "last_edited_user": "RFRASHE", "last_edited_date": "2026-01-06T18:59:23Z", "LUCITYID": "PRK-0035", "COMPKEY": 2587016, "UNITID": "5066", "LucityAutoID": 35, "InLucity": 1, "LastSynDate": "2020-07-24T12:33:31Z", "Shape__Area": 86919.509414131768, "Shape__Length": 1125.9456386376003 }, "geometry": { "type": "Polygon", "coordinates": [ [ [ -76.284807904839795, 36.898498887692519 ], [ -76.285082610830017, 36.898566514713949 ], [ -76.285138014783385, 36.898571478940738 ], [ -76.285179996164587, 36.898570449381481 ], [ -76.285213152619093, 36.898561057378991 ], [ -76.285251081079309, 36.89854355918439 ], [ -76.285290222187157, 36.898523351792541 ], [ -76.285333895157308, 36.898486277814435 ], [ -76.285482942522393, 36.898284151211378 ], [ -76.285689865184025, 36.898018135518676 ], [ -76.285798786991108, 36.8978065525151 ], [ -76.285796488939482, 36.897766464266759 ], [ -76.284962161469565, 36.897521393669301 ], [ -76.284816953284732, 36.897656509664429 ], [ -76.284583009018817, 36.898167202090519 ], [ -76.284800104318848, 36.898487693522902 ], [ -76.284807904839795, 36.898498887692519 ] ] ] } },
{ "type": "Feature", "properties": { "OBJECTID": 36, "ID": 131, "PARK_NAME": "River Oaks Park", "BASKETBALL_COURTS": "0", "GYMS": "0", "RESTROOMS": "no", "DETAILS": "none", "X_COORD": 12150882.718304601, "Y_COORD": 3483956.0783564802, "ADDRESS": "5392 Roslyn Street", "PARK_TYPE": "NAP", "Shape_Leng": 849.7516023, "ACRES": 2.45468622, "ADDITIONAL_INFO": " ", "BIKE_RACKS": 0, "LIGHTED_BASKETBALL_COURTS": 0, "LIGHTED_BASEBALL_FIELDS": 0, "LIGHTED_TENNIS_COURTS": 0, "ADA_PLAYGROUNDS": 0, "PLAYGROUNDS": 1, "TENNIS_COURTS": 0, "FOOTBALL_FIELDS": 0, "BASEBALL_FIELDS": 0, "POOLS": null, "GYM": null, "PICNIC_SHELTERS": null, "REC_CENTER": null, "PICNIC_TABLES": null, "LIGHTED_FOOTBALL_FIELDS": null, "created_user": null, "created_date": null, "last_edited_user": "RFRASHE", "last_edited_date": "2026-01-06T18:59:23Z", "LUCITYID": "PRK-0036", "COMPKEY": 2586992, "UNITID": "8154", "LucityAutoID": 36, "InLucity": 1, "LastSynDate": "2020-07-24T12:33:31Z", "Shape__Area": 106925.64538136487, "Shape__Length": 1295.3916613535234 }, "geometry": { "type": "Polygon", "coordinates": [ [ [ -76.216832524026529, 36.869188886066617 ], [ -76.217075159717808, 36.868848138154931 ], [ -76.216126123996617, 36.868392338974303 ], [ -76.215757080626091, 36.868927701558334 ], [ -76.216009641385426, 36.869548495697671 ], [ -76.216434530166097, 36.869727536978992 ], [ -76.216832524026529, 36.869188886066617 ] ] ] } },
{ "type": "Feature", "properties": { "OBJECTID": 37, "ID": 100, "PARK_NAME": "Myrtle Park", "BASKETBALL_COURTS": "0", "GYMS": "0", "RESTROOMS": "no", "DETAILS": "Wooden footbridge over marsh, walking path", "X_COORD": 12124954.56550811, "Y_COORD": 3493782.5476338202, "ADDRESS": "6125 Myrtle Park", "PARK_TYPE": "NPP", "Shape_Leng": 1118.0038397400001, "ACRES": 1.03174852, "ADDITIONAL_INFO": " ", "BIKE_RACKS": 0, "LIGHTED_BASKETBALL_COURTS": 0, "LIGHTED_BASEBALL_FIELDS": 0, "LIGHTED_TENNIS_COURTS": 0, "ADA_PLAYGROUNDS": 0, "PLAYGROUNDS": 0, "TENNIS_COURTS": 0, "FOOTBALL_FIELDS": 0, "BASEBALL_FIELDS": 0, "POOLS": null, "GYM": null, "PICNIC_SHELTERS": null, "REC_CENTER": null, "PICNIC_TABLES": null, "LIGHTED_FOOTBALL_FIELDS": null, "created_user": null, "created_date": null, "last_edited_user": "RFRASHE", "last_edited_date": "2026-01-06T18:59:23Z", "LUCITYID": "PRK-0037", "COMPKEY": null, "UNITID": null, "LucityAutoID": 37, "InLucity": 1, "LastSynDate": "2020-07-24T12:33:31Z", "Shape__Area": 44942.776419401074, "Shape__Length": 1033.3684783793015 }, "geometry": { "type": "Polygon", "coordinates": [ [ [ -76.303913813642126, 36.897355537776484 ], [ -76.303965548162921, 36.898049885585152 ], [ -76.303991274855889, 36.898110414999849 ], [ -76.304027719304003, 36.898134374555013 ], [ -76.304339762555088, 36.898151160094748 ], [ -76.304439753181683, 36.898179490358409 ], [ -76.30452893164032, 36.898221156989123 ], [ -76.304464920755535, 36.898138479011827 ], [ -76.304438564538231, 36.898075415037596 ], [ -76.30442037814791, 36.897813854539855 ], [ -76.304448147501475, 36.897744540397454 ], [ -76.304539538351122, 36.897702280277215 ], [ -76.304610195011477, 36.89770877315037 ], [ -76.304390065051379, 36.897526201115383 ], [ -76.304033744143766, 36.897150116982509 ], [ -76.303984743628206, 36.897159031588011 ], [ -76.303962001812778, 36.897167639160415 ], [ -76.303933071574917, 36.89721728092583 ], [ -76.303913813642126, 36.897355537776484 ] ] ] } },
{ "type": "Feature", "properties": { "OBJECTID": 38, "ID": 127, "PARK_NAME": "Raleigh Avenue Playground", "BASKETBALL_COURTS": "0", "GYMS": "0", "RESTROOMS": "no", "DETAILS": "sand volleyball court", "X_COORD": 12126727.83576097, "Y_COORD": 3480717.4013379999, "ADDRESS": "635 Raleigh Avenue", "PARK_TYPE": "NAP", "Shape_Leng": 854.68014352, "ACRES": 1.05480112, "ADDITIONAL_INFO": " ", "BIKE_RACKS": 0, "LIGHTED_BASKETBALL_COURTS": 0, "LIGHTED_BASEBALL_FIELDS": 0, "LIGHTED_TENNIS_COURTS": 0, "ADA_PLAYGROUNDS": 0, "PLAYGROUNDS": 2, "TENNIS_COURTS": 0, "FOOTBALL_FIELDS": 0, "BASEBALL_FIELDS": 0, "POOLS": null, "GYM": null, "PICNIC_SHELTERS": null, "REC_CENTER": null, "PICNIC_TABLES": null, "LIGHTED_FOOTBALL_FIELDS": null, "created_user": null, "created_date": null, "last_edited_user": "RFRASHE", "last_edited_date": "2026-01-06T18:59:23Z", "LUCITYID": "PRK-0038", "COMPKEY": 2587002, "UNITID": "5016", "LucityAutoID": 38, "InLucity": 1, "LastSynDate": "2020-07-24T12:33:31Z", "Shape__Area": 46550.905510202436, "Shape__Length": 1023.6268248267933 }, "geometry": { "type": "Polygon", "coordinates": [ [ [ -76.299167561729476, 36.861970499105439 ], [ -76.299367330763204, 36.862062069745953 ], [ -76.299436066203668, 36.862092833816774 ], [ -76.299479367162817, 36.862115749125074 ], [ -76.299523013105713, 36.8621225220638 ], [ -76.299557869627591, 36.862117829950272 ], [ -76.29959227869665, 36.862098905038629 ], [ -76.299610150029565, 36.862073012861003 ], [ -76.299615244030463, 36.862046677623454 ], [ -76.299597023115865, 36.861955442878681 ], [ -76.299574910995617, 36.861828827955549 ], [ -76.299550455779411, 36.861702169133373 ], [ -76.299520804442366, 36.861590173680966 ], [ -76.299513111957268, 36.861498335740272 ], [ -76.299510250271879, 36.861388229338715 ], [ -76.299385337369671, 36.861567014476769 ], [ -76.299057963558369, 36.861416350908407 ], [ -76.299012100189429, 36.861481209913606 ], [ -76.298938697679063, 36.861447864056693 ], [ -76.29879128261399, 36.861380902078459 ], [ -76.298731288517232, 36.861465277485237 ], [ -76.29856828177202, 36.861694524592728 ], [ -76.299167561729476, 36.861970499105439 ] ] ] } },
{ "type": "Feature", "properties": { "OBJECTID": 39, "ID": 123, "PARK_NAME": "Poplar Hall Park", "BASKETBALL_COURTS": "4", "GYMS": "0", "RESTROOMS": "no", "DETAILS": "Kayak launch (needs repaired)", "X_COORD": 12151349.60430881, "Y_COORD": 3474649.5304534701, "ADDRESS": "101 N Military Highway", "PARK_TYPE": "CP", "Shape_Leng": 3890.2288746700001, "ACRES": 16.33286053, "ADDITIONAL_INFO": " ", "BIKE_RACKS": 0, "LIGHTED_BASKETBALL_COURTS": 0, "LIGHTED_BASEBALL_FIELDS": 2, "LIGHTED_TENNIS_COURTS": 0, "ADA_PLAYGROUNDS": 0, "PLAYGROUNDS": 1, "TENNIS_COURTS": 0, "FOOTBALL_FIELDS": 0, "BASEBALL_FIELDS": 2, "POOLS": null, "GYM": null, "PICNIC_SHELTERS": null, "REC_CENTER": null, "PICNIC_TABLES": null, "LIGHTED_FOOTBALL_FIELDS": null, "created_user": null, "created_date": null, "last_edited_user": "RFRASHE", "last_edited_date": "2026-01-06T18:59:23Z", "LUCITYID": "PRK-0039", "COMPKEY": 2586457, "UNITID": "8141", "LucityAutoID": 39, "InLucity": 1, "LastSynDate": "2020-07-24T12:33:31Z", "Shape__Area": 711456.52739818802, "Shape__Length": 3890.2288079242949 }, "geometry": { "type": "Polygon", "coordinates": [ [ [ -76.216921848100171, 36.843894228480167 ], [ -76.217118980107074, 36.843845639164464 ], [ -76.217392145551671, 36.843831886667118 ], [ -76.217723085052512, 36.843671522628675 ], [ -76.217850393560596, 36.843578685561411 ], [ -76.217894740445743, 36.843484235286219 ], [ -76.217909314529166, 36.843393972028395 ], [ -76.21788212085977, 36.84331242920176 ], [ -76.217808380026682, 36.843201387256087 ], [ -76.217697078172762, 36.843156333731137 ], [ -76.217699084256822, 36.843089654258669 ], [ -76.217733873063125, 36.842918769517468 ], [ -76.217741517251028, 36.842861730827927 ], [ -76.217415453863396, 36.842860158168506 ], [ -76.217331775501947, 36.842882360576489 ], [ -76.217206996544363, 36.842694076454237 ], [ -76.217327089545662, 36.842643989250739 ], [ -76.21737100660242, 36.842563827629483 ], [ -76.217349596334557, 36.842487161781996 ], [ -76.217286133330532, 36.842428740910812 ], [ -76.217179897664906, 36.842412378976789 ], [ -76.216942006571912, 36.842436347884913 ], [ -76.216275736611536, 36.842509174507157 ], [ -76.215489659369069, 36.84262255538377 ], [ -76.214869788716712, 36.842729635077504 ], [ -76.214136177386337, 36.842872621558982 ], [ -76.213608963061674, 36.843052982360042 ], [ -76.213387123639009, 36.843134443964956 ], [ -76.213292962243969, 36.843504327107354 ], [ -76.213004826513512, 36.843818011051567 ], [ -76.212799755623465, 36.843933157435174 ], [ -76.212898812773801, 36.844187663107896 ], [ -76.213108947519501, 36.844101208812774 ], [ -76.213508998459147, 36.84400892172274 ], [ -76.213864697474278, 36.844011081160915 ], [ -76.21407081316535, 36.844057983979347 ], [ -76.214456756402043, 36.844237056939647 ], [ -76.214691498431577, 36.844317875033667 ], [ -76.214856994623688, 36.844335392329661 ], [ -76.215048676489658, 36.84446779347234 ], [ -76.215294124238994, 36.844586943494917 ], [ -76.215512237761814, 36.844629311546193 ], [ -76.215633194368579, 36.844550649153511 ], [ -76.215645477698629, 36.84453659126941 ], [ -76.215753147930954, 36.844505326377096 ], [ -76.215860102147133, 36.844497875493659 ], [ -76.216149710626141, 36.844331946258158 ], [ -76.216313294776683, 36.844215987343311 ], [ -76.216381060917243, 36.844131525127644 ], [ -76.216508372987207, 36.844038688636438 ], [ -76.216605194954695, 36.843973852801383 ], [ -76.216921848100171, 36.843894228480167 ] ] ] } },
{ "type": "Feature", "properties": { "OBJECTID": 40, "ID": 120, "PARK_NAME": "Plume Fountain", "BASKETBALL_COURTS": "0", "GYMS": "0", "RESTROOMS": "no", "DETAILS": "none", "X_COORD": 12129922.742462261, "Y_COORD": 3475158.7641986399, "ADDRESS": "435 E Plume Street", "PARK_TYPE": "NPP", "Shape_Leng": 783.67267278999998, "ACRES": 0.59191038, "ADDITIONAL_INFO": " ", "BIKE_RACKS": 0, "LIGHTED_BASKETBALL_COURTS": 0, "LIGHTED_BASEBALL_FIELDS": 0, "LIGHTED_TENNIS_COURTS": 0, "ADA_PLAYGROUNDS": 0, "PLAYGROUNDS": 0, "TENNIS_COURTS": 0, "FOOTBALL_FIELDS": 0, "BASEBALL_FIELDS": 0, "POOLS": null, "GYM": null, "PICNIC_SHELTERS": null, "REC_CENTER": null, "PICNIC_TABLES": null, "LIGHTED_FOOTBALL_FIELDS": null, "created_user": null, "created_date": null, "last_edited_user": "RFRASHE", "last_edited_date": "2026-01-06T18:59:23Z", "LUCITYID": "PRK-0040", "COMPKEY": 2586421, "UNITID": "3069", "LucityAutoID": 40, "InLucity": 1, "LastSynDate": "2020-07-24T12:33:31Z", "Shape__Area": 25783.52971908222, "Shape__Length": 732.38758273072108 }, "geometry": { "type": "Polygon", "coordinates": [ [ [ -76.288519175109414, 36.846508037536125 ], [ -76.288522472416588, 36.846617715578418 ], [ -76.288833246294189, 36.846651158050435 ], [ -76.288860860107505, 36.845894802370687 ], [ -76.288527180977425, 36.845883299579029 ], [ -76.288519175109414, 36.846508037536125 ] ] ] } },
{ "type": "Feature", "properties": { "OBJECTID": 41, "ID": 119, "PARK_NAME": "Plum Point Park", "BASKETBALL_COURTS": "0", "GYMS": "0", "RESTROOMS": "no", "DETAILS": "walking trails, benches , educational signage", "X_COORD": 12124193.62407513, "Y_COORD": 3480250.1524845399, "ADDRESS": "1001 W Brambleton Avenue", "PARK_TYPE": "NPP", "Shape_Leng": 1793.9061043300001, "ACRES": 4.17444101, "ADDITIONAL_INFO": " ", "BIKE_RACKS": 0, "LIGHTED_BASKETBALL_COURTS": 0, "LIGHTED_BASEBALL_FIELDS": 0, "LIGHTED_TENNIS_COURTS": 0, "ADA_PLAYGROUNDS": 0, "PLAYGROUNDS": 0, "TENNIS_COURTS": 0, "FOOTBALL_FIELDS": 0, "BASEBALL_FIELDS": 0, "POOLS": null, "GYM": null, "PICNIC_SHELTERS": null, "REC_CENTER": null, "PICNIC_TABLES": null, "LIGHTED_FOOTBALL_FIELDS": null, "created_user": null, "created_date": null, "last_edited_user": "RFRASHE", "last_edited_date": "2026-01-06T18:59:23Z", "LUCITYID": "PRK-0041", "COMPKEY": 2586422, "UNITID": "3070", "LucityAutoID": 41, "InLucity": 1, "LastSynDate": "2020-07-24T12:33:31Z", "Shape__Area": 181837.91737273653, "Shape__Length": 1793.9062595058194 }, "geometry": { "type": "Polygon", "coordinates": [ [ [ -76.307405771560624, 36.861404047373632 ], [ -76.307704250999464, 36.861163253082069 ], [ -76.308161615627853, 36.860990044220323 ], [ -76.308399818688258, 36.860921790461155 ], [ -76.308643861473527, 36.860825373990991 ], [ -76.308822948131166, 36.860715629240723 ], [ -76.308921658917512, 36.860604384963445 ], [ -76.308955415180833, 36.860479813824931 ], [ -76.308972351032139, 36.860415509380012 ], [ -76.308915451482207, 36.86029732339712 ], [ -76.308861942055685, 36.860235743883543 ], [ -76.308728058945306, 36.860172664980134 ], [ -76.308518125149504, 36.860132399246979 ], [ -76.308166019186373, 36.860141984551809 ], [ -76.307813563123972, 36.860163678363314 ], [ -76.307476176843437, 36.86018565331468 ], [ -76.307169391938984, 36.860018374640006 ], [ -76.306998712973595, 36.860011150086748 ], [ -76.307026304126055, 36.860795186004587 ], [ -76.307167088627565, 36.861141110305127 ], [ -76.307396189643455, 36.861387713421095 ], [ -76.307405771560624, 36.861404047373632 ] ] ] } },
{ "type": "Feature", "properties": { "OBJECTID": 42, "ID": 48, "PARK_NAME": "East Ocean View Community Center", "BASKETBALL_COURTS": "0", "GYMS": "1", "RESTROOMS": "yes", "DETAILS": "beach access", "X_COORD": 12156628.26233371, "Y_COORD": 3504903.8661148399, "ADDRESS": "9520 20th Bay Street", "PARK_TYPE": "CCAPA", "Shape_Leng": 2217.8359101000001, "ACRES": 6.19671303, "ADDITIONAL_INFO": " ", "BIKE_RACKS": 0, "LIGHTED_BASKETBALL_COURTS": 0, "LIGHTED_BASEBALL_FIELDS": 0, "LIGHTED_TENNIS_COURTS": 0, "ADA_PLAYGROUNDS": 0, "PLAYGROUNDS": 1, "TENNIS_COURTS": 0, "FOOTBALL_FIELDS": 1, "BASEBALL_FIELDS": 0, "POOLS": null, "GYM": null, "PICNIC_SHELTERS": null, "REC_CENTER": null, "PICNIC_TABLES": null, "LIGHTED_FOOTBALL_FIELDS": null, "created_user": null, "created_date": null, "last_edited_user": "RFRASHE", "last_edited_date": "2026-01-06T18:59:23Z", "LUCITYID": "PRK-0042", "COMPKEY": 2586277, "UNITID": "4023", "LucityAutoID": 42, "InLucity": 1, "LastSynDate": "2020-07-24T12:33:31Z", "Shape__Area": 269927.72888947121, "Shape__Length": 2249.6909404443927 }, "geometry": { "type": "Polygon", "coordinates": [ [ [ -76.195868997960105, 36.926902827762781 ], [ -76.196042682299392, 36.92619615945528 ], [ -76.196242101914663, 36.925980204396559 ], [ -76.196098068718541, 36.925769905536733 ], [ -76.195938898974816, 36.925676982021379 ], [ -76.195724161412045, 36.925635613614389 ], [ -76.195481971576143, 36.925609189763513 ], [ -76.195365108746813, 36.92552019193527 ], [ -76.195184406746918, 36.925501166258414 ], [ -76.195082582884552, 36.92555181351841 ], [ -76.194811714812516, 36.925580564958658 ], [ -76.194655171289384, 36.925654911643427 ], [ -76.194307396004575, 36.925675962156326 ], [ -76.194259067775604, 36.925743140998705 ], [ -76.193842841081576, 36.925858843323496 ], [ -76.193593403655285, 36.92594375315926 ], [ -76.193583905403699, 36.92600240384985 ], [ -76.193476065791984, 36.925997190952572 ], [ -76.193341424323307, 36.926112223320295 ], [ -76.193481789259195, 36.926189296551378 ], [ -76.193608715459519, 36.926201077310601 ], [ -76.193725763443965, 36.926283886213859 ], [ -76.193737064817682, 36.926340586024928 ], [ -76.193713106472728, 36.926443557209474 ], [ -76.194216290535152, 36.926517554658936 ], [ -76.194186035421637, 36.926652735117976 ], [ -76.194862117637356, 36.926751879316626 ], [ -76.195868997960105, 36.926902827762781 ] ] ] } },
{ "type": "Feature", "properties": { "OBJECTID": 43, "ID": 110, "PARK_NAME": "Oakmont North Playgrounds", "BASKETBALL_COURTS": "3", "GYMS": "0", "RESTROOMS": "no", "DETAILS": "none", "X_COORD": 12144056.39491491, "Y_COORD": 3498962.9075945802, "ADDRESS": "3501 Oakmont Drive", "PARK_TYPE": "NAP", "Shape_Leng": 1204.1793516099999, "ACRES": 11.7665641, "ADDITIONAL_INFO": " ", "BIKE_RACKS": 0, "LIGHTED_BASKETBALL_COURTS": 0, "LIGHTED_BASEBALL_FIELDS": 0, "LIGHTED_TENNIS_COURTS": 0, "ADA_PLAYGROUNDS": 0, "PLAYGROUNDS": 3, "TENNIS_COURTS": 0, "FOOTBALL_FIELDS": 0, "BASEBALL_FIELDS": 1, "POOLS": null, "GYM": null, "PICNIC_SHELTERS": null, "REC_CENTER": null, "PICNIC_TABLES": null, "LIGHTED_FOOTBALL_FIELDS": null, "created_user": null, "created_date": null, "last_edited_user": "RFRASHE", "last_edited_date": "2026-01-06T18:59:23Z", "LUCITYID": "PRK-0043", "COMPKEY": 2586454, "UNITID": "8130", "LucityAutoID": 43, "InLucity": 1, "LastSynDate": "2020-07-24T12:33:31Z", "Shape__Area": 512549.55920102069, "Shape__Length": 8801.4600389544266 }, "geometry": { "type": "MultiPolygon", "coordinates": [ [ [ [ -76.238769725205259, 36.911609494778752 ], [ -76.238736745946937, 36.911677977790021 ], [ -76.238290684533979, 36.911989407261515 ], [ -76.238239220498102, 36.912199394748065 ], [ -76.238207453313748, 36.912384278447348 ], [ -76.238896887654562, 36.912210642724141 ], [ -76.239048861964818, 36.912571907895838 ], [ -76.239126656750514, 36.912545298496454 ], [ -76.239232644608023, 36.912746884464084 ], [ -76.240019612129103, 36.912505014483031 ], [ -76.239938830689198, 36.912304935183272 ], [ -76.24006439831652, 36.91203511438907 ], [ -76.240024971728857, 36.911765755549055 ], [ -76.239995686822027, 36.911719791110812 ], [ -76.239656964653491, 36.911681847780365 ], [ -76.239478937389507, 36.91174319242856 ], [ -76.239352709754414, 36.911731796077099 ], [ -76.239271932740152, 36.911578845660891 ], [ -76.239262028396709, 36.911578035918247 ], [ -76.239248947519243, 36.911576130298734 ], [ -76.239239892978233, 36.911574302120343 ], [ -76.239222239048729, 36.911569461094921 ], [ -76.239209872723208, 36.911564975056535 ], [ -76.239200651842992, 36.91156097136107 ], [ -76.239185543436804, 36.911553017266677 ], [ -76.239177916002973, 36.911548240191621 ], [ -76.239166661277949, 36.911540055553537 ], [ -76.239154890815016, 36.911529667947931 ], [ -76.239146320901099, 36.911520511888384 ], [ -76.239139131890227, 36.911511348137324 ], [ -76.239130146911094, 36.911496877695889 ], [ -76.239125079439518, 36.911486095319539 ], [ -76.239120404173832, 36.911472287358826 ], [ -76.239117990419629, 36.911460672678565 ], [ -76.239116759091104, 36.91144957018907 ], [ -76.23911698378771, 36.911434511627128 ], [ -76.23911937017229, 36.911419573966434 ], [ -76.239067144855198, 36.911414270738604 ], [ -76.238928683375633, 36.911164483489195 ], [ -76.239198636951201, 36.911073195691671 ], [ -76.239960947529752, 36.911154121357256 ], [ -76.239942473881683, 36.911121812394335 ], [ -76.239904512064243, 36.910870555128255 ], [ -76.240151543340502, 36.910728066181768 ], [ -76.240142468580231, 36.910676170798915 ], [ -76.239904736125965, 36.910812975982225 ], [ -76.239595031898261, 36.910486845603636 ], [ -76.239440349303678, 36.910492907951692 ], [ -76.239136172847125, 36.91066768408168 ], [ -76.238712858205218, 36.910038806773578 ], [ -76.239707788466404, 36.909653732058317 ], [ -76.239639236777734, 36.909463213274165 ], [ -76.239270042998555, 36.909505356620777 ], [ -76.238660165325911, 36.909833142908049 ], [ -76.238662705753171, 36.909549649688437 ], [ -76.238457257843748, 36.909381577948857 ], [ -76.238491334681498, 36.909191264587072 ], [ -76.238442865558056, 36.909020439809808 ], [ -76.238448744145572, 36.909012455865088 ], [ -76.238451792282078, 36.909009386742056 ], [ -76.238456425855603, 36.90900554770338 ], [ -76.23845987370656, 36.909003189344105 ], [ -76.238464422619572, 36.909000570040071 ], [ -76.238467755983137, 36.908998963929072 ], [ -76.23847267054046, 36.908996993439565 ], [ -76.238478284799285, 36.908995272573314 ], [ -76.238482025085148, 36.908994398997592 ], [ -76.238488783367657, 36.908993347330828 ], [ -76.238493698156162, 36.908992986701634 ], [ -76.238498394583431, 36.908992947267464 ], [ -76.238502815605415, 36.908993184664567 ], [ -76.23850833049697, 36.908993627890474 ], [ -76.238513230690174, 36.908993756426646 ], [ -76.23851720005338, 36.908993669651473 ], [ -76.238522606284889, 36.908993277914988 ], [ -76.238528045166589, 36.908992544283748 ], [ -76.238537778777953, 36.908990374467791 ], [ -76.238545323224812, 36.908987840739194 ], [ -76.238548629378158, 36.908986469361501 ], [ -76.238551984181086, 36.908984897011628 ], [ -76.238559046729947, 36.908980908203816 ], [ -76.238562536755751, 36.908978528118688 ], [ -76.238565261296927, 36.908976447885372 ], [ -76.238672621799154, 36.908910363193556 ], [ -76.238666706502173, 36.908890910373586 ], [ -76.238662784386591, 36.908878653724479 ], [ -76.238538656634205, 36.908955083575442 ], [ -76.23853331031475, 36.908958621364761 ], [ -76.238526942753865, 36.908961362518639 ], [ -76.238523063886944, 36.90896244164712 ], [ -76.238519146734035, 36.908963148672093 ], [ -76.238515072698277, 36.90896350835289 ], [ -76.238509988118977, 36.908963427647414 ], [ -76.238505827544074, 36.908962925750437 ], [ -76.238499498021326, 36.908962511017464 ], [ -76.238495205954678, 36.908962428433917 ], [ -76.238491188838864, 36.90896249806476 ], [ -76.238486458958235, 36.908962755889263 ], [ -76.238481088947736, 36.908963288034165 ], [ -76.238476353218431, 36.908963967589472 ], [ -76.238471068937741, 36.908964974605709 ], [ -76.238466827656964, 36.908965973747648 ], [ -76.238462460770577, 36.908967194915149 ], [ -76.238458484853112, 36.908968479490476 ], [ -76.238454319621255, 36.908970014611029 ], [ -76.238450317696049, 36.908971681770346 ], [ -76.238445911838497, 36.908973757592761 ], [ -76.238440741351098, 36.908976556027767 ], [ -76.238436358211288, 36.908979262348559 ], [ -76.238432036498864, 36.908982279924388 ], [ -76.238202598142337, 36.908173666598266 ], [ -76.238399847368257, 36.908057529699633 ], [ -76.238350482285981, 36.907903371182499 ], [ -76.23833605271885, 36.907902750096611 ], [ -76.238318165959967, 36.907902018315589 ], [ -76.238297926014809, 36.907901229531767 ], [ -76.238278867391514, 36.907900536488185 ], [ -76.238260998453384, 36.907899922220246 ], [ -76.238241937492049, 36.907899307545392 ], [ -76.238220487520252, 36.90789867033002 ], [ -76.238193079186203, 36.907897934673898 ], [ -76.238159694130843, 36.907897151597979 ], [ -76.238132251892438, 36.907896611775094 ], [ -76.2381060031272, 36.907896174234786 ], [ -76.238084509449038, 36.907895873267954 ], [ -76.238053479322247, 36.90789554019954 ], [ -76.238021235063783, 36.90789530814645 ], [ -76.237991340719191, 36.907895205137912 ], [ -76.23795543094478, 36.907895223411593 ], [ -76.237914723046913, 36.907895418839985 ], [ -76.237870350915344, 36.907895859211969 ], [ -76.237832029609407, 36.907896421435275 ], [ -76.237806903407943, 36.907896882472642 ], [ -76.237774672801081, 36.907897584440001 ], [ -76.237749556127383, 36.907898215107132 ], [ -76.237744705221985, 36.907898543582576 ], [ -76.238166125339532, 36.909188568128741 ], [ -76.238222631224346, 36.909205157358002 ], [ -76.238292890575181, 36.909616682136331 ], [ -76.238362005734956, 36.910021511952998 ], [ -76.238263161106005, 36.910042144347301 ], [ -76.238162976682787, 36.910063060950357 ], [ -76.238061184922003, 36.910084312495357 ], [ -76.237962875399816, 36.910104836857847 ], [ -76.237861618985988, 36.91012597414521 ], [ -76.237761166772827, 36.910146942042843 ], [ -76.237662857088182, 36.910167466154398 ], [ -76.237578853836837, 36.910185002582516 ], [ -76.237560559677917, 36.910186619952334 ], [ -76.237459703728589, 36.910195537443506 ], [ -76.23735832008262, 36.910204496068644 ], [ -76.237254947597123, 36.9102136353535 ], [ -76.237151849809237, 36.910222746485609 ], [ -76.237050725906599, 36.910231687313065 ], [ -76.236951330819636, 36.910240470248638 ], [ -76.236849946892107, 36.910249433840463 ], [ -76.236743407354609, 36.91025884971333 ], [ -76.236645992866187, 36.910267461410385 ], [ -76.236540252282495, 36.910276808657144 ], [ -76.2364997769171, 36.910280412595391 ], [ -76.236501095079518, 36.910288894689842 ], [ -76.236502571722099, 36.910294099728922 ], [ -76.236504084421199, 36.910297195341066 ], [ -76.236507919543243, 36.910302282649624 ], [ -76.236513016816545, 36.910306865156244 ], [ -76.236518642311765, 36.91030947120209 ], [ -76.2365237207934, 36.910311375358255 ], [ -76.236862208701837, 36.910431085362902 ], [ -76.236874470744539, 36.910435068481718 ], [ -76.236883874240149, 36.910438361089817 ], [ -76.23689648544881, 36.910443093662948 ], [ -76.236910717546422, 36.910448915658911 ], [ -76.236928050701636, 36.9104567046721 ], [ -76.236938568903327, 36.910461836813447 ], [ -76.236949953752713, 36.910467755415034 ], [ -76.236959390858971, 36.910472967693401 ], [ -76.236967703425961, 36.910477797769154 ], [ -76.236980370550924, 36.910485620424915 ], [ -76.236994535693682, 36.910495076370246 ], [ -76.237008931250415, 36.910505537277231 ], [ -76.237023768882807, 36.910517357856193 ], [ -76.237284708779086, 36.910347082804677 ], [ -76.23741464189672, 36.910525338828158 ], [ -76.237419548360634, 36.910532066500927 ], [ -76.23768478670975, 36.910438688562223 ], [ -76.237831586973115, 36.910441514011069 ], [ -76.238013206837692, 36.91044500937506 ], [ -76.238266455907763, 36.910635934845772 ], [ -76.237938053788184, 36.910744258370819 ], [ -76.237947466971391, 36.910755428200588 ], [ -76.237954901232499, 36.910766672616916 ], [ -76.23828332709796, 36.910660414551842 ], [ -76.238296888076704, 36.910928459761017 ], [ -76.238303426489779, 36.911057599460804 ], [ -76.238443267236264, 36.911182389636146 ], [ -76.23867677234135, 36.91139075264914 ], [ -76.238678855037634, 36.911395665553663 ], [ -76.23835415858531, 36.911489105959838 ], [ -76.238360418065312, 36.911498420432402 ], [ -76.23836445664486, 36.911505610895148 ], [ -76.238368337884339, 36.911513861052022 ], [ -76.238690030529781, 36.911421966362674 ], [ -76.238769725205259, 36.911609494778752 ] ] ], [ [ [ -76.235039107387749, 36.910158254594826 ], [ -76.235243813385068, 36.910423780327477 ], [ -76.235342494867083, 36.910603703523456 ], [ -76.235435805658767, 36.910736291938221 ], [ -76.235496397904498, 36.910828286503687 ], [ -76.235741925090622, 36.910787602548908 ], [ -76.235646975115984, 36.910378812860472 ], [ -76.235646433853432, 36.910378106570683 ], [ -76.235641140666289, 36.910375123799575 ], [ -76.235632421865589, 36.910364056391089 ], [ -76.236222245425239, 36.910308205854939 ], [ -76.236337546498703, 36.910310426496842 ], [ -76.236296160279906, 36.910029881962778 ], [ -76.236160021582265, 36.910043609088405 ], [ -76.235921876191981, 36.910064453451561 ], [ -76.235798182129642, 36.910040271833573 ], [ -76.235722561725979, 36.909997034492775 ], [ -76.235715887597991, 36.909993273373942 ], [ -76.235039107387749, 36.910158254594826 ] ] ] ] } },
{ "type": "Feature", "properties": { "OBJECTID": 44, "ID": 106, "PARK_NAME": "Northside Park", "BASKETBALL_COURTS": "2", "GYMS": "0", "RESTROOMS": "yes", "DETAILS": "1/2 mile hiking trail, indoor pool, Northside Skate Park", "X_COORD": 12138784.36621717, "Y_COORD": 3505167.3669218901, "ADDRESS": "8401 Tidewater Drive", "PARK_TYPE": "CP", "Shape_Leng": 7884.3772223400001, "ACRES": 62.87180091, "ADDITIONAL_INFO": " ", "BIKE_RACKS": 0, "LIGHTED_BASKETBALL_COURTS": 0, "LIGHTED_BASEBALL_FIELDS": 3, "LIGHTED_TENNIS_COURTS": 7, "ADA_PLAYGROUNDS": 0, "PLAYGROUNDS": 2, "TENNIS_COURTS": 7, "FOOTBALL_FIELDS": 0, "BASEBALL_FIELDS": 3, "POOLS": null, "GYM": null, "PICNIC_SHELTERS": null, "REC_CENTER": null, "PICNIC_TABLES": null, "LIGHTED_FOOTBALL_FIELDS": null, "created_user": null, "created_date": null, "last_edited_user": "RFRASHE", "last_edited_date": "2026-01-06T18:59:23Z", "LUCITYID": "PRK-0044", "COMPKEY": 2587026, "UNITID": "4037", "LucityAutoID": 44, "InLucity": 1, "LastSynDate": "2020-07-24T12:33:31Z", "Shape__Area": 2738684.9982846533, "Shape__Length": 7884.378125284562 }, "geometry": { "type": "Polygon", "coordinates": [ [ [ -76.252613618008581, 36.924918031102649 ], [ -76.253418842626672, 36.930073650261228 ], [ -76.254498397397114, 36.930082064147648 ], [ -76.255532352279772, 36.930089597595831 ], [ -76.256106695766718, 36.930210446914863 ], [ -76.256582590492854, 36.93006080455838 ], [ -76.257904982114738, 36.930086030625219 ], [ -76.259989174361777, 36.930064710657341 ], [ -76.260108970854816, 36.930128041037015 ], [ -76.260803478786286, 36.930299994564983 ], [ -76.261224751223224, 36.93045453221081 ], [ -76.261434308267908, 36.930568408418019 ], [ -76.261159568416232, 36.930087004035272 ], [ -76.261007569659526, 36.930084109459294 ], [ -76.260889214801423, 36.929971970343509 ], [ -76.260834545537023, 36.929763366200234 ], [ -76.260548273094102, 36.929672446618383 ], [ -76.260397357195302, 36.929632942891594 ], [ -76.260274315060499, 36.929679437883188 ], [ -76.260260918121503, 36.929618135578174 ], [ -76.259874332997413, 36.928804939092814 ], [ -76.259692250725948, 36.928276459277527 ], [ -76.259176188121216, 36.928242205179728 ], [ -76.258554410932433, 36.927668712964739 ], [ -76.25809225414568, 36.92735466155186 ], [ -76.257572915211, 36.926917423295841 ], [ -76.257229832249124, 36.926691106572157 ], [ -76.256357671561261, 36.926357016621559 ], [ -76.255607110882266, 36.926025241585052 ], [ -76.254831943505209, 36.925497638381522 ], [ -76.253997075508153, 36.924932261150289 ], [ -76.252613618008581, 36.924918031102649 ] ] ] } },
{ "type": "Feature", "properties": { "OBJECTID": 45, "ID": 169, "PARK_NAME": "Yellow Fever Park", "BASKETBALL_COURTS": "0", "GYMS": "0", "RESTROOMS": "no", "DETAILS": "none", "X_COORD": 12126216.02820738, "Y_COORD": 3482559.3300884399, "ADDRESS": "900 W Princess Anne Road", "PARK_TYPE": "NPP", "Shape_Leng": 575.77768504999995, "ACRES": 0.44675871, "ADDITIONAL_INFO": " ", "BIKE_RACKS": 0, "LIGHTED_BASKETBALL_COURTS": 0, "LIGHTED_BASEBALL_FIELDS": 0, "LIGHTED_TENNIS_COURTS": 0, "ADA_PLAYGROUNDS": 0, "PLAYGROUNDS": 0, "TENNIS_COURTS": 0, "FOOTBALL_FIELDS": 0, "BASEBALL_FIELDS": 0, "POOLS": null, "GYM": null, "PICNIC_SHELTERS": null, "REC_CENTER": null, "PICNIC_TABLES": null, "LIGHTED_FOOTBALL_FIELDS": null, "created_user": null, "created_date": null, "last_edited_user": "RFRASHE", "last_edited_date": "2026-01-06T18:59:23Z", "LUCITYID": "PRK-0045", "COMPKEY": 2586432, "UNITID": "3098", "LucityAutoID": 45, "InLucity": 1, "LastSynDate": "2020-07-24T12:33:31Z", "Shape__Area": 19460.726649802193, "Shape__Length": 575.77773414927742 }, "geometry": { "type": "Polygon", "coordinates": [ [ [ -76.300558369964037, 36.866736991546318 ], [ -76.30050298892715, 36.866910751345351 ], [ -76.300488023199307, 36.866992813300072 ], [ -76.300663328620672, 36.867023542930916 ], [ -76.300785101945081, 36.867040268873076 ], [ -76.300828064976699, 36.866984733526429 ], [ -76.300850215388309, 36.866964924330283 ], [ -76.300912395817406, 36.866990645991507 ], [ -76.30110827328842, 36.866807960517733 ], [ -76.300668873694235, 36.866522371139148 ], [ -76.300558369964037, 36.866736991546318 ] ] ] } },
{ "type": "Feature", "properties": { "OBJECTID": 46, "ID": 168, "PARK_NAME": "Wisconsin Plaza", "BASKETBALL_COURTS": "0", "GYMS": "0", "RESTROOMS": "no", "DETAILS": "viewing garden, wooden boardwalk", "X_COORD": 12128300.151443301, "Y_COORD": 3475983.0511147901, "ADDRESS": "235 Brooke Avenue", "PARK_TYPE": "NPP", "Shape_Leng": 2194.11920349, "ACRES": 1.12838769, "ADDITIONAL_INFO": " ", "BIKE_RACKS": 0, "LIGHTED_BASKETBALL_COURTS": 0, "LIGHTED_BASEBALL_FIELDS": 0, "LIGHTED_TENNIS_COURTS": 0, "ADA_PLAYGROUNDS": 0, "PLAYGROUNDS": 0, "TENNIS_COURTS": 0, "FOOTBALL_FIELDS": 0, "BASEBALL_FIELDS": 0, "POOLS": null, "GYM": null, "PICNIC_SHELTERS": null, "REC_CENTER": null, "PICNIC_TABLES": null, "LIGHTED_FOOTBALL_FIELDS": null, "created_user": null, "created_date": null, "last_edited_user": "RFRASHE", "last_edited_date": "2026-01-06T18:59:23Z", "LUCITYID": "PRK-0046", "COMPKEY": 2586431, "UNITID": "3097", "LucityAutoID": 46, "InLucity": 1, "LastSynDate": "2020-07-24T12:33:31Z", "Shape__Area": 49152.424750379243, "Shape__Length": 2115.9869362081736 }, "geometry": { "type": "Polygon", "coordinates": [ [ [ -76.294188972419022, 36.847686163761807 ], [ -76.29419041207467, 36.847636654531819 ], [ -76.293603026356919, 36.847699925550451 ], [ -76.293558098689246, 36.847730925777959 ], [ -76.293455430998392, 36.847930680731913 ], [ -76.293539171904456, 36.848381618408574 ], [ -76.293341676397461, 36.848360216711612 ], [ -76.293338898835557, 36.848455698326681 ], [ -76.29352814606284, 36.848492661246311 ], [ -76.293593010577183, 36.848503044047391 ], [ -76.293666858425141, 36.848514863796773 ], [ -76.293802531053046, 36.84853657912894 ], [ -76.294028273446088, 36.848572710704985 ], [ -76.294218918933964, 36.848603225166613 ], [ -76.294210563181011, 36.848683533909295 ], [ -76.29419437793382, 36.848839088400346 ], [ -76.294166846587515, 36.849103689544052 ], [ -76.294164861813925, 36.849122845012737 ], [ -76.294378414706486, 36.849156856775139 ], [ -76.294566894346389, 36.849200931550136 ], [ -76.294697581215786, 36.849240958949743 ], [ -76.294590910700549, 36.848549982063318 ], [ -76.293613359243892, 36.84840424201483 ], [ -76.293530646508586, 36.84791794066134 ], [ -76.293645691140057, 36.847746724612975 ], [ -76.294188972419022, 36.847686163761807 ] ] ] } },
{ "type": "Feature", "properties": { "OBJECTID": 47, "ID": 163, "PARK_NAME": "Westover Memorial Park", "BASKETBALL_COURTS": "0", "GYMS": "0", "RESTROOMS": "no", "DETAILS": "none", "X_COORD": 12123821.11537911, "Y_COORD": 3484143.4891810101, "ADDRESS": "1424 Westover Avenue", "PARK_TYPE": "NAP", "Shape_Leng": 440.72986813, "ACRES": 0.35505376, "ADDITIONAL_INFO": " ", "BIKE_RACKS": 0, "LIGHTED_BASKETBALL_COURTS": 0, "LIGHTED_BASEBALL_FIELDS": 0, "LIGHTED_TENNIS_COURTS": 0, "ADA_PLAYGROUNDS": 0, "PLAYGROUNDS": 1, "TENNIS_COURTS": 0, "FOOTBALL_FIELDS": 0, "BASEBALL_FIELDS": 0, "POOLS": null, "GYM": null, "PICNIC_SHELTERS": null, "REC_CENTER": null, "PICNIC_TABLES": null, "LIGHTED_FOOTBALL_FIELDS": null, "created_user": null, "created_date": null, "last_edited_user": "RFRASHE", "last_edited_date": "2026-01-06T18:59:23Z", "LUCITYID": "PRK-0047", "COMPKEY": 2586430, "UNITID": "3096", "LucityAutoID": 47, "InLucity": 1, "LastSynDate": "2020-07-24T12:33:31Z", "Shape__Area": 14811.890979183101, "Shape__Length": 489.77604154273416 }, "geometry": { "type": "Polygon", "coordinates": [ [ [ -76.308727875678301, 36.871547148383179 ], [ -76.309075716491535, 36.871439896873277 ], [ -76.308912306572694, 36.871090776363502 ], [ -76.308561738133079, 36.871202007368559 ], [ -76.308632668702899, 36.871346404355357 ], [ -76.308659304370963, 36.871404720775033 ], [ -76.308727875678301, 36.871547148383179 ] ] ] } },
{ "type": "Feature", "properties": { "OBJECTID": 48, "ID": 159, "PARK_NAME": "Virginia Park", "BASKETBALL_COURTS": "0", "GYMS": "0", "RESTROOMS": "no", "DETAILS": "none", "X_COORD": 12124752.390352519, "Y_COORD": 3492704.5037308298, "ADDRESS": "5801 Upper Brandon Place", "PARK_TYPE": "MOUS", "Shape_Leng": 642.70606670999996, "ACRES": 0.4592164, "ADDITIONAL_INFO": " ", "BIKE_RACKS": 0, "LIGHTED_BASKETBALL_COURTS": 0, "LIGHTED_BASEBALL_FIELDS": 0, "LIGHTED_TENNIS_COURTS": 0, "ADA_PLAYGROUNDS": 0, "PLAYGROUNDS": 0, "TENNIS_COURTS": 0, "FOOTBALL_FIELDS": 0, "BASEBALL_FIELDS": 0, "POOLS": null, "GYM": null, "PICNIC_SHELTERS": null, "REC_CENTER": null, "PICNIC_TABLES": null, "LIGHTED_FOOTBALL_FIELDS": null, "created_user": null, "created_date": null, "last_edited_user": "RFRASHE", "last_edited_date": "2026-01-06T18:59:23Z", "LUCITYID": "PRK-0048", "COMPKEY": null, "UNITID": null, "LucityAutoID": 48, "InLucity": 1, "LastSynDate": "2020-07-24T12:33:31Z", "Shape__Area": 20003.39930906755, "Shape__Length": 642.70622545700655 }, "geometry": { "type": "Polygon", "coordinates": [ [ [ -76.305118067125633, 36.895086373266196 ], [ -76.305082699926928, 36.894433604194305 ], [ -76.304798419840679, 36.894448410685968 ], [ -76.304825586359755, 36.895095997107049 ], [ -76.305118067125633, 36.895086373266196 ] ] ] } },
{ "type": "Feature", "properties": { "OBJECTID": 49, "ID": 156, "PARK_NAME": "Titustown Visual Arts Center", "BASKETBALL_COURTS": "0", "GYMS": "1", "RESTROOMS": "no", "DETAILS": "computer lab, kilns for cermanics", "X_COORD": 12127382.636953371, "Y_COORD": 3500067.1447450402, "ADDRESS": "7545 Diven Street", "PARK_TYPE": "CCAPA", "Shape_Leng": 2370.0019028800002, "ACRES": 5.88602701, "ADDITIONAL_INFO": " ", "BIKE_RACKS": 0, "LIGHTED_BASKETBALL_COURTS": 0, "LIGHTED_BASEBALL_FIELDS": 0, "LIGHTED_TENNIS_COURTS": 0, "ADA_PLAYGROUNDS": 0, "PLAYGROUNDS": 1, "TENNIS_COURTS": 0, "FOOTBALL_FIELDS": 1, "BASEBALL_FIELDS": 1, "POOLS": null, "GYM": null, "PICNIC_SHELTERS": null, "REC_CENTER": null, "PICNIC_TABLES": null, "LIGHTED_FOOTBALL_FIELDS": null, "created_user": null, "created_date": null, "last_edited_user": "RFRASHE", "last_edited_date": "2026-01-06T18:59:23Z", "LUCITYID": "PRK-0049", "COMPKEY": 2586273, "UNITID": "5076", "LucityAutoID": 49, "InLucity": 1, "LastSynDate": "2020-07-24T12:33:32Z", "Shape__Area": 256394.27604956125, "Shape__Length": 2432.9585872434172 }, "geometry": { "type": "Polygon", "coordinates": [ [ [ -76.294007656693324, 36.915416587468449 ], [ -76.296360159132917, 36.915365927661973 ], [ -76.296326991171242, 36.913953555159793 ], [ -76.295258250139312, 36.913971460495915 ], [ -76.295324670506673, 36.914505499031947 ], [ -76.295033519630863, 36.914524181764627 ], [ -76.295065314149539, 36.914717950106436 ], [ -76.293906175217984, 36.914801390206385 ], [ -76.294007656693324, 36.915416587468449 ] ] ] } },
{ "type": "Feature", "properties": { "OBJECTID": 50, "ID": 147, "PARK_NAME": "Stone Park", "BASKETBALL_COURTS": "0", "GYMS": "0", "RESTROOMS": "no", "DETAILS": "seasonal color garden", "X_COORD": 12126897.79463424, "Y_COORD": 3479926.5836901399, "ADDRESS": "601 W Olney Road", "PARK_TYPE": "NPP", "Shape_Leng": 506.77815545, "ACRES": 0.32685663, "ADDITIONAL_INFO": " ", "BIKE_RACKS": 0, "LIGHTED_BASKETBALL_COURTS": 0, "LIGHTED_BASEBALL_FIELDS": 0, "LIGHTED_TENNIS_COURTS": 0, "ADA_PLAYGROUNDS": 0, "PLAYGROUNDS": 0, "TENNIS_COURTS": 0, "FOOTBALL_FIELDS": 0, "BASEBALL_FIELDS": 0, "POOLS": null, "GYM": null, "PICNIC_SHELTERS": null, "REC_CENTER": null, "PICNIC_TABLES": null, "LIGHTED_FOOTBALL_FIELDS": null, "created_user": null, "created_date": null, "last_edited_user": "RFRASHE", "last_edited_date": "2026-01-06T18:59:23Z", "LUCITYID": "PRK-0050", "COMPKEY": 2586425, "UNITID": "3080", "LucityAutoID": 50, "InLucity": 1, "LastSynDate": "2020-07-24T12:33:32Z", "Shape__Area": 14237.807222259162, "Shape__Length": 506.77838780658806 }, "geometry": { "type": "Polygon", "coordinates": [ [ [ -76.298879658964751, 36.859535291422304 ], [ -76.298829761143963, 36.859511933155503 ], [ -76.298825264023677, 36.859486623336345 ], [ -76.298616836757034, 36.859397232005165 ], [ -76.298586961041764, 36.859405080899755 ], [ -76.298447687307672, 36.859336605272233 ], [ -76.298322579744521, 36.85950102690699 ], [ -76.298333804917661, 36.859534869872441 ], [ -76.298423141604516, 36.859581388974604 ], [ -76.298702261528007, 36.859698731762464 ], [ -76.298786653222919, 36.859735348373952 ], [ -76.298804002844889, 36.859738476743914 ], [ -76.298834000635665, 36.859726425221503 ], [ -76.298989668556615, 36.859590604492844 ], [ -76.298879658964751, 36.859535291422304 ] ] ] } },
{ "type": "Feature", "properties": { "OBJECTID": 51, "ID": 115, "PARK_NAME": "Ocean View Park", "BASKETBALL_COURTS": "0", "GYMS": "0", "RESTROOMS": "yes", "DETAILS": "beach access, large band shell", "X_COORD": 12139918.627121409, "Y_COORD": 3515075.0189078101, "ADDRESS": "120 W Ocean View Avenue", "PARK_TYPE": "FP", "Shape_Leng": 2865.34730158, "ACRES": 9.89776943, "ADDITIONAL_INFO": " ", "BIKE_RACKS": 0, "LIGHTED_BASKETBALL_COURTS": 0, "LIGHTED_BASEBALL_FIELDS": 0, "LIGHTED_TENNIS_COURTS": 0, "ADA_PLAYGROUNDS": 0, "PLAYGROUNDS": 0, "TENNIS_COURTS": 0, "FOOTBALL_FIELDS": 0, "BASEBALL_FIELDS": 0, "POOLS": null, "GYM": null, "PICNIC_SHELTERS": null, "REC_CENTER": null, "PICNIC_TABLES": null, "LIGHTED_FOOTBALL_FIELDS": null, "created_user": null, "created_date": null, "last_edited_user": "RFRASHE", "last_edited_date": "2026-01-06T18:59:23Z", "LUCITYID": "PRK-0051", "COMPKEY": 2587027, "UNITID": "4041", "LucityAutoID": 51, "InLucity": 1, "LastSynDate": "2020-07-24T12:33:32Z", "Shape__Area": 431145.13242796372, "Shape__Length": 2959.5566630999633 }, "geometry": { "type": "Polygon", "coordinates": [ [ [ -76.249513015963913, 36.9547476475799 ], [ -76.252329462864807, 36.956650274926375 ], [ -76.253047107797599, 36.955932413700218 ], [ -76.252800060944196, 36.955724478606889 ], [ -76.252170397897743, 36.955184086391853 ], [ -76.250606614127875, 36.95375513486448 ], [ -76.249513015963913, 36.9547476475799 ] ] ] } },
{ "type": "Feature", "properties": { "OBJECTID": 52, "ID": 32, "PARK_NAME": "Captain's Quarters Park", "BASKETBALL_COURTS": "0", "GYMS": "0", "RESTROOMS": "no", "DETAILS": "canoe/kayak launch", "X_COORD": 12133269.231316891, "Y_COORD": 3518178.99074913, "ADDRESS": "800 Little Bay Avenue", "PARK_TYPE": "CCAPA", "Shape_Leng": 1677.8982757199999, "ACRES": 3.71493694, "ADDITIONAL_INFO": " ", "BIKE_RACKS": 0, "LIGHTED_BASKETBALL_COURTS": 0, "LIGHTED_BASEBALL_FIELDS": 0, "LIGHTED_TENNIS_COURTS": 0, "ADA_PLAYGROUNDS": 0, "PLAYGROUNDS": 1, "TENNIS_COURTS": 0, "FOOTBALL_FIELDS": 0, "BASEBALL_FIELDS": 0, "POOLS": null, "GYM": null, "PICNIC_SHELTERS": null, "REC_CENTER": null, "PICNIC_TABLES": null, "LIGHTED_FOOTBALL_FIELDS": null, "created_user": null, "created_date": null, "last_edited_user": "RFRASHE", "last_edited_date": "2026-01-06T18:59:23Z", "LUCITYID": "PRK-0052", "COMPKEY": 2586275, "UNITID": "4013", "LucityAutoID": 52, "InLucity": 1, "LastSynDate": "2020-07-24T12:33:32Z", "Shape__Area": 161822.03856625475, "Shape__Length": 1677.8982369171943 }, "geometry": { "type": "Polygon", "coordinates": [ [ [ -76.27472437078606, 36.963865177372959 ], [ -76.274821897723797, 36.963672340115558 ], [ -76.274567739136117, 36.963559284853702 ], [ -76.274345226809871, 36.963483957801571 ], [ -76.274229850483152, 36.963700830745552 ], [ -76.273977017380176, 36.963728177960796 ], [ -76.273511147148596, 36.963791184741076 ], [ -76.273277090195222, 36.963820776043008 ], [ -76.272943613930934, 36.964107430704146 ], [ -76.27271796541271, 36.964571907091475 ], [ -76.272855470809191, 36.964621763986223 ], [ -76.272967747899202, 36.964648461086313 ], [ -76.273096392217383, 36.964679249181437 ], [ -76.273253674714738, 36.964697347242598 ], [ -76.273394701133498, 36.964707577611499 ], [ -76.273524345325683, 36.964704361211155 ], [ -76.273654211627075, 36.964693588216896 ], [ -76.273786877400383, 36.964667747656023 ], [ -76.27399318607047, 36.964620619592992 ], [ -76.27429654673395, 36.964477040963878 ], [ -76.274453585354109, 36.964423308399979 ], [ -76.27472437078606, 36.963865177372959 ] ] ] } },
{ "type": "Feature", "properties": { "OBJECTID": 53, "ID": 137, "PARK_NAME": "Sarah Constance Park", "BASKETBALL_COURTS": "0", "GYMS": "0", "RESTROOMS": "yes", "DETAILS": "beach access", "X_COORD": 12138029.7006559, "Y_COORD": 3516417.1811296698, "ADDRESS": "324 W Ocean View Avenue", "PARK_TYPE": "NPP", "Shape_Leng": 2879.8614499800001, "ACRES": 8.98124482, "ADDITIONAL_INFO": " ", "BIKE_RACKS": 0, "LIGHTED_BASKETBALL_COURTS": 0, "LIGHTED_BASEBALL_FIELDS": 0, "LIGHTED_TENNIS_COURTS": 0, "ADA_PLAYGROUNDS": 0, "PLAYGROUNDS": 0, "TENNIS_COURTS": 0, "FOOTBALL_FIELDS": 0, "BASEBALL_FIELDS": 0, "POOLS": null, "GYM": null, "PICNIC_SHELTERS": null, "REC_CENTER": null, "PICNIC_TABLES": null, "LIGHTED_FOOTBALL_FIELDS": null, "created_user": null, "created_date": null, "last_edited_user": "RFRASHE", "last_edited_date": "2026-01-06T18:59:23Z", "LUCITYID": "PRK-0053", "COMPKEY": 2587029, "UNITID": "4048", "LucityAutoID": 53, "InLucity": 1, "LastSynDate": "2020-07-24T12:33:32Z", "Shape__Area": 391221.43823404651, "Shape__Length": 2857.1136644026392 }, "geometry": { "type": "Polygon", "coordinates": [ [ [ -76.25936102812112, 36.959269632670591 ], [ -76.259568470009839, 36.959087951947048 ], [ -76.259628454628967, 36.959030941851054 ], [ -76.259086071420086, 36.958829914442312 ], [ -76.257596584414358, 36.958495195118729 ], [ -76.256979476906082, 36.958348554025946 ], [ -76.256666503957646, 36.958226530775015 ], [ -76.256255312403553, 36.957989715645091 ], [ -76.255615455660077, 36.95861109988234 ], [ -76.256268566310723, 36.958993679892231 ], [ -76.256994976042037, 36.959409019900875 ], [ -76.258574389889844, 36.960057039355931 ], [ -76.258912494335846, 36.959733185365252 ], [ -76.25936102812112, 36.959269632670591 ] ] ] } },
{ "type": "Feature", "properties": { "OBJECTID": 54, "ID": 58, "PARK_NAME": "Glennwood Park", "BASKETBALL_COURTS": "1", "GYMS": "0", "RESTROOMS": "no", "DETAILS": "none", "X_COORD": 12123074.9150161, "Y_COORD": 3504607.7066722801, "ADDRESS": "8100 Evergreen Avenue", "PARK_TYPE": "NAP", "Shape_Leng": 724.95416622000005, "ACRES": 0.69080659, "ADDITIONAL_INFO": " ", "BIKE_RACKS": 0, "LIGHTED_BASKETBALL_COURTS": 0, "LIGHTED_BASEBALL_FIELDS": 0, "LIGHTED_TENNIS_COURTS": 0, "ADA_PLAYGROUNDS": 0, "PLAYGROUNDS": 2, "TENNIS_COURTS": 0, "FOOTBALL_FIELDS": 0, "BASEBALL_FIELDS": 0, "POOLS": null, "GYM": null, "PICNIC_SHELTERS": null, "REC_CENTER": null, "PICNIC_TABLES": null, "LIGHTED_FOOTBALL_FIELDS": null, "created_user": null, "created_date": null, "last_edited_user": "RFRASHE", "last_edited_date": "2026-01-06T18:59:23Z", "LUCITYID": "PRK-0054", "COMPKEY": 2587006, "UNITID": "5021", "LucityAutoID": 54, "InLucity": 1, "LastSynDate": "2020-07-24T12:33:32Z", "Shape__Area": 30091.380866798459, "Shape__Length": 724.95399480131664 }, "geometry": { "type": "Polygon", "coordinates": [ [ [ -76.309994898659355, 36.927867198098596 ], [ -76.309937995553838, 36.927225348504955 ], [ -76.309499828148688, 36.927252205818512 ], [ -76.309554453150071, 36.927891173966884 ], [ -76.309994898659355, 36.927867198098596 ] ] ] } },
{ "type": "Feature", "properties": { "OBJECTID": 55, "ID": 138, "PARK_NAME": "Sewells Point Elementary School", "BASKETBALL_COURTS": "6", "GYMS": " ", "RESTROOMS": " ", "DETAILS": " ", "X_COORD": 12121894.731569789, "Y_COORD": 3502810.75608719, "ADDRESS": "7928 Hampton Boulevard", "PARK_TYPE": "SSAPA", "Shape_Leng": 2768.4176786100002, "ACRES": 9.08384666, "ADDITIONAL_INFO": " ", "BIKE_RACKS": 0, "LIGHTED_BASKETBALL_COURTS": 0, "LIGHTED_BASEBALL_FIELDS": 0, "LIGHTED_TENNIS_COURTS": 0, "ADA_PLAYGROUNDS": 0, "PLAYGROUNDS": 1, "TENNIS_COURTS": 0, "FOOTBALL_FIELDS": 0, "BASEBALL_FIELDS": 1, "POOLS": null, "GYM": null, "PICNIC_SHELTERS": null, "REC_CENTER": null, "PICNIC_TABLES": null, "LIGHTED_FOOTBALL_FIELDS": null, "created_user": null, "created_date": null, "last_edited_user": "RFRASHE", "last_edited_date": "2026-01-06T18:59:23Z", "LUCITYID": "PRK-0055", "COMPKEY": 2586832, "UNITID": "5071", "LucityAutoID": 55, "InLucity": 1, "LastSynDate": "2020-07-24T12:33:32Z", "Shape__Area": 395690.70461823896, "Shape__Length": 2768.4177387447967 }, "geometry": { "type": "Polygon", "coordinates": [ [ [ -76.315827088953299, 36.923216322606791 ], [ -76.31583477644908, 36.923215947154198 ], [ -76.315521720966458, 36.922845349073569 ], [ -76.315197345615545, 36.922499983252557 ], [ -76.314902454287122, 36.922226076152228 ], [ -76.314180576803182, 36.921564239740455 ], [ -76.313113540883322, 36.922348706588025 ], [ -76.312455271287547, 36.922445355039798 ], [ -76.312361213630226, 36.922588027641062 ], [ -76.31234593145453, 36.922612477435429 ], [ -76.312335602597997, 36.922631630182252 ], [ -76.312330990593466, 36.922641125798307 ], [ -76.312321270079181, 36.922663743870842 ], [ -76.31231371897627, 36.922684984476923 ], [ -76.312309334436748, 36.922699705895425 ], [ -76.312304598237191, 36.922719103327495 ], [ -76.312301164314277, 36.92273752809146 ], [ -76.312299091793449, 36.922752776564529 ], [ -76.312297085482854, 36.922780275732862 ], [ -76.312297019366781, 36.92280029908472 ], [ -76.312337684500136, 36.923386837947362 ], [ -76.315827088953299, 36.923216322606791 ] ] ] } },
{ "type": "Feature", "properties": { "OBJECTID": 56, "ID": 67, "PARK_NAME": "Hermitage Museum Playground", "BASKETBALL_COURTS": null, "GYMS": " ", "RESTROOMS": null, "DETAILS": " ", "X_COORD": 12122285.38247375, "Y_COORD": 3498733.21330046, "ADDRESS": "7637 North Shore Road", "PARK_TYPE": "NAP", "Shape_Leng": 3916.2390932100002, "ACRES": 18.17329778, "ADDITIONAL_INFO": " ", "BIKE_RACKS": 0, "LIGHTED_BASKETBALL_COURTS": 0, "LIGHTED_BASEBALL_FIELDS": 0, "LIGHTED_TENNIS_COURTS": 0, "ADA_PLAYGROUNDS": 0, "PLAYGROUNDS": 1, "TENNIS_COURTS": 0, "FOOTBALL_FIELDS": 0, "BASEBALL_FIELDS": 0, "POOLS": null, "GYM": null, "PICNIC_SHELTERS": null, "REC_CENTER": null, "PICNIC_TABLES": null, "LIGHTED_FOOTBALL_FIELDS": null, "created_user": null, "created_date": null, "last_edited_user": "RFRASHE", "last_edited_date": "2026-01-06T18:59:23Z", "LUCITYID": "PRK-0056", "COMPKEY": 2587007, "UNITID": "5030", "LucityAutoID": 56, "InLucity": 1, "LastSynDate": "2020-07-24T12:33:32Z", "Shape__Area": 791625.72307340649, "Shape__Length": 3916.2391571431754 }, "geometry": { "type": "Polygon", "coordinates": [ [ [ -76.313533318282424, 36.913327852305557 ], [ -76.313920405841245, 36.912563978534827 ], [ -76.313955066101741, 36.911637423569701 ], [ -76.314385171844762, 36.911307678407688 ], [ -76.314480958582791, 36.911013137889071 ], [ -76.314640453921172, 36.910573214633409 ], [ -76.314216473042478, 36.910415576588932 ], [ -76.313344262664558, 36.910115777118094 ], [ -76.312324567153368, 36.909564697983747 ], [ -76.312138758010803, 36.909816140188049 ], [ -76.311827174087497, 36.910301023599473 ], [ -76.311690801877546, 36.910626668681545 ], [ -76.311713058047772, 36.91095526696904 ], [ -76.311682967945814, 36.911722594374901 ], [ -76.311813390991148, 36.911877963235256 ], [ -76.311787677580256, 36.912081404402485 ], [ -76.311943484872884, 36.912457097028586 ], [ -76.311584459027841, 36.912660706585491 ], [ -76.311507912965368, 36.912700702479071 ], [ -76.311593081483679, 36.913186599193359 ], [ -76.311841906756882, 36.91308927068588 ], [ -76.312177243549186, 36.913019043255069 ], [ -76.312479015405174, 36.913011914496167 ], [ -76.312696769115931, 36.913028711971798 ], [ -76.312948929572599, 36.913090756571641 ], [ -76.313196573249442, 36.913171833507917 ], [ -76.313423743597895, 36.91327483408535 ], [ -76.313533318282424, 36.913327852305557 ] ] ] } },
{ "type": "Feature", "properties": { "OBJECTID": 57, "ID": 93, "PARK_NAME": "Meadowbrook Park / Dog Park", "BASKETBALL_COURTS": "1/2 Court", "GYMS": " ", "RESTROOMS": " ", "DETAILS": "School demolished 2016 -  New Park has Dog Park, half bball court, playground", "X_COORD": 12124378.335568281, "Y_COORD": 3500250.0920616798, "ADDRESS": "7620 Shirland Avenue", "PARK_TYPE": "NAP", "Shape_Leng": 1943.50996377, "ACRES": 2.80192691, "ADDITIONAL_INFO": " ", "BIKE_RACKS": 0, "LIGHTED_BASKETBALL_COURTS": 0, "LIGHTED_BASEBALL_FIELDS": 0, "LIGHTED_TENNIS_COURTS": 0, "ADA_PLAYGROUNDS": 0, "PLAYGROUNDS": 1, "TENNIS_COURTS": 0, "FOOTBALL_FIELDS": 0, "BASEBALL_FIELDS": 0, "POOLS": null, "GYM": null, "PICNIC_SHELTERS": null, "REC_CENTER": null, "PICNIC_TABLES": null, "LIGHTED_FOOTBALL_FIELDS": null, "created_user": null, "created_date": null, "last_edited_user": "RFRASHE", "last_edited_date": "2026-01-06T18:59:23Z", "LUCITYID": "PRK-0057", "COMPKEY": 2586827, "UNITID": "5049", "LucityAutoID": 57, "InLucity": 1, "LastSynDate": "2020-07-24T12:33:32Z", "Shape__Area": 122051.4479258347, "Shape__Length": 1439.3978625702975 }, "geometry": { "type": "Polygon", "coordinates": [ [ [ -76.306413891656149, 36.915139553590436 ], [ -76.30640530251604, 36.915140080141121 ], [ -76.306293202635317, 36.915145370277877 ], [ -76.306284705880771, 36.915145768748005 ], [ -76.30620314468284, 36.915148336956122 ], [ -76.306106543501883, 36.915150023194968 ], [ -76.306014160841855, 36.915150234147482 ], [ -76.305951466911253, 36.915149553399473 ], [ -76.305941323526, 36.915149443389012 ], [ -76.305892050199986, 36.91514842722566 ], [ -76.3058214023755, 36.915146299081762 ], [ -76.305782899196331, 36.915144797977277 ], [ -76.305714357456566, 36.915141538215693 ], [ -76.305677957678853, 36.915139502175236 ], [ -76.30563529760451, 36.915136843593046 ], [ -76.30560390816666, 36.915134597304203 ], [ -76.305564923446681, 36.915131816220601 ], [ -76.305531212119504, 36.91512912185496 ], [ -76.30549676587961, 36.915126183011182 ], [ -76.305471228804493, 36.915123877391181 ], [ -76.305436820373529, 36.915120602126848 ], [ -76.305377002563887, 36.91511444942941 ], [ -76.305325002732019, 36.9151086229406 ], [ -76.30525653726778, 36.915101296495898 ], [ -76.305252101356587, 36.91510081977728 ], [ -76.305200863643975, 36.91509503540513 ], [ -76.305175253792001, 36.915092103718926 ], [ -76.305130131496369, 36.915086867056765 ], [ -76.305094250921073, 36.915082641210091 ], [ -76.305051807923661, 36.915077566315908 ], [ -76.30502625102244, 36.915074473340908 ], [ -76.305020500844435, 36.915073679129705 ], [ -76.305012162438274, 36.915072679750708 ], [ -76.30500816815136, 36.915072458242165 ], [ -76.30500011633255, 36.915072493567379 ], [ -76.304995692557441, 36.915072799446527 ], [ -76.30498863165927, 36.915073696948298 ], [ -76.304983515813163, 36.915074682148308 ], [ -76.304979005754163, 36.915075796738599 ], [ -76.30497274831032, 36.915077750314182 ], [ -76.30496641094858, 36.915080254029661 ], [ -76.30496250401491, 36.915082093759345 ], [ -76.304957283933064, 36.915084972572821 ], [ -76.304952278294977, 36.91508819880886 ], [ -76.304947074988732, 36.915092203734311 ], [ -76.304943499334541, 36.915095434139324 ], [ -76.304939089097743, 36.9151001172755 ], [ -76.304936566173936, 36.915103277202903 ], [ -76.304932741554651, 36.915109018655471 ], [ -76.304930429812657, 36.915113375026259 ], [ -76.304929207565024, 36.915116120279897 ], [ -76.304927647851827, 36.915120401459383 ], [ -76.304926359565499, 36.915125930683523 ], [ -76.304925376362419, 36.915135421675807 ], [ -76.304885879094826, 36.915514460601123 ], [ -76.304851046147803, 36.915848794414252 ], [ -76.30518168597024, 36.915868820597886 ], [ -76.305527693455673, 36.915889780822638 ], [ -76.30587689155864, 36.915910928475462 ], [ -76.306213525840576, 36.915931316920371 ], [ -76.306341484823179, 36.915939066228034 ], [ -76.306413891656149, 36.915139553590436 ] ] ] } },
{ "type": "Feature", "properties": { "OBJECTID": 58, "ID": 6, "PARK_NAME": "Algonquin Park", "BASKETBALL_COURTS": " ", "GYMS": " ", "RESTROOMS": " ", "DETAILS": " ", "X_COORD": 12128189.887576019, "Y_COORD": 3497641.9005590901, "ADDRESS": "1058 North Shore Road", "PARK_TYPE": "NPP", "Shape_Leng": 1262.7011378499999, "ACRES": 2.19913068, "ADDITIONAL_INFO": " ", "BIKE_RACKS": 0, "LIGHTED_BASKETBALL_COURTS": 0, "LIGHTED_BASEBALL_FIELDS": 0, "LIGHTED_TENNIS_COURTS": 0, "ADA_PLAYGROUNDS": 0, "PLAYGROUNDS": 0, "TENNIS_COURTS": 0, "FOOTBALL_FIELDS": 0, "BASEBALL_FIELDS": 0, "POOLS": null, "GYM": null, "PICNIC_SHELTERS": null, "REC_CENTER": null, "PICNIC_TABLES": null, "LIGHTED_FOOTBALL_FIELDS": null, "created_user": null, "created_date": null, "last_edited_user": "RFRASHE", "last_edited_date": "2026-01-06T18:59:23Z", "LUCITYID": "PRK-0058", "COMPKEY": null, "UNITID": null, "LucityAutoID": 58, "InLucity": 1, "LastSynDate": "2020-07-24T12:33:32Z", "Shape__Area": 95793.742987026693, "Shape__Length": 1262.7011400063084 }, "geometry": { "type": "Polygon", "coordinates": [ [ [ -76.293009556473024, 36.90753739880202 ], [ -76.293008432137299, 36.907538505295463 ], [ -76.292671329527522, 36.907870421432108 ], [ -76.292378285373346, 36.907728545867535 ], [ -76.29228591681597, 36.907809650710149 ], [ -76.292023227644066, 36.908040324516513 ], [ -76.29207191367729, 36.90807479055826 ], [ -76.292117516073944, 36.908107881761381 ], [ -76.292161696844659, 36.908140687550308 ], [ -76.292225282826578, 36.908189235089445 ], [ -76.292246189800409, 36.908208021925788 ], [ -76.292255748668239, 36.908216607591918 ], [ -76.292314367594699, 36.908272837843533 ], [ -76.292352833295311, 36.90831253529727 ], [ -76.292385462879864, 36.908348168839701 ], [ -76.292416536252958, 36.908384013807421 ], [ -76.292451091544052, 36.908426176020086 ], [ -76.292477816229606, 36.908460763915784 ], [ -76.29250477591691, 36.908497612331232 ], [ -76.292531936312471, 36.908536973905164 ], [ -76.292544041458029, 36.90855101464733 ], [ -76.292554664120246, 36.908561578028049 ], [ -76.29256602069789, 36.908571491787932 ], [ -76.292580093884155, 36.908582165939585 ], [ -76.292590417235829, 36.908589055146706 ], [ -76.292603889697574, 36.908597039161464 ], [ -76.292616148553307, 36.908603413081678 ], [ -76.292629071633769, 36.908609333470046 ], [ -76.292641031769108, 36.908614132503914 ], [ -76.292654217732021, 36.90861873462503 ], [ -76.292666394282818, 36.908622384876821 ], [ -76.292677535252821, 36.908625249520334 ], [ -76.292692249601473, 36.908628361542853 ], [ -76.292706858618686, 36.908630735171549 ], [ -76.292717743803252, 36.908632053676349 ], [ -76.292733549761877, 36.908633295133292 ], [ -76.29274624757457, 36.908633730989045 ], [ -76.292760859604826, 36.90863361149659 ], [ -76.292773420099863, 36.908632981161936 ], [ -76.292790212972577, 36.908631360387417 ], [ -76.292809460965472, 36.908626258680087 ], [ -76.292847884307221, 36.908613307437882 ], [ -76.292879470097816, 36.908601770019217 ], [ -76.292923525455251, 36.908584282490871 ], [ -76.292968759798967, 36.908564543846445 ], [ -76.293005715557001, 36.908546906750828 ], [ -76.293010162714083, 36.908544784619757 ], [ -76.293049018957333, 36.908524672899745 ], [ -76.293075131422384, 36.908510252853837 ], [ -76.293112101364599, 36.908488503071467 ], [ -76.293142514505234, 36.908469357692745 ], [ -76.293172561673387, 36.908449249989893 ], [ -76.293203707913534, 36.908427052823974 ], [ -76.293236612343563, 36.908401523871596 ], [ -76.293260076882532, 36.908376965111927 ], [ -76.293279775377556, 36.908354497110047 ], [ -76.293302091917667, 36.908326574534165 ], [ -76.293316984925738, 36.908306199406546 ], [ -76.293335190165948, 36.908278925234335 ], [ -76.293347058788584, 36.90825945507666 ], [ -76.293360661586817, 36.908235049161618 ], [ -76.293375891200171, 36.908204344414727 ], [ -76.293386446131933, 36.908180185035469 ], [ -76.293398854965176, 36.908147439822727 ], [ -76.293407657721588, 36.908119889067322 ], [ -76.293415647312997, 36.908089734330119 ], [ -76.293420507131188, 36.908067228391658 ], [ -76.293424632554618, 36.908043461179076 ], [ -76.293427035011817, 36.908018692654537 ], [ -76.293420828809843, 36.90798566015954 ], [ -76.293411271177149, 36.90794980837623 ], [ -76.293398873373846, 36.907914781198457 ], [ -76.293380712413764, 36.907874609003414 ], [ -76.293370971746796, 36.907856342080279 ], [ -76.293349995997843, 36.907822099382116 ], [ -76.293328793859473, 36.907792510674618 ], [ -76.293324724441405, 36.907787674173719 ], [ -76.293297202282247, 36.907754950842488 ], [ -76.293266323706376, 36.907723705818341 ], [ -76.29323273512415, 36.907694058497533 ], [ -76.293202848380716, 36.907669421043295 ], [ -76.293164937958011, 36.907639985499522 ], [ -76.293126665175365, 36.907612163790311 ], [ -76.293090894395917, 36.907587731302499 ], [ -76.293054414214595, 36.907564264363486 ], [ -76.29301933610742, 36.907542989715878 ], [ -76.293009556473024, 36.90753739880202 ] ] ] } },
{ "type": "Feature", "properties": { "OBJECTID": 59, "ID": 104, "PARK_NAME": "North Shore Road Playground", "BASKETBALL_COURTS": "0", "GYMS": "0", "RESTROOMS": "no", "DETAILS": "none", "X_COORD": 12131124.90177298, "Y_COORD": 3499642.07681897, "ADDRESS": "451 North Shore Road", "PARK_TYPE": "NAP", "Shape_Leng": 750.98635842, "ACRES": 0.70719574, "ADDITIONAL_INFO": " ", "BIKE_RACKS": 0, "LIGHTED_BASKETBALL_COURTS": 0, "LIGHTED_BASEBALL_FIELDS": 0, "LIGHTED_TENNIS_COURTS": 0, "ADA_PLAYGROUNDS": 0, "PLAYGROUNDS": 1, "TENNIS_COURTS": 0, "FOOTBALL_FIELDS": 0, "BASEBALL_FIELDS": 0, "POOLS": null, "GYM": null, "PICNIC_SHELTERS": null, "REC_CENTER": null, "PICNIC_TABLES": null, "LIGHTED_FOOTBALL_FIELDS": null, "created_user": null, "created_date": null, "last_edited_user": "RFRASHE", "last_edited_date": "2026-01-06T18:59:23Z", "LUCITYID": "PRK-0059", "COMPKEY": 2587014, "UNITID": "5055", "LucityAutoID": 59, "InLucity": 1, "LastSynDate": "2020-07-24T12:33:32Z", "Shape__Area": 30805.34119665272, "Shape__Length": 750.98686211354357 }, "geometry": { "type": "Polygon", "coordinates": [ [ [ -76.283023676226748, 36.913605195262228 ], [ -76.283039612690132, 36.913308013714484 ], [ -76.282593884755741, 36.913263044903438 ], [ -76.282503217437124, 36.913143338511382 ], [ -76.282253914072228, 36.913140297159494 ], [ -76.282241641842575, 36.913559697249262 ], [ -76.282644030887084, 36.913600526491777 ], [ -76.2829949494147, 36.91363207478441 ], [ -76.283023676226748, 36.913605195262228 ] ] ] } },
{ "type": "Feature", "properties": { "OBJECTID": 60, "ID": 102, "PARK_NAME": "Norfolk Fitness and Wellness Center", "BASKETBALL_COURTS": " ", "GYMS": " ", "RESTROOMS": " ", "DETAILS": " ", "X_COORD": 12132528.13644186, "Y_COORD": 3499116.8680092301, "ADDRESS": "7300 Newport Avenue", "PARK_TYPE": "CCAPA", "Shape_Leng": 3403.9532374099999, "ACRES": 16.04487201, "ADDITIONAL_INFO": " ", "BIKE_RACKS": 0, "LIGHTED_BASKETBALL_COURTS": 0, "LIGHTED_BASEBALL_FIELDS": 0, "LIGHTED_TENNIS_COURTS": 0, "ADA_PLAYGROUNDS": 0, "PLAYGROUNDS": 1, "TENNIS_COURTS": 4, "FOOTBALL_FIELDS": 1, "BASEBALL_FIELDS": 1, "POOLS": null, "GYM": null, "PICNIC_SHELTERS": null, "REC_CENTER": null, "PICNIC_TABLES": null, "LIGHTED_FOOTBALL_FIELDS": null, "created_user": null, "created_date": null, "last_edited_user": "RFRASHE", "last_edited_date": "2026-01-06T18:59:23Z", "LUCITYID": "PRK-0060", "COMPKEY": 2586270, "UNITID": "5054", "LucityAutoID": 60, "InLucity": 1, "LastSynDate": "2020-07-24T12:33:32Z", "Shape__Area": 698911.87760926166, "Shape__Length": 3395.4453924069567 }, "geometry": { "type": "Polygon", "coordinates": [ [ [ -76.279130754390906, 36.913250969207645 ], [ -76.279131408590473, 36.913230214089523 ], [ -76.279208491309475, 36.910784491675663 ], [ -76.279166570521753, 36.910762684260199 ], [ -76.279130073165405, 36.91074732582387 ], [ -76.279075043539677, 36.910725501436403 ], [ -76.279032339298439, 36.910709632693006 ], [ -76.278956404991575, 36.910683625700237 ], [ -76.278901488819685, 36.910666513012814 ], [ -76.2788483477255, 36.910651262715639 ], [ -76.278786406230836, 36.910635062799983 ], [ -76.27873565073557, 36.910623019526568 ], [ -76.278626959443471, 36.910600844215821 ], [ -76.278602876057647, 36.910596579886459 ], [ -76.278494013940758, 36.910580197009331 ], [ -76.278392034280927, 36.910569042245093 ], [ -76.278291071649022, 36.910561906880197 ], [ -76.278182039595379, 36.910558523613609 ], [ -76.2780931912271, 36.910559066865922 ], [ -76.278000824527297, 36.910562766826231 ], [ -76.277897688890789, 36.910570714073742 ], [ -76.277802777113536, 36.910581625370483 ], [ -76.277714351754057, 36.910594959516288 ], [ -76.277631100802481, 36.910610366325692 ], [ -76.277534492340635, 36.910631822865575 ], [ -76.277417886810937, 36.910663045179369 ], [ -76.277334899925194, 36.91068900186422 ], [ -76.277265382137898, 36.910713254530862 ], [ -76.277195330698333, 36.910740124549271 ], [ -76.277118651268026, 36.910772496412612 ], [ -76.277064446549957, 36.910797347728654 ], [ -76.277003148409037, 36.910827534358013 ], [ -76.276956412602743, 36.910852116761383 ], [ -76.276881320461086, 36.910894657068617 ], [ -76.276824280797712, 36.910929667143677 ], [ -76.276762459782987, 36.910970478087627 ], [ -76.276713103150144, 36.911005381050678 ], [ -76.276673570728889, 36.911034954360524 ], [ -76.276621230360462, 36.911076518734944 ], [ -76.276568783001338, 36.911121192581703 ], [ -76.276518851138249, 36.911166858623886 ], [ -76.276478887178413, 36.911205894369992 ], [ -76.27644401436747, 36.911241959063133 ], [ -76.275974747474137, 36.912253743734922 ], [ -76.276683911795672, 36.912326122727379 ], [ -76.276627800304595, 36.912680645169594 ], [ -76.276967165006837, 36.912714962138324 ], [ -76.276924039845696, 36.912987431009498 ], [ -76.27692502784106, 36.913015438034684 ], [ -76.277277584298545, 36.913058956844779 ], [ -76.277446220092017, 36.913076983003535 ], [ -76.277864526454579, 36.913121707196908 ], [ -76.279130562664818, 36.913257052511447 ], [ -76.279130754390906, 36.913250969207645 ] ] ] } },
{ "type": "Feature", "properties": { "OBJECTID": 61, "ID": 60, "PARK_NAME": "Granby Elementary School", "BASKETBALL_COURTS": "4", "GYMS": " ", "RESTROOMS": " ", "DETAILS": " ", "X_COORD": 12131469.02316257, "Y_COORD": 3497718.1441392, "ADDRESS": "7101 Newport Avenue", "PARK_TYPE": "SSAPA", "Shape_Leng": 2843.36155758, "ACRES": 9.26142098, "ADDITIONAL_INFO": " ", "BIKE_RACKS": 0, "LIGHTED_BASKETBALL_COURTS": 0, "LIGHTED_BASEBALL_FIELDS": 0, "LIGHTED_TENNIS_COURTS": 0, "ADA_PLAYGROUNDS": 0, "PLAYGROUNDS": 1, "TENNIS_COURTS": 0, "FOOTBALL_FIELDS": 0, "BASEBALL_FIELDS": 1, "POOLS": null, "GYM": null, "PICNIC_SHELTERS": null, "REC_CENTER": null, "PICNIC_TABLES": null, "LIGHTED_FOOTBALL_FIELDS": null, "created_user": null, "created_date": null, "last_edited_user": "RFRASHE", "last_edited_date": "2026-01-06T18:59:23Z", "LUCITYID": "PRK-0061", "COMPKEY": 2586820, "UNITID": "5022", "LucityAutoID": 61, "InLucity": 1, "LastSynDate": "2020-07-24T12:33:32Z", "Shape__Area": 403425.83618139802, "Shape__Length": 2843.3617075517427 }, "geometry": { "type": "Polygon", "coordinates": [ [ [ -76.279908386504587, 36.908656844352244 ], [ -76.279908166540721, 36.908657417973167 ], [ -76.280350178153952, 36.908723798774673 ], [ -76.280886634643153, 36.908689372108789 ], [ -76.28097589136793, 36.908657320038152 ], [ -76.281022166773212, 36.908647643197384 ], [ -76.281074862888545, 36.908643360544104 ], [ -76.281160233615282, 36.908644972198864 ], [ -76.281225597422505, 36.908656762011127 ], [ -76.28132409798647, 36.908658621402765 ], [ -76.281389769519151, 36.908659861036071 ], [ -76.281442157004193, 36.908666121978733 ], [ -76.281520959488233, 36.908667609391614 ], [ -76.281593200430038, 36.908668972907577 ], [ -76.281665742135033, 36.908659791568724 ], [ -76.281738600410208, 36.90864006116653 ], [ -76.281817711597, 36.908630999213713 ], [ -76.281870407682163, 36.908626715302915 ], [ -76.281949055754509, 36.908633477913256 ], [ -76.281994566109191, 36.908650170131558 ], [ -76.282040068815661, 36.908666855877961 ], [ -76.282105124252624, 36.908689188963564 ], [ -76.282177055403153, 36.908701102168152 ], [ -76.28222897322388, 36.908723187285936 ], [ -76.282294183120257, 36.90874024478196 ], [ -76.282352977779425, 36.908751910013898 ], [ -76.282411926961998, 36.908758294326041 ], [ -76.282451332187463, 36.90875903778813 ], [ -76.282504174603034, 36.908749485166886 ], [ -76.282563433407176, 36.908745324759884 ], [ -76.282636136077585, 36.908730869265653 ], [ -76.282702419155811, 36.908711014225929 ], [ -76.282761522474331, 36.908712129183407 ], [ -76.282820632525628, 36.908713244238129 ], [ -76.282866599283039, 36.908714111336565 ], [ -76.282932425173527, 36.908710075523217 ], [ -76.282979008923832, 36.90868984874232 ], [ -76.283044834813623, 36.908685811965114 ], [ -76.283110507519751, 36.90868705065828 ], [ -76.283189316789233, 36.908688537079755 ], [ -76.283255290171482, 36.908679226373437 ], [ -76.283314856115311, 36.908664521800873 ], [ -76.283348000437641, 36.908654590994196 ], [ -76.283401467395649, 36.908623944280073 ], [ -76.283428197664179, 36.908608614994726 ], [ -76.283455236259755, 36.908582741937259 ], [ -76.283482274836885, 36.908556868873518 ], [ -76.283496337678415, 36.908525479020774 ], [ -76.28352337624743, 36.908499605046636 ], [ -76.283537585608556, 36.908462935049897 ], [ -76.283558833683088, 36.908410568907144 ], [ -76.283559604752909, 36.908384200482402 ], [ -76.283560529904292, 36.90835256287707 ], [ -76.283548317618767, 36.908320671221055 ], [ -76.283536267253538, 36.908283511432067 ], [ -76.283537038356272, 36.908257142106571 ], [ -76.283511381259103, 36.908235547387697 ], [ -76.283486347597773, 36.908192864356757 ], [ -76.283434738112845, 36.90816023602779 ], [ -76.283402056796703, 36.908154342201264 ], [ -76.28335639890679, 36.908142925240156 ], [ -76.283297758639122, 36.908125992230424 ], [ -76.28321941276883, 36.908108681224476 ], [ -76.283180779098743, 36.908081568696524 ], [ -76.28310931760592, 36.908053843287426 ], [ -76.283051140313432, 36.908021085497886 ], [ -76.282999678864783, 36.907983175959565 ], [ -76.282941808985015, 36.907939873428781 ], [ -76.28291646842753, 36.907907734963032 ], [ -76.282885020164926, 36.907859653299866 ], [ -76.282859678404705, 36.907827519305044 ], [ -76.282814793211628, 36.907789734634839 ], [ -76.28278272917035, 36.907762745899845 ], [ -76.282730959411793, 36.907735386314201 ], [ -76.2826657570387, 36.907718328286009 ], [ -76.282607110680928, 36.907701389399378 ], [ -76.282555039141087, 36.907684579032569 ], [ -76.282490294208216, 36.907651696146544 ], [ -76.282412418382663, 36.907618571786365 ], [ -76.282373168071658, 36.907612553726857 ], [ -76.282307497430168, 36.907611314642871 ], [ -76.282215559657487, 36.907609579884891 ], [ -76.282116904973776, 36.907612995803007 ], [ -76.282057795790706, 36.907611880394391 ], [ -76.281999156408403, 36.907594940430585 ], [ -76.281940978667791, 36.907562187475264 ], [ -76.281915946271141, 36.907519498703792 ], [ -76.281877468660213, 36.907487117490518 ], [ -76.281831811401759, 36.907475699937052 ], [ -76.281772709060789, 36.907474584512094 ], [ -76.281714224056913, 36.907452375227656 ], [ -76.281668868694709, 36.907430413721954 ], [ -76.281623366996669, 36.907413721525153 ], [ -76.281565190679302, 36.907380968404901 ], [ -76.28149356836137, 36.907358511042958 ], [ -76.281415539043465, 36.907330655200191 ], [ -76.281350331863663, 36.907313590931146 ], [ -76.281298260868837, 36.907296780007421 ], [ -76.281246028899204, 36.907285239012204 ], [ -76.281180820516553, 36.907268180033121 ], [ -76.281102019493815, 36.90726669239222 ], [ -76.281069184332992, 36.907266072499738 ], [ -76.28100351401298, 36.907264832687311 ], [ -76.280924404128157, 36.907273894993466 ], [ -76.280864993265183, 36.907283322872033 ], [ -76.280799630513528, 36.907271539164832 ], [ -76.280767567408844, 36.907244549879778 ], [ -76.280722521315781, 36.907212038844129 ], [ -76.280669987345192, 36.907211046884555 ], [ -76.28064294941008, 36.907236919323665 ], [ -76.280629348793425, 36.907252490495061 ], [ -76.280596513642635, 36.907251870470574 ], [ -76.280557733604908, 36.907230032689938 ], [ -76.280538955738066, 36.907198016712087 ], [ -76.280526442716436, 36.907176674933105 ], [ -76.280497852648082, 36.907118671150378 ], [ -76.279911789365343, 36.908647967074657 ], [ -76.279908386504587, 36.908656844352244 ] ] ] } },
{ "type": "Feature", "properties": { "OBJECTID": 62, "ID": 61, "PARK_NAME": "Granby High School", "BASKETBALL_COURTS": " ", "GYMS": " ", "RESTROOMS": " ", "DETAILS": " ", "X_COORD": 12132493.439789459, "Y_COORD": 3497472.9288068698, "ADDRESS": "7101 Granby Street", "PARK_TYPE": "SSAPA", "Shape_Leng": 3961.4920211100002, "ACRES": 21.88480944, "ADDITIONAL_INFO": " ", "BIKE_RACKS": 0, "LIGHTED_BASKETBALL_COURTS": 0, "LIGHTED_BASEBALL_FIELDS": 2, "LIGHTED_TENNIS_COURTS": 6, "ADA_PLAYGROUNDS": 0, "PLAYGROUNDS": 0, "TENNIS_COURTS": 6, "FOOTBALL_FIELDS": 0, "BASEBALL_FIELDS": 2, "POOLS": null, "GYM": null, "PICNIC_SHELTERS": null, "REC_CENTER": null, "PICNIC_TABLES": null, "LIGHTED_FOOTBALL_FIELDS": null, "created_user": null, "created_date": null, "last_edited_user": "RFRASHE", "last_edited_date": "2026-01-06T18:59:23Z", "LUCITYID": "PRK-0062", "COMPKEY": 2586821, "UNITID": "5023", "LucityAutoID": 62, "InLucity": 1, "LastSynDate": "2020-07-24T12:33:32Z", "Shape__Area": 953298.33300632122, "Shape__Length": 3961.491661577641 }, "geometry": { "type": "Polygon", "coordinates": [ [ [ -76.27949761795773, 36.908981295961965 ], [ -76.279512184259247, 36.908985385729892 ], [ -76.27951762361954, 36.908966650835431 ], [ -76.279519727247788, 36.908959403931739 ], [ -76.279523382283344, 36.908946825010212 ], [ -76.279528587655577, 36.90892891224776 ], [ -76.279534635119433, 36.908908078742293 ], [ -76.279543635991629, 36.908877083143111 ], [ -76.279547438252919, 36.908863999533047 ], [ -76.279554296092087, 36.908831787164786 ], [ -76.279564516624234, 36.90879406247074 ], [ -76.279573845307155, 36.908758312947093 ], [ -76.279585614531072, 36.90871845152526 ], [ -76.279598276409857, 36.908683023660579 ], [ -76.279612535476431, 36.908643535567172 ], [ -76.27962371258225, 36.908612850582813 ], [ -76.279635842367767, 36.908579837338131 ], [ -76.279644980788646, 36.908555140374226 ], [ -76.279662383403519, 36.908508537685726 ], [ -76.279667900073008, 36.908493866703594 ], [ -76.279676337682261, 36.908471558639881 ], [ -76.279686206095533, 36.908445620761356 ], [ -76.279695378988379, 36.908421661762901 ], [ -76.279705108367281, 36.908396408097637 ], [ -76.279714636107798, 36.908371830252896 ], [ -76.279723566942025, 36.9083489302921 ], [ -76.279731103009951, 36.908329694176821 ], [ -76.279740768150148, 36.908305176613098 ], [ -76.279752048035917, 36.908276727145235 ], [ -76.279760895588396, 36.908254562024986 ], [ -76.279768854372563, 36.908234727273175 ], [ -76.279777770649815, 36.908212591392449 ], [ -76.279787022075055, 36.908189781310419 ], [ -76.279800933062674, 36.908155693918182 ], [ -76.279806878887612, 36.908141199592492 ], [ -76.279816563045998, 36.908117717151015 ], [ -76.279826960341396, 36.908092650057284 ], [ -76.279841848365592, 36.90805701093651 ], [ -76.279853642432769, 36.908028976787428 ], [ -76.279865820883643, 36.908000235114564 ], [ -76.279879053701563, 36.907969218478144 ], [ -76.279889784398776, 36.907944225279564 ], [ -76.279903846174392, 36.907911692877576 ], [ -76.279913387554942, 36.907889749068467 ], [ -76.279921978357123, 36.907870100209244 ], [ -76.279929276345257, 36.907853470843769 ], [ -76.279940924345127, 36.907827049176277 ], [ -76.279954975118969, 36.907795389083574 ], [ -76.279972833146815, 36.907755490305291 ], [ -76.279981983271412, 36.90773517688352 ], [ -76.279992537901848, 36.907711862300474 ], [ -76.280001771676581, 36.907691566681947 ], [ -76.28000966213537, 36.907674290505305 ], [ -76.280017581282593, 36.907657031094686 ], [ -76.280025520434037, 36.907639778370992 ], [ -76.280032806826028, 36.907624003275927 ], [ -76.280041161003908, 36.907605993130296 ], [ -76.280050902461838, 36.907585071634159 ], [ -76.280400346933945, 36.906784280690907 ], [ -76.276764263930545, 36.905748826008711 ], [ -76.275816358134577, 36.90794092035695 ], [ -76.276785638208906, 36.908219810455265 ], [ -76.27949761795773, 36.908981295961965 ] ] ] } },
{ "type": "Feature", "properties": { "OBJECTID": 63, "ID": 149, "PARK_NAME": "Suburban Park Elementary School", "BASKETBALL_COURTS": "4", "GYMS": " ", "RESTROOMS": " ", "DETAILS": " ", "X_COORD": 12135450.596236959, "Y_COORD": 3497230.8611060898, "ADDRESS": "310 Thole Street", "PARK_TYPE": "SSAPA", "Shape_Leng": 4121.4467608499999, "ACRES": 10.61248256, "ADDITIONAL_INFO": " ", "BIKE_RACKS": 0, "LIGHTED_BASKETBALL_COURTS": 0, "LIGHTED_BASEBALL_FIELDS": 0, "LIGHTED_TENNIS_COURTS": 0, "ADA_PLAYGROUNDS": 0, "PLAYGROUNDS": 2, "TENNIS_COURTS": 0, "FOOTBALL_FIELDS": 1, "BASEBALL_FIELDS": 0, "POOLS": null, "GYM": null, "PICNIC_SHELTERS": null, "REC_CENTER": null, "PICNIC_TABLES": null, "LIGHTED_FOOTBALL_FIELDS": null, "created_user": null, "created_date": null, "last_edited_user": "RFRASHE", "last_edited_date": "2026-01-06T18:59:23Z", "LUCITYID": "PRK-0063", "COMPKEY": 2586833, "UNITID": "5072", "LucityAutoID": 63, "InLucity": 1, "LastSynDate": "2020-07-24T12:33:32Z", "Shape__Area": 462277.85314762691, "Shape__Length": 3219.9480673372054 }, "geometry": { "type": "Polygon", "coordinates": [ [ [ -76.267063215995691, 36.905380681394014 ], [ -76.267072257741489, 36.905903397622325 ], [ -76.267073197582789, 36.905958325986695 ], [ -76.267093670661296, 36.907143452926277 ], [ -76.267094400598154, 36.907198382708344 ], [ -76.267103661512834, 36.907721446483535 ], [ -76.267446173888885, 36.90771753314403 ], [ -76.267789290132313, 36.907713617656732 ], [ -76.268128942546326, 36.907709738149762 ], [ -76.268619645429425, 36.907704132965435 ], [ -76.268634145078593, 36.907686172647445 ], [ -76.268651683717337, 36.907663312493668 ], [ -76.268665081836943, 36.907644908518101 ], [ -76.268685178531427, 36.907615564703711 ], [ -76.268699897331814, 36.907592560873546 ], [ -76.268713104781497, 36.907570643343142 ], [ -76.268727698039271, 36.907544773477937 ], [ -76.268740085064266, 36.907521213399221 ], [ -76.268751646275746, 36.907497643050398 ], [ -76.268764647924854, 36.907468912668278 ], [ -76.268771934548695, 36.907451569849862 ], [ -76.268779247949965, 36.907433050351806 ], [ -76.268786549724268, 36.907413247984927 ], [ -76.268791926136714, 36.907397691470386 ], [ -76.268798599009827, 36.907376909094026 ], [ -76.268802203302869, 36.907364891963844 ], [ -76.26880701594385, 36.907347782504473 ], [ -76.269175949985822, 36.905973785975519 ], [ -76.269346510002933, 36.905337798665094 ], [ -76.269236582269755, 36.905339634115073 ], [ -76.269074310094425, 36.905902294514156 ], [ -76.26897943811673, 36.905902964315402 ], [ -76.268752655997503, 36.905904566820297 ], [ -76.268752180403681, 36.905884538390588 ], [ -76.268739342344958, 36.905345770072451 ], [ -76.268626623023565, 36.905347000317867 ], [ -76.268429616532984, 36.905349893971319 ], [ -76.268089927655765, 36.905354876729412 ], [ -76.267747272980657, 36.905359909440492 ], [ -76.2674022355544, 36.905364974310402 ], [ -76.267063030502882, 36.905369947069651 ], [ -76.267063215995691, 36.905380681394014 ] ] ] } },
{ "type": "Feature", "properties": { "OBJECTID": 64, "ID": 53, "PARK_NAME": "Forest Lawn Cemetery", "BASKETBALL_COURTS": " ", "GYMS": " ", "RESTROOMS": " ", "DETAILS": " ", "X_COORD": 12136010.43547266, "Y_COORD": 3504122.6407331801, "ADDRESS": "8100 Granby Street", "PARK_TYPE": "CEM", "Shape_Leng": 12099.9995242, "ACRES": 147.79990793, "ADDITIONAL_INFO": " ", "BIKE_RACKS": 0, "LIGHTED_BASKETBALL_COURTS": 0, "LIGHTED_BASEBALL_FIELDS": 0, "LIGHTED_TENNIS_COURTS": 0, "ADA_PLAYGROUNDS": 0, "PLAYGROUNDS": 0, "TENNIS_COURTS": 0, "FOOTBALL_FIELDS": 0, "BASEBALL_FIELDS": 0, "POOLS": null, "GYM": null, "PICNIC_SHELTERS": null, "REC_CENTER": null, "PICNIC_TABLES": null, "LIGHTED_FOOTBALL_FIELDS": null, "created_user": null, "created_date": null, "last_edited_user": "RFRASHE", "last_edited_date": "2026-01-06T18:59:23Z", "LUCITYID": "PRK-0064", "COMPKEY": 2586117, "UNITID": "7003", "LucityAutoID": 64, "InLucity": 1, "LastSynDate": "2020-07-24T12:33:32Z", "Shape__Area": 6438138.174946202, "Shape__Length": 12099.999691424693 }, "geometry": { "type": "Polygon", "coordinates": [ [ [ -76.267749000466978, 36.928040649737234 ], [ -76.268080174750963, 36.927392707102925 ], [ -76.26868495217721, 36.925107418730136 ], [ -76.269467750504177, 36.922073836703696 ], [ -76.26976791559963, 36.921300022221075 ], [ -76.269758776869466, 36.921021453181773 ], [ -76.268369261666251, 36.91875399364821 ], [ -76.267545670763724, 36.917875327384728 ], [ -76.266516856777756, 36.918078500709697 ], [ -76.265918839613448, 36.918958005773312 ], [ -76.266652813138748, 36.919347787476646 ], [ -76.266649035671051, 36.921240810260521 ], [ -76.266521185512389, 36.921461098686464 ], [ -76.265325397061872, 36.922621558301572 ], [ -76.264813464805485, 36.922931981286766 ], [ -76.264466914696129, 36.92292539165156 ], [ -76.264348584848236, 36.923410335091219 ], [ -76.263221633239809, 36.924586003351955 ], [ -76.262495992895325, 36.92508722824671 ], [ -76.261754247597437, 36.925546382656741 ], [ -76.260689198816962, 36.927558396065436 ], [ -76.260383922963712, 36.927914496352514 ], [ -76.260085693174943, 36.928618726601066 ], [ -76.26082554712815, 36.929398410424966 ], [ -76.262143852189197, 36.929966384454879 ], [ -76.263773692769078, 36.930554189109721 ], [ -76.265096458163598, 36.930384464346808 ], [ -76.266267870801386, 36.930643362427055 ], [ -76.267749000466978, 36.928040649737234 ] ] ] } },
{ "type": "Feature", "properties": { "OBJECTID": 65, "ID": 134, "PARK_NAME": "Roland Park Playground", "BASKETBALL_COURTS": "0", "GYMS": "0", "RESTROOMS": "no", "DETAILS": "none", "X_COORD": 12137257.737898139, "Y_COORD": 3494963.2608618098, "ADDRESS": "598 Summers Drive", "PARK_TYPE": "NAP", "Shape_Leng": 716.18466256, "ACRES": 0.7087209, "ADDITIONAL_INFO": " ", "BIKE_RACKS": 0, "LIGHTED_BASKETBALL_COURTS": 0, "LIGHTED_BASEBALL_FIELDS": 0, "LIGHTED_TENNIS_COURTS": 0, "ADA_PLAYGROUNDS": 0, "PLAYGROUNDS": 1, "TENNIS_COURTS": 0, "FOOTBALL_FIELDS": 0, "BASEBALL_FIELDS": 0, "POOLS": null, "GYM": null, "PICNIC_SHELTERS": null, "REC_CENTER": null, "PICNIC_TABLES": null, "LIGHTED_FOOTBALL_FIELDS": null, "created_user": null, "created_date": null, "last_edited_user": "RFRASHE", "last_edited_date": "2026-01-06T18:59:23Z", "LUCITYID": "PRK-0065", "COMPKEY": 2587017, "UNITID": "5068", "LucityAutoID": 65, "InLucity": 1, "LastSynDate": "2020-07-24T12:33:33Z", "Shape__Area": 30871.746408505227, "Shape__Length": 716.1843348754619 }, "geometry": { "type": "Polygon", "coordinates": [ [ [ -76.262140470815609, 36.900528949697986 ], [ -76.262254316931831, 36.90022953336937 ], [ -76.262363003048748, 36.899950185058024 ], [ -76.261890809924779, 36.899822943600839 ], [ -76.26167915785652, 36.900342330434682 ], [ -76.262140470815609, 36.900528949697986 ] ] ] } },
{ "type": "Feature", "properties": { "OBJECTID": 66, "ID": 43, "PARK_NAME": "Crossroads Elementary School and Recreation Center", "BASKETBALL_COURTS": " ", "GYMS": " ", "RESTROOMS": " ", "DETAILS": "concrete play surface", "X_COORD": 12140025.836789191, "Y_COORD": 3501687.50568063, "ADDRESS": "7920 Tidewater Drive", "PARK_TYPE": "SCSSAPA", "Shape_Leng": 2713.0866021400002, "ACRES": 9.96537171, "ADDITIONAL_INFO": " ", "BIKE_RACKS": 0, "LIGHTED_BASKETBALL_COURTS": 0, "LIGHTED_BASEBALL_FIELDS": 0, "LIGHTED_TENNIS_COURTS": 0, "ADA_PLAYGROUNDS": 0, "PLAYGROUNDS": 1, "TENNIS_COURTS": 0, "FOOTBALL_FIELDS": 0, "BASEBALL_FIELDS": 1, "POOLS": null, "GYM": null, "PICNIC_SHELTERS": null, "REC_CENTER": null, "PICNIC_TABLES": null, "LIGHTED_FOOTBALL_FIELDS": null, "created_user": null, "created_date": null, "last_edited_user": "RFRASHE", "last_edited_date": "2026-01-06T18:59:23Z", "LUCITYID": "PRK-0066", "COMPKEY": 2586837, "UNITID": "4019", "LucityAutoID": 66, "InLucity": 1, "LastSynDate": "2020-07-24T12:33:33Z", "Shape__Area": 434089.76247092447, "Shape__Length": 2713.0864399901916 }, "geometry": { "type": "Polygon", "coordinates": [ [ [ -76.253187547469523, 36.919490306585239 ], [ -76.253189310069359, 36.919490795467112 ], [ -76.253197957230853, 36.91947210043589 ], [ -76.253209286201411, 36.919474083657242 ], [ -76.253222957842198, 36.919437450909335 ], [ -76.253242063996936, 36.919389837858525 ], [ -76.253251619192866, 36.919364672103725 ], [ -76.253262360187264, 36.919337526163623 ], [ -76.253274293689799, 36.919298328236302 ], [ -76.253296907922248, 36.919177517814781 ], [ -76.253338141285226, 36.918983443690678 ], [ -76.253380117094054, 36.918764317492794 ], [ -76.253392984780476, 36.918665426928207 ], [ -76.253399767753891, 36.918484367286176 ], [ -76.253397609753975, 36.918413678314394 ], [ -76.25340733057142, 36.918324979810649 ], [ -76.253429889907494, 36.918186387857588 ], [ -76.253452632033628, 36.918011141499754 ], [ -76.253452097649372, 36.917995843117751 ], [ -76.253450465543636, 36.917986370956356 ], [ -76.253446346483855, 36.917972860892057 ], [ -76.253439734737057, 36.917959028270218 ], [ -76.253432142908991, 36.917947545722441 ], [ -76.253426608977833, 36.917941093400266 ], [ -76.253422828624736, 36.917936682848342 ], [ -76.253409894116658, 36.917925058530969 ], [ -76.253397005930239, 36.917916113073375 ], [ -76.253385084890297, 36.917909533270986 ], [ -76.25336894012807, 36.917902669032998 ], [ -76.253353961229138, 36.917898056167836 ], [ -76.25334054295449, 36.917895177622391 ], [ -76.253295443761658, 36.917886404318864 ], [ -76.253100417101464, 36.917858747033009 ], [ -76.252491257804877, 36.917774168991166 ], [ -76.251602203033144, 36.917652331301717 ], [ -76.251084970276821, 36.917578625164715 ], [ -76.250893298123231, 36.917554414820643 ], [ -76.250643771891887, 36.917966249289513 ], [ -76.250393277691728, 36.918372820564905 ], [ -76.250192363815884, 36.918662922971073 ], [ -76.250463714623649, 36.918737677662257 ], [ -76.250566776709661, 36.91876621332981 ], [ -76.250828693781159, 36.918838739625279 ], [ -76.25096068369227, 36.918875283681253 ], [ -76.250994262144545, 36.918884580189456 ], [ -76.251170279807894, 36.918932769290173 ], [ -76.251396255269341, 36.918994635728758 ], [ -76.251658252766759, 36.919066356758393 ], [ -76.251787774432785, 36.919101816984956 ], [ -76.251991846799598, 36.919158452730805 ], [ -76.252194751341051, 36.919214768332751 ], [ -76.252492815485681, 36.919297496034062 ], [ -76.252559220331605, 36.919315921440756 ], [ -76.25262470754295, 36.919334098514597 ], [ -76.252815414090989, 36.919387027726103 ], [ -76.253178731185074, 36.919487859408498 ], [ -76.253187547469523, 36.919490306585239 ] ] ] } },
{ "type": "Feature", "properties": { "OBJECTID": 67, "ID": 111, "PARK_NAME": "Oakwood Elementary School", "BASKETBALL_COURTS": " ", "GYMS": " ", "RESTROOMS": " ", "DETAILS": " ", "X_COORD": 12140295.08389671, "Y_COORD": 3498944.7664723499, "ADDRESS": "900 Ashbury Avenue", "PARK_TYPE": "SSAPA", "Shape_Leng": 3661.77868863, "ACRES": 8.48657964, "ADDITIONAL_INFO": " ", "BIKE_RACKS": 0, "LIGHTED_BASKETBALL_COURTS": 0, "LIGHTED_BASEBALL_FIELDS": 0, "LIGHTED_TENNIS_COURTS": 0, "ADA_PLAYGROUNDS": 0, "PLAYGROUNDS": 0, "TENNIS_COURTS": 0, "FOOTBALL_FIELDS": 0, "BASEBALL_FIELDS": 0, "POOLS": null, "GYM": null, "PICNIC_SHELTERS": null, "REC_CENTER": null, "PICNIC_TABLES": null, "LIGHTED_FOOTBALL_FIELDS": null, "created_user": null, "created_date": null, "last_edited_user": "RFRASHE", "last_edited_date": "2026-01-06T18:59:23Z", "LUCITYID": "PRK-0067", "COMPKEY": 2586831, "UNITID": "5061", "LucityAutoID": 67, "InLucity": 1, "LastSynDate": "2020-07-24T12:33:33Z", "Shape__Area": 369673.9938659867, "Shape__Length": 2875.1004891332282 }, "geometry": { "type": "Polygon", "coordinates": [ [ [ -76.249996250977091, 36.910497515342762 ], [ -76.249999668717663, 36.910499904506935 ], [ -76.25001541725895, 36.910511583104309 ], [ -76.250028620793771, 36.910521874443077 ], [ -76.250043061270802, 36.910533679427687 ], [ -76.250057963221408, 36.910546500978889 ], [ -76.250068881882314, 36.910556360083746 ], [ -76.250077137203718, 36.910564091442623 ], [ -76.250089680590861, 36.910576316201741 ], [ -76.250098822092042, 36.910585617587692 ], [ -76.250112567778018, 36.910600296361103 ], [ -76.250125171286541, 36.910614542243657 ], [ -76.250136660745682, 36.910628277354732 ], [ -76.250148398579185, 36.910643136723948 ], [ -76.250161763010567, 36.910661206369213 ], [ -76.250171170290699, 36.910674789850816 ], [ -76.250188428783559, 36.910701891873323 ], [ -76.250199397234056, 36.910720927894033 ], [ -76.250204033564444, 36.910729495852259 ], [ -76.250210659481056, 36.910742356372545 ], [ -76.250216984364698, 36.910755413037883 ], [ -76.250223415253586, 36.910769625489159 ], [ -76.250228685464805, 36.910782099510001 ], [ -76.250232525121788, 36.910791754597092 ], [ -76.250236849569205, 36.910803304635188 ], [ -76.250241259429501, 36.910815947870503 ], [ -76.250243739398456, 36.910823535322386 ], [ -76.250245505936462, 36.910829178378165 ], [ -76.250247574893635, 36.910836431666013 ], [ -76.250251511769008, 36.910850601787033 ], [ -76.250254402661668, 36.910861324867732 ], [ -76.250257667392091, 36.910873861454988 ], [ -76.250261576285325, 36.910889466025615 ], [ -76.250265659072255, 36.910906548570395 ], [ -76.250269433287301, 36.910923173621079 ], [ -76.25027335409267, 36.910941440173183 ], [ -76.250276630091321, 36.910957605902475 ], [ -76.250280291268055, 36.910976829249762 ], [ -76.250283968153695, 36.910997678974162 ], [ -76.250287178653394, 36.911017450743522 ], [ -76.250289832514341, 36.911035214416437 ], [ -76.250292497806569, 36.911054710746619 ], [ -76.250295299721913, 36.911077659245557 ], [ -76.250296897785361, 36.911092268636843 ], [ -76.250299126538536, 36.911115391848085 ], [ -76.250300318400988, 36.911129542778177 ], [ -76.250301564395215, 36.911146559307149 ], [ -76.250302431201092, 36.911160316425288 ], [ -76.250303522243073, 36.911181645761644 ], [ -76.250303970549723, 36.911192749340422 ], [ -76.250304472812275, 36.911208880006832 ], [ -76.250304820787306, 36.911226880772958 ], [ -76.250304956414709, 36.911243110783964 ], [ -76.250304807236844, 36.91126817961409 ], [ -76.250304487231404, 36.911284406312575 ], [ -76.250303927041372, 36.911302333811307 ], [ -76.25030311090805, 36.911321093786668 ], [ -76.250301790498639, 36.911344098590028 ], [ -76.250300374572205, 36.911363703389576 ], [ -76.250299010466236, 36.911379898386166 ], [ -76.250297301787555, 36.911397831845477 ], [ -76.250296035978977, 36.911409769736849 ], [ -76.250294466785419, 36.911423457695648 ], [ -76.25029353005614, 36.911431153715434 ], [ -76.250292081671972, 36.911442435518303 ], [ -76.250290424219813, 36.911454596665024 ], [ -76.250288275282443, 36.911469399342202 ], [ -76.250286282238505, 36.911482240010329 ], [ -76.250284663320414, 36.911492157476161 ], [ -76.250282896861322, 36.911502583196445 ], [ -76.250280684719343, 36.911515014954603 ], [ -76.250278350798624, 36.91152754082875 ], [ -76.250184360541894, 36.911898822738195 ], [ -76.250161752223732, 36.912031629126922 ], [ -76.250161949554226, 36.912035115808699 ], [ -76.250162467311341, 36.912039379297504 ], [ -76.25016296124079, 36.912042100982632 ], [ -76.250164111555122, 36.912046798421635 ], [ -76.25016518055169, 36.91205018911625 ], [ -76.250166951931064, 36.91205472447799 ], [ -76.250168276063647, 36.912057574725488 ], [ -76.250170672752546, 36.912062031918872 ], [ -76.250173223819729, 36.912066053098499 ], [ -76.250176666348324, 36.912070710584501 ], [ -76.250179544194623, 36.912074084523496 ], [ -76.250182465803974, 36.91207715643877 ], [ -76.250187686142283, 36.912081859670849 ], [ -76.250191120453508, 36.912084676395786 ], [ -76.250194317347137, 36.912086982906125 ], [ -76.250198124823513, 36.912089480476446 ], [ -76.250200906595296, 36.912091137263495 ], [ -76.250206169415463, 36.912093955635832 ], [ -76.250210751099175, 36.912096085842428 ], [ -76.250218045618283, 36.912098943101938 ], [ -76.250226266410081, 36.912101453034168 ], [ -76.25023032312582, 36.912102436560779 ], [ -76.250234710448083, 36.912103324560007 ], [ -76.250239299711211, 36.912104064993635 ], [ -76.250245339789572, 36.912104749368304 ], [ -76.250251446442391, 36.912105119536385 ], [ -76.250259715130809, 36.912105108341862 ], [ -76.250266482562679, 36.912104659189431 ], [ -76.250278716367362, 36.912104217314372 ], [ -76.250291639428767, 36.912103660635275 ], [ -76.250298594448921, 36.91210332053204 ], [ -76.250303099096158, 36.912103092170604 ], [ -76.250308194567651, 36.91210281292247 ], [ -76.250316175778508, 36.912102351844958 ], [ -76.250320829074553, 36.912102069541426 ], [ -76.250327428358517, 36.912101650518032 ], [ -76.250335404202843, 36.912101105508846 ], [ -76.250343493410128, 36.912100523008377 ], [ -76.250351022298361, 36.912099946909358 ], [ -76.250361516020064, 36.912099095849229 ], [ -76.250369532282448, 36.91209839927928 ], [ -76.250376627544355, 36.912097758994257 ], [ -76.250383865524825, 36.912097075470356 ], [ -76.250393345962962, 36.912096137411233 ], [ -76.250405091216905, 36.912094910090715 ], [ -76.250413907056782, 36.912093936775968 ], [ -76.250422210497035, 36.912092981596437 ], [ -76.250430972409006, 36.912091934237132 ], [ -76.250438610074639, 36.912090983440535 ], [ -76.250447823968742, 36.912089797806473 ], [ -76.250457272575389, 36.91208853283603 ], [ -76.250465680140749, 36.912087359711336 ], [ -76.250472069568232, 36.91208644721808 ], [ -76.250482908923757, 36.912084842904804 ], [ -76.250491988759705, 36.912083446484587 ], [ -76.250501584149731, 36.912081925625806 ], [ -76.250509456373408, 36.912080635890632 ], [ -76.250520985150686, 36.912078684218848 ], [ -76.250528571005049, 36.912077361059332 ], [ -76.250536989689664, 36.912075851028952 ], [ -76.250546232389794, 36.912074148550566 ], [ -76.250557726821597, 36.912071954650031 ], [ -76.250567093570851, 36.912070119338132 ], [ -76.250572696814231, 36.91206899439328 ], [ -76.250583935435756, 36.912066682923097 ], [ -76.250589420589748, 36.912065527775006 ], [ -76.250599194875988, 36.912063425341003 ], [ -76.250610056818672, 36.912061021930768 ], [ -76.250616553662923, 36.912059553535677 ], [ -76.250623517019733, 36.912057948946909 ], [ -76.25063003702364, 36.912056418799551 ], [ -76.250636550937742, 36.91205486690243 ], [ -76.250642451668639, 36.912053438476441 ], [ -76.250650590002493, 36.912051427317977 ], [ -76.250661250467914, 36.912048739720532 ], [ -76.250669349457297, 36.912046654796676 ], [ -76.250676729113039, 36.912044714748305 ], [ -76.250685741549219, 36.912042298472308 ], [ -76.250692975068603, 36.912040327683869 ], [ -76.250703029379508, 36.912037526627877 ], [ -76.250712138966719, 36.912034938244069 ], [ -76.250724274943096, 36.912031400038259 ], [ -76.25073376206943, 36.91202857190131 ], [ -76.25074130595064, 36.912026279850743 ], [ -76.25075023769736, 36.912023518602815 ], [ -76.250770900856921, 36.912016931976517 ], [ -76.250785776323269, 36.912012012102629 ], [ -76.250794616186582, 36.912009018341728 ], [ -76.250802863487181, 36.912006171882737 ], [ -76.250811877723123, 36.912003013801971 ], [ -76.250821062805272, 36.911999734600208 ], [ -76.250827373885045, 36.911997452304973 ], [ -76.250836115881185, 36.91199423853611 ], [ -76.25084340769429, 36.9119915135037 ], [ -76.250851088825073, 36.911988605730841 ], [ -76.25085594381946, 36.911986746258165 ], [ -76.250861380907025, 36.911984638328235 ], [ -76.25086839946475, 36.911981891840895 ], [ -76.250874809218658, 36.911979348230439 ], [ -76.25088402157759, 36.911975641393795 ], [ -76.25089324264502, 36.91197186802156 ], [ -76.25090498446032, 36.911966972900395 ], [ -76.250913350392864, 36.911963419323563 ], [ -76.250922848485516, 36.911959313234988 ], [ -76.250931545345651, 36.911955501886816 ], [ -76.250945839645411, 36.911949096227175 ], [ -76.25095570699763, 36.911944575359172 ], [ -76.25096967606251, 36.911938046295134 ], [ -76.250978404765576, 36.911933880412057 ], [ -76.250990547792128, 36.911927985224679 ], [ -76.251005803305134, 36.911920394617177 ], [ -76.251018936790686, 36.911913690918112 ], [ -76.251035071750806, 36.911905250013469 ], [ -76.251048892174495, 36.911897828441404 ], [ -76.251059968462201, 36.911891755997949 ], [ -76.251071034814217, 36.911885564382182 ], [ -76.251084619379711, 36.911877806588222 ], [ -76.251095515395008, 36.91187145397091 ], [ -76.251107476953877, 36.911864334841312 ], [ -76.251116224602953, 36.911859038088075 ], [ -76.251130043083563, 36.911850508682697 ], [ -76.251144725224123, 36.911841207098782 ], [ -76.251156299364936, 36.911833714594749 ], [ -76.251163217768934, 36.911829159823348 ], [ -76.251172288735447, 36.911823104887951 ], [ -76.251183480131232, 36.911815497795189 ], [ -76.251193331391448, 36.911808680803894 ], [ -76.25120292149532, 36.911801926418235 ], [ -76.251214204807056, 36.911793831635862 ], [ -76.251223551545053, 36.91178699417307 ], [ -76.251235689221872, 36.911777948561664 ], [ -76.251248529302273, 36.911768155628685 ], [ -76.251261032740274, 36.911758396815593 ], [ -76.251270369277591, 36.911750957037242 ], [ -76.251279904094076, 36.911743228105465 ], [ -76.251288703199535, 36.911735969134838 ], [ -76.251300523394562, 36.911725819571281 ], [ -76.251307368385213, 36.911719463346124 ], [ -76.251314809038064, 36.91171262816966 ], [ -76.251329490266812, 36.911699383041046 ], [ -76.251339038572993, 36.911690934166053 ], [ -76.251348842288849, 36.911682389222804 ], [ -76.251358973588196, 36.91167369911517 ], [ -76.251366167836963, 36.911667601952701 ], [ -76.251373806372882, 36.911661209526784 ], [ -76.251385148485241, 36.911651850326521 ], [ -76.251390317927431, 36.911647638857325 ], [ -76.25139494122898, 36.911643901878342 ], [ -76.251400325080738, 36.911639576430716 ], [ -76.251405506432761, 36.911635455325971 ], [ -76.25141317660885, 36.911629396109397 ], [ -76.251418391240392, 36.91162532611758 ], [ -76.251425885465196, 36.911619522228143 ], [ -76.25143268295092, 36.911614312534567 ], [ -76.251443082689079, 36.911606448705662 ], [ -76.25145307165765, 36.911598998860271 ], [ -76.251460779695876, 36.911593327955181 ], [ -76.251470712457433, 36.911586107784473 ], [ -76.251480864514477, 36.911578835922946 ], [ -76.251488500584998, 36.911573434051164 ], [ -76.251494540444853, 36.911569205877662 ], [ -76.25150193050159, 36.911564075118882 ], [ -76.251509912369741, 36.911558595131773 ], [ -76.251516813233806, 36.911553911108591 ], [ -76.251525450002802, 36.911548111943276 ], [ -76.251531411511465, 36.911544140963017 ], [ -76.25153905803981, 36.911539105245438 ], [ -76.251546074663636, 36.911534529796945 ], [ -76.251554340673749, 36.911529195856481 ], [ -76.251561660946663, 36.911524525261939 ], [ -76.251571179411911, 36.911518518517681 ], [ -76.251581888015906, 36.911511858509478 ], [ -76.251592949176825, 36.911505081756275 ], [ -76.251607674432194, 36.911496214501746 ], [ -76.251618422237044, 36.911489859904066 ], [ -76.251630422495623, 36.911482870359755 ], [ -76.251640117395894, 36.911477310460384 ], [ -76.251651654877989, 36.911470785282368 ], [ -76.251660767604974, 36.911465703690574 ], [ -76.251668646010984, 36.911461364654372 ], [ -76.251674329219441, 36.91145826087233 ], [ -76.251683045949648, 36.911453549379303 ], [ -76.251694984886569, 36.911447188715023 ], [ -76.251707049415444, 36.911440870112315 ], [ -76.251718235681906, 36.91143509716558 ], [ -76.251731439510223, 36.911428401044752 ], [ -76.251740977192355, 36.911423637647509 ], [ -76.251752794311201, 36.911417826287433 ], [ -76.251766663901549, 36.91141112577106 ], [ -76.251781005444698, 36.911404332425143 ], [ -76.251792835802249, 36.911398831386514 ], [ -76.251804477977984, 36.911393506120504 ], [ -76.251811757044266, 36.911390223737776 ], [ -76.251819511805564, 36.911386760263547 ], [ -76.251829074819128, 36.911382542674268 ], [ -76.251834661874966, 36.911380106765364 ], [ -76.251845747918878, 36.911375327906505 ], [ -76.251856023469571, 36.911370967104737 ], [ -76.251862310189708, 36.911368330050188 ], [ -76.251870681539557, 36.91136485493027 ], [ -76.251876704086683, 36.911362382280316 ], [ -76.2518880303071, 36.911357793694009 ], [ -76.2518944895765, 36.91135520500665 ], [ -76.25190333854006, 36.911351711076932 ], [ -76.251913000530124, 36.911347940652 ], [ -76.251921322350682, 36.911344734993008 ], [ -76.25192867117083, 36.911341938875694 ], [ -76.251939051787744, 36.911338046987304 ], [ -76.251950890125215, 36.911333676406883 ], [ -76.251963611016095, 36.911329069419139 ], [ -76.25197346149595, 36.911325566696483 ], [ -76.251980945547515, 36.911322941719014 ], [ -76.251988443541435, 36.911320338640714 ], [ -76.251995954142032, 36.911317764646938 ], [ -76.252005678862204, 36.91131449026777 ], [ -76.252009769717503, 36.911313110987749 ], [ -76.252024381052664, 36.911309254937315 ], [ -76.252034235444171, 36.91130679336964 ], [ -76.252042317167053, 36.911304832412561 ], [ -76.252053888985131, 36.91130210533494 ], [ -76.252061417016435, 36.911300381664631 ], [ -76.252072561431163, 36.911297910513241 ], [ -76.252089526301148, 36.911294330217189 ], [ -76.252100120575335, 36.911292203682713 ], [ -76.252109584792208, 36.911290370114401 ], [ -76.252120978172584, 36.911288247142735 ], [ -76.252131382716058, 36.911286386487305 ], [ -76.252140172614517, 36.91128488344355 ], [ -76.252150311196147, 36.911283209692499 ], [ -76.252162054430428, 36.911281363819306 ], [ -76.252174229871514, 36.911279554152976 ], [ -76.25218179355214, 36.911278482849063 ], [ -76.252196658344573, 36.911276488451783 ], [ -76.25220473334916, 36.911275472894857 ], [ -76.252212840860381, 36.911274496718022 ], [ -76.252223921339436, 36.911273234872873 ], [ -76.25222998760826, 36.911272580207992 ], [ -76.252242356509171, 36.911271324972837 ], [ -76.252251702759182, 36.911270440986542 ], [ -76.25225763811703, 36.911269923529545 ], [ -76.252257546073466, 36.911269620710954 ], [ -76.252253849532607, 36.911257590612088 ], [ -76.252253107254376, 36.911255178766709 ], [ -76.252289489026865, 36.911230626159501 ], [ -76.252100207172873, 36.910644141094004 ], [ -76.252932605106565, 36.910472251248656 ], [ -76.252860274015589, 36.910146495183689 ], [ -76.252825310409321, 36.909989027610642 ], [ -76.252799133314539, 36.90987113330663 ], [ -76.250074339227368, 36.910426212558043 ], [ -76.250005430659485, 36.910487266688634 ], [ -76.249996250977091, 36.910497515342762 ] ] ] } },
{ "type": "Feature", "properties": { "OBJECTID": 68, "ID": 105, "PARK_NAME": "Northside Middle Mary Calcott Elementary THRC", "BASKETBALL_COURTS": "6", "GYMS": " ", "RESTROOMS": " ", "DETAILS": " ", "X_COORD": 12137401.368061321, "Y_COORD": 3507908.6341262399, "ADDRESS": "180 E Evans Street", "PARK_TYPE": "SCSSAPA", "Shape_Leng": 4483.8673283199996, "ACRES": 23.84906158, "ADDITIONAL_INFO": " ", "BIKE_RACKS": 0, "LIGHTED_BASKETBALL_COURTS": 0, "LIGHTED_BASEBALL_FIELDS": 1, "LIGHTED_TENNIS_COURTS": 0, "ADA_PLAYGROUNDS": 1, "PLAYGROUNDS": 2, "TENNIS_COURTS": 6, "FOOTBALL_FIELDS": 1, "BASEBALL_FIELDS": 2, "POOLS": null, "GYM": null, "PICNIC_SHELTERS": null, "REC_CENTER": null, "PICNIC_TABLES": null, "LIGHTED_FOOTBALL_FIELDS": null, "created_user": null, "created_date": null, "last_edited_user": "RFRASHE", "last_edited_date": "2026-01-06T18:59:23Z", "LUCITYID": "PRK-0068", "COMPKEY": 2586087, "UNITID": "4036", "LucityAutoID": 68, "InLucity": 1, "LastSynDate": "2020-07-24T12:33:33Z", "Shape__Area": 1038860.895457302, "Shape__Length": 4483.8670847376197 }, "geometry": { "type": "Polygon", "coordinates": [ [ [ -76.262599081069396, 36.937275805048245 ], [ -76.26260877396389, 36.937279370527108 ], [ -76.262741254982899, 36.937046338374245 ], [ -76.262849507219556, 36.936855933245532 ], [ -76.263488975166666, 36.935700347801365 ], [ -76.262103655718235, 36.935202836628456 ], [ -76.261351645901684, 36.934935711047615 ], [ -76.26092502959672, 36.934784169701423 ], [ -76.26091067691442, 36.934779592333705 ], [ -76.260896427910723, 36.93477507823183 ], [ -76.26087255121918, 36.93476757932148 ], [ -76.26084147719807, 36.934757951311326 ], [ -76.26081877635059, 36.934751014703437 ], [ -76.260790307242132, 36.934742415176238 ], [ -76.260760257296084, 36.934733470055498 ], [ -76.260725534222942, 36.934723305608301 ], [ -76.260681441908986, 36.934710644384531 ], [ -76.260655479347079, 36.934703324735345 ], [ -76.260623638891786, 36.934694480682722 ], [ -76.260593275663865, 36.934686183044832 ], [ -76.260556677713154, 36.934676353300155 ], [ -76.260514947405341, 36.934665380198538 ], [ -76.260478247100238, 36.934655936969939 ], [ -76.260450696566224, 36.934648970110175 ], [ -76.260421738400154, 36.934641761905418 ], [ -76.260391891687647, 36.934634452940884 ], [ -76.260362007666799, 36.934627266745629 ], [ -76.260324873175577, 36.934618496633398 ], [ -76.260292488529771, 36.934611009501559 ], [ -76.260243387814938, 36.934599929253622 ], [ -76.260210288578463, 36.934592648420562 ], [ -76.260170541149705, 36.934584300801021 ], [ -76.260134771362516, 36.934577035773614 ], [ -76.260102355647916, 36.93457060079686 ], [ -76.260067705451647, 36.934563863647604 ], [ -76.260036201977854, 36.934557867872563 ], [ -76.259993770360438, 36.934549998159639 ], [ -76.259953514752524, 36.934542737751414 ], [ -76.259926404632225, 36.934537967683987 ], [ -76.259883112326079, 36.934530536724587 ], [ -76.259852514711312, 36.93452542437516 ], [ -76.259829545020949, 36.934521661582863 ], [ -76.259809768414172, 36.934518477010677 ], [ -76.259779468809882, 36.93451369120784 ], [ -76.259757163656928, 36.934510238515003 ], [ -76.259727269544115, 36.934505713709591 ], [ -76.259701148938689, 36.934501845786365 ], [ -76.259672681236324, 36.93449772491855 ], [ -76.259634025652929, 36.934492289514857 ], [ -76.259596223586797, 36.934487152490931 ], [ -76.259557124399905, 36.934482024088403 ], [ -76.259514500240229, 36.934476643721347 ], [ -76.259441135945494, 36.934467896823257 ], [ -76.259408665459318, 36.934464228716941 ], [ -76.259370476966211, 36.934460085678033 ], [ -76.259318581360958, 36.934454865666503 ], [ -76.259274466065932, 36.934450625871705 ], [ -76.259226801814165, 36.934446223780007 ], [ -76.259162939435299, 36.934440612486618 ], [ -76.259114889308094, 36.934436691537655 ], [ -76.259072488722623, 36.934433700295749 ], [ -76.259049614215996, 36.934432150224858 ], [ -76.259014280992361, 36.934429833583671 ], [ -76.258972267817555, 36.934427221053951 ], [ -76.258925227407076, 36.934424467618236 ], [ -76.258900449113824, 36.934423089447236 ], [ -76.258866627593207, 36.934421291921247 ], [ -76.258507239357101, 36.934401566733136 ], [ -76.258331786813159, 36.934391931067374 ], [ -76.25793165134391, 36.934369965208326 ], [ -76.257851467737382, 36.936253478316566 ], [ -76.258150524470338, 36.936269066986689 ], [ -76.258454481751144, 36.936284911467183 ], [ -76.258467309785516, 36.936285577864254 ], [ -76.258551872119355, 36.936289985990257 ], [ -76.258911787455304, 36.936310187826088 ], [ -76.259092944683815, 36.936322879645672 ], [ -76.259131784553674, 36.936325645258414 ], [ -76.259162080916127, 36.936327944273074 ], [ -76.259200099133963, 36.936331004275274 ], [ -76.259240608008142, 36.936334476785724 ], [ -76.259273764882494, 36.936337477469387 ], [ -76.259309187831505, 36.936340853032249 ], [ -76.259358895409477, 36.936345874488396 ], [ -76.259413016270173, 36.93635171644253 ], [ -76.259461713242288, 36.936357308994104 ], [ -76.259510154354231, 36.93636320041162 ], [ -76.259587826914498, 36.936373305662933 ], [ -76.259642756807978, 36.936380952145711 ], [ -76.259690681962056, 36.93638796487641 ], [ -76.259753688459028, 36.936397667086133 ], [ -76.259805950879198, 36.936406135194318 ], [ -76.259865943634324, 36.936416331561787 ], [ -76.259913677470038, 36.936424803479042 ], [ -76.259948876951299, 36.936431258176732 ], [ -76.260005941437441, 36.936442096344443 ], [ -76.260057633433632, 36.936452313847738 ], [ -76.260104730564677, 36.936461966069302 ], [ -76.260165963715863, 36.936474988270533 ], [ -76.26022365821413, 36.936487762757345 ], [ -76.260270680631734, 36.936498538397842 ], [ -76.260305039337894, 36.936506620169148 ], [ -76.260341056467283, 36.936515273440591 ], [ -76.26037379709291, 36.936523318961811 ], [ -76.260412147020332, 36.936532939648501 ], [ -76.260427980145522, 36.936537016165495 ], [ -76.260460284752469, 36.93654533999289 ], [ -76.260493544081086, 36.936554110146304 ], [ -76.260532931587562, 36.936564717725275 ], [ -76.260576350237798, 36.936576691027149 ], [ -76.26063437723343, 36.936593151033527 ], [ -76.260657074490638, 36.936599733359628 ], [ -76.260686551676557, 36.936608402581228 ], [ -76.260733948168976, 36.93662263469983 ], [ -76.260767735127516, 36.93663300664187 ], [ -76.260812648272605, 36.936647073354706 ], [ -76.260838493352551, 36.936655313720905 ], [ -76.260863022697094, 36.936663241487992 ], [ -76.261403239909825, 36.936851183371722 ], [ -76.262485092515377, 36.93723387203277 ], [ -76.262599081069396, 36.937275805048245 ] ] ] } },
{ "type": "Feature", "properties": { "OBJECTID": 69, "ID": 158, "PARK_NAME": "Southside Aquatic Center", "BASKETBALL_COURTS": " ", "GYMS": " ", "RESTROOMS": " ", "DETAILS": " ", "X_COORD": 12138696.31825872, "Y_COORD": 3466997.2671123198, "ADDRESS": "2300 Berkley Avenue Extended", "PARK_TYPE": "CCAPA", "Shape_Leng": 2719.3881066899999, "ACRES": 10.32664271, "ADDITIONAL_INFO": " ", "BIKE_RACKS": 0, "LIGHTED_BASKETBALL_COURTS": 0, "LIGHTED_BASEBALL_FIELDS": 0, "LIGHTED_TENNIS_COURTS": 0, "ADA_PLAYGROUNDS": 0, "PLAYGROUNDS": 0, "TENNIS_COURTS": 0, "FOOTBALL_FIELDS": 0, "BASEBALL_FIELDS": 0, "POOLS": null, "GYM": null, "PICNIC_SHELTERS": null, "REC_CENTER": null, "PICNIC_TABLES": null, "LIGHTED_FOOTBALL_FIELDS": null, "created_user": null, "created_date": null, "last_edited_user": "RFRASHE", "last_edited_date": "2026-01-06T18:59:23Z", "LUCITYID": "PRK-0069", "COMPKEY": 2586189, "UNITID": "8442", "LucityAutoID": 69, "InLucity": 1, "LastSynDate": "2020-07-24T12:33:33Z", "Shape__Area": 449826.78597896209, "Shape__Length": 2719.38778904418 }, "geometry": { "type": "Polygon", "coordinates": [ [ [ -76.259658716290929, 36.824781352912552 ], [ -76.259739424564671, 36.824570498157826 ], [ -76.260305361012087, 36.823849521363407 ], [ -76.260459505375024, 36.823857261646459 ], [ -76.260444144803856, 36.823650194820218 ], [ -76.260347707035322, 36.822531932112071 ], [ -76.2603459762678, 36.822520145204585 ], [ -76.260342587149026, 36.822508590762951 ], [ -76.260337576460046, 36.822497428130205 ], [ -76.260331017583852, 36.822486792109117 ], [ -76.26032391200178, 36.822477851053847 ], [ -76.260315703764689, 36.822469536147764 ], [ -76.260306486607178, 36.822461938414691 ], [ -76.260296356797198, 36.822455139011545 ], [ -76.260208701513164, 36.822417788655045 ], [ -76.259961843120664, 36.822323885372462 ], [ -76.259612415017145, 36.822134362680806 ], [ -76.259483401234476, 36.822057572576583 ], [ -76.259046720007618, 36.821879769237917 ], [ -76.258474477845382, 36.822629229987108 ], [ -76.258321782033917, 36.823546930307892 ], [ -76.258200465319206, 36.823643075268926 ], [ -76.258222004044228, 36.823954021058803 ], [ -76.258414177765772, 36.824027973072454 ], [ -76.259248759868456, 36.824413288780462 ], [ -76.259358018201183, 36.82451051472782 ], [ -76.259654788884717, 36.824777814897956 ], [ -76.259658716290929, 36.824781352912552 ] ] ] } },
{ "type": "Feature", "properties": { "OBJECTID": 70, "ID": 31, "PARK_NAME": "Campostella Landfill Park", "BASKETBALL_COURTS": "0", "GYMS": "0", "RESTROOMS": "no", "DETAILS": "none", "X_COORD": 12139525.120385719, "Y_COORD": 3467493.5952566899, "ADDRESS": "2400 Berkley Avenue Extended", "PARK_TYPE": "KFPS", "Shape_Leng": 6452.9548480699996, "ACRES": 46.6838847, "ADDITIONAL_INFO": " ", "BIKE_RACKS": 0, "LIGHTED_BASKETBALL_COURTS": 0, "LIGHTED_BASEBALL_FIELDS": 0, "LIGHTED_TENNIS_COURTS": 0, "ADA_PLAYGROUNDS": 0, "PLAYGROUNDS": 0, "TENNIS_COURTS": 0, "FOOTBALL_FIELDS": 0, "BASEBALL_FIELDS": 0, "POOLS": null, "GYM": null, "PICNIC_SHELTERS": null, "REC_CENTER": null, "PICNIC_TABLES": null, "LIGHTED_FOOTBALL_FIELDS": null, "created_user": null, "created_date": null, "last_edited_user": "RFRASHE", "last_edited_date": "2026-01-06T18:59:23Z", "LUCITYID": "PRK-0070", "COMPKEY": 2586326, "UNITID": "8042", "LucityAutoID": 70, "InLucity": 1, "LastSynDate": "2020-07-24T12:33:33Z", "Shape__Area": 2033542.0566890687, "Shape__Length": 6452.9551886021081 }, "geometry": { "type": "Polygon", "coordinates": [ [ [ -76.258969995511492, 36.821976263127446 ], [ -76.259043048093588, 36.821877418676593 ], [ -76.258136405415186, 36.821494530508211 ], [ -76.257976209922688, 36.82133400335892 ], [ -76.257668346771482, 36.821286684810602 ], [ -76.257296219990565, 36.821321015440176 ], [ -76.255481510880642, 36.82307650502964 ], [ -76.255285272684318, 36.823437418070256 ], [ -76.253359838389187, 36.826491949129036 ], [ -76.25331641646666, 36.826565709592145 ], [ -76.253435155427908, 36.826733737954534 ], [ -76.253672382724815, 36.826729988834771 ], [ -76.254468708423204, 36.826993857594147 ], [ -76.254819523298352, 36.82698399040585 ], [ -76.255020682989283, 36.826805504497067 ], [ -76.255227734762812, 36.826776312666524 ], [ -76.255965444463044, 36.82727939613423 ], [ -76.256137911899671, 36.827373859015509 ], [ -76.256251986805083, 36.82735117562342 ], [ -76.257840887369298, 36.826262672908491 ], [ -76.258006943353763, 36.825876316786669 ], [ -76.258408997337838, 36.825527617170714 ], [ -76.258877300164542, 36.825379089386573 ], [ -76.259222940013316, 36.825195066260946 ], [ -76.259156442074087, 36.825003177596031 ], [ -76.258795796546352, 36.824648204415105 ], [ -76.258012696261488, 36.823937076026915 ], [ -76.258254758414154, 36.823071477289965 ], [ -76.258475245756216, 36.82263299075214 ], [ -76.258969995511492, 36.821976263127446 ] ] ] } },
{ "type": "Feature", "properties": { "OBJECTID": 71, "ID": 141, "PARK_NAME": "South Main Street Playground", "BASKETBALL_COURTS": "0", "GYMS": "0", "RESTROOMS": "no", "DETAILS": "none", "X_COORD": 12132108.87150543, "Y_COORD": 3471439.5246958099, "ADDRESS": "324 South Main Street", "PARK_TYPE": "NAP", "Shape_Leng": 421.80554781000001, "ACRES": 0.25467711, "ADDITIONAL_INFO": " ", "BIKE_RACKS": 0, "LIGHTED_BASKETBALL_COURTS": 0, "LIGHTED_BASEBALL_FIELDS": 0, "LIGHTED_TENNIS_COURTS": 0, "ADA_PLAYGROUNDS": 0, "PLAYGROUNDS": 1, "TENNIS_COURTS": 0, "FOOTBALL_FIELDS": 0, "BASEBALL_FIELDS": 0, "POOLS": null, "GYM": null, "PICNIC_SHELTERS": null, "REC_CENTER": null, "PICNIC_TABLES": null, "LIGHTED_FOOTBALL_FIELDS": null, "created_user": null, "created_date": null, "last_edited_user": "RFRASHE", "last_edited_date": "2026-01-06T18:59:23Z", "LUCITYID": "PRK-0071", "COMPKEY": 2586994, "UNITID": "8169", "LucityAutoID": 71, "InLucity": 1, "LastSynDate": "2020-07-24T12:33:33Z", "Shape__Area": 11093.68905842994, "Shape__Length": 421.80569592854999 }, "geometry": { "type": "Polygon", "coordinates": [ [ [ -76.281626846059766, 36.83608847673284 ], [ -76.281747647509448, 36.835817984461016 ], [ -76.281507450692928, 36.835751920216389 ], [ -76.281402128800678, 36.835721049601538 ], [ -76.281284913206719, 36.835990057139128 ], [ -76.281626846059766, 36.83608847673284 ] ] ] } },
{ "type": "Feature", "properties": { "OBJECTID": 72, "ID": 17, "PARK_NAME": "Berkley Park", "BASKETBALL_COURTS": "1", "GYMS": " ", "RESTROOMS": " ", "DETAILS": " ", "X_COORD": 12133372.618664579, "Y_COORD": 3468624.7398763201, "ADDRESS": "706 Walker Avenue", "PARK_TYPE": "NAP", "Shape_Leng": 2105.9456005699999, "ACRES": 5.3621369, "ADDITIONAL_INFO": " ", "BIKE_RACKS": 0, "LIGHTED_BASKETBALL_COURTS": 1, "LIGHTED_BASEBALL_FIELDS": 0, "LIGHTED_TENNIS_COURTS": 0, "ADA_PLAYGROUNDS": 0, "PLAYGROUNDS": 1, "TENNIS_COURTS": 1, "FOOTBALL_FIELDS": 1, "BASEBALL_FIELDS": 1, "POOLS": null, "GYM": null, "PICNIC_SHELTERS": null, "REC_CENTER": null, "PICNIC_TABLES": null, "LIGHTED_FOOTBALL_FIELDS": null, "created_user": null, "created_date": null, "last_edited_user": "RFRASHE", "last_edited_date": "2026-01-06T18:59:23Z", "LUCITYID": "PRK-0072", "COMPKEY": 2586443, "UNITID": "8026", "LucityAutoID": 72, "InLucity": 1, "LastSynDate": "2020-07-24T12:33:33Z", "Shape__Area": 233573.75419875697, "Shape__Length": 2105.9455354690335 }, "geometry": { "type": "Polygon", "coordinates": [ [ [ -76.278662165066493, 36.828321824065775 ], [ -76.277544474176466, 36.827175770060208 ], [ -76.276045917426302, 36.828175147046814 ], [ -76.276083010771998, 36.8282116420839 ], [ -76.276406320203137, 36.828248444496936 ], [ -76.276619763546194, 36.828344523506622 ], [ -76.277187841965869, 36.828927957553873 ], [ -76.277829016903652, 36.828536152567317 ], [ -76.278034010324049, 36.828703653868523 ], [ -76.278662165066493, 36.828321824065775 ] ] ] } },
{ "type": "Feature", "properties": { "OBJECTID": 73, "ID": 90, "PARK_NAME": "Magnolia Cemetery", "BASKETBALL_COURTS": " ", "GYMS": " ", "RESTROOMS": " ", "DETAILS": " ", "X_COORD": 12133419.650852481, "Y_COORD": 3469696.7289068298, "ADDRESS": "500 Lancaster Street", "PARK_TYPE": "CEM", "Shape_Leng": 2264.92094357, "ACRES": 7.19541074, "ADDITIONAL_INFO": " ", "BIKE_RACKS": 0, "LIGHTED_BASKETBALL_COURTS": 0, "LIGHTED_BASEBALL_FIELDS": 0, "LIGHTED_TENNIS_COURTS": 0, "ADA_PLAYGROUNDS": 0, "PLAYGROUNDS": 0, "TENNIS_COURTS": 0, "FOOTBALL_FIELDS": 0, "BASEBALL_FIELDS": 0, "POOLS": null, "GYM": null, "PICNIC_SHELTERS": null, "REC_CENTER": null, "PICNIC_TABLES": null, "LIGHTED_FOOTBALL_FIELDS": null, "created_user": null, "created_date": null, "last_edited_user": "RFRASHE", "last_edited_date": "2026-01-06T18:59:23Z", "LUCITYID": "PRK-0073", "COMPKEY": 2586119, "UNITID": "7005", "LucityAutoID": 73, "InLucity": 1, "LastSynDate": "2020-07-24T12:33:33Z", "Shape__Area": 313430.98286004446, "Shape__Length": 2264.921542870025 }, "geometry": { "type": "Polygon", "coordinates": [ [ [ -76.278571651066542, 36.830978970798668 ], [ -76.27750118634718, 36.829956527357901 ], [ -76.275801154861185, 36.831100370782657 ], [ -76.276808488622819, 36.832106295045584 ], [ -76.278091786355517, 36.831292021939497 ], [ -76.278571651066542, 36.830978970798668 ] ] ] } },
{ "type": "Feature", "properties": { "OBJECTID": 74, "ID": 133, "PARK_NAME": "Riverside Cemetery", "BASKETBALL_COURTS": " ", "GYMS": " ", "RESTROOMS": " ", "DETAILS": " ", "X_COORD": 12136312.683329379, "Y_COORD": 3470646.2035695398, "ADDRESS": "1000 E Indian River Road", "PARK_TYPE": "CEM", "Shape_Leng": 4890.1126169199997, "ACRES": 29.60855389, "ADDITIONAL_INFO": " ", "BIKE_RACKS": 0, "LIGHTED_BASKETBALL_COURTS": 0, "LIGHTED_BASEBALL_FIELDS": 0, "LIGHTED_TENNIS_COURTS": 0, "ADA_PLAYGROUNDS": 0, "PLAYGROUNDS": 0, "TENNIS_COURTS": 0, "FOOTBALL_FIELDS": 0, "BASEBALL_FIELDS": 0, "POOLS": null, "GYM": null, "PICNIC_SHELTERS": null, "REC_CENTER": null, "PICNIC_TABLES": null, "LIGHTED_FOOTBALL_FIELDS": null, "created_user": null, "created_date": null, "last_edited_user": "RFRASHE", "last_edited_date": "2026-01-06T18:59:23Z", "LUCITYID": "PRK-0074", "COMPKEY": 2586120, "UNITID": "7006", "LucityAutoID": 74, "InLucity": 1, "LastSynDate": "2020-07-24T12:33:33Z", "Shape__Area": 1289743.3826487581, "Shape__Length": 4890.1123964927356 }, "geometry": { "type": "Polygon", "coordinates": [ [ [ -76.27051295651259, 36.832892202878192 ], [ -76.266214278166757, 36.83163851101655 ], [ -76.26476383259741, 36.833553948229884 ], [ -76.264989816019039, 36.834565751749629 ], [ -76.266124507310309, 36.83512193714931 ], [ -76.266285235299151, 36.835310046158057 ], [ -76.267791985541137, 36.834958316601579 ], [ -76.268053897409857, 36.834315615799838 ], [ -76.26834327099408, 36.834043538983025 ], [ -76.268821657940393, 36.833867578852796 ], [ -76.269038958806448, 36.83387170773959 ], [ -76.269280407414243, 36.83435948420847 ], [ -76.27051295651259, 36.832892202878192 ] ] ] } },
{ "type": "Feature", "properties": { "OBJECTID": 75, "ID": 30, "PARK_NAME": "Southside STEM Academy at Campostella", "BASKETBALL_COURTS": " ", "GYMS": " ", "RESTROOMS": " ", "DETAILS": " ", "X_COORD": 12138568.53545231, "Y_COORD": 3469291.98607805, "ADDRESS": "1106 Campostella Road", "PARK_TYPE": "SSAPA", "Shape_Leng": 4496.3605729199999, "ACRES": 17.01570228, "ADDITIONAL_INFO": " ", "BIKE_RACKS": 0, "LIGHTED_BASKETBALL_COURTS": 0, "LIGHTED_BASEBALL_FIELDS": 0, "LIGHTED_TENNIS_COURTS": 0, "ADA_PLAYGROUNDS": 0, "PLAYGROUNDS": 0, "TENNIS_COURTS": 0, "FOOTBALL_FIELDS": 0, "BASEBALL_FIELDS": 0, "POOLS": null, "GYM": null, "PICNIC_SHELTERS": null, "REC_CENTER": null, "PICNIC_TABLES": null, "LIGHTED_FOOTBALL_FIELDS": null, "created_user": null, "created_date": null, "last_edited_user": "RFRASHE", "last_edited_date": "2026-01-06T18:59:23Z", "LUCITYID": "PRK-0075", "COMPKEY": 2586795, "UNITID": "8041", "LucityAutoID": 75, "InLucity": 1, "LastSynDate": "2020-07-24T12:33:33Z", "Shape__Area": 741201.0487125715, "Shape__Length": 4604.0946461046224 }, "geometry": { "type": "Polygon", "coordinates": [ [ [ -76.261202645445195, 36.830104602597174 ], [ -76.261186035481003, 36.829985899723511 ], [ -76.261128525243251, 36.82972436888442 ], [ -76.261095427367181, 36.829573888313973 ], [ -76.26103029794136, 36.829169243749575 ], [ -76.260986698749988, 36.828847620435184 ], [ -76.260950863420504, 36.828589760369304 ], [ -76.260905891030234, 36.828266096258034 ], [ -76.260829071150326, 36.827713315282274 ], [ -76.260773384127944, 36.827312558837193 ], [ -76.260724038935649, 36.826882146489538 ], [ -76.260411359255926, 36.82705934668293 ], [ -76.259989082795954, 36.828025261269403 ], [ -76.259515020243882, 36.828688973939116 ], [ -76.259363110762237, 36.828901653527289 ], [ -76.25776266131885, 36.830505017377973 ], [ -76.257403561772108, 36.83092989501187 ], [ -76.257086507669939, 36.8313403037413 ], [ -76.25750460504311, 36.831392796700477 ], [ -76.257598481267877, 36.831404582197287 ], [ -76.257697538890994, 36.831417019109587 ], [ -76.257833153728996, 36.831401101000601 ], [ -76.257982721120698, 36.831383544556438 ], [ -76.258249449798043, 36.83129196516493 ], [ -76.25818716241146, 36.831089881658606 ], [ -76.25880422539241, 36.830838231981176 ], [ -76.25894787177559, 36.831041136108958 ], [ -76.25916619552963, 36.830941257562245 ], [ -76.259794730644643, 36.830653710039982 ], [ -76.260191406510828, 36.830473106409812 ], [ -76.260414395408873, 36.830387644607676 ], [ -76.26063993858925, 36.830311967726288 ], [ -76.260788859395674, 36.830272832813392 ], [ -76.260909554729182, 36.830241114964529 ], [ -76.261202645445195, 36.830104602597174 ] ] ] } },
{ "type": "Feature", "properties": { "OBJECTID": 76, "ID": 157, "PARK_NAME": "Town Point Park", "BASKETBALL_COURTS": "0", "GYMS": "0", "RESTROOMS": "no", "DETAILS": "none", "X_COORD": 12128640.97213948, "Y_COORD": 3474813.9145647301, "ADDRESS": "201 Waterside Drive", "PARK_TYPE": "FP", "Shape_Leng": 8447.3521319299998, "ACRES": 17.6505302, "ADDITIONAL_INFO": " ", "BIKE_RACKS": 0, "LIGHTED_BASKETBALL_COURTS": 0, "LIGHTED_BASEBALL_FIELDS": 0, "LIGHTED_TENNIS_COURTS": 0, "ADA_PLAYGROUNDS": 0, "PLAYGROUNDS": 0, "TENNIS_COURTS": 0, "FOOTBALL_FIELDS": 0, "BASEBALL_FIELDS": 0, "POOLS": null, "GYM": null, "PICNIC_SHELTERS": null, "REC_CENTER": null, "PICNIC_TABLES": null, "LIGHTED_FOOTBALL_FIELDS": null, "created_user": null, "created_date": null, "last_edited_user": "RFRASHE", "last_edited_date": "2026-01-06T18:59:23Z", "LUCITYID": "PRK-0076", "COMPKEY": 2586428, "UNITID": "3088", "LucityAutoID": 76, "InLucity": 1, "LastSynDate": "2020-07-24T12:33:33Z", "Shape__Area": 581017.21677180147, "Shape__Length": 8768.7631882693204 }, "geometry": { "type": "Polygon", "coordinates": [ [ [ -76.292214217891157, 36.845052205704867 ], [ -76.292802627726246, 36.845204315244615 ], [ -76.29285261388209, 36.845251697508068 ], [ -76.293090235420991, 36.845323247210658 ], [ -76.29337421678639, 36.845419749270938 ], [ -76.293471462996465, 36.845461139138287 ], [ -76.293672560351084, 36.845611126750555 ], [ -76.293766318327215, 36.845698893626263 ], [ -76.293849130925025, 36.845795055626368 ], [ -76.293935321165392, 36.845922242873655 ], [ -76.293968985639452, 36.846015761732389 ], [ -76.29403187537126, 36.846281839582971 ], [ -76.294043798812567, 36.846386990455741 ], [ -76.294033283263957, 36.846527842009792 ], [ -76.293992369246794, 36.846683603489929 ], [ -76.293613367908819, 36.847515270755196 ], [ -76.294192905702715, 36.847662673274307 ], [ -76.294274502835876, 36.847498989373982 ], [ -76.294367694498575, 36.847364410996256 ], [ -76.294541400315836, 36.847224168816574 ], [ -76.294626666535152, 36.847171987433036 ], [ -76.294778251272831, 36.847111189466645 ], [ -76.294950277849253, 36.847083456779195 ], [ -76.29513434036437, 36.847083472956982 ], [ -76.295306604654073, 36.846753005820844 ], [ -76.295879264712497, 36.846490257692771 ], [ -76.295651921378379, 36.84618308645733 ], [ -76.295314559638641, 36.845810817941448 ], [ -76.29503632561061, 36.845554460784832 ], [ -76.294608701185268, 36.845216371454896 ], [ -76.2941872919791, 36.844971675809028 ], [ -76.293732788402039, 36.844723994391487 ], [ -76.293479949186207, 36.844616173971083 ], [ -76.293157377739234, 36.845118071249509 ], [ -76.29273742276672, 36.844940088689377 ], [ -76.293056749133555, 36.844441945214733 ], [ -76.292185855153932, 36.844110545060396 ], [ -76.292082392850617, 36.844133422592712 ], [ -76.291781374534608, 36.844016620886947 ], [ -76.291746167968284, 36.843930238184164 ], [ -76.291024228602751, 36.843638937537385 ], [ -76.290914486086365, 36.843676687405193 ], [ -76.290290813781766, 36.843481940650754 ], [ -76.290241296775989, 36.84339036403005 ], [ -76.28890925928674, 36.84300154029853 ], [ -76.288533363369794, 36.843148786797379 ], [ -76.288357032146038, 36.843104931682149 ], [ -76.288194836058793, 36.842818828324468 ], [ -76.286910860714727, 36.842619448885706 ], [ -76.286834746690218, 36.842653361521769 ], [ -76.286814002052878, 36.842722239629502 ], [ -76.286862336039064, 36.842735197287041 ], [ -76.286299427902833, 36.84314923720882 ], [ -76.28612142071816, 36.843085648667724 ], [ -76.28597814168981, 36.843116075385367 ], [ -76.285867833170911, 36.843300721751298 ], [ -76.286217499560792, 36.843388629719065 ], [ -76.287079198857285, 36.842751330795224 ], [ -76.288019501842825, 36.843016005801893 ], [ -76.288155495652688, 36.843235409697172 ], [ -76.288515610136798, 36.843350613427177 ], [ -76.28904945734422, 36.843161892702611 ], [ -76.290438136256768, 36.843601619683945 ], [ -76.290971160683981, 36.843757003306273 ], [ -76.291182919681148, 36.843845977914647 ], [ -76.291240030851085, 36.843945825452074 ], [ -76.291723270549596, 36.844134083912216 ], [ -76.291818201920535, 36.844112898589763 ], [ -76.292134784785674, 36.844233703733678 ], [ -76.2922184236173, 36.844207711525868 ], [ -76.292395162221382, 36.844280619392279 ], [ -76.292088078641783, 36.844768790568821 ], [ -76.291815077923786, 36.844856854227395 ], [ -76.291979950534696, 36.844974053473607 ], [ -76.292214217891157, 36.845052205704867 ] ] ] } },
{ "type": "Feature", "properties": { "OBJECTID": 77, "ID": 129, "PARK_NAME": "Reservior Avenue Mini Park", "BASKETBALL_COURTS": " ", "GYMS": " ", "RESTROOMS": " ", "DETAILS": " ", "X_COORD": 12134194.302212199, "Y_COORD": 3475301.6219851598, "ADDRESS": "401 Reservoir Avenue", "PARK_TYPE": "NAP", "Shape_Leng": 407.53559128000001, "ACRES": 0.21742815, "ADDITIONAL_INFO": " ", "BIKE_RACKS": 0, "LIGHTED_BASKETBALL_COURTS": 0, "LIGHTED_BASEBALL_FIELDS": 0, "LIGHTED_TENNIS_COURTS": 0, "ADA_PLAYGROUNDS": 0, "PLAYGROUNDS": 1, "TENNIS_COURTS": 0, "FOOTBALL_FIELDS": 0, "BASEBALL_FIELDS": 0, "POOLS": null, "GYM": null, "PICNIC_SHELTERS": null, "REC_CENTER": null, "PICNIC_TABLES": null, "LIGHTED_FOOTBALL_FIELDS": null, "created_user": null, "created_date": null, "last_edited_user": "RFRASHE", "last_edited_date": "2026-01-06T18:59:23Z", "LUCITYID": "PRK-0077", "COMPKEY": 2586459, "UNITID": "3150", "LucityAutoID": 77, "InLucity": 1, "LastSynDate": "2020-07-24T12:33:33Z", "Shape__Area": 9471.1386388879637, "Shape__Length": 407.53567969594218 }, "geometry": { "type": "Polygon", "coordinates": [ [ [ -76.274361180843073, 36.846328386228912 ], [ -76.274360565806802, 36.846328248381539 ], [ -76.273940634900612, 36.846234198722257 ], [ -76.273817080222301, 36.846347624872315 ], [ -76.274124952421516, 36.846554460307217 ], [ -76.274361180843073, 36.846328386228912 ] ] ] } },
{ "type": "Feature", "properties": { "OBJECTID": 78, "ID": 136, "PARK_NAME": "Ruffner Middle School", "BASKETBALL_COURTS": " ", "GYMS": " ", "RESTROOMS": " ", "DETAILS": " ", "X_COORD": 12133588.988989901, "Y_COORD": 3475451.6968131498, "ADDRESS": "610 May Avenue", "PARK_TYPE": "SSAPA", "Shape_Leng": 2792.4511078700002, "ACRES": 9.82659503, "ADDITIONAL_INFO": " ", "BIKE_RACKS": 0, "LIGHTED_BASKETBALL_COURTS": 0, "LIGHTED_BASEBALL_FIELDS": 0, "LIGHTED_TENNIS_COURTS": 0, "ADA_PLAYGROUNDS": 0, "PLAYGROUNDS": 0, "TENNIS_COURTS": 0, "FOOTBALL_FIELDS": 0, "BASEBALL_FIELDS": 0, "POOLS": null, "GYM": null, "PICNIC_SHELTERS": null, "REC_CENTER": null, "PICNIC_TABLES": null, "LIGHTED_FOOTBALL_FIELDS": null, "created_user": null, "created_date": null, "last_edited_user": "RFRASHE", "last_edited_date": "2026-01-06T18:59:23Z", "LUCITYID": "PRK-0078", "COMPKEY": 2586808, "UNITID": "3159", "LucityAutoID": 78, "InLucity": 1, "LastSynDate": "2020-07-24T12:33:33Z", "Shape__Area": 428044.8041505806, "Shape__Length": 2792.4508399637584 }, "geometry": { "type": "Polygon", "coordinates": [ [ [ -76.277131487426146, 36.847475395771333 ], [ -76.277138579228975, 36.847472706015417 ], [ -76.277145796415383, 36.847466541154716 ], [ -76.277152677528321, 36.847459176521348 ], [ -76.277190715075093, 36.847365959500948 ], [ -76.277226970836637, 36.847272383352674 ], [ -76.277351296050114, 36.846949989718382 ], [ -76.277385117008834, 36.84686447525219 ], [ -76.277411844640113, 36.846796898961401 ], [ -76.277412979975054, 36.846199288275997 ], [ -76.277238365103017, 36.845979887723992 ], [ -76.277184761862003, 36.845988893672164 ], [ -76.277136279767006, 36.845996090135166 ], [ -76.277074033966571, 36.846002344620366 ], [ -76.277026400544898, 36.846005685726738 ], [ -76.276980724178344, 36.846006232662312 ], [ -76.276940555161204, 36.846006181666034 ], [ -76.276906242304094, 36.846005532135464 ], [ -76.276840530004819, 36.846000569151627 ], [ -76.276799483486542, 36.845996286698522 ], [ -76.276734210835755, 36.845986616921365 ], [ -76.276681493520371, 36.845977561574273 ], [ -76.276617457758263, 36.845963688633013 ], [ -76.276576220663244, 36.845953703142641 ], [ -76.276526534777872, 36.845938948981221 ], [ -76.276474120975678, 36.845919540763724 ], [ -76.276411923418877, 36.84589189535501 ], [ -76.276358310988257, 36.845864407059715 ], [ -76.276300504397369, 36.845833389786819 ], [ -76.276258555595362, 36.845807821373853 ], [ -76.276246470542844, 36.845799276515336 ], [ -76.2762176165471, 36.845778873907612 ], [ -76.276189631811107, 36.845756479504423 ], [ -76.276154760105243, 36.84572474269779 ], [ -76.276108779015999, 36.845681289540607 ], [ -76.276073940036511, 36.845648400478396 ], [ -76.275959365315558, 36.845531189092128 ], [ -76.275627280270101, 36.845625893415139 ], [ -76.275472968163029, 36.846041342450576 ], [ -76.275336066287835, 36.846391999955515 ], [ -76.275326173908113, 36.846417334809061 ], [ -76.27526598781391, 36.846571506765002 ], [ -76.275258015274545, 36.846592449559367 ], [ -76.275186802582681, 36.846779603684489 ], [ -76.275012803523879, 36.847229898415591 ], [ -76.274990503057893, 36.84728774488137 ], [ -76.274902900929789, 36.847514937205005 ], [ -76.274831207030104, 36.84770883958798 ], [ -76.274831229085422, 36.84771336397435 ], [ -76.27483368657154, 36.847720010356539 ], [ -76.274838545719916, 36.847724080161981 ], [ -76.274844952709145, 36.847726655079974 ], [ -76.274849701198292, 36.847728494605434 ], [ -76.275221939007309, 36.847867429580226 ], [ -76.275858120428055, 36.848104876523514 ], [ -76.275867425072406, 36.848105823406279 ], [ -76.275879432866546, 36.848105538833622 ], [ -76.275888574299927, 36.848104440123372 ], [ -76.275903038048838, 36.848100376652191 ], [ -76.27590912112025, 36.848098279894472 ], [ -76.27591663713541, 36.848094551755551 ], [ -76.275925715597168, 36.848088179747073 ], [ -76.275933300197181, 36.848080429198141 ], [ -76.275967830613524, 36.848021665822749 ], [ -76.276021129160185, 36.847945489177221 ], [ -76.276065433113573, 36.847885751695785 ], [ -76.276138822394657, 36.847787477127 ], [ -76.276186380464509, 36.84772633830238 ], [ -76.276243679501846, 36.847652673713156 ], [ -76.276356257223, 36.847503359248293 ], [ -76.276449634107635, 36.847386900170044 ], [ -76.276501568318395, 36.847328578832858 ], [ -76.276540817043241, 36.847307783728162 ], [ -76.276598097586529, 36.847331459171841 ], [ -76.276659074181552, 36.847359975500375 ], [ -76.27665056319465, 36.847365626395138 ], [ -76.276730437364549, 36.847384474529058 ], [ -76.277058795877053, 36.847466520496567 ], [ -76.27710683463593, 36.84747758548405 ], [ -76.277117768907061, 36.847478337772074 ], [ -76.277131273091328, 36.847475476443059 ], [ -76.277131487426146, 36.847475395771333 ] ] ] } },
{ "type": "Feature", "properties": { "OBJECTID": 79, "ID": 155, "PARK_NAME": "Tidewater Park Elementary School", "BASKETBALL_COURTS": "4", "GYMS": " ", "RESTROOMS": " ", "DETAILS": " ", "X_COORD": 12132985.061473031, "Y_COORD": 3476663.3965124502, "ADDRESS": "1045 E Brambleton Avenue", "PARK_TYPE": "SSAPA", "Shape_Leng": 2577.51273176, "ACRES": 8.22303194, "ADDITIONAL_INFO": " ", "BIKE_RACKS": 0, "LIGHTED_BASKETBALL_COURTS": 4, "LIGHTED_BASEBALL_FIELDS": 1, "LIGHTED_TENNIS_COURTS": 0, "ADA_PLAYGROUNDS": 0, "PLAYGROUNDS": 1, "TENNIS_COURTS": 0, "FOOTBALL_FIELDS": 1, "BASEBALL_FIELDS": 1, "POOLS": null, "GYM": null, "PICNIC_SHELTERS": null, "REC_CENTER": null, "PICNIC_TABLES": null, "LIGHTED_FOOTBALL_FIELDS": null, "created_user": null, "created_date": null, "last_edited_user": "RFRASHE", "last_edited_date": "2026-01-06T18:59:23Z", "LUCITYID": "PRK-0079", "COMPKEY": 2586788, "UNITID": "3087", "LucityAutoID": 79, "InLucity": 1, "LastSynDate": "2020-07-24T12:33:33Z", "Shape__Area": 358193.88997529598, "Shape__Length": 2443.8367766151523 }, "geometry": { "type": "Polygon", "coordinates": [ [ [ -76.277802527082954, 36.851388631644255 ], [ -76.27953593286334, 36.849934598156175 ], [ -76.279093322000861, 36.8495347625189 ], [ -76.27913154165276, 36.849509136482489 ], [ -76.278698187319677, 36.849113239320808 ], [ -76.278542227619013, 36.849001130205345 ], [ -76.27797774329116, 36.849404502054895 ], [ -76.277403748387513, 36.849821816656082 ], [ -76.277019528462532, 36.8500808810238 ], [ -76.276669634193681, 36.85031679247377 ], [ -76.276766255838268, 36.85043508731632 ], [ -76.277006524125412, 36.850741199694994 ], [ -76.277271636084777, 36.850964534989721 ], [ -76.277337995383604, 36.851097533880463 ], [ -76.277802527082954, 36.851388631644255 ] ] ] } },
{ "type": "Feature", "properties": { "OBJECTID": 80, "ID": 165, "PARK_NAME": "Willard Model School", "BASKETBALL_COURTS": "4", "GYMS": " ", "RESTROOMS": " ", "DETAILS": " ", "X_COORD": 12135820.648804599, "Y_COORD": 3490328.3083225801, "ADDRESS": "1511 Willow Wood Drive", "PARK_TYPE": "SSAPA", "Shape_Leng": 3614.9316190200002, "ACRES": 15.66848487, "ADDITIONAL_INFO": " ", "BIKE_RACKS": 0, "LIGHTED_BASKETBALL_COURTS": 0, "LIGHTED_BASEBALL_FIELDS": 0, "LIGHTED_TENNIS_COURTS": 0, "ADA_PLAYGROUNDS": 0, "PLAYGROUNDS": 1, "TENNIS_COURTS": 0, "FOOTBALL_FIELDS": 1, "BASEBALL_FIELDS": 1, "POOLS": null, "GYM": null, "PICNIC_SHELTERS": null, "REC_CENTER": null, "PICNIC_TABLES": null, "LIGHTED_FOOTBALL_FIELDS": null, "created_user": null, "created_date": null, "last_edited_user": "RFRASHE", "last_edited_date": "2026-01-06T18:59:23Z", "LUCITYID": "PRK-0080", "COMPKEY": 2586834, "UNITID": "5079", "LucityAutoID": 80, "InLucity": 1, "LastSynDate": "2020-07-24T12:33:33Z", "Shape__Area": 682516.55905324908, "Shape__Length": 3614.9316885589619 }, "geometry": { "type": "Polygon", "coordinates": [ [ [ -76.268796801774698, 36.888693925192179 ], [ -76.268867087905406, 36.888473823113081 ], [ -76.268955904281057, 36.888195697460844 ], [ -76.269004865110915, 36.888047718177397 ], [ -76.269085088147406, 36.887805253300421 ], [ -76.269087877825029, 36.887777336780289 ], [ -76.269088851028414, 36.887758792461128 ], [ -76.269089194003257, 36.887739280725192 ], [ -76.269088725668055, 36.887716146306452 ], [ -76.269087288183599, 36.887692846564249 ], [ -76.269084229854371, 36.887664453058164 ], [ -76.269081667130038, 36.887642021603369 ], [ -76.269079500591033, 36.887626147018828 ], [ -76.269076329639333, 36.887606309874251 ], [ -76.269074477248054, 36.88759596664692 ], [ -76.2690721166651, 36.887584055303655 ], [ -76.269070751187328, 36.887577147424999 ], [ -76.269066909435864, 36.887559857432578 ], [ -76.269063881321699, 36.887547331300688 ], [ -76.269058499931589, 36.887526916774341 ], [ -76.269052160667513, 36.887505229355341 ], [ -76.269047558425726, 36.887490979663369 ], [ -76.269044804237524, 36.887482453599823 ], [ -76.269037801713608, 36.887462599591032 ], [ -76.269023484219716, 36.887426188256356 ], [ -76.269007363034788, 36.887390096911567 ], [ -76.268992144634808, 36.887359553506641 ], [ -76.268983559797547, 36.887343517395976 ], [ -76.268978619318787, 36.887334775855386 ], [ -76.268972134351515, 36.887323303585887 ], [ -76.26895489845829, 36.887294893267686 ], [ -76.26894447443388, 36.887278743813773 ], [ -76.268932377093094, 36.887260886040217 ], [ -76.268917596869358, 36.887240164150761 ], [ -76.26889233402413, 36.8872072297697 ], [ -76.268880651079485, 36.887192907817855 ], [ -76.268867997945691, 36.887177998678972 ], [ -76.268848626259199, 36.887156238652999 ], [ -76.268829690469815, 36.887136101252878 ], [ -76.268812303191666, 36.887118519791365 ], [ -76.268792447609655, 36.887099400592668 ], [ -76.268768980792132, 36.887078001758674 ], [ -76.268749035373489, 36.88706075389161 ], [ -76.268726465867573, 36.887042190669341 ], [ -76.268704257151981, 36.887025171128272 ], [ -76.268679561037587, 36.88700821611792 ], [ -76.268669144793833, 36.887001299510693 ], [ -76.268656333467163, 36.88699298807056 ], [ -76.268638349363499, 36.886981657060531 ], [ -76.268616782522741, 36.886968565239506 ], [ -76.268607583637646, 36.886963140976356 ], [ -76.268587779329678, 36.88695177629355 ], [ -76.268569914346017, 36.886941888824303 ], [ -76.268545707762541, 36.886929005552538 ], [ -76.268517974361259, 36.886915244966929 ], [ -76.268484092064398, 36.886899566663395 ], [ -76.26847068181425, 36.886893038454311 ], [ -76.268447609101855, 36.88688135839071 ], [ -76.268438626970124, 36.886876653016209 ], [ -76.268420775562888, 36.88686702988258 ], [ -76.268399145592923, 36.886854865231747 ], [ -76.268362003340442, 36.886832637823716 ], [ -76.268339485303457, 36.886818278586688 ], [ -76.26830829788419, 36.886797205339853 ], [ -76.26828838805875, 36.886782985766793 ], [ -76.268269930000159, 36.886769232730771 ], [ -76.26824417218117, 36.886749049486689 ], [ -76.268227786098606, 36.886735583674046 ], [ -76.268205344910683, 36.886716252113679 ], [ -76.268179284654352, 36.886692316117816 ], [ -76.268160129075468, 36.886672946001539 ], [ -76.268144188856226, 36.886655999444514 ], [ -76.268134880564773, 36.886645717387907 ], [ -76.2681158916497, 36.886623812173475 ], [ -76.268099245075319, 36.886603454030428 ], [ -76.268088695799449, 36.886589929607737 ], [ -76.268078127028716, 36.886575847767439 ], [ -76.268066397178856, 36.886559544530179 ], [ -76.26805791976858, 36.886547263688932 ], [ -76.268048294100282, 36.886532783327283 ], [ -76.26804117470742, 36.886521675723657 ], [ -76.268036887765419, 36.886514791657476 ], [ -76.268030921794477, 36.886504984104469 ], [ -76.268024243027554, 36.886493660428549 ], [ -76.268019320230636, 36.886485048076025 ], [ -76.268013254089922, 36.886474107400637 ], [ -76.268007774650712, 36.886463706072014 ], [ -76.268002385928483, 36.886453082025398 ], [ -76.267997510097359, 36.886443103186544 ], [ -76.26799238725053, 36.886432214680376 ], [ -76.267989923385954, 36.88642671549411 ], [ -76.26798610423873, 36.886418197115468 ], [ -76.267981236185094, 36.886406772627019 ], [ -76.267975607214638, 36.886392874748381 ], [ -76.267970651243331, 36.886379900938053 ], [ -76.267966764316753, 36.88636918733792 ], [ -76.267960949181941, 36.886352084257865 ], [ -76.267955674706215, 36.886335216790137 ], [ -76.267952074914447, 36.886322792436445 ], [ -76.267948004134666, 36.886307613564391 ], [ -76.26794386160671, 36.886290564790379 ], [ -76.267939939907137, 36.88627245659508 ], [ -76.2679363899408, 36.886253613634068 ], [ -76.267934263339939, 36.886240698977105 ], [ -76.267932013068176, 36.886225048117304 ], [ -76.267930116838698, 36.886209263369281 ], [ -76.267928709954077, 36.886194961655903 ], [ -76.267927677408281, 36.886181742387222 ], [ -76.267927071907948, 36.886171855481358 ], [ -76.267926517423248, 36.886159511510087 ], [ -76.267926268545196, 36.886151308827209 ], [ -76.267926115467048, 36.88614293940806 ], [ -76.267926264350862, 36.886128391429317 ], [ -76.267926119713962, 36.88611923978182 ], [ -76.267726682815649, 36.886122186095008 ], [ -76.267522620896557, 36.886125196527736 ], [ -76.26732482989587, 36.88612811123658 ], [ -76.26713743183808, 36.886130875181138 ], [ -76.267108546069679, 36.886131305150244 ], [ -76.266995258413743, 36.886230560861833 ], [ -76.266883530993738, 36.886328456209917 ], [ -76.266781502913574, 36.886417854710551 ], [ -76.26676947903168, 36.886430820434938 ], [ -76.266724655575089, 36.886479140032186 ], [ -76.26662754104315, 36.886583846014567 ], [ -76.266621115144872, 36.886592248129787 ], [ -76.26661088699953, 36.886605619335178 ], [ -76.266520905880853, 36.886723300833935 ], [ -76.266459009557863, 36.886804244483393 ], [ -76.266426092804409, 36.88682002641287 ], [ -76.266402865507587, 36.886831163883038 ], [ -76.266272119384212, 36.886893841181362 ], [ -76.266192955087206, 36.886931795498448 ], [ -76.266161168117918, 36.886996938917051 ], [ -76.266079717376982, 36.887163862759209 ], [ -76.266066306036109, 36.887191347443206 ], [ -76.266011930178365, 36.887302767649821 ], [ -76.26594197321873, 36.887446142608553 ], [ -76.265841866740743, 36.887426487683321 ], [ -76.265450746178047, 36.887349690882807 ], [ -76.265333952829707, 36.887326758085415 ], [ -76.265294081172698, 36.887477215436242 ], [ -76.26505577495864, 36.887430612467988 ], [ -76.264885448216688, 36.887980415508999 ], [ -76.267199700894693, 36.888447137013451 ], [ -76.267269160748157, 36.888458567519812 ], [ -76.267318305977525, 36.888466658204038 ], [ -76.267353275119049, 36.888473529471774 ], [ -76.267437371375991, 36.888490060303063 ], [ -76.26752331306291, 36.888506952430674 ], [ -76.267608446944649, 36.88852368853415 ], [ -76.267692543471966, 36.888540213777631 ], [ -76.267779007333374, 36.8885572111813 ], [ -76.267862818310647, 36.888573680400278 ], [ -76.267946392569328, 36.888590110810178 ], [ -76.268029967023352, 36.888606535755443 ], [ -76.268115107857824, 36.888623271619643 ], [ -76.268199719938806, 36.88863990183355 ], [ -76.268283301231719, 36.888656326726448 ], [ -76.268368435448906, 36.88867306227931 ], [ -76.268458591512825, 36.888690782791564 ], [ -76.268540319664154, 36.888706846010734 ], [ -76.268624132120152, 36.888723313807162 ], [ -76.268691924018867, 36.888736642522723 ], [ -76.268697310936886, 36.88873734692973 ], [ -76.268706238822162, 36.888737955427899 ], [ -76.268715415656501, 36.888737921469613 ], [ -76.268722449990548, 36.888737402452072 ], [ -76.268729004001287, 36.888736541708127 ], [ -76.268737727087853, 36.888734805459215 ], [ -76.268744498466063, 36.888732964546762 ], [ -76.268752901308488, 36.888729984635816 ], [ -76.268762370978394, 36.888725719799119 ], [ -76.268768546268916, 36.888722246904656 ], [ -76.268774769109982, 36.888718111505099 ], [ -76.268779306787735, 36.888714613824106 ], [ -76.268783109853558, 36.888711293284217 ], [ -76.268785043941961, 36.888709403783238 ], [ -76.268786319460531, 36.888708157973952 ], [ -76.268789605446727, 36.888704562612809 ], [ -76.268794052405454, 36.888698885500766 ], [ -76.268796726415616, 36.888694159919964 ], [ -76.268796801774698, 36.888693925192179 ] ] ] } },
{ "type": "Feature", "properties": { "OBJECTID": 81, "ID": 78, "PARK_NAME": "Academy for Discovery at Lakewood", "BASKETBALL_COURTS": "4", "GYMS": " ", "RESTROOMS": " ", "DETAILS": " ", "X_COORD": 12137014.63948071, "Y_COORD": 3488701.3123932402, "ADDRESS": "1701 Alsace Avenue", "PARK_TYPE": "SSAPA", "Shape_Leng": 2361.1810944200001, "ACRES": 11.42724293, "ADDITIONAL_INFO": " ", "BIKE_RACKS": 0, "LIGHTED_BASKETBALL_COURTS": 0, "LIGHTED_BASEBALL_FIELDS": 0, "LIGHTED_TENNIS_COURTS": 0, "ADA_PLAYGROUNDS": 0, "PLAYGROUNDS": 1, "TENNIS_COURTS": 6, "FOOTBALL_FIELDS": 1, "BASEBALL_FIELDS": 0, "POOLS": null, "GYM": null, "PICNIC_SHELTERS": null, "REC_CENTER": null, "PICNIC_TABLES": null, "LIGHTED_FOOTBALL_FIELDS": null, "created_user": null, "created_date": null, "last_edited_user": "RFRASHE", "last_edited_date": "2026-01-06T18:59:23Z", "LUCITYID": "PRK-0081", "COMPKEY": 2586823, "UNITID": "5036", "LucityAutoID": 81, "InLucity": 1, "LastSynDate": "2020-07-24T12:33:33Z", "Shape__Area": 497768.6504018245, "Shape__Length": 3293.185048996821 }, "geometry": { "type": "Polygon", "coordinates": [ [ [ -76.264242500194598, 36.883071544674003 ], [ -76.264307242724115, 36.883091209623714 ], [ -76.264374899511637, 36.883090431925098 ], [ -76.264569280401219, 36.883089088930284 ], [ -76.264722377763491, 36.883088023849155 ], [ -76.26480101726645, 36.883087477377266 ], [ -76.265303852628733, 36.882871340769114 ], [ -76.265303358809319, 36.882544697382819 ], [ -76.26489350550753, 36.882193111668165 ], [ -76.264413727697715, 36.881939626866419 ], [ -76.264170042045876, 36.88215345690238 ], [ -76.26392180730187, 36.881964556808704 ], [ -76.263221456980489, 36.882569762816644 ], [ -76.263047715093052, 36.88252015352581 ], [ -76.26302728830774, 36.882514323050643 ], [ -76.262863347231942, 36.88246751134907 ], [ -76.262702977811898, 36.882421728286275 ], [ -76.262541961177405, 36.882375754204595 ], [ -76.262379279093125, 36.882329302903798 ], [ -76.262218847000952, 36.882283495441257 ], [ -76.262014740236793, 36.882225215565605 ], [ -76.261501940366614, 36.883584600524046 ], [ -76.263922064300502, 36.884061795573999 ], [ -76.263934628880691, 36.884022966590869 ], [ -76.264242500194598, 36.883071544674003 ] ] ] } },
{ "type": "Feature", "properties": { "OBJECTID": 82, "ID": 68, "PARK_NAME": "Huntersville Community Center", "BASKETBALL_COURTS": "0", "GYMS": "1", "RESTROOMS": "no", "DETAILS": "indoor pool", "X_COORD": 12134138.340155059, "Y_COORD": 3480157.7642958402, "ADDRESS": "830 Goff Street", "PARK_TYPE": "CCAPA", "Shape_Leng": 2958.3537313100001, "ACRES": 10.9456036, "ADDITIONAL_INFO": " ", "BIKE_RACKS": 0, "LIGHTED_BASKETBALL_COURTS": 0, "LIGHTED_BASEBALL_FIELDS": 0, "LIGHTED_TENNIS_COURTS": 0, "ADA_PLAYGROUNDS": 0, "PLAYGROUNDS": 2, "TENNIS_COURTS": 2, "FOOTBALL_FIELDS": 1, "BASEBALL_FIELDS": 0, "POOLS": null, "GYM": null, "PICNIC_SHELTERS": null, "REC_CENTER": null, "PICNIC_TABLES": null, "LIGHTED_FOOTBALL_FIELDS": null, "created_user": null, "created_date": null, "last_edited_user": "RFRASHE", "last_edited_date": "2026-01-06T18:59:23Z", "LUCITYID": "PRK-0082", "COMPKEY": 2586212, "UNITID": "3040", "LucityAutoID": 82, "InLucity": 1, "LastSynDate": "2020-07-24T12:33:34Z", "Shape__Area": 476788.6236992153, "Shape__Length": 2958.3536465745069 }, "geometry": { "type": "Polygon", "coordinates": [ [ [ -76.273228771408867, 36.86039175557535 ], [ -76.273283215822602, 36.860417428410088 ], [ -76.273485927679502, 36.860406486807108 ], [ -76.273559049782932, 36.860422657086509 ], [ -76.273610602560439, 36.860546840515951 ], [ -76.275439346281985, 36.860300579113769 ], [ -76.275455855463278, 36.860364959224292 ], [ -76.275795009319211, 36.86030238569839 ], [ -76.275713609992806, 36.859941083954034 ], [ -76.275635805348813, 36.859563835601712 ], [ -76.275622128626324, 36.859501249696564 ], [ -76.274754014594976, 36.859216802832933 ], [ -76.274504104607942, 36.859149371580116 ], [ -76.272821552772228, 36.858595088344586 ], [ -76.272123791329875, 36.860218026953909 ], [ -76.272159411708628, 36.860258128437167 ], [ -76.273107769174061, 36.860335250590175 ], [ -76.273228771408867, 36.86039175557535 ] ] ] } },
{ "type": "Feature", "properties": { "OBJECTID": 83, "ID": 148, "PARK_NAME": "Stuart Early Childhood Center", "BASKETBALL_COURTS": "4", "GYMS": "0", "RESTROOMS": "no", "DETAILS": "none", "X_COORD": 12130363.96914654, "Y_COORD": 3487852.69583247, "ADDRESS": "446 Virginia Avenue", "PARK_TYPE": "SSAPA", "Shape_Leng": 1648.9151022200001, "ACRES": 3.16324476, "ADDITIONAL_INFO": " ", "BIKE_RACKS": 0, "LIGHTED_BASKETBALL_COURTS": 0, "LIGHTED_BASEBALL_FIELDS": 0, "LIGHTED_TENNIS_COURTS": 0, "ADA_PLAYGROUNDS": 0, "PLAYGROUNDS": 1, "TENNIS_COURTS": 0, "FOOTBALL_FIELDS": 0, "BASEBALL_FIELDS": 0, "POOLS": null, "GYM": null, "PICNIC_SHELTERS": null, "REC_CENTER": null, "PICNIC_TABLES": null, "LIGHTED_FOOTBALL_FIELDS": null, "created_user": null, "created_date": null, "last_edited_user": "RFRASHE", "last_edited_date": "2026-01-06T18:59:23Z", "LUCITYID": "PRK-0083", "COMPKEY": null, "UNITID": null, "LucityAutoID": 83, "InLucity": 1, "LastSynDate": "2020-07-24T12:33:34Z", "Shape__Area": 137790.38798394197, "Shape__Length": 1648.9150327044624 }, "geometry": { "type": "Polygon", "coordinates": [ [ [ -76.285027855380605, 36.881142597403979 ], [ -76.285583455491349, 36.881282369282438 ], [ -76.287017267834969, 36.881600840198644 ], [ -76.287159801318353, 36.88129728226621 ], [ -76.28728230752094, 36.88100130246319 ], [ -76.285556131558991, 36.880630404040843 ], [ -76.285376167763374, 36.880614333425299 ], [ -76.285244035454056, 36.880629474397367 ], [ -76.285027855380605, 36.881142597403979 ] ] ] } },
{ "type": "Feature", "properties": { "OBJECTID": 84, "ID": 77, "PARK_NAME": "Lafayette Residence Park", "BASKETBALL_COURTS": "0", "GYMS": "0", "RESTROOMS": "no", "DETAILS": "none", "X_COORD": 12134656.45833482, "Y_COORD": 3485544.9722102201, "ADDRESS": "1270 Lafayette Boulevard", "PARK_TYPE": "NAP", "Shape_Leng": 788.74548167, "ACRES": 0.89894605, "ADDITIONAL_INFO": " ", "BIKE_RACKS": 0, "LIGHTED_BASKETBALL_COURTS": 0, "LIGHTED_BASEBALL_FIELDS": 0, "LIGHTED_TENNIS_COURTS": 0, "ADA_PLAYGROUNDS": 0, "PLAYGROUNDS": 1, "TENNIS_COURTS": 0, "FOOTBALL_FIELDS": 0, "BASEBALL_FIELDS": 0, "POOLS": null, "GYM": null, "PICNIC_SHELTERS": null, "REC_CENTER": null, "PICNIC_TABLES": null, "LIGHTED_FOOTBALL_FIELDS": null, "created_user": null, "created_date": null, "last_edited_user": "RFRASHE", "last_edited_date": "2026-01-06T18:59:23Z", "LUCITYID": "PRK-0084", "COMPKEY": 2587009, "UNITID": "5035", "LucityAutoID": 84, "InLucity": 1, "LastSynDate": "2020-07-24T12:33:34Z", "Shape__Area": 39157.968193604902, "Shape__Length": 788.74563032922129 }, "geometry": { "type": "Polygon", "coordinates": [ [ [ -76.272139450937516, 36.874559626800767 ], [ -76.272080599256796, 36.874466842467271 ], [ -76.271971151966341, 36.874302909895491 ], [ -76.271839180620404, 36.874189282666293 ], [ -76.271758581458855, 36.874066965172844 ], [ -76.271640834217948, 36.874185520678942 ], [ -76.271451529241887, 36.874283391552424 ], [ -76.271262437778347, 36.874374019174368 ], [ -76.271219299388449, 36.874409437631584 ], [ -76.271224812875758, 36.874426452811107 ], [ -76.271244998295955, 36.874455824674634 ], [ -76.271415211473439, 36.874700630424798 ], [ -76.271488427317692, 36.87476724591847 ], [ -76.271592446344542, 36.874813472587981 ], [ -76.272139450937516, 36.874559626800767 ] ] ] } },
{ "type": "Feature", "properties": { "OBJECTID": 85, "ID": 75, "PARK_NAME": "Lafayette Dog Park", "BASKETBALL_COURTS": "0", "GYMS": "0", "RESTROOMS": "no", "DETAILS": "Fenced", "X_COORD": 12134570.438027799, "Y_COORD": 3485654.52821045, "ADDRESS": "1270 Lafayette Boulevard", "PARK_TYPE": "DP", "Shape_Leng": 514.61990659000003, "ACRES": 0.33390371, "ADDITIONAL_INFO": " ", "BIKE_RACKS": 0, "LIGHTED_BASKETBALL_COURTS": 0, "LIGHTED_BASEBALL_FIELDS": 0, "LIGHTED_TENNIS_COURTS": 0, "ADA_PLAYGROUNDS": 0, "PLAYGROUNDS": 1, "TENNIS_COURTS": 0, "FOOTBALL_FIELDS": 0, "BASEBALL_FIELDS": 0, "POOLS": null, "GYM": null, "PICNIC_SHELTERS": null, "REC_CENTER": null, "PICNIC_TABLES": null, "LIGHTED_FOOTBALL_FIELDS": null, "created_user": null, "created_date": null, "last_edited_user": "RFRASHE", "last_edited_date": "2026-01-06T18:59:23Z", "LUCITYID": "PRK-0085", "COMPKEY": null, "UNITID": null, "LucityAutoID": 85, "InLucity": 1, "LastSynDate": "2020-07-24T12:33:34Z", "Shape__Area": 14544.763602706284, "Shape__Length": 514.61976687505182 }, "geometry": { "type": "Polygon", "coordinates": [ [ [ -76.271592446344542, 36.874813472587981 ], [ -76.271619027006736, 36.874825285336449 ], [ -76.27185204443326, 36.874979482638253 ], [ -76.272071757881136, 36.874870107616729 ], [ -76.272276019395477, 36.874774935008098 ], [ -76.272139450937516, 36.874559626800767 ], [ -76.271592446344542, 36.874813472587981 ] ] ] } },
{ "type": "Feature", "properties": { "OBJECTID": 86, "ID": 117, "PARK_NAME": "Olney Road Parks", "BASKETBALL_COURTS": "0", "GYMS": "0", "RESTROOMS": "no", "DETAILS": "none", "X_COORD": 12127747.631944111, "Y_COORD": 3479464.05038804, "ADDRESS": "300, 400, 500 Blks Olney Road", "PARK_TYPE": "NPP", "Shape_Leng": 3103.9288078200002, "ACRES": 2.67985434, "ADDITIONAL_INFO": " ", "BIKE_RACKS": 0, "LIGHTED_BASKETBALL_COURTS": 0, "LIGHTED_BASEBALL_FIELDS": 0, "LIGHTED_TENNIS_COURTS": 0, "ADA_PLAYGROUNDS": 0, "PLAYGROUNDS": 0, "TENNIS_COURTS": 0, "FOOTBALL_FIELDS": 2, "BASEBALL_FIELDS": 0, "POOLS": null, "GYM": null, "PICNIC_SHELTERS": null, "REC_CENTER": null, "PICNIC_TABLES": null, "LIGHTED_FOOTBALL_FIELDS": null, "created_user": null, "created_date": null, "last_edited_user": "RFRASHE", "last_edited_date": "2026-01-06T18:59:23Z", "LUCITYID": "PRK-0086", "COMPKEY": 2586419, "UNITID": "3052", "LucityAutoID": 86, "InLucity": 1, "LastSynDate": "2020-07-24T12:33:34Z", "Shape__Area": 116733.98497020722, "Shape__Length": 3104.1799614110919 }, "geometry": { "type": "MultiPolygon", "coordinates": [ [ [ [ -76.294955077277478, 36.858014172727572 ], [ -76.295098700778922, 36.8577473151406 ], [ -76.293904835573457, 36.857196144213695 ], [ -76.293715738381181, 36.857464458242738 ], [ -76.294955077277478, 36.858014172727572 ] ] ], [ [ [ -76.298181332757324, 36.859454930876794 ], [ -76.298258775508401, 36.85936838065215 ], [ -76.297887450863911, 36.859203518022994 ], [ -76.297989666427469, 36.859058207439475 ], [ -76.297053724078737, 36.858630337171967 ], [ -76.296952745601388, 36.858773756573058 ], [ -76.29674659346874, 36.858679512817496 ], [ -76.296731384234192, 36.858715273051473 ], [ -76.296725561537883, 36.858738400980386 ], [ -76.29672957867858, 36.858761133005032 ], [ -76.296750866337973, 36.858789050037238 ], [ -76.298181332757324, 36.859454930876794 ] ] ], [ [ [ -76.296120728208777, 36.858532422622638 ], [ -76.296296112327099, 36.858285458650606 ], [ -76.296205297531003, 36.858244700503825 ], [ -76.295278218977757, 36.857828613213847 ], [ -76.295171060819527, 36.858038099573996 ], [ -76.295160811929421, 36.858066074808448 ], [ -76.295154395795763, 36.858092894330703 ], [ -76.295167831043301, 36.858117988114586 ], [ -76.295201435879449, 36.858135812429019 ], [ -76.296120728208777, 36.858532422622638 ] ] ] ] } },
{ "type": "Feature", "properties": { "OBJECTID": 88, "ID": 114, "PARK_NAME": "Ocean View Golf Course", "BASKETBALL_COURTS": " ", "GYMS": " ", "RESTROOMS": " ", "DETAILS": " ", "X_COORD": 12140322.194777369, "Y_COORD": 3511779.98533847, "ADDRESS": "9548 Norfolk Avenue", "PARK_TYPE": "FBOS", "Shape_Leng": 10726.145961800001, "ACRES": 107.54138451, "ADDITIONAL_INFO": " ", "BIKE_RACKS": 0, "LIGHTED_BASKETBALL_COURTS": 0, "LIGHTED_BASEBALL_FIELDS": 0, "LIGHTED_TENNIS_COURTS": 0, "ADA_PLAYGROUNDS": 0, "PLAYGROUNDS": 0, "TENNIS_COURTS": 0, "FOOTBALL_FIELDS": 0, "BASEBALL_FIELDS": 0, "POOLS": null, "GYM": null, "PICNIC_SHELTERS": null, "REC_CENTER": null, "PICNIC_TABLES": null, "LIGHTED_FOOTBALL_FIELDS": null, "created_user": null, "created_date": null, "last_edited_user": "RFRASHE", "last_edited_date": "2026-01-06T18:59:23Z", "LUCITYID": "PRK-0088", "COMPKEY": 2586998, "UNITID": "1682", "LucityAutoID": 88, "InLucity": 1, "LastSynDate": "2020-07-24T12:33:34Z", "Shape__Area": 4684483.7137680454, "Shape__Length": 10726.145322433089 }, "geometry": { "type": "Polygon", "coordinates": [ [ [ -76.246948546669714, 36.949432091188882 ], [ -76.250201185252877, 36.946543611795143 ], [ -76.250372514281452, 36.946412499501726 ], [ -76.25052409030603, 36.946456300658333 ], [ -76.250895838828427, 36.946685447949655 ], [ -76.251304314904829, 36.946903610063636 ], [ -76.251584949939712, 36.947014150852475 ], [ -76.25252317601128, 36.947289181338995 ], [ -76.253449108412184, 36.9474880090197 ], [ -76.254681841248882, 36.947651786097154 ], [ -76.256553644130349, 36.947868645213859 ], [ -76.258086670316402, 36.946495547324879 ], [ -76.258038281174734, 36.94567075372845 ], [ -76.256236333081588, 36.945309173183865 ], [ -76.252612741002125, 36.944515435983597 ], [ -76.252200288924286, 36.944431592174432 ], [ -76.247945728103645, 36.943561372353962 ], [ -76.247524448789576, 36.943529931659505 ], [ -76.24680972058691, 36.943574669169791 ], [ -76.246624882925872, 36.94367045943163 ], [ -76.246652575321207, 36.943963143891843 ], [ -76.245573374577333, 36.944024261737404 ], [ -76.244866981383467, 36.945500701620588 ], [ -76.2448044310093, 36.945645579450229 ], [ -76.243919186892285, 36.947504227521236 ], [ -76.245303576324986, 36.948442299362341 ], [ -76.245857564519568, 36.948663270312998 ], [ -76.246948546669714, 36.949432091188882 ] ] ] } },
{ "type": "Feature", "properties": { "OBJECTID": 89, "ID": 79, "PARK_NAME": "Lake Modoc", "BASKETBALL_COURTS": " ", "GYMS": " ", "RESTROOMS": " ", "DETAILS": " ", "X_COORD": 12142231.85830923, "Y_COORD": 3511793.2614354198, "ADDRESS": "9510 Chesapeake Boulevard", "PARK_TYPE": "NPP", "Shape_Leng": 1576.5747006300001, "ACRES": 2.11203911, "ADDITIONAL_INFO": " ", "BIKE_RACKS": 0, "LIGHTED_BASKETBALL_COURTS": 0, "LIGHTED_BASEBALL_FIELDS": 0, "LIGHTED_TENNIS_COURTS": 0, "ADA_PLAYGROUNDS": 0, "PLAYGROUNDS": 0, "TENNIS_COURTS": 0, "FOOTBALL_FIELDS": 0, "BASEBALL_FIELDS": 0, "POOLS": null, "GYM": null, "PICNIC_SHELTERS": null, "REC_CENTER": null, "PICNIC_TABLES": null, "LIGHTED_FOOTBALL_FIELDS": null, "created_user": null, "created_date": null, "last_edited_user": "RFRASHE", "last_edited_date": "2026-01-06T18:59:23Z", "LUCITYID": "PRK-0089", "COMPKEY": 2827744, "UNITID": "4102", "LucityAutoID": 89, "InLucity": 1, "LastSynDate": "2020-07-24T12:33:34Z", "Shape__Area": 92000.075591881861, "Shape__Length": 1576.5749802606967 }, "geometry": { "type": "Polygon", "coordinates": [ [ [ -76.244138363724261, 36.946275867647955 ], [ -76.24442317014514, 36.945702183379531 ], [ -76.244321781145743, 36.945708100347581 ], [ -76.244141923379772, 36.945717753425583 ], [ -76.24401591232143, 36.945673406836981 ], [ -76.24390622921571, 36.945519308497587 ], [ -76.243971424941023, 36.945413115620859 ], [ -76.243836326170012, 36.94534500914704 ], [ -76.243227537064769, 36.945943921961835 ], [ -76.243188833924165, 36.946037520528812 ], [ -76.243169398327964, 36.946141970033459 ], [ -76.243079719844829, 36.946302725061109 ], [ -76.243025000372143, 36.946495597209122 ], [ -76.243027546397329, 36.946629296305694 ], [ -76.242973074034182, 36.946704247403005 ], [ -76.243053871400022, 36.946732003769895 ], [ -76.243369080381356, 36.946672538515038 ], [ -76.243528283333774, 36.946589114852983 ], [ -76.243597302927043, 36.946354586807978 ], [ -76.243801434275952, 36.946078101645739 ], [ -76.244138363724261, 36.946275867647955 ] ] ] } },
{ "type": "Feature", "properties": { "OBJECTID": 90, "ID": 101, "PARK_NAME": "Norfolk Botanical Garden", "BASKETBALL_COURTS": " ", "GYMS": " ", "RESTROOMS": " ", "DETAILS": " ", "X_COORD": 12155473.007531861, "Y_COORD": 3497198.0717271199, "ADDRESS": "6700 Azalea Garden Road", "PARK_TYPE": "FBOS", "Shape_Leng": 17362.200346000001, "ACRES": 160.30622828, "ADDITIONAL_INFO": " ", "BIKE_RACKS": 0, "LIGHTED_BASKETBALL_COURTS": 0, "LIGHTED_BASEBALL_FIELDS": 0, "LIGHTED_TENNIS_COURTS": 0, "ADA_PLAYGROUNDS": 0, "PLAYGROUNDS": 0, "TENNIS_COURTS": 0, "FOOTBALL_FIELDS": 0, "BASEBALL_FIELDS": 0, "POOLS": null, "GYM": null, "PICNIC_SHELTERS": null, "REC_CENTER": null, "PICNIC_TABLES": null, "LIGHTED_FOOTBALL_FIELDS": null, "created_user": null, "created_date": null, "last_edited_user": "RFRASHE", "last_edited_date": "2026-01-06T18:59:23Z", "LUCITYID": "PRK-0090", "COMPKEY": 2586444, "UNITID": "8030", "LucityAutoID": 90, "InLucity": 1, "LastSynDate": "2020-07-24T12:33:34Z", "Shape__Area": 6982911.2332135607, "Shape__Length": 17362.199213495536 }, "geometry": { "type": "Polygon", "coordinates": [ [ [ -76.202703799941915, 36.900769671125673 ], [ -76.201602908083643, 36.900579265347695 ], [ -76.19959199024585, 36.900540271809689 ], [ -76.198614447115474, 36.900525770648152 ], [ -76.197231999659152, 36.901980522058032 ], [ -76.197275557767512, 36.902020604717208 ], [ -76.197321795928204, 36.902106508608959 ], [ -76.197360491595717, 36.902172654163685 ], [ -76.197399387067478, 36.902232261364645 ], [ -76.197434114951875, 36.902295055322213 ], [ -76.197460409435735, 36.902367491113054 ], [ -76.197482536287851, 36.902443114569913 ], [ -76.197500495498559, 36.902521925695133 ], [ -76.197510119230415, 36.902607116667951 ], [ -76.197524010062821, 36.902685848082385 ], [ -76.197505454816408, 36.902760674507945 ], [ -76.197495531511478, 36.902819325226488 ], [ -76.197452963589853, 36.902880603900364 ], [ -76.197372293897956, 36.902990179524309 ], [ -76.197320794792716, 36.903077437763336 ], [ -76.197281501009954, 36.90316493422354 ], [ -76.197229705073696, 36.903261992781076 ], [ -76.197190807924088, 36.903336426899457 ], [ -76.197158756377945, 36.903453487344535 ], [ -76.197119362946822, 36.903544251128963 ], [ -76.19705942952335, 36.90364115107036 ], [ -76.196995222033465, 36.903744510387234 ], [ -76.196947294171579, 36.903848183279713 ], [ -76.196888055199793, 36.903922212379555 ], [ -76.196841617278324, 36.903976878167171 ], [ -76.196787140442609, 36.904028116171126 ], [ -76.1967123229865, 36.904078961829406 ], [ -76.196641673404528, 36.904126614392894 ], [ -76.196559116034322, 36.904164225558958 ], [ -76.196505129679068, 36.904199128229607 ], [ -76.196413243586647, 36.904275786553036 ], [ -76.196321755638081, 36.90433937531207 ], [ -76.196262813558064, 36.904403602860832 ], [ -76.196212504800727, 36.904451659297166 ], [ -76.196161499913472, 36.904522580132216 ], [ -76.196135303397554, 36.904580911761947 ], [ -76.196101167272388, 36.904632548195274 ], [ -76.196075169298155, 36.904684345054612 ], [ -76.196061374735052, 36.904736380234723 ], [ -76.196068419451109, 36.904772479108452 ], [ -76.196116543636592, 36.904796305959671 ], [ -76.196198208198965, 36.904788099709549 ], [ -76.196255561829759, 36.904776147547445 ], [ -76.196341293789942, 36.904768020926042 ], [ -76.196435163992703, 36.904760052851586 ], [ -76.196488151151016, 36.904757822066998 ], [ -76.196593536444013, 36.904772964830848 ], [ -76.196666171431502, 36.904794002506783 ], [ -76.196722631480483, 36.904811454724715 ], [ -76.19677909139115, 36.904828912320603 ], [ -76.196840016025106, 36.904833375577283 ], [ -76.196905506872724, 36.904821577152653 ], [ -76.196975064973174, 36.904809863800018 ], [ -76.197093450243472, 36.904799107158873 ], [ -76.19716261237815, 36.904800462333235 ], [ -76.197223437775463, 36.904808191869606 ], [ -76.197288035084, 36.904825803249061 ], [ -76.197356501181986, 36.904850034447222 ], [ -76.197408695506297, 36.904873940503407 ], [ -76.197469123974841, 36.904894739430475 ], [ -76.197508822766196, 36.904928208609235 ], [ -76.197532140218044, 36.904964626177318 ], [ -76.197526682220243, 36.905010287082483 ], [ -76.197521423839973, 36.905049413250175 ], [ -76.197487883909403, 36.905081447609923 ], [ -76.19744213261383, 36.905113242723367 ], [ -76.197376345138466, 36.905134837301127 ], [ -76.197318991412999, 36.905146790010008 ], [ -76.197237326558195, 36.905154997939484 ], [ -76.197172035292937, 36.905160256407228 ], [ -76.197106842138723, 36.905162248338435 ], [ -76.197025375789735, 36.90516392136233 ], [ -76.196927133158113, 36.905181611307448 ], [ -76.196861643288855, 36.905193404360901 ], [ -76.196787916955728, 36.905208305293428 ], [ -76.196710121848355, 36.90522313185047 ], [ -76.196652172245038, 36.905254687606146 ], [ -76.19661049580931, 36.905286562264067 ], [ -76.196572987217067, 36.905315249267758 ], [ -76.196535577890401, 36.905340668880832 ], [ -76.19648188745407, 36.905365769381639 ], [ -76.196399924400339, 36.905383777964367 ], [ -76.196313640527023, 36.905404981940237 ], [ -76.196243234381811, 36.905417100139367 ], [ -76.196180480502534, 36.905454120341915 ], [ -76.196134176543694, 36.905502705952834 ], [ -76.196107888425502, 36.905538190171484 ], [ -76.196086375640803, 36.905600759982889 ], [ -76.196095384889588, 36.905672930246759 ], [ -76.196108083465887, 36.905715930984101 ], [ -76.196123379417685, 36.905765724096618 ], [ -76.196147213925926, 36.905811188471283 ], [ -76.196137443972987, 36.905855994119712 ], [ -76.196105417121913, 36.905895861056507 ], [ -76.196039930094386, 36.905930577757609 ], [ -76.195988775463931, 36.905954321592517 ], [ -76.19593503146622, 36.905971267773353 ], [ -76.195876170569491, 36.905972364608168 ], [ -76.195800778121878, 36.905964134272388 ], [ -76.195750792081469, 36.905949656028781 ], [ -76.195694658264784, 36.90595305609677 ], [ -76.195635380496299, 36.905967643787889 ], [ -76.195561832059752, 36.905990947470897 ], [ -76.195504193187972, 36.906043812120579 ], [ -76.195453113271029, 36.906065311840493 ], [ -76.195376832041049, 36.906086311065842 ], [ -76.1953093638719, 36.906093991120493 ], [ -76.195233561140782, 36.906099251528346 ], [ -76.195163017377794, 36.906115867917727 ], [ -76.195095200775171, 36.906134783099752 ], [ -76.195032923256448, 36.906156063042509 ], [ -76.194981639226825, 36.906184304529326 ], [ -76.194927955395954, 36.906199000677063 ], [ -76.194888489798373, 36.906207224282575 ], [ -76.194841024633902, 36.906201791824756 ], [ -76.194801824652714, 36.906201022978401 ], [ -76.194729438181866, 36.906186104944588 ], [ -76.194665659937229, 36.906164608841642 ], [ -76.194602292202532, 36.90612961709494 ], [ -76.194530041582667, 36.906110199178791 ], [ -76.194434981128495, 36.906103839228898 ], [ -76.194336709489619, 36.906110908149849 ], [ -76.194229562621913, 36.906133552786351 ], [ -76.194178619141894, 36.906150553116156 ], [ -76.194099057576267, 36.906187237080445 ], [ -76.194030905205551, 36.906217398870702 ], [ -76.193959336034368, 36.906267743217768 ], [ -76.193902243172488, 36.906302617143048 ], [ -76.193811348106237, 36.906343580062078 ], [ -76.193748721277586, 36.906376100876479 ], [ -76.193705420317272, 36.906417996721736 ], [ -76.193673666631113, 36.906448872552915 ], [ -76.193630502452351, 36.906486270435785 ], [ -76.193598132876048, 36.906537384700314 ], [ -76.193574636577267, 36.906572917759284 ], [ -76.193576069252259, 36.906617942163415 ], [ -76.193580166062645, 36.906667521271352 ], [ -76.193603930882261, 36.906715235578154 ], [ -76.193644488823551, 36.9067632731076 ], [ -76.193693652708177, 36.906804739832559 ], [ -76.193748967464941, 36.906828320243001 ], [ -76.193839860383122, 36.906879602454076 ], [ -76.193897290963619, 36.906925726507431 ], [ -76.193940930559236, 36.906964827660808 ], [ -76.194023419467129, 36.907015943929615 ], [ -76.19410358750882, 36.907051261083119 ], [ -76.194175427431674, 36.907084168540223 ], [ -76.194264073831789, 36.907117406563287 ], [ -76.194330380162768, 36.907147954604788 ], [ -76.194391563171536, 36.907162653091433 ], [ -76.194520086408644, 36.907174171874665 ], [ -76.194592679965993, 36.907182348110126 ], [ -76.194664998945257, 36.907199515646056 ], [ -76.194753979909109, 36.907221506054029 ], [ -76.194823634541763, 36.907234125121029 ], [ -76.194874038249665, 36.907235113685687 ], [ -76.194961176675662, 36.907225569775981 ], [ -76.195056238388773, 36.907231935606127 ], [ -76.195159012993997, 36.907260947591567 ], [ -76.19525352777147, 36.907285302304906 ], [ -76.19530570046166, 36.907320068742855 ], [ -76.195396936802624, 36.907360108961875 ], [ -76.195471647056493, 36.907390821132083 ], [ -76.195552635369211, 36.907399155960931 ], [ -76.195658826573876, 36.907407990272446 ], [ -76.195761874991135, 36.90742801036118 ], [ -76.195887399417899, 36.907446220221679 ], [ -76.195923388885532, 36.907460424002451 ], [ -76.19604856496268, 36.907489875248935 ], [ -76.19610128479124, 36.907506657691904 ], [ -76.196181316482921, 36.907546471343338 ], [ -76.196183844253426, 36.907555518520503 ], [ -76.196157617087962, 36.907588753197011 ], [ -76.196118150736012, 36.907596982620134 ], [ -76.196048009294245, 36.907600102893184 ], [ -76.195977943884884, 36.907600980165164 ], [ -76.195902071313725, 36.90760849042293 ], [ -76.195818008282188, 36.907609093191304 ], [ -76.195728410326325, 36.907607336626022 ], [ -76.195647208922253, 36.907605744615815 ], [ -76.195557748711423, 36.907599494509874 ], [ -76.19548795686444, 36.907591373814633 ], [ -76.195421101598441, 36.90757881544824 ], [ -76.195354247476388, 36.907566257065824 ], [ -76.195281244394863, 36.907571571528671 ], [ -76.195144180456452, 36.907564382219064 ], [ -76.195037921617541, 36.907557803189114 ], [ -76.194945522649931, 36.907555991094256 ], [ -76.194864396458371, 36.907552149256851 ], [ -76.194783127840566, 36.907552806090216 ], [ -76.194673793557143, 36.907555156831684 ], [ -76.194634524460724, 36.907556637347852 ], [ -76.194575526598143, 36.907562232389907 ], [ -76.194511260797483, 36.907556470266634 ], [ -76.194461273953493, 36.907541991475476 ], [ -76.194405686072329, 36.907527402789263 ], [ -76.194352829781138, 36.907515117521243 ], [ -76.194296967302066, 36.90750952012813 ], [ -76.194238098456623, 36.907510616010612 ], [ -76.194187496177804, 36.907516370154283 ], [ -76.194131496845927, 36.90751527151852 ], [ -76.194038756927014, 36.907524704921926 ], [ -76.193971219069752, 36.907534628221129 ], [ -76.193906679583506, 36.907537863438847 ], [ -76.193833949999686, 36.907534185637516 ], [ -76.19376361104554, 36.907544052954989 ], [ -76.193704133249639, 36.907565381750949 ], [ -76.193672781739892, 36.907582766325525 ], [ -76.19366062734143, 36.907614026754217 ], [ -76.193656868386327, 36.907645451024266 ], [ -76.193661581128708, 36.907674791674637 ], [ -76.193666080876, 36.907710874117832 ], [ -76.19367639584604, 36.90774032379764 ], [ -76.193692442987029, 36.907765390744999 ], [ -76.193691485108573, 36.907796870881796 ], [ -76.19368519883993, 36.90781924251678 ], [ -76.193645313922858, 36.907840955750707 ], [ -76.193594505869271, 36.907853463297137 ], [ -76.193546293906877, 36.907872762331849 ], [ -76.193503951032397, 36.907883178888419 ], [ -76.193475817697419, 36.90788712831224 ], [ -76.19343395378506, 36.907881805226559 ], [ -76.193406361155567, 36.907867765467294 ], [ -76.193376179366609, 36.907846928013726 ], [ -76.193365802801722, 36.907819726956383 ], [ -76.193341490304391, 36.907790002537929 ], [ -76.193313905769855, 36.907775956605043 ], [ -76.193268965879838, 36.907779576134509 ], [ -76.193245949017395, 36.907799374937369 ], [ -76.193233931326205, 36.907826136486882 ], [ -76.193246149785978, 36.90788487174158 ], [ -76.193258581492174, 36.907936858896733 ], [ -76.193285413425713, 36.907975635822567 ], [ -76.193333689639886, 36.908046327128439 ], [ -76.193677162058407, 36.908635772046686 ], [ -76.193756308143705, 36.908797062373132 ], [ -76.193816530619145, 36.908935486348206 ], [ -76.193858117895473, 36.90904203940984 ], [ -76.193913712441102, 36.909144467618589 ], [ -76.193984404004524, 36.909250894891947 ], [ -76.194010605475057, 36.909324477997814 ], [ -76.194065079039561, 36.909403183994982 ], [ -76.194096404858328, 36.909495137802807 ], [ -76.194133131711453, 36.909596329500189 ], [ -76.194147406152808, 36.909687947867525 ], [ -76.194178178011043, 36.909798154659967 ], [ -76.194227805430586, 36.90984936427224 ], [ -76.194230991424291, 36.909931633157726 ], [ -76.19422974173726, 36.90997271183403 ], [ -76.194216703774359, 36.910027254908947 ], [ -76.194232089168437, 36.91008236098817 ], [ -76.194253438898627, 36.910128446721203 ], [ -76.194315542511944, 36.910143366070663 ], [ -76.194406897173906, 36.910131457050646 ], [ -76.194470528023444, 36.910096170246312 ], [ -76.194579767097878, 36.910057215185311 ], [ -76.194660310693877, 36.910026824631984 ], [ -76.194758184622017, 36.909987640184674 ], [ -76.194867562244468, 36.909944119356922 ], [ -76.194982208875516, 36.909914396512761 ], [ -76.1950563794001, 36.909906719117792 ], [ -76.195125134416358, 36.909889797231848 ], [ -76.195194867603647, 36.909840928651235 ], [ -76.195286499279661, 36.909819892452497 ], [ -76.19537744377584, 36.909821675706063 ], [ -76.195445365767426, 36.909832145731215 ], [ -76.195564310879078, 36.909848172599318 ], [ -76.195683526587459, 36.909855079024894 ], [ -76.195808845083036, 36.90984840391036 ], [ -76.195939850044013, 36.909841840134469 ], [ -76.19603688945233, 36.909830041297681 ], [ -76.196157215206114, 36.909800428642733 ], [ -76.196260912032045, 36.909756794287794 ], [ -76.196370149861636, 36.909717832157618 ], [ -76.196450970904493, 36.909678313000377 ], [ -76.196537061070359, 36.909652598109254 ], [ -76.196571164210084, 36.90965326645555 ], [ -76.196622450799097, 36.909649707827498 ], [ -76.196678321139444, 36.909682768541437 ], [ -76.196716993350677, 36.90972006042815 ], [ -76.196738760433405, 36.909752458214442 ], [ -76.196765235358569, 36.90981691407454 ], [ -76.19677535329555, 36.909858215509843 ], [ -76.196790185843284, 36.909931574252049 ], [ -76.196787966742292, 36.910004599755027 ], [ -76.196797119527972, 36.910077848097643 ], [ -76.19681804782519, 36.9101376315392 ], [ -76.196856173504557, 36.910193177431928 ], [ -76.196946555832142, 36.910213217720539 ], [ -76.197037771415481, 36.910205873058686 ], [ -76.197146316162076, 36.910189729609101 ], [ -76.197221318783619, 36.910154665043621 ], [ -76.197307957074443, 36.910110695556099 ], [ -76.197372279982346, 36.91005258237314 ], [ -76.19748360410901, 36.909945160229519 ], [ -76.197570935373037, 36.909878365738713 ], [ -76.197629579082431, 36.909820146580167 ], [ -76.197670885992977, 36.909770720630355 ], [ -76.197735347971019, 36.909708047172586 ], [ -76.197782618635031, 36.909649599761309 ], [ -76.197827949331781, 36.909655055879242 ], [ -76.197878410927174, 36.909678878140689 ], [ -76.197917507474472, 36.909702476881208 ], [ -76.197980443063102, 36.909690013889325 ], [ -76.198026465874833, 36.909672645997325 ], [ -76.198090372954681, 36.909628230753448 ], [ -76.198166475790742, 36.909556646810842 ], [ -76.19823648499316, 36.909498649945348 ], [ -76.198289441409557, 36.909440319996676 ], [ -76.198319798469328, 36.909376977447167 ], [ -76.19831092834265, 36.909294597445729 ], [ -76.198297619098298, 36.909171032770175 ], [ -76.198317997152742, 36.90906182253314 ], [ -76.198349324140011, 36.908966534062941 ], [ -76.19836914756209, 36.908875584028642 ], [ -76.198377322094203, 36.908793537807874 ], [ -76.198402692084159, 36.908707264603059 ], [ -76.198444282896446, 36.908648711129807 ], [ -76.198501671067191, 36.908631564719833 ], [ -76.198574308821676, 36.908674090199725 ], [ -76.198589281313005, 36.908742889519715 ], [ -76.198603422490521, 36.908839068347739 ], [ -76.198600789400899, 36.908925786795422 ], [ -76.198603564334192, 36.909021748472568 ], [ -76.198611742988703, 36.909126947885838 ], [ -76.19864848354328, 36.909228138327329 ], [ -76.198662339733914, 36.909333449802439 ], [ -76.198711277052951, 36.909407476033202 ], [ -76.198729857706653, 36.909544845807311 ], [ -76.198704348066215, 36.909635684562389 ], [ -76.19866234900563, 36.909707931187569 ], [ -76.198632130588024, 36.90976671282548 ], [ -76.198618956080097, 36.909825821870662 ], [ -76.198622841008103, 36.909885265843151 ], [ -76.198632543077409, 36.909940260004234 ], [ -76.198654172554555, 36.909977218435095 ], [ -76.198697977987592, 36.910032880322717 ], [ -76.198748440135233, 36.910056701309578 ], [ -76.198828013102769, 36.910058259242753 ], [ -76.198908277751229, 36.910036997687719 ], [ -76.198966775356681, 36.909983338730434 ], [ -76.199003511335292, 36.909897287918028 ], [ -76.199023195614146, 36.90981090328021 ], [ -76.199019726236244, 36.90973776100649 ], [ -76.199016818687596, 36.909646371283145 ], [ -76.19902499148003, 36.909564324997248 ], [ -76.199033587635498, 36.909468591360131 ], [ -76.199064914082896, 36.90937329639452 ], [ -76.199118424072651, 36.909296706757587 ], [ -76.199188986587586, 36.909220450009485 ], [ -76.199253584170762, 36.909153214696012 ], [ -76.199346738007065, 36.90908196379069 ], [ -76.199451256484792, 36.909010941568589 ], [ -76.199526395471139, 36.908971309125626 ], [ -76.199561744948639, 36.908930903275746 ], [ -76.199546632941804, 36.908866670485736 ], [ -76.199446124444535, 36.908805329934914 ], [ -76.199379027150258, 36.908767482573609 ], [ -76.199289199992421, 36.908729190243335 ], [ -76.199193962467078, 36.908681659102221 ], [ -76.199168455790414, 36.908585252462103 ], [ -76.199183561511234, 36.908462244152823 ], [ -76.199175106240887, 36.908366170403248 ], [ -76.199173160642928, 36.908242828300232 ], [ -76.199187027333537, 36.908160893468889 ], [ -76.199200054668694, 36.908106349707992 ], [ -76.19928628072698, 36.908076066396866 ], [ -76.199370975905737, 36.908095994435349 ], [ -76.199500176723035, 36.908148758435459 ], [ -76.199635194799427, 36.908197067928164 ], [ -76.199736532638454, 36.908231022471909 ], [ -76.199827053060361, 36.908246495063857 ], [ -76.199923812868889, 36.908243819524444 ], [ -76.199992572021173, 36.90822689492272 ], [ -76.200096534687944, 36.90817413054387 ], [ -76.200188723751907, 36.908134831334714 ], [ -76.200274250155161, 36.908127372894484 ], [ -76.200381960354278, 36.908138612284809 ], [ -76.200483298613634, 36.908172560779811 ], [ -76.200533067599281, 36.908219206730791 ], [ -76.200577151583161, 36.908265735129142 ], [ -76.200644387368897, 36.908299021705986 ], [ -76.200786061919601, 36.90831549428799 ], [ -76.200916502253904, 36.90832717873046 ], [ -76.201069271744714, 36.908352999920361 ], [ -76.201148150861954, 36.908377375709435 ], [ -76.201239225336295, 36.908374594194939 ], [ -76.201273743224021, 36.908361568259537 ], [ -76.201304789420305, 36.908275405509649 ], [ -76.201369799748861, 36.908194470708494 ], [ -76.201423583376894, 36.908108752608733 ], [ -76.201505507334645, 36.908032716726979 ], [ -76.201592279159243, 36.907984178571901 ], [ -76.201673232811842, 36.907940094797304 ], [ -76.201708580828111, 36.90789968289549 ], [ -76.201726323957899, 36.907877196889345 ], [ -76.201699430454568, 36.907826429657149 ], [ -76.201660195230957, 36.907807398581539 ], [ -76.201586312032589, 36.907805953786308 ], [ -76.20151810620564, 36.9078046199715 ], [ -76.201455864639385, 36.907794269933248 ], [ -76.201405133105169, 36.907779576748794 ], [ -76.201372138063249, 36.90774239745803 ], [ -76.201345521624305, 36.907682503634454 ], [ -76.201364088602773, 36.907632631714755 ], [ -76.201394310618227, 36.907573854907618 ], [ -76.201378920527148, 36.907518749761806 ], [ -76.201345009294371, 36.907481287535468 ], [ -76.201254144488402, 36.907452727575404 ], [ -76.201196821132285, 36.907418121789085 ], [ -76.201190720286689, 36.907344336836481 ], [ -76.201191735235199, 36.907310872066049 ], [ -76.201252509345451, 36.907231694210424 ], [ -76.201295602006354, 36.907185660541046 ], [ -76.201364716132375, 36.907106652055454 ], [ -76.201484232623315, 36.907015231062559 ], [ -76.201577126349093, 36.906976867602964 ], [ -76.201669824930576, 36.906945195737123 ], [ -76.20178690675084, 36.906934087936065 ], [ -76.201886314256768, 36.90695612445694 ], [ -76.201968440210209, 36.906997910341978 ], [ -76.201992018623741, 36.907045247832208 ], [ -76.202031661241065, 36.907112992154694 ], [ -76.202113787253396, 36.907154784243936 ], [ -76.202230064456572, 36.907170448496544 ], [ -76.202312596525061, 36.907198851111758 ], [ -76.202387802643017, 36.907193625843227 ], [ -76.202455291627032, 36.907168156019935 ], [ -76.202515455626681, 36.907109058361883 ], [ -76.202518092858583, 36.907022053351582 ], [ -76.202486993250162, 36.906947775311238 ], [ -76.202430677378274, 36.906879705212475 ], [ -76.2023487541679, 36.906831227234548 ], [ -76.202266222486074, 36.906802824644394 ], [ -76.20221784027639, 36.906748306810265 ], [ -76.202211536731227, 36.906681214346605 ], [ -76.202246701876476, 36.906621628088182 ], [ -76.20228247438753, 36.906541967252977 ], [ -76.202334102685128, 36.906489398301964 ], [ -76.20241052536025, 36.906444015821911 ], [ -76.202503222942013, 36.906412343298406 ], [ -76.202570501612101, 36.906393565692817 ], [ -76.20267071334942, 36.906388829052062 ], [ -76.202754461811239, 36.906377074157312 ], [ -76.202855288853968, 36.906352255737097 ], [ -76.202940051382754, 36.906307036825204 ], [ -76.202983345469391, 36.906254304713976 ], [ -76.20301850193033, 36.906194718971321 ], [ -76.203061592929473, 36.906148684653175 ], [ -76.203113429922624, 36.906089423974628 ], [ -76.203190257423998, 36.906030652549504 ], [ -76.203266281457928, 36.905998652698862 ], [ -76.20333498562924, 36.905933032369305 ], [ -76.203361809259931, 36.905873282797756 ], [ -76.203314442132225, 36.905785295239639 ], [ -76.203224794478515, 36.905716574166462 ], [ -76.203151611112517, 36.905654875666407 ], [ -76.203078629682423, 36.90558648017727 ], [ -76.203013380260415, 36.905538323093246 ], [ -76.202990403485188, 36.905470904819722 ], [ -76.202958890273507, 36.90541002149088 ], [ -76.202927587943236, 36.905342440484858 ], [ -76.202921884616259, 36.90525526614789 ], [ -76.202940382706444, 36.905195353948812 ], [ -76.202959076820989, 36.905128750098953 ], [ -76.202978183197573, 36.90504876334505 ], [ -76.203013541909726, 36.904982485184661 ], [ -76.203065580917169, 36.904916533008915 ], [ -76.203124524537927, 36.904897596723842 ], [ -76.203224125955842, 36.90491293506156 ], [ -76.203315395085838, 36.90492811048923 ], [ -76.20337292700377, 36.904956023859583 ], [ -76.203413178021009, 36.905003692268657 ], [ -76.20342822051029, 36.905057558149359 ], [ -76.203443263978883, 36.905111429455118 ], [ -76.203475182932692, 36.905158929620484 ], [ -76.203531701225231, 36.905220306804253 ], [ -76.203606702569331, 36.905221772272803 ], [ -76.203658335752834, 36.905169203770605 ], [ -76.203677839017942, 36.905075832813914 ], [ -76.203671128878028, 36.905022123460178 ], [ -76.20366502691158, 36.904948339553663 ], [ -76.203625383966681, 36.90488059577774 ], [ -76.203611347558009, 36.904793258668846 ], [ -76.203597317721133, 36.904705927995472 ], [ -76.203599750874432, 36.904625615373114 ], [ -76.203603400813051, 36.904505139232249 ], [ -76.203639780406263, 36.904405396241849 ], [ -76.20370786793238, 36.904359850112435 ], [ -76.203817226950505, 36.90432850214583 ], [ -76.203917233182963, 36.90433045596 ], [ -76.204016428447844, 36.904359182968612 ], [ -76.204106885034079, 36.904401130138751 ], [ -76.204188401367929, 36.904462990832613 ], [ -76.204228449965754, 36.90451735048164 ], [ -76.20432052952431, 36.904505757253347 ], [ -76.204380088662575, 36.904466735125609 ], [ -76.204473991288225, 36.904394903672419 ], [ -76.204559561444299, 36.904322910307521 ], [ -76.204619518719582, 36.904270509392845 ], [ -76.204671345358648, 36.904211247870734 ], [ -76.204757320556325, 36.904125865016773 ], [ -76.204801017370727, 36.904059749193841 ], [ -76.204844916750787, 36.903986940933933 ], [ -76.204939022042296, 36.903908418511328 ], [ -76.205006912472044, 36.903869563280132 ], [ -76.205099597969195, 36.903837888553561 ], [ -76.205192487094052, 36.903799522255433 ], [ -76.205318510221758, 36.903768498298206 ], [ -76.205436201044478, 36.903737311530456 ], [ -76.205570556167771, 36.903706449978223 ], [ -76.20566222830395, 36.903708239619583 ], [ -76.205762436325884, 36.903703499442024 ], [ -76.205863866590448, 36.903658597569496 ], [ -76.205907156940214, 36.903605870683407 ], [ -76.205958780697785, 36.903553301036922 ], [ -76.205993130059667, 36.903520486924187 ], [ -76.206053085709485, 36.903468085277098 ], [ -76.206144960258072, 36.903463176714183 ], [ -76.206245167898629, 36.903458437025918 ], [ -76.206328710059722, 36.903453372006808 ], [ -76.206411644785149, 36.903468381495799 ], [ -76.206443362243931, 36.903522578685873 ], [ -76.206516952338532, 36.903570890315272 ], [ -76.206599684553069, 36.903592598400976 ], [ -76.206699891241797, 36.903587857402329 ], [ -76.206776721279979, 36.90352908378226 ], [ -76.206853551226317, 36.903470309210995 ], [ -76.206840118670556, 36.903362897914342 ], [ -76.206808805901019, 36.903295316883899 ], [ -76.206745175885757, 36.903193621574822 ], [ -76.20670613847733, 36.903105803364291 ], [ -76.206659781674418, 36.902984352325007 ], [ -76.206646349506528, 36.902876940103944 ], [ -76.206623984428035, 36.902789447196959 ], [ -76.206594292123825, 36.902668321312476 ], [ -76.206587985045019, 36.90260122907565 ], [ -76.206581879340277, 36.902527444392724 ], [ -76.206542639976163, 36.902446318550012 ], [ -76.206494663713485, 36.902378413139488 ], [ -76.206427585509516, 36.902390495033046 ], [ -76.206384903666475, 36.902423146643883 ], [ -76.206292016804099, 36.902461514786559 ], [ -76.206159081888075, 36.902445528401259 ], [ -76.206060489121356, 36.902396727600738 ], [ -76.205937513671458, 36.902327358037724 ], [ -76.205813924115887, 36.902278063680377 ], [ -76.205731801155736, 36.902236280476238 ], [ -76.205591134688078, 36.902200049769746 ], [ -76.205474871171006, 36.902184388070012 ], [ -76.205317135705329, 36.9021612156317 ], [ -76.205183389862427, 36.902172001411095 ], [ -76.205074439889827, 36.902189961303812 ], [ -76.204973625839202, 36.902214781761735 ], [ -76.204881347514316, 36.902233072449469 ], [ -76.204798413512407, 36.902218055552446 ], [ -76.204699221874364, 36.902189329223859 ], [ -76.204552249631135, 36.902086004912803 ], [ -76.204438413075337, 36.901990029430195 ], [ -76.204373571213509, 36.901928489156639 ], [ -76.204274986998655, 36.901879686989325 ], [ -76.204118062322266, 36.901829739636653 ], [ -76.204011342368588, 36.901774082828439 ], [ -76.203904832184207, 36.901711728230318 ], [ -76.203814783386349, 36.901656391536982 ], [ -76.203724735677966, 36.90160106020155 ], [ -76.203684688981753, 36.901546700376429 ], [ -76.203637113452388, 36.901465409707363 ], [ -76.203622476027917, 36.9013981544839 ], [ -76.203574097413636, 36.901343637221437 ], [ -76.203542585639767, 36.901282747735991 ], [ -76.203476731251996, 36.901254671763098 ], [ -76.203376925094631, 36.901246025924806 ], [ -76.203276922944667, 36.901244071650801 ], [ -76.20317020459656, 36.901188408672951 ], [ -76.203105972758166, 36.901106792245969 ], [ -76.203067143594083, 36.901012274998678 ], [ -76.203077706316591, 36.900938816739142 ], [ -76.203082785915058, 36.90077862561072 ], [ -76.202930367302045, 36.900789561228258 ], [ -76.202703799941915, 36.900769671125673 ] ] ] } },
{ "type": "Feature", "properties": { "OBJECTID": 91, "ID": 143, "PARK_NAME": "Stockley Garden Dog Park", "BASKETBALL_COURTS": " ", "GYMS": " ", "RESTROOMS": " ", "DETAILS": "Fenced", "X_COORD": 12128009.055532031, "Y_COORD": 3482013.8042837498, "ADDRESS": "1300 Stockley Gardens", "PARK_TYPE": "DP", "Shape_Leng": 733.77091169000005, "ACRES": 0.60930638, "ADDITIONAL_INFO": " ", "BIKE_RACKS": 0, "LIGHTED_BASKETBALL_COURTS": 0, "LIGHTED_BASEBALL_FIELDS": 0, "LIGHTED_TENNIS_COURTS": 0, "ADA_PLAYGROUNDS": 0, "PLAYGROUNDS": 0, "TENNIS_COURTS": 0, "FOOTBALL_FIELDS": 0, "BASEBALL_FIELDS": 0, "POOLS": null, "GYM": null, "PICNIC_SHELTERS": null, "REC_CENTER": null, "PICNIC_TABLES": null, "LIGHTED_FOOTBALL_FIELDS": null, "created_user": null, "created_date": null, "last_edited_user": "RFRASHE", "last_edited_date": "2026-01-06T18:59:23Z", "LUCITYID": "PRK-0091", "COMPKEY": 2586426, "UNITID": "3082", "LucityAutoID": 91, "InLucity": 1, "LastSynDate": "2020-07-24T12:33:34Z", "Shape__Area": 26541.306710018263, "Shape__Length": 733.77116961176398 }, "geometry": { "type": "Polygon", "coordinates": [ [ [ -76.294602851690485, 36.865589098251462 ], [ -76.295049057879837, 36.864948274549207 ], [ -76.294755043993433, 36.864817180072151 ], [ -76.294302942006382, 36.865457891987283 ], [ -76.294602851690485, 36.865589098251462 ] ] ] } },
{ "type": "Feature", "properties": { "OBJECTID": 92, "ID": 144, "PARK_NAME": "Stockley Garden- North Blocks", "BASKETBALL_COURTS": " ", "GYMS": " ", "RESTROOMS": " ", "DETAILS": " ", "X_COORD": 12128003.562480509, "Y_COORD": 3482001.8449927499, "ADDRESS": "1200 1400 Stockley Gardens", "PARK_TYPE": "MOUS", "Shape_Leng": 1420.9571146000001, "ACRES": 1.16592184, "ADDITIONAL_INFO": " ", "BIKE_RACKS": 0, "LIGHTED_BASKETBALL_COURTS": 0, "LIGHTED_BASEBALL_FIELDS": 0, "LIGHTED_TENNIS_COURTS": 0, "ADA_PLAYGROUNDS": 0, "PLAYGROUNDS": 0, "TENNIS_COURTS": 0, "FOOTBALL_FIELDS": 0, "BASEBALL_FIELDS": 0, "POOLS": null, "GYM": null, "PICNIC_SHELTERS": null, "REC_CENTER": null, "PICNIC_TABLES": null, "LIGHTED_FOOTBALL_FIELDS": null, "created_user": null, "created_date": null, "last_edited_user": "RFRASHE", "last_edited_date": "2026-01-06T18:59:23Z", "LUCITYID": "PRK-0092", "COMPKEY": 2586426, "UNITID": "3082", "LucityAutoID": 92, "InLucity": 1, "LastSynDate": "2020-07-24T12:33:34Z", "Shape__Area": 50787.411572685516, "Shape__Length": 1420.9573817550167 }, "geometry": { "type": "MultiPolygon", "coordinates": [ [ [ [ -76.295095456331993, 36.864873728361694 ], [ -76.295331749712304, 36.864555933089406 ], [ -76.295541309992956, 36.864244742944692 ], [ -76.295253123113383, 36.864116128715331 ], [ -76.294798358494333, 36.864747314571936 ], [ -76.295095456331993, 36.864873728361694 ] ] ], [ [ [ -76.294126672291796, 36.866246344662152 ], [ -76.294550671474511, 36.865659600356011 ], [ -76.294259878779215, 36.865519088213489 ], [ -76.293829569571244, 36.866119928404451 ], [ -76.294126672291796, 36.866246344662152 ] ] ] ] } },
{ "type": "Feature", "properties": { "OBJECTID": 93, "ID": 145, "PARK_NAME": "Stockley Garden- South Blocks", "BASKETBALL_COURTS": " ", "GYMS": " ", "RESTROOMS": " ", "DETAILS": " ", "X_COORD": 12127146.76213325, "Y_COORD": 3480430.75495141, "ADDRESS": "600 700 800 Stockley Gardens", "PARK_TYPE": "NPP", "Shape_Leng": 2377.5130658600001, "ACRES": 2.27911896, "ADDITIONAL_INFO": " ", "BIKE_RACKS": 0, "LIGHTED_BASKETBALL_COURTS": 0, "LIGHTED_BASEBALL_FIELDS": 0, "LIGHTED_TENNIS_COURTS": 0, "ADA_PLAYGROUNDS": 0, "PLAYGROUNDS": 0, "TENNIS_COURTS": 0, "FOOTBALL_FIELDS": 0, "BASEBALL_FIELDS": 0, "POOLS": null, "GYM": null, "PICNIC_SHELTERS": null, "REC_CENTER": null, "PICNIC_TABLES": null, "LIGHTED_FOOTBALL_FIELDS": null, "created_user": null, "created_date": null, "last_edited_user": "RFRASHE", "last_edited_date": "2026-01-06T18:59:23Z", "LUCITYID": "PRK-0093", "COMPKEY": 2586426, "UNITID": "3082", "LucityAutoID": 93, "InLucity": 1, "LastSynDate": "2020-07-24T12:33:34Z", "Shape__Area": 99278.041422454073, "Shape__Length": 2377.5134622924752 }, "geometry": { "type": "MultiPolygon", "coordinates": [ [ [ [ -76.297185420101457, 36.862055513487441 ], [ -76.297637752534712, 36.861405317768565 ], [ -76.29728604597075, 36.861230499720662 ], [ -76.296821441300594, 36.861897049030318 ], [ -76.297185420101457, 36.862055513487441 ] ] ], [ [ [ -76.297699236735085, 36.861318804860268 ], [ -76.298163830124452, 36.860652252974177 ], [ -76.29781150703279, 36.860498748446652 ], [ -76.297335261490687, 36.861160342915049 ], [ -76.297699236735085, 36.861318804860268 ] ] ], [ [ [ -76.29821599189998, 36.86058215014782 ], [ -76.29868331633854, 36.859922754809823 ], [ -76.298340042817628, 36.859762314170652 ], [ -76.297855171673049, 36.860416640755275 ], [ -76.29821599189998, 36.86058215014782 ] ] ] ] } },
{ "type": "Feature", "properties": { "OBJECTID": 94, "ID": 9, "PARK_NAME": "Azalea Garden Middle School", "BASKETBALL_COURTS": "2", "GYMS": " ", "RESTROOMS": " ", "DETAILS": " ", "X_COORD": 12151814.336189941, "Y_COORD": 3499262.0412366199, "ADDRESS": "7721 Azalea Garden Road", "PARK_TYPE": "SSAPA", "Shape_Leng": 3921.0937110999998, "ACRES": 20.72663815, "ADDITIONAL_INFO": " ", "BIKE_RACKS": 0, "LIGHTED_BASKETBALL_COURTS": 0, "LIGHTED_BASEBALL_FIELDS": 1, "LIGHTED_TENNIS_COURTS": 6, "ADA_PLAYGROUNDS": 0, "PLAYGROUNDS": 0, "TENNIS_COURTS": 6, "FOOTBALL_FIELDS": 1, "BASEBALL_FIELDS": 1, "POOLS": null, "GYM": null, "PICNIC_SHELTERS": null, "REC_CENTER": null, "PICNIC_TABLES": null, "LIGHTED_FOOTBALL_FIELDS": null, "created_user": null, "created_date": null, "last_edited_user": "RFRASHE", "last_edited_date": "2026-01-06T18:59:23Z", "LUCITYID": "PRK-0094", "COMPKEY": 2586790, "UNITID": "8011", "LucityAutoID": 94, "InLucity": 1, "LastSynDate": "2020-07-24T12:33:34Z", "Shape__Area": 902848.68001730985, "Shape__Length": 3921.0941561082477 }, "geometry": { "type": "Polygon", "coordinates": [ [ [ -76.21100551648037, 36.912611385629198 ], [ -76.211007154353766, 36.912613537575197 ], [ -76.211289281914375, 36.912442999648867 ], [ -76.211579145495051, 36.912267783883578 ], [ -76.211793097712942, 36.912195707611403 ], [ -76.212100407761, 36.912092176392875 ], [ -76.212350022451474, 36.912008082904883 ], [ -76.212618078235309, 36.911917780306162 ], [ -76.212867691804462, 36.911833684817807 ], [ -76.213111514382391, 36.911751541203323 ], [ -76.213363491350052, 36.911666646973309 ], [ -76.21361392524652, 36.911582279251562 ], [ -76.213860110690092, 36.911499336385262 ], [ -76.214114209937705, 36.911413727400564 ], [ -76.214322641515849, 36.911343502459779 ], [ -76.214110508511652, 36.910726099908224 ], [ -76.214040263593077, 36.91052164356627 ], [ -76.213969903081434, 36.91031686403381 ], [ -76.213945858112723, 36.910246867430985 ], [ -76.213726114154852, 36.910100530196175 ], [ -76.213678581010768, 36.910068878408502 ], [ -76.213531710382981, 36.909971070793617 ], [ -76.213327295889059, 36.909920746871286 ], [ -76.212968647677371, 36.909892690932608 ], [ -76.212613402732515, 36.909864682999562 ], [ -76.212563779071672, 36.909860775151088 ], [ -76.212454388456607, 36.909848664297911 ], [ -76.212357464276238, 36.909835135635227 ], [ -76.212264930323755, 36.909813382506577 ], [ -76.212203955694321, 36.909795731943404 ], [ -76.21213771452949, 36.909774321929042 ], [ -76.212076223901263, 36.909753166597724 ], [ -76.21200266710035, 36.909720135006381 ], [ -76.211947488196429, 36.909695783584503 ], [ -76.211831577223009, 36.909625342096454 ], [ -76.211672457322351, 36.909721218698884 ], [ -76.21140016333608, 36.90988529752228 ], [ -76.21112709665752, 36.910049833915465 ], [ -76.21085303058419, 36.91021497489016 ], [ -76.210582230837161, 36.910378147155598 ], [ -76.210320266509214, 36.910535994309321 ], [ -76.210096322310505, 36.91030135188597 ], [ -76.210056067487145, 36.910325246560483 ], [ -76.210006370458743, 36.910352738556448 ], [ -76.209956738309572, 36.910381351312743 ], [ -76.20991423526101, 36.910406799386109 ], [ -76.209860175118919, 36.910440491649474 ], [ -76.209786620287574, 36.910488831880699 ], [ -76.209724815698095, 36.91053181966879 ], [ -76.20967355108975, 36.910569240355549 ], [ -76.209600343040805, 36.910633212692595 ], [ -76.209543688722746, 36.910688961564716 ], [ -76.209504810366965, 36.910730105590758 ], [ -76.209455256237575, 36.910786504771089 ], [ -76.209414004059184, 36.91083733112707 ], [ -76.209396125520286, 36.910877573753154 ], [ -76.209394707965529, 36.91090130205648 ], [ -76.209396855013367, 36.910915574019889 ], [ -76.209404053551665, 36.910935891747279 ], [ -76.209409882291169, 36.910946341488227 ], [ -76.20942292466529, 36.910961827214756 ], [ -76.210793934988018, 36.912333495589621 ], [ -76.210947373941138, 36.912535021313346 ], [ -76.21100551648037, 36.912611385629198 ] ] ] } },
{ "type": "Feature", "properties": { "OBJECTID": 95, "ID": 11, "PARK_NAME": "Ballentine Park", "BASKETBALL_COURTS": "3", "GYMS": " ", "RESTROOMS": " ", "DETAILS": " ", "X_COORD": 12140376.489337839, "Y_COORD": 3482145.6866673301, "ADDRESS": "3000 Danna Street", "PARK_TYPE": "NAP", "Shape_Leng": 2626.2308579400001, "ACRES": 10.08368073, "ADDITIONAL_INFO": " ", "BIKE_RACKS": 0, "LIGHTED_BASKETBALL_COURTS": 0, "LIGHTED_BASEBALL_FIELDS": 0, "LIGHTED_TENNIS_COURTS": 0, "ADA_PLAYGROUNDS": 0, "PLAYGROUNDS": 1, "TENNIS_COURTS": 0, "FOOTBALL_FIELDS": 0, "BASEBALL_FIELDS": 1, "POOLS": null, "GYM": null, "PICNIC_SHELTERS": null, "REC_CENTER": null, "PICNIC_TABLES": null, "LIGHTED_FOOTBALL_FIELDS": null, "created_user": null, "created_date": null, "last_edited_user": "RFRASHE", "last_edited_date": "2026-01-06T18:59:23Z", "LUCITYID": "PRK-0095", "COMPKEY": 2586442, "UNITID": "8020", "LucityAutoID": 95, "InLucity": 1, "LastSynDate": "2024-05-02T16:54:05Z", "Shape__Area": 361135.66374193289, "Shape__Length": 2987.8527827545972 }, "geometry": { "type": "Polygon", "coordinates": [ [ [ -76.253174702427486, 36.86380759970524 ], [ -76.253061514991685, 36.863825629929345 ], [ -76.251722211799887, 36.864038963061041 ], [ -76.251611436833144, 36.864056607218778 ], [ -76.251545446195408, 36.864069211724704 ], [ -76.251481027080985, 36.864081516373012 ], [ -76.250987352838862, 36.864161012167145 ], [ -76.250942609585522, 36.864168217390649 ], [ -76.250933235699719, 36.864169409507014 ], [ -76.250924190761538, 36.864172144460341 ], [ -76.250915726854998, 36.864176346027001 ], [ -76.250908079870641, 36.864181897108587 ], [ -76.250901462931296, 36.864188642995487 ], [ -76.250896060452192, 36.86419639567864 ], [ -76.250892023001398, 36.864204939089412 ], [ -76.250889463103377, 36.864214035121428 ], [ -76.250888452102927, 36.864223430266691 ], [ -76.250889018176792, 36.864232862680851 ], [ -76.250976336461491, 36.864582961412985 ], [ -76.251563041827296, 36.864488485318319 ], [ -76.251646653711276, 36.864475021049053 ], [ -76.251655419714226, 36.864510164829525 ], [ -76.251672147541257, 36.86457723171177 ], [ -76.251732403764294, 36.864818811964199 ], [ -76.25174296946733, 36.864861175029922 ], [ -76.251848170690579, 36.865282947278885 ], [ -76.251792546084317, 36.865291905072333 ], [ -76.251177846561177, 36.865390889691945 ], [ -76.251261810689911, 36.865727531333285 ], [ -76.251266530160308, 36.865737527729415 ], [ -76.251272778091874, 36.865746647196929 ], [ -76.251280395721537, 36.865754658005564 ], [ -76.251289189481469, 36.86576135659665 ], [ -76.251298935917845, 36.865766572755639 ], [ -76.251309387368806, 36.865770173937292 ], [ -76.251320278257737, 36.865772068633781 ], [ -76.251331331841683, 36.865772208699923 ], [ -76.251342267243515, 36.86577059057656 ], [ -76.251734359626738, 36.865707452233138 ], [ -76.251890029973353, 36.865682384406718 ], [ -76.251945006704887, 36.865673531341848 ], [ -76.252032591690678, 36.865659439738202 ], [ -76.25365044034217, 36.865399140846073 ], [ -76.253250818816809, 36.863834417530668 ], [ -76.253241262552763, 36.863796997220931 ], [ -76.253241222350368, 36.863796839613059 ], [ -76.253174702427486, 36.86380759970524 ] ] ] } },
{ "type": "Feature", "properties": { "OBJECTID": 96, "ID": 13, "PARK_NAME": "Bayview Elementary and Recreation Center", "BASKETBALL_COURTS": " ", "GYMS": " ", "RESTROOMS": " ", "DETAILS": "large concrete play area", "X_COORD": 12144647.52903318, "Y_COORD": 3508140.96842193, "ADDRESS": "1434 E Bayview Boulevard", "PARK_TYPE": "SCSSAPA", "Shape_Leng": 2742.65916973, "ACRES": 9.90366398, "ADDITIONAL_INFO": " ", "BIKE_RACKS": 0, "LIGHTED_BASKETBALL_COURTS": 0, "LIGHTED_BASEBALL_FIELDS": 0, "LIGHTED_TENNIS_COURTS": 0, "ADA_PLAYGROUNDS": 0, "PLAYGROUNDS": 2, "TENNIS_COURTS": 0, "FOOTBALL_FIELDS": 1, "BASEBALL_FIELDS": 1, "POOLS": null, "GYM": null, "PICNIC_SHELTERS": null, "REC_CENTER": null, "PICNIC_TABLES": null, "LIGHTED_FOOTBALL_FIELDS": null, "created_user": null, "created_date": null, "last_edited_user": "RFRASHE", "last_edited_date": "2026-01-06T18:59:23Z", "LUCITYID": "PRK-0096", "COMPKEY": 2586836, "UNITID": "4004", "LucityAutoID": 96, "InLucity": 1, "LastSynDate": "2020-07-24T12:33:34Z", "Shape__Area": 431401.88570053776, "Shape__Length": 2753.4825611062934 }, "geometry": { "type": "Polygon", "coordinates": [ [ [ -76.236708905112465, 36.936551972386283 ], [ -76.236714368276424, 36.936545154986426 ], [ -76.236707498308149, 36.936541404625487 ], [ -76.236700618721983, 36.936537525182317 ], [ -76.236697745636306, 36.936535860021522 ], [ -76.236690032195099, 36.936531289396662 ], [ -76.236683795609707, 36.936527461088978 ], [ -76.236671437932557, 36.93651950924194 ], [ -76.236665453170815, 36.936515482971288 ], [ -76.236646602188699, 36.936501960019434 ], [ -76.236637825614011, 36.936495202020097 ], [ -76.236625707363459, 36.936485324932704 ], [ -76.236619160092317, 36.936479718537186 ], [ -76.236607782117588, 36.936469455487583 ], [ -76.23660123839845, 36.936463241632516 ], [ -76.236590696736883, 36.93645268550857 ], [ -76.236576276307034, 36.936437030450925 ], [ -76.236569395030429, 36.93642899833177 ], [ -76.236559979423774, 36.936417320938105 ], [ -76.236549682367979, 36.936403501132581 ], [ -76.236540066461146, 36.93638939518209 ], [ -76.236534999474117, 36.936381409704886 ], [ -76.23652267896793, 36.93635999922256 ], [ -76.236515456027874, 36.936345776187395 ], [ -76.236512634860986, 36.936339780012119 ], [ -76.236502471034868, 36.936315412170096 ], [ -76.236500319200189, 36.936309525326919 ], [ -76.236497277582629, 36.936300609859927 ], [ -76.236491649476747, 36.936281601477596 ], [ -76.236490249468588, 36.936276144641667 ], [ -76.236485578000156, 36.936254431620739 ], [ -76.236484721832639, 36.936249526079401 ], [ -76.236483250608032, 36.936239875576263 ], [ -76.236482044744207, 36.936230062525809 ], [ -76.2364815857633, 36.936226407627146 ], [ -76.236481184238926, 36.936222708765804 ], [ -76.236480884521271, 36.93621936069664 ], [ -76.236480623917259, 36.936215906116701 ], [ -76.236480424523961, 36.936212469841401 ], [ -76.236480293593672, 36.936209372899711 ], [ -76.236480185569064, 36.93620524612713 ], [ -76.2364801575103, 36.936200772963147 ], [ -76.236480230736504, 36.936196217019749 ], [ -76.23648032350961, 36.936193337109223 ], [ -76.236480788533797, 36.936187618723388 ], [ -76.236481393029806, 36.936180050696507 ], [ -76.236481829134206, 36.936174623799502 ], [ -76.236482435110162, 36.936167006225482 ], [ -76.236483041435847, 36.936159376940267 ], [ -76.23648350731564, 36.936153404383091 ], [ -76.236484016698725, 36.93614691527403 ], [ -76.23648452608164, 36.936140426164982 ], [ -76.236484903232338, 36.936135544366437 ], [ -76.236485405432404, 36.936129032584745 ], [ -76.236485888559884, 36.936122745779642 ], [ -76.23661457716176, 36.935185647635215 ], [ -76.236688368595821, 36.934656310455587 ], [ -76.236157562172281, 36.934732983905072 ], [ -76.235451201451298, 36.934835015137708 ], [ -76.235128593432236, 36.9348816073501 ], [ -76.234877781958858, 36.934917833349445 ], [ -76.234620162237732, 36.934955041742107 ], [ -76.234702926148373, 36.935333421293535 ], [ -76.23471841615536, 36.935404244263331 ], [ -76.234701864416607, 36.935500681735647 ], [ -76.234666948386547, 36.935704076861441 ], [ -76.234648129828471, 36.935813721776697 ], [ -76.234634256469192, 36.935906648608821 ], [ -76.234603309028444, 36.936113923987435 ], [ -76.234572904608072, 36.936317603418061 ], [ -76.234569144519796, 36.936342789319191 ], [ -76.23456614630328, 36.936362886310704 ], [ -76.234563077344816, 36.936370327526383 ], [ -76.234560272980474, 36.936376918434583 ], [ -76.234557827863512, 36.936382497710071 ], [ -76.2345555004906, 36.93638766912823 ], [ -76.234552952353198, 36.936393201349851 ], [ -76.234547755760133, 36.936404090795968 ], [ -76.234544376654, 36.936410901382153 ], [ -76.234540810710399, 36.93641787692551 ], [ -76.234536626320846, 36.936425820348106 ], [ -76.234533763510711, 36.936431098628034 ], [ -76.234511847334488, 36.936452355337352 ], [ -76.234811164885016, 36.936567500495627 ], [ -76.234865987523719, 36.936606536117836 ], [ -76.234902456566772, 36.93662530044589 ], [ -76.235208411289321, 36.936782714437328 ], [ -76.23553373788377, 36.936949599176558 ], [ -76.235839957635875, 36.937106684870592 ], [ -76.235934832684151, 36.937155354458348 ], [ -76.236066945624771, 36.937223122714812 ], [ -76.236140765293001, 36.937260987552634 ], [ -76.236185477142996, 36.937205182562209 ], [ -76.236231914698308, 36.937147238466778 ], [ -76.236277973353765, 36.937089759380029 ], [ -76.236324598821369, 36.937031571891488 ], [ -76.236370802997754, 36.936973915297386 ], [ -76.236417094769806, 36.93691614319394 ], [ -76.23646334905284, 36.936858420828813 ], [ -76.236509517044908, 36.936800803147847 ], [ -76.236556033591611, 36.936742754091398 ], [ -76.236601931955448, 36.936685474610094 ], [ -76.236648491578279, 36.93662736956216 ], [ -76.236706375290353, 36.936555129880674 ], [ -76.236708905112465, 36.936551972386283 ] ] ] } },
{ "type": "Feature", "properties": { "OBJECTID": 97, "ID": 20, "PARK_NAME": "Booker T Washington High School", "BASKETBALL_COURTS": " ", "GYMS": " ", "RESTROOMS": " ", "DETAILS": " ", "X_COORD": 12135869.567963639, "Y_COORD": 3478025.95699347, "ADDRESS": "1111 Park Avenue", "PARK_TYPE": "SSAPA", "Shape_Leng": 4826.8197754700004, "ACRES": 27.42375833, "ADDITIONAL_INFO": " ", "BIKE_RACKS": 0, "LIGHTED_BASKETBALL_COURTS": 0, "LIGHTED_BASEBALL_FIELDS": 0, "LIGHTED_TENNIS_COURTS": 7, "ADA_PLAYGROUNDS": 0, "PLAYGROUNDS": 0, "TENNIS_COURTS": 8, "FOOTBALL_FIELDS": 4, "BASEBALL_FIELDS": 2, "POOLS": null, "GYM": null, "PICNIC_SHELTERS": null, "REC_CENTER": null, "PICNIC_TABLES": null, "LIGHTED_FOOTBALL_FIELDS": null, "created_user": null, "created_date": null, "last_edited_user": "RFRASHE", "last_edited_date": "2026-01-06T18:59:23Z", "LUCITYID": "PRK-0097", "COMPKEY": 2586793, "UNITID": "8029", "LucityAutoID": 97, "InLucity": 1, "LastSynDate": "2020-07-24T12:33:34Z", "Shape__Area": 1194574.0519034634, "Shape__Length": 4826.8197009402056 }, "geometry": { "type": "Polygon", "coordinates": [ [ [ -76.270525527871172, 36.855434419835838 ], [ -76.270529012845088, 36.855434267855493 ], [ -76.270540137144835, 36.855432408568312 ], [ -76.270543466011077, 36.855431385605613 ], [ -76.270549463720002, 36.855429547085741 ], [ -76.270556330032832, 36.855426548766026 ], [ -76.270563659011458, 36.855422310831429 ], [ -76.270571751787671, 36.855415937628358 ], [ -76.270579310635711, 36.855406741116354 ], [ -76.270582947895264, 36.855400186894308 ], [ -76.270956510674225, 36.854727405710278 ], [ -76.271430442319598, 36.853864467801799 ], [ -76.271432986737778, 36.853859829862387 ], [ -76.271434820665746, 36.853854597959952 ], [ -76.27143572283174, 36.85384939344636 ], [ -76.271435791467511, 36.853844690502875 ], [ -76.27143524310415, 36.853840449071043 ], [ -76.271433691440294, 36.853835119578228 ], [ -76.271432286370157, 36.853832206733635 ], [ -76.271428586886557, 36.853826109983437 ], [ -76.27142545749237, 36.853822522645665 ], [ -76.271421506973056, 36.853818976513615 ], [ -76.27141756413431, 36.853816161537516 ], [ -76.27141259745305, 36.853813377610919 ], [ -76.271405990630996, 36.853810680642326 ], [ -76.269645347967696, 36.853238942914381 ], [ -76.269241831609705, 36.853109541420352 ], [ -76.268549470300144, 36.852887505696216 ], [ -76.268491880003808, 36.852869036703432 ], [ -76.266927733251791, 36.852371571538875 ], [ -76.266495525941281, 36.852247201615775 ], [ -76.266284942981059, 36.852186305895806 ], [ -76.266072701329378, 36.852141144112593 ], [ -76.265899145191526, 36.852112973139555 ], [ -76.265770096878867, 36.852101482068448 ], [ -76.265759541748153, 36.852100899095248 ], [ -76.265746079030379, 36.852101356875664 ], [ -76.265733999372671, 36.852101886934918 ], [ -76.265723625586659, 36.852103714968912 ], [ -76.265711091036692, 36.852107122560568 ], [ -76.26570068214518, 36.852111094285078 ], [ -76.265691733142347, 36.852115385825392 ], [ -76.265682296086794, 36.852121091344472 ], [ -76.265672539880001, 36.852128569195287 ], [ -76.265664697049502, 36.852136202426337 ], [ -76.265657236561623, 36.852146086441827 ], [ -76.265652203256153, 36.852153913734519 ], [ -76.265588242733827, 36.852253312409417 ], [ -76.26551152971885, 36.852381366373152 ], [ -76.26491002469858, 36.853546879485187 ], [ -76.264898696645261, 36.853569170234891 ], [ -76.264891889771818, 36.853586821136439 ], [ -76.264889751716851, 36.853605213478922 ], [ -76.264891195128769, 36.853618958907639 ], [ -76.26489642649932, 36.853635285837882 ], [ -76.264900547012104, 36.853642796954425 ], [ -76.264902892325125, 36.853647060902148 ], [ -76.264913780919372, 36.853660581357737 ], [ -76.264925648511621, 36.853671025135654 ], [ -76.264942390035699, 36.853681454399158 ], [ -76.264960651927339, 36.853689010178734 ], [ -76.265264660159588, 36.853808801201374 ], [ -76.265790445034781, 36.85397592833192 ], [ -76.26630946274949, 36.854153501947835 ], [ -76.266618131524197, 36.854263554892036 ], [ -76.266884048619076, 36.854358367744666 ], [ -76.267283580597663, 36.854491915449458 ], [ -76.268403333167356, 36.85482994207873 ], [ -76.268409894136582, 36.854831833422018 ], [ -76.268926502246984, 36.854980794069817 ], [ -76.269526709621928, 36.85515056713318 ], [ -76.270493696731123, 36.855429979391324 ], [ -76.270501840456532, 36.85543232881021 ], [ -76.270510724866611, 36.85543401626105 ], [ -76.270520186439967, 36.855434651952429 ], [ -76.270525527871172, 36.855434419835838 ] ] ] } },
{ "type": "Feature", "properties": { "OBJECTID": 98, "ID": 150, "PARK_NAME": "Tait Terrace Dog Park", "BASKETBALL_COURTS": " ", "GYMS": " ", "RESTROOMS": " ", "DETAILS": "Fenced", "X_COORD": 12138083.70470429, "Y_COORD": 3482591.2266169498, "ADDRESS": "2717 Tait Terrace", "PARK_TYPE": "DP", "Shape_Leng": 701.54271022, "ACRES": 0.61090742, "ADDITIONAL_INFO": " ", "BIKE_RACKS": 0, "LIGHTED_BASKETBALL_COURTS": 0, "LIGHTED_BASEBALL_FIELDS": 0, "LIGHTED_TENNIS_COURTS": 0, "ADA_PLAYGROUNDS": 0, "PLAYGROUNDS": 0, "TENNIS_COURTS": 0, "FOOTBALL_FIELDS": 0, "BASEBALL_FIELDS": 0, "POOLS": null, "GYM": null, "PICNIC_SHELTERS": null, "REC_CENTER": null, "PICNIC_TABLES": null, "LIGHTED_FOOTBALL_FIELDS": null, "created_user": null, "created_date": null, "last_edited_user": "RFRASHE", "last_edited_date": "2026-01-06T18:59:23Z", "LUCITYID": "PRK-0098", "COMPKEY": 2586996, "UNITID": "8187", "LucityAutoID": 98, "InLucity": 1, "LastSynDate": "2020-07-24T12:33:35Z", "Shape__Area": 26611.04961695231, "Shape__Length": 701.54310855775736 }, "geometry": { "type": "Polygon", "coordinates": [ [ [ -76.260639671815071, 36.866234040528731 ], [ -76.260640061178904, 36.866054945442308 ], [ -76.260637023610599, 36.865991906909308 ], [ -76.260326750933444, 36.865964341616802 ], [ -76.260008087783149, 36.86597204301485 ], [ -76.259873798176685, 36.866040335425851 ], [ -76.259817498195332, 36.866121924771313 ], [ -76.259760045326772, 36.866325517096378 ], [ -76.259766401316369, 36.866359097225434 ], [ -76.260049738093983, 36.866303487367148 ], [ -76.260411414252289, 36.866249370416796 ], [ -76.260639671815071, 36.866234040528731 ] ] ] } },
{ "type": "Feature", "properties": { "OBJECTID": 99, "ID": 91, "PARK_NAME": "Maple Avenue Dog Park", "BASKETBALL_COURTS": " ", "GYMS": " ", "RESTROOMS": " ", "DETAILS": "Fenced", "X_COORD": 12137684.520964149, "Y_COORD": 3512589.5759303099, "ADDRESS": "176 Maple Avenue", "PARK_TYPE": "DP", "Shape_Leng": 998.58476713000005, "ACRES": 0.38065051, "ADDITIONAL_INFO": " ", "BIKE_RACKS": 0, "LIGHTED_BASKETBALL_COURTS": 0, "LIGHTED_BASEBALL_FIELDS": 0, "LIGHTED_TENNIS_COURTS": 0, "ADA_PLAYGROUNDS": 0, "PLAYGROUNDS": 0, "TENNIS_COURTS": 0, "FOOTBALL_FIELDS": 0, "BASEBALL_FIELDS": 0, "POOLS": null, "GYM": null, "PICNIC_SHELTERS": null, "REC_CENTER": null, "PICNIC_TABLES": null, "LIGHTED_FOOTBALL_FIELDS": null, "created_user": null, "created_date": null, "last_edited_user": "RFRASHE", "last_edited_date": "2026-01-06T18:59:23Z", "LUCITYID": "PRK-0099", "COMPKEY": 2972931, "UNITID": "9709", "LucityAutoID": 99, "InLucity": 1, "LastSynDate": "2020-07-24T12:33:35Z", "Shape__Area": 16581.068231673951, "Shape__Length": 533.39404580084113 }, "geometry": { "type": "Polygon", "coordinates": [ [ [ -76.259447640736653, 36.948599597189059 ], [ -76.25936353156564, 36.948334573007898 ], [ -76.258810281393949, 36.94847367847867 ], [ -76.258903506102754, 36.948732727661685 ], [ -76.259447640736653, 36.948599597189059 ] ] ] } },
{ "type": "Feature", "properties": { "OBJECTID": 100, "ID": 118, "PARK_NAME": "PB Young Elementary School", "BASKETBALL_COURTS": " ", "GYMS": " ", "RESTROOMS": " ", "DETAILS": "asphalt play area", "X_COORD": 12131591.408972461, "Y_COORD": 3478434.6729781502, "ADDRESS": "543 E Olney Road", "PARK_TYPE": "SSAPA", "Shape_Leng": 2573.5424730899999, "ACRES": 7.77894122, "ADDITIONAL_INFO": " ", "BIKE_RACKS": 0, "LIGHTED_BASKETBALL_COURTS": 0, "LIGHTED_BASEBALL_FIELDS": 0, "LIGHTED_TENNIS_COURTS": 0, "ADA_PLAYGROUNDS": 0, "PLAYGROUNDS": 1, "TENNIS_COURTS": 0, "FOOTBALL_FIELDS": 1, "BASEBALL_FIELDS": 1, "POOLS": null, "GYM": null, "PICNIC_SHELTERS": null, "REC_CENTER": null, "PICNIC_TABLES": null, "LIGHTED_FOOTBALL_FIELDS": null, "created_user": null, "created_date": null, "last_edited_user": "RFRASHE", "last_edited_date": "2026-01-06T18:59:23Z", "LUCITYID": "PRK-0100", "COMPKEY": 2586789, "UNITID": "3099", "LucityAutoID": 100, "InLucity": 1, "LastSynDate": "2020-07-24T12:33:35Z", "Shape__Area": 338849.34680124099, "Shape__Length": 2573.5427865859961 }, "geometry": { "type": "Polygon", "coordinates": [ [ [ -76.282950545137496, 36.856092683759663 ], [ -76.283098574676742, 36.855581086886133 ], [ -76.283707831199635, 36.855694161603466 ], [ -76.283722002319422, 36.855682911343997 ], [ -76.283734816974203, 36.855673785246282 ], [ -76.283750697805701, 36.855663675925086 ], [ -76.283765314490282, 36.855655410379853 ], [ -76.283782225647812, 36.855646929434741 ], [ -76.283798171306913, 36.855639898595399 ], [ -76.283817741124821, 36.855632480946539 ], [ -76.283839008267989, 36.855625668589255 ], [ -76.283857832017532, 36.855620751668944 ], [ -76.283873488928052, 36.855617383932596 ], [ -76.28389205176552, 36.855614217945664 ], [ -76.283907977067329, 36.855612182981403 ], [ -76.283924937332074, 36.855610696644348 ], [ -76.283944776790875, 36.855609827981908 ], [ -76.283963330238365, 36.855609862558595 ], [ -76.283977653358505, 36.855610453682672 ], [ -76.28385302473842, 36.855531760099943 ], [ -76.284106147074326, 36.854583804217164 ], [ -76.28406481542271, 36.854574713835376 ], [ -76.283834083834265, 36.854547600965574 ], [ -76.281871625273908, 36.854350416050814 ], [ -76.281870376620091, 36.854354567600659 ], [ -76.281606671003843, 36.855212671143697 ], [ -76.281511623662368, 36.855244488774787 ], [ -76.281365999274726, 36.855213205321292 ], [ -76.281368348318395, 36.85521883185897 ], [ -76.281375629854836, 36.855242077747448 ], [ -76.281376643601945, 36.855261987360706 ], [ -76.281379035260628, 36.855289625182294 ], [ -76.281376738206603, 36.855313320191961 ], [ -76.281372149319353, 36.855333765747936 ], [ -76.281357553232297, 36.855387297134548 ], [ -76.281303697790264, 36.855591189368525 ], [ -76.282114378448043, 36.855833343657039 ], [ -76.282920302115073, 36.856082001364165 ], [ -76.282941923302943, 36.856089638445049 ], [ -76.282950545137496, 36.856092683759663 ] ] ] } },
{ "type": "Feature", "properties": { "OBJECTID": 101, "ID": 166, "PARK_NAME": "Willoughby Elementary School", "BASKETBALL_COURTS": "6", "GYMS": " ", "RESTROOMS": " ", "DETAILS": " ", "X_COORD": 12136708.273103621, "Y_COORD": 3515801.70856957, "ADDRESS": "9500 4th View Street", "PARK_TYPE": "SSAPA", "Shape_Leng": 2971.7350972999998, "ACRES": 8.3312748, "ADDITIONAL_INFO": " ", "BIKE_RACKS": 0, "LIGHTED_BASKETBALL_COURTS": 0, "LIGHTED_BASEBALL_FIELDS": 0, "LIGHTED_TENNIS_COURTS": 0, "ADA_PLAYGROUNDS": 0, "PLAYGROUNDS": 1, "TENNIS_COURTS": 0, "FOOTBALL_FIELDS": 1, "BASEBALL_FIELDS": 0, "POOLS": null, "GYM": null, "PICNIC_SHELTERS": null, "REC_CENTER": null, "PICNIC_TABLES": null, "LIGHTED_FOOTBALL_FIELDS": null, "created_user": null, "created_date": null, "last_edited_user": "RFRASHE", "last_edited_date": "2026-01-06T18:59:23Z", "LUCITYID": "PRK-0101", "COMPKEY": 2586843, "UNITID": "4061", "LucityAutoID": 101, "InLucity": 1, "LastSynDate": "2020-07-24T12:33:35Z", "Shape__Area": 362908.86455199291, "Shape__Length": 2971.7352675599204 }, "geometry": { "type": "Polygon", "coordinates": [ [ [ -76.261593914144939, 36.958743628388596 ], [ -76.262236980055093, 36.958108263637634 ], [ -76.262346031291074, 36.958000574305814 ], [ -76.262546169329411, 36.958130317485981 ], [ -76.262991374159071, 36.957689555904913 ], [ -76.263047573508558, 36.957556931156738 ], [ -76.263105706906572, 36.957422209630032 ], [ -76.26317694790194, 36.957254079373314 ], [ -76.263207169361365, 36.957182751090251 ], [ -76.263236056191118, 36.957114588261845 ], [ -76.263266103577749, 36.957043673988323 ], [ -76.263295502300338, 36.956974299528021 ], [ -76.263325075408758, 36.956904494819447 ], [ -76.263354655011653, 36.956834696537307 ], [ -76.263384227984446, 36.956764892714233 ], [ -76.263413807664577, 36.95669508811077 ], [ -76.263440418241018, 36.956632300976779 ], [ -76.2634700053773, 36.956562468560087 ], [ -76.263499584872733, 36.956492664835267 ], [ -76.263529157605134, 36.9564228600739 ], [ -76.263558736831968, 36.956353061738952 ], [ -76.263289747588459, 36.956171033930509 ], [ -76.263235366829775, 36.956224054761933 ], [ -76.263180987277153, 36.956277070184228 ], [ -76.263126606366228, 36.956330090965118 ], [ -76.263079929663036, 36.956375600229087 ], [ -76.263001431031213, 36.956322476790326 ], [ -76.262922926710587, 36.956269359498407 ], [ -76.263132744579522, 36.956064799784968 ], [ -76.262949036660089, 36.955942448471617 ], [ -76.260643161791378, 36.958134301385947 ], [ -76.260841832824838, 36.958263091172007 ], [ -76.261572435696323, 36.95873670001248 ], [ -76.261589639141064, 36.958747851963942 ], [ -76.261593914144939, 36.958743628388596 ] ] ] } },
{ "type": "Feature", "properties": { "OBJECTID": 102, "ID": 164, "PARK_NAME": "WH Taylor Elementary School", "BASKETBALL_COURTS": " ", "GYMS": " ", "RESTROOMS": " ", "DETAILS": " ", "X_COORD": 12125222.50322693, "Y_COORD": 3483382.79301167, "ADDRESS": "1122 W Princess Anne Road", "PARK_TYPE": "SSAPA", "Shape_Leng": 1834.64934776, "ACRES": 4.52720444, "ADDITIONAL_INFO": " ", "BIKE_RACKS": 0, "LIGHTED_BASKETBALL_COURTS": 0, "LIGHTED_BASEBALL_FIELDS": 0, "LIGHTED_TENNIS_COURTS": 0, "ADA_PLAYGROUNDS": 0, "PLAYGROUNDS": 2, "TENNIS_COURTS": 0, "FOOTBALL_FIELDS": 1, "BASEBALL_FIELDS": 0, "POOLS": null, "GYM": null, "PICNIC_SHELTERS": null, "REC_CENTER": null, "PICNIC_TABLES": null, "LIGHTED_FOOTBALL_FIELDS": null, "created_user": null, "created_date": null, "last_edited_user": "RFRASHE", "last_edited_date": "2026-01-06T18:59:23Z", "LUCITYID": "PRK-0102", "COMPKEY": 2586787, "UNITID": "3086", "LucityAutoID": 102, "InLucity": 1, "LastSynDate": "2020-07-24T12:33:35Z", "Shape__Area": 197204.25346125982, "Shape__Length": 1834.6496425083928 }, "geometry": { "type": "Polygon", "coordinates": [ [ [ -76.304233318910363, 36.870008198540731 ], [ -76.304284245594346, 36.869941412179429 ], [ -76.304335551255647, 36.869874126315608 ], [ -76.304387512219108, 36.869805980160471 ], [ -76.304434581038606, 36.869744253087312 ], [ -76.304695814661443, 36.869368789391409 ], [ -76.304777966471292, 36.869250720197364 ], [ -76.304934818135166, 36.869025274069067 ], [ -76.305112580226236, 36.868769783067869 ], [ -76.305000297055557, 36.868718188661823 ], [ -76.304923646642976, 36.868682968896849 ], [ -76.304849657910125, 36.868648968784463 ], [ -76.304772683339436, 36.868613596840447 ], [ -76.304697810113467, 36.868579191614621 ], [ -76.304620109437607, 36.868543485114181 ], [ -76.304544345126146, 36.868508670141566 ], [ -76.304469472107328, 36.86847426477015 ], [ -76.304393548589061, 36.86843937371183 ], [ -76.304318516205527, 36.86840489766093 ], [ -76.304241866582629, 36.868369672045759 ], [ -76.304203213994953, 36.868351912029119 ], [ -76.304024925611969, 36.868606637417471 ], [ -76.303984359587929, 36.86858796904378 ], [ -76.303978969155267, 36.868585488682328 ], [ -76.303909501138804, 36.868553531135639 ], [ -76.303901857848388, 36.868550011749036 ], [ -76.303833598972375, 36.86851860585962 ], [ -76.303825955688978, 36.868515086468101 ], [ -76.303726239882607, 36.868469211454119 ], [ -76.303568155314352, 36.868692905956038 ], [ -76.303482879728435, 36.868813583051185 ], [ -76.30323367345531, 36.869166093224415 ], [ -76.303054593535435, 36.869403466538643 ], [ -76.303130456810052, 36.869442386415997 ], [ -76.303198750170381, 36.869477423132317 ], [ -76.303269741813693, 36.869513848786511 ], [ -76.303345019500895, 36.869552465529758 ], [ -76.303412091507369, 36.869586877170789 ], [ -76.303483759959519, 36.869623647048066 ], [ -76.303565874757382, 36.869665778800332 ], [ -76.303635859955037, 36.869701678843903 ], [ -76.303712545020488, 36.869741024719445 ], [ -76.303783571576986, 36.869777462424182 ], [ -76.303852086687129, 36.869812610156941 ], [ -76.303934623092317, 36.86985495683868 ], [ -76.304211981633173, 36.86999725198779 ], [ -76.304233318910363, 36.870008198540731 ] ] ] } },
{ "type": "Feature", "properties": { "OBJECTID": 103, "ID": 152, "PARK_NAME": "Tanners Creek Elementary School", "BASKETBALL_COURTS": "4", "GYMS": " ", "RESTROOMS": " ", "DETAILS": " ", "X_COORD": 12145726.38458043, "Y_COORD": 3495073.3705168399, "ADDRESS": "1335 Longdale Drive", "PARK_TYPE": "SSAPA", "Shape_Leng": 2298.1238906899998, "ACRES": 7.98073937, "ADDITIONAL_INFO": " ", "BIKE_RACKS": 0, "LIGHTED_BASKETBALL_COURTS": 0, "LIGHTED_BASEBALL_FIELDS": 0, "LIGHTED_TENNIS_COURTS": 0, "ADA_PLAYGROUNDS": 0, "PLAYGROUNDS": 2, "TENNIS_COURTS": 0, "FOOTBALL_FIELDS": 0, "BASEBALL_FIELDS": 0, "POOLS": null, "GYM": null, "PICNIC_SHELTERS": null, "REC_CENTER": null, "PICNIC_TABLES": null, "LIGHTED_FOOTBALL_FIELDS": null, "created_user": null, "created_date": null, "last_edited_user": "RFRASHE", "last_edited_date": "2026-01-06T18:59:23Z", "LUCITYID": "PRK-0103", "COMPKEY": 2586811, "UNITID": "8190", "LucityAutoID": 103, "InLucity": 1, "LastSynDate": "2020-07-24T12:33:35Z", "Shape__Area": 347639.5706807407, "Shape__Length": 2298.123584555362 }, "geometry": { "type": "Polygon", "coordinates": [ [ [ -76.234349525074123, 36.900358609924432 ], [ -76.234350634237813, 36.900357961584461 ], [ -76.234358537236957, 36.900352081928588 ], [ -76.234365349356537, 36.90034567556949 ], [ -76.234372334845233, 36.900336998378762 ], [ -76.234375758681864, 36.900331679559656 ], [ -76.234379144944654, 36.900324801535646 ], [ -76.234381766129943, 36.900317273291719 ], [ -76.234383569111117, 36.900308018461054 ], [ -76.234383878518912, 36.900298379694583 ], [ -76.234382806839022, 36.900289700409402 ], [ -76.234379607589446, 36.900279318871043 ], [ -76.234376563098294, 36.900272396194595 ], [ -76.234335835536115, 36.900179884226596 ], [ -76.234169532399235, 36.899802137917732 ], [ -76.234016551263238, 36.899383107353167 ], [ -76.234012375981536, 36.899373241499866 ], [ -76.234008725653965, 36.899365074948676 ], [ -76.234003677505598, 36.899354410771075 ], [ -76.234000149099614, 36.899347309293709 ], [ -76.233996088293097, 36.899339471040939 ], [ -76.23399161382811, 36.899331203868854 ], [ -76.233987735622023, 36.899324315582305 ], [ -76.233983215703148, 36.899316592866533 ], [ -76.233977224926903, 36.899306788453039 ], [ -76.233971588993853, 36.89929799140964 ], [ -76.233966029752565, 36.899289669968944 ], [ -76.233960085296943, 36.899281131980857 ], [ -76.233952938272253, 36.899271298961501 ], [ -76.233948976396704, 36.899266045960587 ], [ -76.233940668848689, 36.899255426195488 ], [ -76.233935276482256, 36.899248806164977 ], [ -76.233925470369172, 36.899237257027444 ], [ -76.233916325186641, 36.899227025827059 ], [ -76.233906188106346, 36.899216223857017 ], [ -76.233894784519052, 36.899204688982188 ], [ -76.233882538177312, 36.899192962988415 ], [ -76.23387509897249, 36.899186146646706 ], [ -76.233863630562823, 36.899176067143792 ], [ -76.233855272528274, 36.899169014048461 ], [ -76.233844116411092, 36.899159976247496 ], [ -76.233833476631858, 36.899151724487623 ], [ -76.233823675816012, 36.899144429040781 ], [ -76.23380819154093, 36.899133456347052 ], [ -76.233795302128939, 36.899124733950295 ], [ -76.233767577199913, 36.899111494405417 ], [ -76.233736760905984, 36.899096395190199 ], [ -76.233711471702179, 36.899085323542103 ], [ -76.233702294253888, 36.899081578911868 ], [ -76.233691096214983, 36.899077210321309 ], [ -76.233677555155651, 36.899072228678193 ], [ -76.233665892744156, 36.899068189146291 ], [ -76.233652744925863, 36.899063906439892 ], [ -76.233636664825923, 36.899059049792967 ], [ -76.233623970727947, 36.899055507751278 ], [ -76.233613439257965, 36.8990527564589 ], [ -76.233598150423617, 36.899049062519133 ], [ -76.233584139609633, 36.899045979119336 ], [ -76.233568999787693, 36.899042969490445 ], [ -76.233547622518032, 36.899039271699117 ], [ -76.233527958202771, 36.899036427192613 ], [ -76.233510625248996, 36.899034360464803 ], [ -76.233489539607334, 36.899032395325449 ], [ -76.233474969708965, 36.899031382409433 ], [ -76.23345172060759, 36.899030343617049 ], [ -76.233433549561681, 36.899030031919835 ], [ -76.233416130411769, 36.899030134932829 ], [ -76.233396425967314, 36.899030734693149 ], [ -76.233377520356939, 36.899031793334856 ], [ -76.233360546539572, 36.89903314251945 ], [ -76.233342254590482, 36.899035035047149 ], [ -76.233328000610356, 36.899036818869448 ], [ -76.233309837663256, 36.899039501683795 ], [ -76.233029369374393, 36.89910332834959 ], [ -76.232771394337831, 36.89916185464174 ], [ -76.232598210311139, 36.899200257090314 ], [ -76.232422091793197, 36.899238603567071 ], [ -76.232192900637742, 36.899289451714367 ], [ -76.23194969175043, 36.899343551473699 ], [ -76.231803806910349, 36.899376415148687 ], [ -76.231898758644718, 36.899679342903298 ], [ -76.232237985760378, 36.900862658961927 ], [ -76.232270658394128, 36.900856913977755 ], [ -76.232693956643317, 36.900774609972807 ], [ -76.233053369602573, 36.900696198299414 ], [ -76.233740538249933, 36.900531923390822 ], [ -76.234110125085195, 36.900429482018446 ], [ -76.234319433658314, 36.900371432375202 ], [ -76.234330831170865, 36.900367933023631 ], [ -76.234341942507086, 36.900363043639196 ], [ -76.234345811479059, 36.900360780957328 ], [ -76.234349525074123, 36.900358609924432 ] ] ] } },
{ "type": "Feature", "properties": { "OBJECTID": 104, "ID": 135, "PARK_NAME": "Rosemont Middle School", "BASKETBALL_COURTS": "1", "GYMS": " ", "RESTROOMS": " ", "DETAILS": " ", "X_COORD": 12144873.351543671, "Y_COORD": 3497124.6150115202, "ADDRESS": "1330 Branch Road", "PARK_TYPE": "SSAPA", "Shape_Leng": 4118.2315584999997, "ACRES": 24.66929738, "ADDITIONAL_INFO": "2 half courts on side of full court bball", "BIKE_RACKS": 0, "LIGHTED_BASKETBALL_COURTS": 0, "LIGHTED_BASEBALL_FIELDS": 1, "LIGHTED_TENNIS_COURTS": 0, "ADA_PLAYGROUNDS": 0, "PLAYGROUNDS": 1, "TENNIS_COURTS": 5, "FOOTBALL_FIELDS": 1, "BASEBALL_FIELDS": 1, "POOLS": null, "GYM": null, "PICNIC_SHELTERS": null, "REC_CENTER": null, "PICNIC_TABLES": null, "LIGHTED_FOOTBALL_FIELDS": null, "created_user": null, "created_date": null, "last_edited_user": "RFRASHE", "last_edited_date": "2026-01-06T18:59:23Z", "LUCITYID": "PRK-0104", "COMPKEY": 2586807, "UNITID": "8158", "LucityAutoID": 104, "InLucity": 1, "LastSynDate": "2020-07-24T12:33:35Z", "Shape__Area": 1074590.2143333131, "Shape__Length": 4118.2317400808779 }, "geometry": { "type": "Polygon", "coordinates": [ [ [ -76.234716472880422, 36.907257536852605 ], [ -76.234730396791065, 36.907253665193295 ], [ -76.236453658658306, 36.906774504681394 ], [ -76.237640502290475, 36.906445464296866 ], [ -76.237656662816377, 36.906441594787104 ], [ -76.237682459886756, 36.906434585589558 ], [ -76.237709179646345, 36.906426220449944 ], [ -76.237733016788184, 36.906417750243676 ], [ -76.237762816467367, 36.906405737015994 ], [ -76.237792903569868, 36.906391877887209 ], [ -76.237816522520589, 36.906379660952332 ], [ -76.237841578326439, 36.906365294845827 ], [ -76.237869066465009, 36.90634765488074 ], [ -76.237893367122311, 36.906330196030851 ], [ -76.237920462474406, 36.906308340872172 ], [ -76.23794073183403, 36.906290039156168 ], [ -76.237953464178986, 36.906277527937071 ], [ -76.237967239127784, 36.906262989758396 ], [ -76.237980084591328, 36.906248342650414 ], [ -76.23799387953018, 36.906231216102292 ], [ -76.237999606291496, 36.906223387001276 ], [ -76.238007999827246, 36.906211912682323 ], [ -76.238018424199069, 36.906196213039081 ], [ -76.238030907758656, 36.906175375522906 ], [ -76.238041025688091, 36.906156366437919 ], [ -76.238048102543061, 36.906141547009057 ], [ -76.238055671523313, 36.906123889605041 ], [ -76.238065210919984, 36.906097712460429 ], [ -76.238071210669986, 36.906077650631275 ], [ -76.23807689237411, 36.906053953742131 ], [ -76.23807955237767, 36.906039966007185 ], [ -76.238082294389187, 36.906021349483062 ], [ -76.238084079716756, 36.906003535700641 ], [ -76.238085198808264, 36.905980364839429 ], [ -76.238085034283841, 36.905959323562762 ], [ -76.238084103333577, 36.905942639208511 ], [ -76.238081415427516, 36.905917880769273 ], [ -76.238078536346947, 36.905900280982557 ], [ -76.238075952317502, 36.90588753807846 ], [ -76.238073429444597, 36.905876770364223 ], [ -76.23751206729834, 36.904144810613509 ], [ -76.237505571819426, 36.904132408831103 ], [ -76.237498834278497, 36.904122702009488 ], [ -76.237493564209757, 36.904116399991686 ], [ -76.237487037650041, 36.904109702418239 ], [ -76.237477063632568, 36.904101182597458 ], [ -76.237467531191697, 36.904094489351884 ], [ -76.237460621234703, 36.904090333487339 ], [ -76.237455450662779, 36.904087729925912 ], [ -76.237448742064942, 36.904084348613495 ], [ -76.237434835765967, 36.904078893481838 ], [ -76.237420358852845, 36.904074731654411 ], [ -76.237414274709565, 36.904073404879512 ], [ -76.237400487829746, 36.904071243867733 ], [ -76.237394465687004, 36.904070660117839 ], [ -76.237385302257081, 36.904070179942991 ], [ -76.237377729374458, 36.904070146824012 ], [ -76.237370525457038, 36.904070424571437 ], [ -76.237314222792818, 36.904074647030036 ], [ -76.237050647536506, 36.904102746550812 ], [ -76.236798356664252, 36.904140353268069 ], [ -76.236364558525921, 36.904224895694227 ], [ -76.235695521446971, 36.904384521428284 ], [ -76.234923212396083, 36.904568138024437 ], [ -76.234838436107268, 36.904588290412462 ], [ -76.234284213518038, 36.904720924530608 ], [ -76.233776430199057, 36.904847823709886 ], [ -76.23308746123503, 36.905031396667781 ], [ -76.233131673744936, 36.905092010721425 ], [ -76.233165238040542, 36.905138026195289 ], [ -76.233203567842139, 36.905190581120102 ], [ -76.233241407447736, 36.905242452347125 ], [ -76.233271727509688, 36.905284021821572 ], [ -76.233302775375222, 36.905326589627556 ], [ -76.233320613469402, 36.905350959854324 ], [ -76.233379285116669, 36.905431095257391 ], [ -76.233410667607231, 36.905473962433256 ], [ -76.233442023085885, 36.905516795728126 ], [ -76.233473155499752, 36.905559320046819 ], [ -76.233504276094024, 36.905601827903801 ], [ -76.233535813077594, 36.905644900832371 ], [ -76.233566529403419, 36.905686854641161 ], [ -76.233598012389606, 36.905729858907009 ], [ -76.233629031718081, 36.905772229568832 ], [ -76.233684566876875, 36.905848084979738 ], [ -76.233735066112544, 36.905917062200714 ], [ -76.23376583653878, 36.905959090908894 ], [ -76.233804125543969, 36.906011386138836 ], [ -76.23384215993697, 36.906063339331062 ], [ -76.233873589517316, 36.906106263165739 ], [ -76.233923496755509, 36.906174441982429 ], [ -76.233957936400699, 36.906221470108498 ], [ -76.23402153736977, 36.906308345150656 ], [ -76.234053411146505, 36.906351885926249 ], [ -76.234084417235835, 36.906394228259408 ], [ -76.234114783541187, 36.906435708251067 ], [ -76.234146509800695, 36.906479043345506 ], [ -76.234177906135471, 36.906521926790191 ], [ -76.234209322957867, 36.906564839464707 ], [ -76.23422495427198, 36.906586190653968 ], [ -76.234240322490677, 36.906607181626669 ], [ -76.234272204371152, 36.906650722493957 ], [ -76.234328521400386, 36.906727649961184 ], [ -76.234385720860601, 36.906805776113934 ], [ -76.234416330310935, 36.906847581597951 ], [ -76.23444820454111, 36.906891122265833 ], [ -76.234479056714648, 36.906933258709074 ], [ -76.234510783390604, 36.906976593704549 ], [ -76.234527726218573, 36.906999735926654 ], [ -76.23454187062454, 36.907019054649439 ], [ -76.234572721780381, 36.907061191046303 ], [ -76.234604118570459, 36.907104075277253 ], [ -76.234635845389391, 36.90714741023875 ], [ -76.234716472880422, 36.907257536852605 ] ] ] } },
{ "type": "Feature", "properties": { "OBJECTID": 105, "ID": 122, "PARK_NAME": "Poplar Hall Elementary School", "BASKETBALL_COURTS": " ", "GYMS": " ", "RESTROOMS": " ", "DETAILS": " ", "X_COORD": 12152134.5204101, "Y_COORD": 3475162.7334583499, "ADDRESS": "5523 Pebble Lane", "PARK_TYPE": "SSAPA", "Shape_Leng": 1428.7214219099999, "ACRES": 2.71329003, "ADDITIONAL_INFO": " ", "BIKE_RACKS": 0, "LIGHTED_BASKETBALL_COURTS": 0, "LIGHTED_BASEBALL_FIELDS": 0, "LIGHTED_TENNIS_COURTS": 0, "ADA_PLAYGROUNDS": 0, "PLAYGROUNDS": 1, "TENNIS_COURTS": 0, "FOOTBALL_FIELDS": 0, "BASEBALL_FIELDS": 0, "POOLS": null, "GYM": null, "PICNIC_SHELTERS": null, "REC_CENTER": null, "PICNIC_TABLES": null, "LIGHTED_FOOTBALL_FIELDS": null, "created_user": null, "created_date": null, "last_edited_user": "RFRASHE", "last_edited_date": "2026-01-06T18:59:23Z", "LUCITYID": "PRK-0105", "COMPKEY": 2586806, "UNITID": "8139", "LucityAutoID": 105, "InLucity": 1, "LastSynDate": "2020-07-24T12:33:35Z", "Shape__Area": 118190.41568394935, "Shape__Length": 1428.7211599226532 }, "geometry": { "type": "Polygon", "coordinates": [ [ [ -76.213600145495633, 36.845132218087876 ], [ -76.212709749704558, 36.844074113120918 ], [ -76.212010921175661, 36.844541574198928 ], [ -76.212875412279274, 36.845531791772572 ], [ -76.213600145495633, 36.845132218087876 ] ] ] } },
{ "type": "Feature", "properties": { "OBJECTID": 106, "ID": 113, "PARK_NAME": "Ocean View Elementary School", "BASKETBALL_COURTS": "6", "GYMS": " ", "RESTROOMS": " ", "DETAILS": " ", "X_COORD": 12137234.4274048, "Y_COORD": 3515392.3516307799, "ADDRESS": "9501 Mason Creek Road", "PARK_TYPE": "SSAPA", "Shape_Leng": 4394.8722726699998, "ACRES": 25.71430664, "ADDITIONAL_INFO": " ", "BIKE_RACKS": 0, "LIGHTED_BASKETBALL_COURTS": 0, "LIGHTED_BASEBALL_FIELDS": 1, "LIGHTED_TENNIS_COURTS": 0, "ADA_PLAYGROUNDS": 0, "PLAYGROUNDS": 1, "TENNIS_COURTS": 0, "FOOTBALL_FIELDS": 0, "BASEBALL_FIELDS": 2, "POOLS": null, "GYM": null, "PICNIC_SHELTERS": null, "REC_CENTER": null, "PICNIC_TABLES": null, "LIGHTED_FOOTBALL_FIELDS": null, "created_user": null, "created_date": null, "last_edited_user": "RFRASHE", "last_edited_date": "2026-01-06T18:59:23Z", "LUCITYID": "PRK-0106", "COMPKEY": 2586841, "UNITID": "4042", "LucityAutoID": 106, "InLucity": 1, "LastSynDate": "2020-07-24T12:33:35Z", "Shape__Area": 1120110.6011204945, "Shape__Length": 4394.8725165229398 }, "geometry": { "type": "Polygon", "coordinates": [ [ [ -76.262944927012782, 36.955940776682382 ], [ -76.261390654870056, 36.954908400821566 ], [ -76.260805135803096, 36.954481768236079 ], [ -76.260316357467374, 36.954150792165571 ], [ -76.259754151904232, 36.954650046510316 ], [ -76.259207203090796, 36.955160322492979 ], [ -76.258560939506808, 36.955783931686817 ], [ -76.258546328003987, 36.956277716341297 ], [ -76.258577847977207, 36.956860432242948 ], [ -76.258659823350342, 36.957179956153887 ], [ -76.258794748234237, 36.957564081514064 ], [ -76.258831734378163, 36.957550111120881 ], [ -76.259125886300367, 36.957497015237486 ], [ -76.259410909970015, 36.957546471069101 ], [ -76.259675487794453, 36.957668912696391 ], [ -76.259823306510995, 36.95782337195088 ], [ -76.259933561380024, 36.958011356773241 ], [ -76.259964041359822, 36.958217389946682 ], [ -76.259966393988023, 36.958550071473944 ], [ -76.260147421366383, 36.958612219889524 ], [ -76.260624586076887, 36.958141917604827 ], [ -76.262944927012782, 36.955940776682382 ] ] ] } },
{ "type": "Feature", "properties": { "OBJECTID": 107, "ID": 116, "PARK_NAME": "Oceanair Elementary School", "BASKETBALL_COURTS": "4", "GYMS": " ", "RESTROOMS": " ", "DETAILS": " ", "X_COORD": 12140158.604437681, "Y_COORD": 3510004.9213774502, "ADDRESS": "600 Dudley Avenue", "PARK_TYPE": "SSAPA", "Shape_Leng": 3709.6491940800001, "ACRES": 19.45752331, "ADDITIONAL_INFO": " ", "BIKE_RACKS": 0, "LIGHTED_BASKETBALL_COURTS": 0, "LIGHTED_BASEBALL_FIELDS": 0, "LIGHTED_TENNIS_COURTS": 0, "ADA_PLAYGROUNDS": 0, "PLAYGROUNDS": 1, "TENNIS_COURTS": 0, "FOOTBALL_FIELDS": 0, "BASEBALL_FIELDS": 3, "POOLS": null, "GYM": null, "PICNIC_SHELTERS": null, "REC_CENTER": null, "PICNIC_TABLES": null, "LIGHTED_FOOTBALL_FIELDS": null, "created_user": null, "created_date": null, "last_edited_user": "RFRASHE", "last_edited_date": "2026-01-06T18:59:23Z", "LUCITYID": "PRK-0107", "COMPKEY": 2586840, "UNITID": "4039", "LucityAutoID": 107, "InLucity": 1, "LastSynDate": "2020-07-24T12:33:35Z", "Shape__Area": 847566.46187499852, "Shape__Length": 3709.6492819198534 }, "geometry": { "type": "Polygon", "coordinates": [ [ [ -76.252479022223994, 36.94232033786043 ], [ -76.252523941406977, 36.941758199874144 ], [ -76.252565869031912, 36.941233517966403 ], [ -76.252569179705873, 36.941192095626441 ], [ -76.252577630695612, 36.94108633519852 ], [ -76.2526235923998, 36.940511185974316 ], [ -76.252668141514334, 36.939953615320135 ], [ -76.252324459668657, 36.93998723744064 ], [ -76.252177114915412, 36.940001970490954 ], [ -76.251541737620968, 36.940065506129358 ], [ -76.250913072869366, 36.940128368133699 ], [ -76.250280132983661, 36.940191651573222 ], [ -76.249646635626718, 36.940254988560326 ], [ -76.249005109180942, 36.940319124805718 ], [ -76.249091652024021, 36.940869503546651 ], [ -76.249178697509535, 36.94142307635709 ], [ -76.249196136475206, 36.941533985093493 ], [ -76.249282328479936, 36.942082129608394 ], [ -76.249369923779653, 36.942639212748496 ], [ -76.249709514601548, 36.942604085736249 ], [ -76.250006655003475, 36.942573615013806 ], [ -76.250643278122155, 36.94250832726496 ], [ -76.250829000676632, 36.942489277027938 ], [ -76.251271761950534, 36.942443949463971 ], [ -76.25190475158287, 36.942379136179987 ], [ -76.25228273959965, 36.942340435426516 ], [ -76.252479022223994, 36.94232033786043 ] ] ] } },
{ "type": "Feature", "properties": { "OBJECTID": 108, "ID": 108, "PARK_NAME": "Norview High School", "BASKETBALL_COURTS": " ", "GYMS": " ", "RESTROOMS": " ", "DETAILS": " ", "X_COORD": 12143411.978604309, "Y_COORD": 3495145.2334190202, "ADDRESS": "6501 Chesapeake Boulevard", "PARK_TYPE": "SSAPA", "Shape_Leng": 4874.90596998, "ACRES": 30.57508188, "ADDITIONAL_INFO": " ", "BIKE_RACKS": 0, "LIGHTED_BASKETBALL_COURTS": 0, "LIGHTED_BASEBALL_FIELDS": 0, "LIGHTED_TENNIS_COURTS": 6, "ADA_PLAYGROUNDS": 0, "PLAYGROUNDS": 0, "TENNIS_COURTS": 6, "FOOTBALL_FIELDS": 2, "BASEBALL_FIELDS": 2, "POOLS": null, "GYM": null, "PICNIC_SHELTERS": null, "REC_CENTER": null, "PICNIC_TABLES": null, "LIGHTED_FOOTBALL_FIELDS": null, "created_user": null, "created_date": null, "last_edited_user": "RFRASHE", "last_edited_date": "2026-01-06T18:59:23Z", "LUCITYID": "PRK-0108", "COMPKEY": 2691438, "UNITID": "5058", "LucityAutoID": 108, "InLucity": 1, "LastSynDate": "2020-07-24T12:33:36Z", "Shape__Area": 1331845.4018559956, "Shape__Length": 4874.9061223027666 }, "geometry": { "type": "Polygon", "coordinates": [ [ [ -76.242599233159297, 36.90291528215068 ], [ -76.242611000555328, 36.902915341419209 ], [ -76.242592527656925, 36.902793641719228 ], [ -76.242551319146671, 36.90252209522059 ], [ -76.242571900097687, 36.902405748077527 ], [ -76.242548265076223, 36.902204962635267 ], [ -76.242542274180778, 36.902136966823967 ], [ -76.242517441782255, 36.901855230232535 ], [ -76.242506941150026, 36.901744391075425 ], [ -76.242500371345841, 36.901675146551995 ], [ -76.242493678817254, 36.901604634140043 ], [ -76.242487185291665, 36.901536145531097 ], [ -76.242480409082631, 36.901464675151523 ], [ -76.242469974116801, 36.901354687245735 ], [ -76.242468102465196, 36.901334963462823 ], [ -76.242414786271056, 36.900772526950512 ], [ -76.242373649296539, 36.900364292714606 ], [ -76.242360261341517, 36.900231370265139 ], [ -76.242348143297548, 36.900111092358841 ], [ -76.242283390645554, 36.899444146047365 ], [ -76.242214194644902, 36.898810402079867 ], [ -76.242192066764147, 36.898683770936941 ], [ -76.242162703729022, 36.898568095808443 ], [ -76.242121049612436, 36.898459117901794 ], [ -76.242072250836955, 36.898358323298979 ], [ -76.241996705055286, 36.898227892234523 ], [ -76.241893544232312, 36.898096935007914 ], [ -76.241836677248202, 36.898018424999513 ], [ -76.239063823921853, 36.898291745181467 ], [ -76.239391945999188, 36.900322675091168 ], [ -76.239405459092239, 36.900418824260569 ], [ -76.239425230512708, 36.90055952801945 ], [ -76.239518433667968, 36.901222685257054 ], [ -76.239650104125758, 36.901366717499165 ], [ -76.239715881069372, 36.901563965046044 ], [ -76.239750476439198, 36.901637738258287 ], [ -76.239847887153061, 36.901748493287677 ], [ -76.240406095801418, 36.901994094814313 ], [ -76.24050453407672, 36.902005322039514 ], [ -76.240581591971775, 36.902019244285086 ], [ -76.24065269918151, 36.902037722106684 ], [ -76.240733306093929, 36.902062600191016 ], [ -76.240748469120106, 36.90206888943041 ], [ -76.240804089070068, 36.902091959398128 ], [ -76.240855055770766, 36.902136494477006 ], [ -76.240894776893995, 36.902168362671439 ], [ -76.240910821580869, 36.902185742231318 ], [ -76.241071925089187, 36.90236022725523 ], [ -76.241127735749984, 36.902420672644787 ], [ -76.241213687844379, 36.902513763733779 ], [ -76.24121936118074, 36.902519910183003 ], [ -76.241327817315266, 36.902590651440583 ], [ -76.241403643136223, 36.902640109602764 ], [ -76.241408624844865, 36.902642686826006 ], [ -76.241565771402293, 36.902724102926477 ], [ -76.241649734032592, 36.902766161057492 ], [ -76.241656110631041, 36.902768708287063 ], [ -76.241758560620269, 36.90280968659463 ], [ -76.241860871234508, 36.902850599937892 ], [ -76.241958467135305, 36.902875567420438 ], [ -76.242055997486887, 36.902900100000018 ], [ -76.242176031196394, 36.902913146837044 ], [ -76.242200773421715, 36.902913273330263 ], [ -76.242289675284226, 36.902913721067534 ], [ -76.242378283094197, 36.902914168497162 ], [ -76.242468152236469, 36.902914622962463 ], [ -76.242570456552286, 36.902915137740386 ], [ -76.242599233159297, 36.90291528215068 ] ] ] } },
{ "type": "Feature", "properties": { "OBJECTID": 109, "ID": 107, "PARK_NAME": "Norview Elementary Norview Community Center", "BASKETBALL_COURTS": "4", "GYMS": " ", "RESTROOMS": " ", "DETAILS": "ADA inclusive Splash Pad", "X_COORD": 12143717.118828099, "Y_COORD": 3494006.5147542302, "ADDRESS": "6401 Chesapeake Boulevard", "PARK_TYPE": "SCSSAPA", "Shape_Leng": 2936.7110695900001, "ACRES": 10.83772071, "ADDITIONAL_INFO": " ", "BIKE_RACKS": 0, "LIGHTED_BASKETBALL_COURTS": 0, "LIGHTED_BASEBALL_FIELDS": 0, "LIGHTED_TENNIS_COURTS": 0, "ADA_PLAYGROUNDS": 1, "PLAYGROUNDS": 1, "TENNIS_COURTS": 0, "FOOTBALL_FIELDS": 1, "BASEBALL_FIELDS": 0, "POOLS": null, "GYM": null, "PICNIC_SHELTERS": null, "REC_CENTER": null, "PICNIC_TABLES": null, "LIGHTED_FOOTBALL_FIELDS": null, "created_user": null, "created_date": null, "last_edited_user": "RFRASHE", "last_edited_date": "2026-01-06T18:59:23Z", "LUCITYID": "PRK-0109", "COMPKEY": 2586271, "UNITID": "5059", "LucityAutoID": 109, "InLucity": 1, "LastSynDate": "2020-07-24T12:33:36Z", "Shape__Area": 472089.24702629645, "Shape__Length": 2936.7112629822309 }, "geometry": { "type": "Polygon", "coordinates": [ [ [ -76.241746151839635, 36.89789345579053 ], [ -76.241743264980286, 36.897889473024804 ], [ -76.24075925309927, 36.896583762796979 ], [ -76.240630516359758, 36.896412937892158 ], [ -76.240458346553112, 36.896184263030072 ], [ -76.240160405295541, 36.895788549342704 ], [ -76.239001992552744, 36.896082131769447 ], [ -76.239065891405517, 36.896320767320013 ], [ -76.238985786290954, 36.896328616655218 ], [ -76.239137530637066, 36.896550948109855 ], [ -76.238784574775067, 36.896583572535661 ], [ -76.238816323589276, 36.896777616882211 ], [ -76.239043284790611, 36.898164631924253 ], [ -76.241746151839635, 36.89789345579053 ] ] ] } },
{ "type": "Feature", "properties": { "OBJECTID": 110, "ID": 109, "PARK_NAME": "Norview Middle School", "BASKETBALL_COURTS": "4", "GYMS": " ", "RESTROOMS": " ", "DETAILS": " ", "X_COORD": 12143261.35736125, "Y_COORD": 3492821.1101005999, "ADDRESS": "6325 Sewells Point Road", "PARK_TYPE": "SSAPA", "Shape_Leng": 3751.8541786300002, "ACRES": 17.22563805, "ADDITIONAL_INFO": " ", "BIKE_RACKS": 0, "LIGHTED_BASKETBALL_COURTS": 0, "LIGHTED_BASEBALL_FIELDS": 0, "LIGHTED_TENNIS_COURTS": 0, "ADA_PLAYGROUNDS": 0, "PLAYGROUNDS": 0, "TENNIS_COURTS": 6, "FOOTBALL_FIELDS": 1, "BASEBALL_FIELDS": 1, "POOLS": null, "GYM": null, "PICNIC_SHELTERS": null, "REC_CENTER": null, "PICNIC_TABLES": null, "LIGHTED_FOOTBALL_FIELDS": null, "created_user": null, "created_date": null, "last_edited_user": "RFRASHE", "last_edited_date": "2026-01-06T18:59:23Z", "LUCITYID": "PRK-0110", "COMPKEY": 2586835, "UNITID": "5084", "LucityAutoID": 110, "InLucity": 1, "LastSynDate": "2020-07-24T12:33:36Z", "Shape__Area": 750345.62217685324, "Shape__Length": 3751.8535483145401 }, "geometry": { "type": "Polygon", "coordinates": [ [ [ -76.243532418928837, 36.894495975839376 ], [ -76.243543258477601, 36.894494173010443 ], [ -76.243423874386394, 36.894163936071081 ], [ -76.243305629281494, 36.893836865757628 ], [ -76.243364351844079, 36.893817658427885 ], [ -76.243682295382385, 36.893618795473429 ], [ -76.244018646612631, 36.893408418482771 ], [ -76.244136918783624, 36.893334442620315 ], [ -76.243300351643498, 36.892854669600197 ], [ -76.24148360731931, 36.892753607303227 ], [ -76.241477957682989, 36.892754675013684 ], [ -76.241444965399353, 36.892760933723508 ], [ -76.241394220317929, 36.892770558565751 ], [ -76.241302535493546, 36.892787944224445 ], [ -76.24121672048166, 36.892804215869802 ], [ -76.241126402207911, 36.892821345529903 ], [ -76.241105316568678, 36.892825346127985 ], [ -76.241111919924904, 36.892835319688132 ], [ -76.241188559143382, 36.892952550214915 ], [ -76.240862118287126, 36.893175753340394 ], [ -76.240669684653881, 36.893307323993419 ], [ -76.240413263109502, 36.893482644404457 ], [ -76.24024273933361, 36.893599235678877 ], [ -76.240161279486159, 36.893627974324467 ], [ -76.240082601826785, 36.893655726232652 ], [ -76.240076908635572, 36.893594781101775 ], [ -76.23958639138084, 36.893789701220165 ], [ -76.239354813343979, 36.894229315539569 ], [ -76.239969086144768, 36.895088709771933 ], [ -76.243532418928837, 36.894495975839376 ] ] ] } },
{ "type": "Feature", "properties": { "OBJECTID": 111, "ID": 92, "PARK_NAME": "Maury High School", "BASKETBALL_COURTS": " ", "GYMS": " ", "RESTROOMS": " ", "DETAILS": " ", "X_COORD": 12129375.12485324, "Y_COORD": 3482354.7955789501, "ADDRESS": "322 Shirley Avenue", "PARK_TYPE": "SSAPA", "Shape_Leng": 4686.8284704099997, "ACRES": 20.07270991, "ADDITIONAL_INFO": " ", "BIKE_RACKS": 0, "LIGHTED_BASKETBALL_COURTS": 0, "LIGHTED_BASEBALL_FIELDS": 0, "LIGHTED_TENNIS_COURTS": 8, "ADA_PLAYGROUNDS": 0, "PLAYGROUNDS": 0, "TENNIS_COURTS": 8, "FOOTBALL_FIELDS": 1, "BASEBALL_FIELDS": 2, "POOLS": null, "GYM": null, "PICNIC_SHELTERS": null, "REC_CENTER": null, "PICNIC_TABLES": null, "LIGHTED_FOOTBALL_FIELDS": null, "created_user": null, "created_date": null, "last_edited_user": "RFRASHE", "last_edited_date": "2026-01-06T18:59:23Z", "LUCITYID": "PRK-0111", "COMPKEY": 2586786, "UNITID": "3043", "LucityAutoID": 111, "InLucity": 1, "LastSynDate": "2020-07-24T12:33:36Z", "Shape__Area": 874363.8109605005, "Shape__Length": 4686.8288669046415 }, "geometry": { "type": "Polygon", "coordinates": [ [ [ -76.292397934186639, 36.867485871217021 ], [ -76.292402870114714, 36.867473427800839 ], [ -76.290919210146058, 36.866646671729121 ], [ -76.290713356948075, 36.8665317820303 ], [ -76.290666744586389, 36.866504201547357 ], [ -76.290630309481585, 36.866468838985583 ], [ -76.290610774554381, 36.86643701935435 ], [ -76.29060707128744, 36.866430979063409 ], [ -76.290596769902905, 36.866392772060138 ], [ -76.29059381270514, 36.86638180091407 ], [ -76.290596788975094, 36.866327464939772 ], [ -76.29059968642639, 36.866324160049082 ], [ -76.290612339454, 36.866294622346125 ], [ -76.290617358741869, 36.866282906167058 ], [ -76.290642789793978, 36.866250306188896 ], [ -76.290654978343923, 36.866235748539637 ], [ -76.290702935012064, 36.866178476405572 ], [ -76.290750840779268, 36.866121254673637 ], [ -76.290798390608046, 36.8660644651941 ], [ -76.290836973366083, 36.866018394644527 ], [ -76.290986623343954, 36.865839672251944 ], [ -76.29158059047586, 36.865155965746538 ], [ -76.290385961006507, 36.864484404352559 ], [ -76.290301533910238, 36.864436942154768 ], [ -76.290042736961013, 36.864291453477648 ], [ -76.289778021714113, 36.864142449300964 ], [ -76.289768602823344, 36.864137151423826 ], [ -76.289670172338489, 36.864099306035136 ], [ -76.289512166327569, 36.864056344638932 ], [ -76.289368125786027, 36.864030615845671 ], [ -76.289072423200352, 36.863976594109133 ], [ -76.28902680068407, 36.863975161237178 ], [ -76.2889858338023, 36.863991343022583 ], [ -76.288959403201602, 36.864021252182155 ], [ -76.28891525256094, 36.864176378940996 ], [ -76.288872851294499, 36.864340716315077 ], [ -76.288827035131618, 36.864547453609141 ], [ -76.288797432035452, 36.864725793912598 ], [ -76.28876781177658, 36.864945270390173 ], [ -76.288750352972016, 36.865197019323325 ], [ -76.288745288569771, 36.865452355549095 ], [ -76.288749198871344, 36.865665282929555 ], [ -76.28876229604839, 36.865910439391236 ], [ -76.288773372946679, 36.866122545321971 ], [ -76.288796423462003, 36.866597960775906 ], [ -76.288810224788008, 36.866879961156499 ], [ -76.288815566173483, 36.867002992575465 ], [ -76.288815662925401, 36.867163233676315 ], [ -76.288800295789983, 36.867302141329745 ], [ -76.288761154531457, 36.867501346269663 ], [ -76.288759875874732, 36.867509379503595 ], [ -76.288759922799997, 36.867520774543202 ], [ -76.288762524055855, 36.867533365102005 ], [ -76.288767594493891, 36.867545146743673 ], [ -76.2887754325223, 36.867556581175677 ], [ -76.288784437185939, 36.867565748099636 ], [ -76.288795673089382, 36.867574033122729 ], [ -76.288808018259459, 36.867580556124246 ], [ -76.288820337205806, 36.867585092923591 ], [ -76.288838370788667, 36.867588898116274 ], [ -76.289376113952855, 36.867680098298059 ], [ -76.289650976527327, 36.867725950795489 ], [ -76.290044097252519, 36.867794378447918 ], [ -76.290425094109196, 36.867857637252961 ], [ -76.290671335006749, 36.867903539378496 ], [ -76.290748159332381, 36.867627744257888 ], [ -76.290752639467058, 36.867611663439725 ], [ -76.29112133470575, 36.867674817537846 ], [ -76.291274193910823, 36.867700997383182 ], [ -76.291371756931412, 36.86731893967319 ], [ -76.291751115690673, 36.867380655421933 ], [ -76.292397934186639, 36.867485871217021 ] ] ] } },
{ "type": "Feature", "properties": { "OBJECTID": 112, "ID": 89, "PARK_NAME": "Madison Career Center", "BASKETBALL_COURTS": "2", "GYMS": " ", "RESTROOMS": " ", "DETAILS": " ", "X_COORD": 12125523.87225236, "Y_COORD": 3486886.1930060699, "ADDRESS": "3700 Bowdens Ferry Road", "PARK_TYPE": "SSAPA", "Shape_Leng": 1548.24687322, "ACRES": 3.09965295, "ADDITIONAL_INFO": " ", "BIKE_RACKS": 0, "LIGHTED_BASKETBALL_COURTS": 0, "LIGHTED_BASEBALL_FIELDS": 0, "LIGHTED_TENNIS_COURTS": 0, "ADA_PLAYGROUNDS": 0, "PLAYGROUNDS": 0, "TENNIS_COURTS": 0, "FOOTBALL_FIELDS": 0, "BASEBALL_FIELDS": 0, "POOLS": null, "GYM": null, "PICNIC_SHELTERS": null, "REC_CENTER": null, "PICNIC_TABLES": null, "LIGHTED_FOOTBALL_FIELDS": null, "created_user": null, "created_date": null, "last_edited_user": "RFRASHE", "last_edited_date": "2026-01-06T18:59:23Z", "LUCITYID": "PRK-0112", "COMPKEY": 2586826, "UNITID": "5045", "LucityAutoID": 112, "InLucity": 1, "LastSynDate": "2020-07-24T12:33:36Z", "Shape__Area": 135020.37870143863, "Shape__Length": 1548.2471372181797 }, "geometry": { "type": "Polygon", "coordinates": [ [ [ -76.302517868147319, 36.878169332823532 ], [ -76.302482536836422, 36.878159072488245 ], [ -76.302134249089832, 36.87805791910052 ], [ -76.302142185329274, 36.878231860961861 ], [ -76.302145382154166, 36.878301836705838 ], [ -76.302148490488165, 36.878370026998887 ], [ -76.302151605529971, 36.87843821831845 ], [ -76.302154786445016, 36.878508008083379 ], [ -76.302157846543977, 36.878574959903318 ], [ -76.302161015119225, 36.878644479028232 ], [ -76.30216188943271, 36.878663591637469 ], [ -76.302164309262963, 36.878712762931912 ], [ -76.302172429497148, 36.878877458452159 ], [ -76.302175817817627, 36.878946132603467 ], [ -76.302179183105437, 36.87901440161211 ], [ -76.302180021308175, 36.879031392640812 ], [ -76.302182456443745, 36.879082707659002 ], [ -76.302185782201605, 36.8791525731409 ], [ -76.30218899595792, 36.87922026424512 ], [ -76.302533321326379, 36.87921012331968 ], [ -76.302533907582912, 36.87922226030534 ], [ -76.302619041109708, 36.879219570182343 ], [ -76.302705786101598, 36.87921683171664 ], [ -76.302773730608862, 36.879214681716178 ], [ -76.302789250928114, 36.879214189582612 ], [ -76.302873999120052, 36.879211515504458 ], [ -76.302960400607788, 36.879208782145199 ], [ -76.302995312218556, 36.879207679123006 ], [ -76.303047660212428, 36.879206210789022 ], [ -76.303130667505343, 36.879203869024607 ], [ -76.303168399729429, 36.879202807875203 ], [ -76.30321541459827, 36.87920146418724 ], [ -76.303251402373562, 36.879200432588284 ], [ -76.303254382314563, 36.87925566245557 ], [ -76.303623538553978, 36.879243006303376 ], [ -76.303601716479889, 36.879174532939587 ], [ -76.303574641831361, 36.879089577327001 ], [ -76.303442956514971, 36.878676336124045 ], [ -76.303319627712185, 36.878485995480837 ], [ -76.303252748724589, 36.878382763175189 ], [ -76.303139073753314, 36.878349752536188 ], [ -76.302955875595075, 36.878296542875113 ], [ -76.302870079917255, 36.878271628353275 ], [ -76.302780908631476, 36.878245732151377 ], [ -76.302695098673411, 36.878220810922919 ], [ -76.302607031273368, 36.878195233582645 ], [ -76.302517868147319, 36.878169332823532 ] ] ] } },
{ "type": "Feature", "properties": { "OBJECTID": 113, "ID": 87, "PARK_NAME": "Little Creek Elementary School and Primary School", "BASKETBALL_COURTS": "6", "GYMS": " ", "RESTROOMS": " ", "DETAILS": " ", "X_COORD": 12152803.394526729, "Y_COORD": 3501580.06019567, "ADDRESS": "7900 Tarpon Place", "PARK_TYPE": "SSAPA", "Shape_Leng": 3466.5716098399998, "ACRES": 16.83871331, "ADDITIONAL_INFO": " ", "BIKE_RACKS": 0, "LIGHTED_BASKETBALL_COURTS": 0, "LIGHTED_BASEBALL_FIELDS": 0, "LIGHTED_TENNIS_COURTS": 0, "ADA_PLAYGROUNDS": 0, "PLAYGROUNDS": 1, "TENNIS_COURTS": 1, "FOOTBALL_FIELDS": 1, "BASEBALL_FIELDS": 0, "POOLS": null, "GYM": null, "PICNIC_SHELTERS": null, "REC_CENTER": null, "PICNIC_TABLES": null, "LIGHTED_FOOTBALL_FIELDS": null, "created_user": null, "created_date": null, "last_edited_user": "RFRASHE", "last_edited_date": "2026-01-06T18:59:23Z", "LUCITYID": "PRK-0113", "COMPKEY": 2586838, "UNITID": "4032", "LucityAutoID": 113, "InLucity": 1, "LastSynDate": "2020-07-24T12:33:36Z", "Shape__Area": 733491.33302961534, "Shape__Length": 3466.5715531373244 }, "geometry": { "type": "Polygon", "coordinates": [ [ [ -76.210283653869922, 36.917956673149426 ], [ -76.210100035949452, 36.917372170148958 ], [ -76.209735206629446, 36.91611886946545 ], [ -76.209718021175107, 36.91605984203526 ], [ -76.209714797760796, 36.916049420547715 ], [ -76.209705127862463, 36.916035492371641 ], [ -76.209697792311957, 36.916029199314423 ], [ -76.209688575687565, 36.916023674539346 ], [ -76.209685271283149, 36.916022433851559 ], [ -76.209675479411729, 36.916018782656906 ], [ -76.209661920324507, 36.916016464214842 ], [ -76.209648569027891, 36.916017447976749 ], [ -76.209638313043399, 36.916019459231649 ], [ -76.209481769410743, 36.916050169271813 ], [ -76.208444392073275, 36.916253685044708 ], [ -76.207550239341032, 36.916422298286328 ], [ -76.206783128476459, 36.91656657079605 ], [ -76.20636484745819, 36.91664726183339 ], [ -76.206442482317726, 36.916900859161053 ], [ -76.206552126734067, 36.917268430738552 ], [ -76.206668627413208, 36.91766165319433 ], [ -76.206788260279851, 36.918077393657398 ], [ -76.206868709049672, 36.918359668935338 ], [ -76.206941084507434, 36.918603991685735 ], [ -76.207686906350347, 36.918460348212051 ], [ -76.208451499063287, 36.91831602038468 ], [ -76.209047305238755, 36.91820381173725 ], [ -76.210286762044319, 36.917966566867236 ], [ -76.210283653869922, 36.917956673149426 ] ] ] } },
{ "type": "Feature", "properties": { "OBJECTID": 114, "ID": 86, "PARK_NAME": "Lindenwood Elementary School", "BASKETBALL_COURTS": "4", "GYMS": " ", "RESTROOMS": " ", "DETAILS": " ", "X_COORD": 12135234.65348592, "Y_COORD": 3483409.5594930998, "ADDRESS": "2700 Ludlow Street", "PARK_TYPE": "SSAPA", "Shape_Leng": 2612.1639189100001, "ACRES": 7.98785602, "ADDITIONAL_INFO": " ", "BIKE_RACKS": 0, "LIGHTED_BASKETBALL_COURTS": 0, "LIGHTED_BASEBALL_FIELDS": 0, "LIGHTED_TENNIS_COURTS": 0, "ADA_PLAYGROUNDS": 0, "PLAYGROUNDS": 1, "TENNIS_COURTS": 0, "FOOTBALL_FIELDS": 1, "BASEBALL_FIELDS": 0, "POOLS": null, "GYM": null, "PICNIC_SHELTERS": null, "REC_CENTER": null, "PICNIC_TABLES": null, "LIGHTED_FOOTBALL_FIELDS": null, "created_user": null, "created_date": null, "last_edited_user": "RFRASHE", "last_edited_date": "2026-01-06T18:59:23Z", "LUCITYID": "PRK-0114", "COMPKEY": 2586825, "UNITID": "5043", "LucityAutoID": 114, "InLucity": 1, "LastSynDate": "2020-07-24T12:33:36Z", "Shape__Area": 347949.53799281176, "Shape__Length": 2612.1639254184179 }, "geometry": { "type": "Polygon", "coordinates": [ [ [ -76.270494676827482, 36.869563277280093 ], [ -76.270640546201449, 36.869414762480389 ], [ -76.27065572166353, 36.869399307155348 ], [ -76.270745829795374, 36.869307564070127 ], [ -76.270959945244826, 36.869091310788477 ], [ -76.271065421568807, 36.868983249549629 ], [ -76.271113920639891, 36.868933552471127 ], [ -76.271166600652151, 36.868879585593042 ], [ -76.270903527446691, 36.868714932708208 ], [ -76.270876041744316, 36.868697728617541 ], [ -76.270625162164762, 36.868540704902969 ], [ -76.270493410510539, 36.868461530421513 ], [ -76.27053628803931, 36.868417061192673 ], [ -76.270545497552561, 36.868407512905158 ], [ -76.2706001629317, 36.868350810445939 ], [ -76.270652725368805, 36.868296300745627 ], [ -76.270704537229435, 36.86824255375965 ], [ -76.270756652204113, 36.868188491616856 ], [ -76.270809071227376, 36.868134120644143 ], [ -76.270861452813605, 36.868079799415689 ], [ -76.27091461580028, 36.868024653817955 ], [ -76.270643868058301, 36.867856991005318 ], [ -76.270618006947856, 36.86784097683875 ], [ -76.270508480872593, 36.867773150540671 ], [ -76.270377339032009, 36.867758069418201 ], [ -76.270227918358074, 36.867709742117924 ], [ -76.269908438979058, 36.867606415305616 ], [ -76.269586040210456, 36.867502138019709 ], [ -76.269560708005145, 36.867553669661341 ], [ -76.269524173195023, 36.867628006862724 ], [ -76.269485142366307, 36.867707411932287 ], [ -76.269447973993266, 36.86778303144937 ], [ -76.269387938083014, 36.867905176286833 ], [ -76.269376079696684, 36.867929298005336 ], [ -76.269352107905902, 36.867986553896841 ], [ -76.269200998206017, 36.867934593144852 ], [ -76.268874222167781, 36.867826747898029 ], [ -76.268835163191696, 36.867908531847313 ], [ -76.26879805911193, 36.867986211121966 ], [ -76.268761686439632, 36.868062363837659 ], [ -76.268723895610322, 36.868141492970544 ], [ -76.268686239344078, 36.868220316380096 ], [ -76.268649157243289, 36.868297962679875 ], [ -76.268612545315804, 36.868374611070308 ], [ -76.268576314311701, 36.868450473480969 ], [ -76.268564127700145, 36.86847597789977 ], [ -76.268588679829591, 36.868558585183088 ], [ -76.268633696556108, 36.868682305057689 ], [ -76.268727652319626, 36.868717598986684 ], [ -76.268844421357414, 36.868686307498585 ], [ -76.268950229854042, 36.868712517920166 ], [ -76.268999533066733, 36.868769302225182 ], [ -76.269063183935543, 36.868889652249507 ], [ -76.269059024152554, 36.869031054012737 ], [ -76.269434456621809, 36.869230884268475 ], [ -76.269442747216829, 36.869242592736057 ], [ -76.269465127800188, 36.869263819489866 ], [ -76.269483170049028, 36.86928611761919 ], [ -76.269516820247077, 36.869315643624027 ], [ -76.269555943953279, 36.869354517986416 ], [ -76.269575455191955, 36.869375695647072 ], [ -76.269592096572495, 36.869396801690506 ], [ -76.269603154400755, 36.869412034760131 ], [ -76.269608357250803, 36.869430623332185 ], [ -76.269612091028378, 36.869450336863473 ], [ -76.269614390582618, 36.869470028572643 ], [ -76.269618267065653, 36.869485118985402 ], [ -76.269626577963976, 36.869495681282544 ], [ -76.269646300077838, 36.869509919685754 ], [ -76.269668986626883, 36.86952074770042 ], [ -76.269674451613525, 36.869524931053846 ], [ -76.269684464260905, 36.869532598908854 ], [ -76.269702975406261, 36.869538729028299 ], [ -76.269723030341339, 36.869541422688613 ], [ -76.269747437276337, 36.869543038905363 ], [ -76.269752564729956, 36.869542258315633 ], [ -76.269767660943714, 36.869539957082495 ], [ -76.269792163018735, 36.869538109331089 ], [ -76.269823826002039, 36.869537557581516 ], [ -76.269851096588553, 36.869539228140944 ], [ -76.269864134689158, 36.869539999351126 ], [ -76.269879801058664, 36.86954093222414 ], [ -76.269901269613456, 36.869544806442391 ], [ -76.269928513022336, 36.869547630220573 ], [ -76.269957122365327, 36.869552798243866 ], [ -76.269960578338029, 36.869553387544428 ], [ -76.269980019415911, 36.869556698663487 ], [ -76.270004317564599, 36.869561785737474 ], [ -76.270032934952198, 36.869566947585277 ], [ -76.270051707002395, 36.86956966190526 ], [ -76.27006294559196, 36.869573295935247 ], [ -76.270068664777284, 36.869574558250434 ], [ -76.270084611171725, 36.869570241428605 ], [ -76.270099150834298, 36.869564738741282 ], [ -76.270119450313857, 36.869559345383557 ], [ -76.270135430767425, 36.869553870040541 ], [ -76.270152744531003, 36.869551886669669 ], [ -76.270170030982868, 36.869551061037328 ], [ -76.270181133892748, 36.869549999952277 ], [ -76.270190221850967, 36.869549132272098 ], [ -76.270207671391702, 36.869542531051636 ], [ -76.270236661146754, 36.869534990611335 ], [ -76.270275641452713, 36.869529957209245 ], [ -76.270305855970591, 36.869529371527904 ], [ -76.270324475735521, 36.869532037845438 ], [ -76.270343129590216, 36.86953354474484 ], [ -76.270360239476219, 36.869538495312831 ], [ -76.270372943103823, 36.869546827112771 ], [ -76.270381430830952, 36.869551607722897 ], [ -76.270398676650572, 36.86955193503838 ], [ -76.270417303151717, 36.86955460146892 ], [ -76.270444477526411, 36.869559735828773 ], [ -76.270470278858298, 36.869562538421306 ], [ -76.270487429287073, 36.869563057707687 ], [ -76.270494676827482, 36.869563277280093 ] ] ] } },
{ "type": "Feature", "properties": { "OBJECTID": 115, "ID": 85, "PARK_NAME": "Larrymore Elementary School", "BASKETBALL_COURTS": "4", "GYMS": " ", "RESTROOMS": " ", "DETAILS": " ", "X_COORD": 12149270.290159101, "Y_COORD": 3499691.6055740998, "ADDRESS": "7600 Halprin Drive", "PARK_TYPE": "SSAPA", "Shape_Leng": 4057.5691578000001, "ACRES": 16.46948514, "ADDITIONAL_INFO": " ", "BIKE_RACKS": 0, "LIGHTED_BASKETBALL_COURTS": 0, "LIGHTED_BASEBALL_FIELDS": 0, "LIGHTED_TENNIS_COURTS": 0, "ADA_PLAYGROUNDS": 0, "PLAYGROUNDS": 2, "TENNIS_COURTS": 4, "FOOTBALL_FIELDS": 0, "BASEBALL_FIELDS": 0, "POOLS": null, "GYM": null, "PICNIC_SHELTERS": null, "REC_CENTER": null, "PICNIC_TABLES": null, "LIGHTED_FOOTBALL_FIELDS": null, "created_user": null, "created_date": null, "last_edited_user": "RFRASHE", "last_edited_date": "2026-01-06T18:59:23Z", "LUCITYID": "PRK-0115", "COMPKEY": 2586805, "UNITID": "8101", "LucityAutoID": 115, "InLucity": 1, "LastSynDate": "2020-07-24T12:33:36Z", "Shape__Area": 717407.95382148842, "Shape__Length": 4057.5696170891783 }, "geometry": { "type": "Polygon", "coordinates": [ [ [ -76.221448958379668, 36.913485097368913 ], [ -76.222426105369394, 36.911856447489946 ], [ -76.222846352774042, 36.911527227117482 ], [ -76.222242726820653, 36.911131093847828 ], [ -76.22139711588953, 36.910659656001172 ], [ -76.220740492394313, 36.91137657086896 ], [ -76.21999668234902, 36.912068254285117 ], [ -76.219755016889522, 36.912306782003192 ], [ -76.219292298949654, 36.912423335202249 ], [ -76.218980062912706, 36.912409430688179 ], [ -76.218433237612814, 36.912398817607709 ], [ -76.217992171269046, 36.912445174592101 ], [ -76.217631751288664, 36.91305798463609 ], [ -76.217638210266173, 36.913167949548793 ], [ -76.221215307655996, 36.913457031015433 ], [ -76.221448958379668, 36.913485097368913 ] ] ] } },
{ "type": "Feature", "properties": { "OBJECTID": 116, "ID": 80, "PARK_NAME": "Lake Taylor Middle and High School", "BASKETBALL_COURTS": "4", "GYMS": " ", "RESTROOMS": " ", "DETAILS": " ", "X_COORD": 12155862.860222381, "Y_COORD": 3484337.5589942802, "ADDRESS": "1380 Kempsville Road", "PARK_TYPE": "SSAPA", "Shape_Leng": 10323.458347100001, "ACRES": 112.96896527, "ADDITIONAL_INFO": " ", "BIKE_RACKS": 0, "LIGHTED_BASKETBALL_COURTS": 0, "LIGHTED_BASEBALL_FIELDS": 3, "LIGHTED_TENNIS_COURTS": 6, "ADA_PLAYGROUNDS": 0, "PLAYGROUNDS": 0, "TENNIS_COURTS": 6, "FOOTBALL_FIELDS": 16, "BASEBALL_FIELDS": 3, "POOLS": null, "GYM": null, "PICNIC_SHELTERS": null, "REC_CENTER": null, "PICNIC_TABLES": null, "LIGHTED_FOOTBALL_FIELDS": null, "created_user": null, "created_date": null, "last_edited_user": "RFRASHE", "last_edited_date": "2026-01-06T18:59:23Z", "LUCITYID": "PRK-0116", "COMPKEY": 2586803, "UNITID": "8096", "LucityAutoID": 116, "InLucity": 1, "LastSynDate": "2020-07-24T12:33:36Z", "Shape__Area": 4920908.296224568, "Shape__Length": 10323.457813939622 }, "geometry": { "type": "Polygon", "coordinates": [ [ [ -76.199799098768096, 36.873568397985771 ], [ -76.199827923676438, 36.873551462865542 ], [ -76.201220345962867, 36.872733392064546 ], [ -76.20231403160625, 36.872124008666972 ], [ -76.202526004203435, 36.872004490663059 ], [ -76.202889169143816, 36.87179972916217 ], [ -76.203174222155297, 36.871639004403733 ], [ -76.20335405108689, 36.871537609808115 ], [ -76.203814541939153, 36.871261708115149 ], [ -76.204233538707712, 36.871001158319437 ], [ -76.204231459336, 36.870989797197815 ], [ -76.20417257332322, 36.870752756830484 ], [ -76.204123528573803, 36.87043335366932 ], [ -76.204116888032019, 36.870167845517756 ], [ -76.204130111390612, 36.86997349777009 ], [ -76.204191270536455, 36.869650346087809 ], [ -76.204259591375077, 36.869333231196798 ], [ -76.204305544256812, 36.869027472868652 ], [ -76.204246240873971, 36.869065227592699 ], [ -76.204170868524429, 36.869045254568995 ], [ -76.20407528988666, 36.869008241616655 ], [ -76.20400065188808, 36.868964239306408 ], [ -76.203961526915663, 36.868887632120625 ], [ -76.203929253812419, 36.868813009386194 ], [ -76.203907921364149, 36.868757095992748 ], [ -76.203857863943114, 36.868737622965696 ], [ -76.203750556066097, 36.86870777994092 ], [ -76.203648643606897, 36.868652142805459 ], [ -76.203562045948104, 36.868622699037786 ], [ -76.203370562405951, 36.868559762596753 ], [ -76.203252370612475, 36.868509359368488 ], [ -76.203151011880919, 36.868435238005482 ], [ -76.203095560216525, 36.868365709847893 ], [ -76.203104421115029, 36.868301136645009 ], [ -76.203090891746712, 36.868215785004651 ], [ -76.203020903230794, 36.868094178105814 ], [ -76.20297532667233, 36.868002646379011 ], [ -76.202927628979538, 36.867981367638684 ], [ -76.20284681320426, 36.867989037323895 ], [ -76.202769992915336, 36.868017132045317 ], [ -76.202683284243179, 36.867991387424958 ], [ -76.202588386542942, 36.868008027044098 ], [ -76.202450227687606, 36.868084869466621 ], [ -76.202344669504242, 36.868149397382261 ], [ -76.20228120276694, 36.868192551009784 ], [ -76.202135849350768, 36.868202654432544 ], [ -76.201995332585781, 36.868205453724713 ], [ -76.201914908573983, 36.868200183847769 ], [ -76.201825903761403, 36.86817439367406 ], [ -76.201762768048965, 36.868130614926123 ], [ -76.201699631288307, 36.868086836122401 ], [ -76.201639301845461, 36.868026462727343 ], [ -76.201564547528761, 36.867986153126317 ], [ -76.201470994379363, 36.867958423140415 ], [ -76.201384123462844, 36.868014070346518 ], [ -76.201215326822918, 36.868190192511136 ], [ -76.201130146071492, 36.868342062119297 ], [ -76.201034579070935, 36.868456727453278 ], [ -76.200932212148885, 36.868491719606354 ], [ -76.200824632193942, 36.868471119470854 ], [ -76.200760427059649, 36.868386620805424 ], [ -76.200831470224941, 36.868245576208231 ], [ -76.200899761813929, 36.868119275760165 ], [ -76.200954308406068, 36.867990855728863 ], [ -76.201019737214594, 36.867883000120663 ], [ -76.201068612650019, 36.867789618567201 ], [ -76.201064177556901, 36.867708141202982 ], [ -76.201029997282546, 36.867620528278479 ], [ -76.200938126065267, 36.867537339699709 ], [ -76.200864661641276, 36.867454511304445 ], [ -76.200789967202226, 36.867336513777168 ], [ -76.200709153824548, 36.867268339479196 ], [ -76.200663019968303, 36.867195295911699 ], [ -76.200646687401857, 36.867126533139349 ], [ -76.200606896181839, 36.866996265766254 ], [ -76.200563619378343, 36.866904778048436 ], [ -76.200489826285462, 36.866833044425164 ], [ -76.200412323517696, 36.866807478295364 ], [ -76.200310413735025, 36.866827680776211 ], [ -76.200186108288776, 36.866827098641124 ], [ -76.200087677627678, 36.86680852204006 ], [ -76.199978418347158, 36.866843378383891 ], [ -76.199885207505801, 36.866880400311373 ], [ -76.199783914239973, 36.866880268340175 ], [ -76.199650461054247, 36.86687765506862 ], [ -76.199527108941069, 36.866845642468412 ], [ -76.199429801165067, 36.866790091738324 ], [ -76.199380644813189, 36.866741032000277 ], [ -76.199235521355988, 36.866667900547498 ], [ -76.199146905113253, 36.866629168398767 ], [ -76.199131699034268, 36.866599274464477 ], [ -76.198986688373196, 36.866522442011345 ], [ -76.198852062699785, 36.866482809282104 ], [ -76.198733086224493, 36.866458281019916 ], [ -76.198661093410905, 36.866403225560155 ], [ -76.198502838925606, 36.86638347558597 ], [ -76.198364620440813, 36.866386315501494 ], [ -76.198312316072688, 36.866440787179165 ], [ -76.198279260992678, 36.866543727647887 ], [ -76.19821585175481, 36.866660871380247 ], [ -76.198131279467077, 36.866640719540605 ], [ -76.198052435509112, 36.866583678004474 ], [ -76.198003553931628, 36.866525377540064 ], [ -76.19788907688644, 36.866504634077572 ], [ -76.197818643367228, 36.866473656723009 ], [ -76.197703154376512, 36.86641034873076 ], [ -76.197645350120609, 36.866342623209377 ], [ -76.197583004024338, 36.866272963499256 ], [ -76.197492036912053, 36.866236030037278 ], [ -76.197409263124783, 36.866232557009468 ], [ -76.197301182118238, 36.866228592343546 ], [ -76.197131648644387, 36.866277063454831 ], [ -76.19704691002552, 36.866338291905066 ], [ -76.196988489922916, 36.866442586211924 ], [ -76.196917215738338, 36.866515180018588 ], [ -76.196785960794585, 36.866440465941523 ], [ -76.196682140625782, 36.866447681218474 ], [ -76.19659139901016, 36.86647919553112 ], [ -76.196557057026851, 36.866397130559413 ], [ -76.196510590838315, 36.866335175720366 ], [ -76.196473272279533, 36.866275249888645 ], [ -76.196375236275301, 36.866243731274174 ], [ -76.196237692204917, 36.866300227011465 ], [ -76.196167765530674, 36.866404295267714 ], [ -76.196105750508522, 36.866475219643618 ], [ -76.196044913708405, 36.866583168103887 ], [ -76.196011807046006, 36.866612114886721 ], [ -76.195921401876021, 36.866632539224391 ], [ -76.195862644117383, 36.866596242564 ], [ -76.195897948246625, 36.866495191962493 ], [ -76.195912704621577, 36.866388196597569 ], [ -76.195919388621945, 36.866244040987752 ], [ -76.195920070449034, 36.866070171529543 ], [ -76.195918834694254, 36.865959159591391 ], [ -76.19590963983309, 36.865807299353342 ], [ -76.195844319134721, 36.865683928916887 ], [ -76.195798471805759, 36.865601638920047 ], [ -76.195696955796762, 36.865533054950902 ], [ -76.195645555842162, 36.865482104436126 ], [ -76.195613123888847, 36.865413024141681 ], [ -76.195573391348006, 36.865356748131724 ], [ -76.195494793201661, 36.865334584277925 ], [ -76.19545418071273, 36.865917730903959 ], [ -76.195381199802867, 36.866812902804782 ], [ -76.195340025875666, 36.867414432086413 ], [ -76.195302204247838, 36.868094193559564 ], [ -76.195296191455753, 36.868480306163896 ], [ -76.195332439420582, 36.868982196280335 ], [ -76.195390869162054, 36.869507513201135 ], [ -76.195497146829979, 36.870153313281584 ], [ -76.195592687944071, 36.870587400423176 ], [ -76.195753513633917, 36.8711331184263 ], [ -76.195810285275499, 36.871336541805043 ], [ -76.19589077521627, 36.871512841617317 ], [ -76.196027757985632, 36.871713240981983 ], [ -76.196176039689732, 36.871918463329934 ], [ -76.196380541721538, 36.872156968297823 ], [ -76.196643360599325, 36.872359834338226 ], [ -76.196872473793093, 36.872514706297217 ], [ -76.196933476470221, 36.872544817781893 ], [ -76.197044149502219, 36.872597498348554 ], [ -76.197132703492272, 36.872638919577355 ], [ -76.197252130250519, 36.872698985328142 ], [ -76.197372104482668, 36.872741027657028 ], [ -76.197456502262057, 36.872771541527221 ], [ -76.197554584139993, 36.872795116047278 ], [ -76.197670613307167, 36.872819035903731 ], [ -76.19781795203005, 36.872847181962349 ], [ -76.197911986008506, 36.872856237556427 ], [ -76.198055276536635, 36.872869871899901 ], [ -76.198176127322654, 36.872883060086885 ], [ -76.198346730497647, 36.872913804801065 ], [ -76.198422019714414, 36.872928316587114 ], [ -76.198534882560566, 36.872952258278254 ], [ -76.198671452517843, 36.872986572297165 ], [ -76.198764720672386, 36.873020871728961 ], [ -76.198893560592182, 36.873066687177662 ], [ -76.19900894070247, 36.873112245163846 ], [ -76.199101874152149, 36.873157363405866 ], [ -76.199217035807592, 36.873210129790301 ], [ -76.199287528469469, 36.873254802076211 ], [ -76.199384628256752, 36.873310821911467 ], [ -76.199543028515194, 36.873418558389844 ], [ -76.199609145785899, 36.873459538354552 ], [ -76.19978389699358, 36.87357732872433 ], [ -76.199799098768096, 36.873568397985771 ] ] ] } },
{ "type": "Feature", "properties": { "OBJECTID": 117, "ID": 71, "PARK_NAME": "Jacox Elementary School", "BASKETBALL_COURTS": "5", "GYMS": " ", "RESTROOMS": " ", "DETAILS": " ", "X_COORD": 12136927.965885291, "Y_COORD": 3478960.8545582602, "ADDRESS": "1300 Marshall Avenue", "PARK_TYPE": "SSAPA", "Shape_Leng": 2803.6795104799999, "ACRES": 11.30935625, "ADDITIONAL_INFO": " ", "BIKE_RACKS": 0, "LIGHTED_BASKETBALL_COURTS": 0, "LIGHTED_BASEBALL_FIELDS": 1, "LIGHTED_TENNIS_COURTS": 0, "ADA_PLAYGROUNDS": 0, "PLAYGROUNDS": 1, "TENNIS_COURTS": 0, "FOOTBALL_FIELDS": 1, "BASEBALL_FIELDS": 1, "POOLS": null, "GYM": null, "PICNIC_SHELTERS": null, "REC_CENTER": null, "PICNIC_TABLES": null, "LIGHTED_FOOTBALL_FIELDS": null, "created_user": null, "created_date": null, "last_edited_user": "RFRASHE", "last_edited_date": "2026-01-06T18:59:23Z", "LUCITYID": "PRK-0117", "COMPKEY": 2586802, "UNITID": "8085", "LucityAutoID": 117, "InLucity": 1, "LastSynDate": "2020-07-24T12:33:36Z", "Shape__Area": 492633.55250880122, "Shape__Length": 2803.6794031627201 }, "geometry": { "type": "Polygon", "coordinates": [ [ [ -76.264893537900434, 36.857541368326018 ], [ -76.264912015481073, 36.857543120668709 ], [ -76.265050923380386, 36.857284462852249 ], [ -76.265304559319333, 36.856828984960593 ], [ -76.265312466878157, 36.85680181216388 ], [ -76.265312800520206, 36.856763838362838 ], [ -76.265303382295613, 36.856709227208654 ], [ -76.265303111980828, 36.856664912492782 ], [ -76.265311031601115, 36.856609994839381 ], [ -76.265336849272217, 36.856535793070783 ], [ -76.265388175852934, 36.856451317856042 ], [ -76.265451495246481, 36.856387326380215 ], [ -76.26550629704407, 36.856345324912382 ], [ -76.26555915094626, 36.856315947013414 ], [ -76.265583197691839, 36.856301848241316 ], [ -76.265605893159886, 36.856280122501197 ], [ -76.265666602723769, 36.856171140738851 ], [ -76.265793062203329, 36.855942511545422 ], [ -76.265926079736431, 36.855709144977865 ], [ -76.265987773129993, 36.855597880580881 ], [ -76.265909395703019, 36.85557077193608 ], [ -76.265831621268418, 36.85554387120655 ], [ -76.265753347386493, 36.855516792367574 ], [ -76.26567277264769, 36.855488926976676 ], [ -76.265595276144424, 36.855462116103446 ], [ -76.265516580260737, 36.855434899277988 ], [ -76.265437724650553, 36.855407623474974 ], [ -76.265360352541776, 36.855380859878728 ], [ -76.265177010464214, 36.855317442079972 ], [ -76.265088992675516, 36.855286992845521 ], [ -76.264995423168756, 36.855254626145658 ], [ -76.264800728407465, 36.855187283478664 ], [ -76.264776263711084, 36.855182800488841 ], [ -76.264220362008459, 36.855205546287216 ], [ -76.263255093666913, 36.855245044032102 ], [ -76.263274389293642, 36.855460185670083 ], [ -76.263313536598645, 36.855924380982003 ], [ -76.263363592077667, 36.85647977288221 ], [ -76.263390760406935, 36.856787228681306 ], [ -76.263398092932732, 36.856845576141545 ], [ -76.263407355111198, 36.856875078617279 ], [ -76.263429185895617, 36.85691404775698 ], [ -76.263453230930168, 36.856946549354113 ], [ -76.263481504847164, 36.856973150873642 ], [ -76.263513814203307, 36.857000374554715 ], [ -76.263574492306589, 36.857050948480385 ], [ -76.263605881382404, 36.857080664028821 ], [ -76.263634333376785, 36.857118538740664 ], [ -76.263665591850682, 36.857175473186686 ], [ -76.263684478152143, 36.857222668909472 ], [ -76.263693930791419, 36.857274439748167 ], [ -76.263696610288491, 36.85732675675569 ], [ -76.263692296460704, 36.857387087203946 ], [ -76.263685797825929, 36.857426789644563 ], [ -76.263692940849594, 36.857427470973704 ], [ -76.264032494806756, 36.857459683072911 ], [ -76.264121772714233, 36.857468157288494 ], [ -76.264207726494675, 36.857476308566049 ], [ -76.264297617455398, 36.857484839385286 ], [ -76.264383571247109, 36.857492991435038 ], [ -76.264477400744454, 36.857501894532724 ], [ -76.264566468655417, 36.857510341877372 ], [ -76.264893537900434, 36.857541368326018 ] ] ] } },
{ "type": "Feature", "properties": { "OBJECTID": 118, "ID": 56, "PARK_NAME": "Ghent Elementary School", "BASKETBALL_COURTS": "4", "GYMS": " ", "RESTROOMS": " ", "DETAILS": " ", "X_COORD": 12130124.416145001, "Y_COORD": 3482033.2422634899, "ADDRESS": "200 Shirley Avenue", "PARK_TYPE": "SSAPA", "Shape_Leng": 3246.42883201, "ACRES": 13.57838168, "ADDITIONAL_INFO": " ", "BIKE_RACKS": 0, "LIGHTED_BASKETBALL_COURTS": 0, "LIGHTED_BASEBALL_FIELDS": 0, "LIGHTED_TENNIS_COURTS": 0, "ADA_PLAYGROUNDS": 0, "PLAYGROUNDS": 2, "TENNIS_COURTS": 0, "FOOTBALL_FIELDS": 1, "BASEBALL_FIELDS": 1, "POOLS": null, "GYM": null, "PICNIC_SHELTERS": null, "REC_CENTER": null, "PICNIC_TABLES": null, "LIGHTED_FOOTBALL_FIELDS": null, "created_user": null, "created_date": null, "last_edited_user": "RFRASHE", "last_edited_date": "2026-01-06T18:59:23Z", "LUCITYID": "PRK-0118", "COMPKEY": 2586785, "UNITID": "3029", "LucityAutoID": 118, "InLucity": 1, "LastSynDate": "2020-07-24T12:33:36Z", "Shape__Area": 591471.85738993157, "Shape__Length": 3246.4287985460842 }, "geometry": { "type": "Polygon", "coordinates": [ [ [ -76.286050688754969, 36.866012547736979 ], [ -76.287315496074726, 36.866364911943755 ], [ -76.288423619607087, 36.866682667471615 ], [ -76.28843785288305, 36.866685911742174 ], [ -76.288451609175937, 36.866686047236328 ], [ -76.288465192743246, 36.866683219393778 ], [ -76.288478136553209, 36.866676863279942 ], [ -76.288485373510952, 36.866671474154813 ], [ -76.288491830369807, 36.86666379169192 ], [ -76.288495907563814, 36.866655580396205 ], [ -76.288497805406948, 36.866646203168322 ], [ -76.288497505344012, 36.866639220051475 ], [ -76.288496124056621, 36.866630383202832 ], [ -76.288403511086088, 36.86550591716022 ], [ -76.288397155370319, 36.865273823950027 ], [ -76.288417345125282, 36.864888381891014 ], [ -76.288466455760116, 36.864554287065687 ], [ -76.288511605372733, 36.864335626705035 ], [ -76.288569184294303, 36.864120074779095 ], [ -76.288624820666783, 36.863950973269212 ], [ -76.288626975919257, 36.86394261402075 ], [ -76.288627249287032, 36.863931545895625 ], [ -76.288624692105884, 36.863920795846447 ], [ -76.288620261509408, 36.863912086373119 ], [ -76.288614535947687, 36.863904545928612 ], [ -76.288603760240377, 36.863895386202763 ], [ -76.288595362812046, 36.863890608618178 ], [ -76.288582539918792, 36.863885871206776 ], [ -76.28856595020352, 36.863883245986209 ], [ -76.288371392150552, 36.863853977083032 ], [ -76.288165598942186, 36.863810884786062 ], [ -76.287980488211971, 36.863768175289373 ], [ -76.287819128687531, 36.863722363215786 ], [ -76.287662136883355, 36.863678996557738 ], [ -76.287374556325076, 36.863599899655782 ], [ -76.287089970840256, 36.863519671363377 ], [ -76.287041157165447, 36.863507166515532 ], [ -76.287030162998207, 36.863505732636042 ], [ -76.287018563577732, 36.863506319030961 ], [ -76.287005709956006, 36.863509598512103 ], [ -76.287000258316056, 36.863512360346 ], [ -76.286995119778197, 36.86351496402979 ], [ -76.286986249018852, 36.863523298588767 ], [ -76.286979409355567, 36.863535723050376 ], [ -76.286974025093414, 36.86354890053029 ], [ -76.286815613378536, 36.863929785072408 ], [ -76.286651927175157, 36.864309226109363 ], [ -76.286236746749552, 36.865291123635274 ], [ -76.285961278274357, 36.865941111301879 ], [ -76.285958370526018, 36.865950526246088 ], [ -76.285957930058771, 36.865958197580575 ], [ -76.285960149415558, 36.865968980986125 ], [ -76.285963974680485, 36.865976593008135 ], [ -76.28596970292854, 36.865983807339816 ], [ -76.285978094293398, 36.865990677967581 ], [ -76.285982777259065, 36.865993157553305 ], [ -76.285988144800939, 36.865995666265945 ], [ -76.286050688754969, 36.866012547736979 ] ] ] } },
{ "type": "Feature", "properties": { "OBJECTID": 119, "ID": 49, "PARK_NAME": "Easton PreSchool", "BASKETBALL_COURTS": "2", "GYMS": " ", "RESTROOMS": " ", "DETAILS": " ", "X_COORD": 12157504.15326192, "Y_COORD": 3473632.11681335, "ADDRESS": "6045 Curlew Drive", "PARK_TYPE": "SSAPA", "Shape_Leng": 2835.95721478, "ACRES": 10.32969982, "ADDITIONAL_INFO": " ", "BIKE_RACKS": 0, "LIGHTED_BASKETBALL_COURTS": 0, "LIGHTED_BASEBALL_FIELDS": 0, "LIGHTED_TENNIS_COURTS": 0, "ADA_PLAYGROUNDS": 0, "PLAYGROUNDS": 1, "TENNIS_COURTS": 0, "FOOTBALL_FIELDS": 1, "BASEBALL_FIELDS": 2, "POOLS": null, "GYM": null, "PICNIC_SHELTERS": null, "REC_CENTER": null, "PICNIC_TABLES": null, "LIGHTED_FOOTBALL_FIELDS": null, "created_user": null, "created_date": null, "last_edited_user": "RFRASHE", "last_edited_date": "2026-01-06T18:59:23Z", "LUCITYID": "PRK-0119", "COMPKEY": 2586799, "UNITID": "8067", "LucityAutoID": 119, "InLucity": 1, "LastSynDate": "2020-07-24T12:33:36Z", "Shape__Area": 449959.91755023837, "Shape__Length": 2835.9572567131981 }, "geometry": { "type": "Polygon", "coordinates": [ [ [ -76.196184618152785, 36.840955871811737 ], [ -76.196185600484199, 36.839637810617198 ], [ -76.192986572991416, 36.839551467157328 ], [ -76.192975779656734, 36.840869337571064 ], [ -76.196184618152785, 36.840955871811737 ] ] ] } },
{ "type": "Feature", "properties": { "OBJECTID": 120, "ID": 46, "PARK_NAME": "Dreamkeepers Academy (Retired)", "BASKETBALL_COURTS": "4", "GYMS": " ", "RESTROOMS": " ", "DETAILS": " ", "X_COORD": 12138435.180470331, "Y_COORD": 3478750.4942084001, "ADDRESS": "2600 E Princess Anne Avenue", "PARK_TYPE": "SSAPA", "Shape_Leng": 1892.0013148800001, "ACRES": 4.90878917, "ADDITIONAL_INFO": "Temporary Campostella Elementary until new school constructed @ 1106 Campostella Road", "BIKE_RACKS": 0, "LIGHTED_BASKETBALL_COURTS": 0, "LIGHTED_BASEBALL_FIELDS": 0, "LIGHTED_TENNIS_COURTS": 0, "ADA_PLAYGROUNDS": 0, "PLAYGROUNDS": 1, "TENNIS_COURTS": 0, "FOOTBALL_FIELDS": 0, "BASEBALL_FIELDS": 0, "POOLS": null, "GYM": null, "PICNIC_SHELTERS": null, "REC_CENTER": null, "PICNIC_TABLES": null, "LIGHTED_FOOTBALL_FIELDS": null, "created_user": null, "created_date": null, "last_edited_user": "RFRASHE", "last_edited_date": "2026-01-06T18:59:23Z", "LUCITYID": "PRK-0120", "COMPKEY": 2586798, "UNITID": "8065", "LucityAutoID": 120, "InLucity": 1, "LastSynDate": "2020-07-24T12:33:36Z", "Shape__Area": 213825.98620949348, "Shape__Length": 1892.0011942909236 }, "geometry": { "type": "Polygon", "coordinates": [ [ [ -76.2585455850611, 36.85638516061686 ], [ -76.258545417310799, 36.856388711525653 ], [ -76.259868883208412, 36.856090602433007 ], [ -76.260257802307819, 36.85600278858626 ], [ -76.260262580043431, 36.856001022867609 ], [ -76.260266636338869, 36.855999530027823 ], [ -76.260275373311458, 36.855994582250119 ], [ -76.260282775297895, 36.855988387656453 ], [ -76.260288568681162, 36.855981171780726 ], [ -76.260292543827063, 36.855973196530236 ], [ -76.260294557300114, 36.855964761129599 ], [ -76.260294523719395, 36.855956174022658 ], [ -76.260292675124717, 36.855948351822192 ], [ -76.260200141588228, 36.855794375345077 ], [ -76.260117314122155, 36.855633488288255 ], [ -76.260047297023092, 36.855475580235456 ], [ -76.259957159046124, 36.855194531475234 ], [ -76.259922457061975, 36.855036199884793 ], [ -76.259898793838801, 36.85487208108983 ], [ -76.259890468377009, 36.854786267645871 ], [ -76.259888670716975, 36.854778356271879 ], [ -76.259885260039269, 36.854771511102904 ], [ -76.259880290113955, 36.854765316730571 ], [ -76.259873297193508, 36.854759562402492 ], [ -76.259865710499568, 36.854755417415561 ], [ -76.259856476702041, 36.854752315448394 ], [ -76.259847479437212, 36.854750889135197 ], [ -76.259837880107142, 36.854750897138437 ], [ -76.259829933158812, 36.854750632894557 ], [ -76.259767675112641, 36.854761976297453 ], [ -76.258612260880852, 36.854976645638615 ], [ -76.258549650410274, 36.856299290568479 ], [ -76.2585455850611, 36.85638516061686 ] ] ] } },
{ "type": "Feature", "properties": { "OBJECTID": 121, "ID": 41, "PARK_NAME": "Coronado School", "BASKETBALL_COURTS": "2", "GYMS": " ", "RESTROOMS": " ", "DETAILS": " ", "X_COORD": 12142364.65289584, "Y_COORD": 3495769.8851681198, "ADDRESS": "1025 Widgeon Road", "PARK_TYPE": "SSAPA", "Shape_Leng": 1529.85764408, "ACRES": 2.21621276, "ADDITIONAL_INFO": " ", "BIKE_RACKS": 0, "LIGHTED_BASKETBALL_COURTS": 0, "LIGHTED_BASEBALL_FIELDS": 0, "LIGHTED_TENNIS_COURTS": 0, "ADA_PLAYGROUNDS": 0, "PLAYGROUNDS": 1, "TENNIS_COURTS": 0, "FOOTBALL_FIELDS": 0, "BASEBALL_FIELDS": 0, "POOLS": null, "GYM": null, "PICNIC_SHELTERS": null, "REC_CENTER": null, "PICNIC_TABLES": null, "LIGHTED_FOOTBALL_FIELDS": null, "created_user": null, "created_date": null, "last_edited_user": "RFRASHE", "last_edited_date": "2026-01-06T18:59:23Z", "LUCITYID": "PRK-0121", "COMPKEY": 2586819, "UNITID": "5019", "LucityAutoID": 121, "InLucity": 1, "LastSynDate": "2020-07-24T12:33:36Z", "Shape__Area": 96537.861085862169, "Shape__Length": 1529.8575902230782 }, "geometry": { "type": "Polygon", "coordinates": [ [ [ -76.243791240522995, 36.902317535664807 ], [ -76.245485030341399, 36.902307007652176 ], [ -76.2455510682463, 36.902306574459701 ], [ -76.245555565854417, 36.902306148755009 ], [ -76.245560590272177, 36.902305142755701 ], [ -76.245564755638796, 36.90230384986512 ], [ -76.245570301450186, 36.902301351276307 ], [ -76.24557539675699, 36.902297999457851 ], [ -76.245580484664842, 36.902293235945407 ], [ -76.245583112712325, 36.902289668241707 ], [ -76.245585021446672, 36.902286058797316 ], [ -76.245586203164166, 36.902282817589658 ], [ -76.24558710685757, 36.902278131554361 ], [ -76.245587160323936, 36.902274182758426 ], [ -76.245586516941458, 36.90221596237857 ], [ -76.245584903021225, 36.902070482081413 ], [ -76.245267504372663, 36.901982446549518 ], [ -76.2451302104989, 36.90194436412375 ], [ -76.244986600482392, 36.901904535166018 ], [ -76.244788428848153, 36.901849568763389 ], [ -76.244479731286106, 36.901763948767282 ], [ -76.244480534170179, 36.901795355441379 ], [ -76.244175632245344, 36.901795068493222 ], [ -76.244171366943405, 36.901681749650812 ], [ -76.243836338156555, 36.901589455314351 ], [ -76.243690657729999, 36.901549319996356 ], [ -76.243754010130786, 36.902314652217271 ], [ -76.243754267651624, 36.902317765100662 ], [ -76.243791240522995, 36.902317535664807 ] ] ] } },
{ "type": "Feature", "properties": { "OBJECTID": 122, "ID": 35, "PARK_NAME": "Coleman Place Elementary School", "BASKETBALL_COURTS": " ", "GYMS": " ", "RESTROOMS": " ", "DETAILS": " ", "X_COORD": 12143650.18388564, "Y_COORD": 3483988.9174982002, "ADDRESS": "2445 Palmyra Street", "PARK_TYPE": "SSAPA", "Shape_Leng": 2704.8198958200001, "ACRES": 9.31777359, "ADDITIONAL_INFO": "running track, concrete play surface", "BIKE_RACKS": 0, "LIGHTED_BASKETBALL_COURTS": 0, "LIGHTED_BASEBALL_FIELDS": 0, "LIGHTED_TENNIS_COURTS": 0, "ADA_PLAYGROUNDS": 0, "PLAYGROUNDS": 2, "TENNIS_COURTS": 0, "FOOTBALL_FIELDS": 2, "BASEBALL_FIELDS": 0, "POOLS": null, "GYM": null, "PICNIC_SHELTERS": null, "REC_CENTER": null, "PICNIC_TABLES": null, "LIGHTED_FOOTBALL_FIELDS": null, "created_user": null, "created_date": null, "last_edited_user": "RFRASHE", "last_edited_date": "2026-01-06T18:59:23Z", "LUCITYID": "PRK-0122", "COMPKEY": 2586797, "UNITID": "8053", "LucityAutoID": 122, "InLucity": 1, "LastSynDate": "2020-07-24T12:33:36Z", "Shape__Area": 405880.59278930724, "Shape__Length": 2704.8199296611106 }, "geometry": { "type": "Polygon", "coordinates": [ [ [ -76.241082954743106, 36.870908982826791 ], [ -76.241083147531242, 36.870909252439681 ], [ -76.241086732840287, 36.870914232977135 ], [ -76.241098398019275, 36.870910777865504 ], [ -76.241411678620722, 36.870817957400185 ], [ -76.24141798777714, 36.87081608665855 ], [ -76.241731572056537, 36.870723175647818 ], [ -76.241736813797459, 36.870721622386142 ], [ -76.241879671421231, 36.870677908862355 ], [ -76.241890711551292, 36.870674531796347 ], [ -76.2421981023912, 36.870580470240952 ], [ -76.242227305381391, 36.870571533701629 ], [ -76.242528652825939, 36.87047932014773 ], [ -76.242499565274954, 36.870436858941488 ], [ -76.242461766090628, 36.870381666943956 ], [ -76.242417953162374, 36.87031771066642 ], [ -76.242391194744997, 36.870278641899574 ], [ -76.242372509691265, 36.87025162373196 ], [ -76.242328498224097, 36.87018797277431 ], [ -76.242285944931808, 36.870126443718306 ], [ -76.242244082766931, 36.87006589510419 ], [ -76.242201435153362, 36.870004222685992 ], [ -76.242185422047925, 36.869981065052244 ], [ -76.242159399041483, 36.869943642753192 ], [ -76.242118191996994, 36.869884383930604 ], [ -76.242076481708892, 36.869824395220633 ], [ -76.242052660719239, 36.869790149302588 ], [ -76.242032957259056, 36.869761811717972 ], [ -76.24195672034574, 36.869650614686705 ], [ -76.241915726293925, 36.869591258926683 ], [ -76.241875135681298, 36.869532485082374 ], [ -76.241833907388042, 36.86947278677269 ], [ -76.241791960651113, 36.869412050673816 ], [ -76.241749806785307, 36.869351001404993 ], [ -76.241708490262795, 36.869291183271038 ], [ -76.241668484997319, 36.869233257979459 ], [ -76.241625242871734, 36.869170634670752 ], [ -76.241584014971849, 36.869110936272961 ], [ -76.241541745815766, 36.869049738683522 ], [ -76.241501398212137, 36.868991300175132 ], [ -76.241459766950697, 36.868931026108235 ], [ -76.241417371405575, 36.868869634046938 ], [ -76.241377500062498, 36.868811897806928 ], [ -76.241334889448282, 36.86875019781445 ], [ -76.241293078135868, 36.868689649808566 ], [ -76.241251816033596, 36.868629911866861 ], [ -76.241209555288961, 36.868568713407356 ], [ -76.241168965958565, 36.868509933012014 ], [ -76.241127208610564, 36.868449465300436 ], [ -76.2409612530207, 36.86820915449205 ], [ -76.240887704916929, 36.868245658293638 ], [ -76.240815672373699, 36.868281408802744 ], [ -76.240742266455527, 36.868317842238838 ], [ -76.240667951834283, 36.868354725066361 ], [ -76.240598605070701, 36.868389148897514 ], [ -76.240524346081372, 36.868426004764089 ], [ -76.240452653619897, 36.868461587632751 ], [ -76.240377549499783, 36.868498865222243 ], [ -76.240230528365615, 36.868571722084056 ], [ -76.240160494169714, 36.86860642448621 ], [ -76.240085412092199, 36.868643630208346 ], [ -76.240013415725272, 36.868679307924417 ], [ -76.239940899026294, 36.868715239690253 ], [ -76.239867054456028, 36.868751832713642 ], [ -76.23979539158357, 36.868787342750693 ], [ -76.23972372175561, 36.868822858019719 ], [ -76.23964946360816, 36.868859656578969 ], [ -76.239815752740824, 36.86910114569352 ], [ -76.239856914280153, 36.869160916473334 ], [ -76.239898692996988, 36.869221587868232 ], [ -76.239938955685062, 36.8692800532571 ], [ -76.239980807581958, 36.86934083329178 ], [ -76.240022211107572, 36.869400962904741 ], [ -76.240063815805257, 36.869461383910732 ], [ -76.240104776789977, 36.86952085779037 ], [ -76.240145918152564, 36.869580605537166 ], [ -76.240187784286064, 36.869641408299742 ], [ -76.240229060403919, 36.869701344290505 ], [ -76.240270785989694, 36.869761936099309 ], [ -76.240311740571627, 36.869821409777096 ], [ -76.240353532799844, 36.869882103789855 ], [ -76.240394433945951, 36.869941492580352 ], [ -76.240436474763996, 36.870002545583262 ], [ -76.240477825446305, 36.87006259017663 ], [ -76.240519491163113, 36.870123096008207 ], [ -76.240560048957278, 36.870182005810904 ], [ -76.240603252666432, 36.870244741449454 ], [ -76.240644415473781, 36.870304511051295 ], [ -76.240722169468853, 36.870408012440265 ], [ -76.240766701543038, 36.870469851452704 ], [ -76.240811241404359, 36.870531695103423 ], [ -76.240856635626827, 36.870594726052971 ], [ -76.240902109542645, 36.87065787118798 ], [ -76.240947497188643, 36.870720901972938 ], [ -76.240992890543183, 36.87078393194718 ], [ -76.24102755913367, 36.870832069558432 ], [ -76.24103828506756, 36.87084696282627 ], [ -76.241082954743106, 36.870908982826791 ] ] ] } },
{ "type": "Feature", "properties": { "OBJECTID": 123, "ID": 130, "PARK_NAME": "SECEP (formerly R Bowling ES)", "BASKETBALL_COURTS": "4", "GYMS": " ", "RESTROOMS": " ", "DETAILS": " ", "X_COORD": 12140589.99900195, "Y_COORD": 3479319.0958964401, "ADDRESS": "2861 E Princess Anne Road", "PARK_TYPE": "SSAPA", "Shape_Leng": 2857.6629367199998, "ACRES": 11.97214634, "ADDITIONAL_INFO": " ", "BIKE_RACKS": 0, "LIGHTED_BASKETBALL_COURTS": 0, "LIGHTED_BASEBALL_FIELDS": 0, "LIGHTED_TENNIS_COURTS": 0, "ADA_PLAYGROUNDS": 0, "PLAYGROUNDS": 2, "TENNIS_COURTS": 0, "FOOTBALL_FIELDS": 0, "BASEBALL_FIELDS": 0, "POOLS": null, "GYM": null, "PICNIC_SHELTERS": null, "REC_CENTER": null, "PICNIC_TABLES": null, "LIGHTED_FOOTBALL_FIELDS": null, "created_user": null, "created_date": null, "last_edited_user": "RFRASHE", "last_edited_date": "2026-01-06T18:59:23Z", "LUCITYID": "PRK-0123", "COMPKEY": 2586794, "UNITID": "8031", "LucityAutoID": 123, "InLucity": 1, "LastSynDate": "2020-07-24T12:33:36Z", "Shape__Area": 521504.63086844393, "Shape__Length": 2857.6632813221677 }, "geometry": { "type": "Polygon", "coordinates": [ [ [ -76.252211134937269, 36.858215181716858 ], [ -76.252247268904824, 36.858192076950033 ], [ -76.253490452980145, 36.857397126496906 ], [ -76.25349092419475, 36.857396820028882 ], [ -76.25349139554271, 36.857396509056613 ], [ -76.2534918669174, 36.857396197183448 ], [ -76.253492331725795, 36.857395879776448 ], [ -76.253492796720991, 36.857395556063395 ], [ -76.253493253842095, 36.857395233101144 ], [ -76.253493704396973, 36.857394904605016 ], [ -76.253494156099549, 36.857394575229485 ], [ -76.253494606841187, 36.857394240427347 ], [ -76.253495050856458, 36.857393905496586 ], [ -76.253495488305461, 36.857393565031934 ], [ -76.253495924633427, 36.857393224545874 ], [ -76.253496355516177, 36.857392878547394 ], [ -76.253496786559054, 36.857392527143752 ], [ -76.253497209781173, 36.857392174689146 ], [ -76.253497626250265, 36.857391823006779 ], [ -76.253498042906159, 36.857391465018331 ], [ -76.253498459722167, 36.857391101624771 ], [ -76.253498869971835, 36.857390732697326 ], [ -76.253499272214086, 36.857390369024984 ], [ -76.25349966903778, 36.857389998939368 ], [ -76.253500064713748, 36.857389629733206 ], [ -76.253500460736603, 36.857389248815828 ], [ -76.253500849846304, 36.857388874075809 ], [ -76.253501232416426, 36.857388492901094 ], [ -76.253501608420294, 36.857388106192552 ], [ -76.25350198330311, 36.857387719462572 ], [ -76.253502359307021, 36.857387332754072 ], [ -76.253502720897217, 36.8573869403616 ], [ -76.253503082487455, 36.857386547969192 ], [ -76.253503444264481, 36.857386149270702 ], [ -76.253503792722157, 36.857385745810561 ], [ -76.253504147586028, 36.857385353289487 ], [ -76.253504488223044, 36.857384948778389 ], [ -76.253504830301267, 36.857384533478445 ], [ -76.253505164372015, 36.857384123433505 ], [ -76.253505491716396, 36.857383713259999 ], [ -76.253505819220919, 36.85738329768126 ], [ -76.253506138877995, 36.857382881952468 ], [ -76.253506459842882, 36.857382459939018 ], [ -76.253506772773648, 36.857382044081568 ], [ -76.253507080445971, 36.857381616405704 ], [ -76.253507380084073, 36.85738119488574 ], [ -76.25350767878794, 36.857380767038343 ], [ -76.253507972046606, 36.857380333678506 ], [ -76.253508265305257, 36.857379900318726 ], [ -76.253508543990151, 36.857379466680129 ], [ -76.253508822648385, 36.857379033942451 ], [ -76.253509101520052, 36.857378593997836 ], [ -76.253509366725567, 36.857378161002828 ], [ -76.253509625738417, 36.857377709861922 ], [ -76.253509890009667, 36.857377270539487 ], [ -76.253510148862418, 36.857376824803779 ], [ -76.253510393434865, 36.85737636887977 ], [ -76.253510637553774, 36.857375928270493 ], [ -76.253510881966179, 36.857375477751731 ], [ -76.253511111991628, 36.857375020648185 ], [ -76.253511342977987, 36.857374568971231 ], [ -76.253511566277083, 36.857374111738991 ], [ -76.253511782823125, 36.857373655279012 ], [ -76.253511999395883, 36.857373197918143 ], [ -76.253512209402345, 36.857372735023425 ], [ -76.253512412709171, 36.857372271099258 ], [ -76.253512614868242, 36.857371808054459 ], [ -76.253512803574637, 36.857371344752352 ], [ -76.253512999007356, 36.857370881578952 ], [ -76.253513174421201, 36.857370412614422 ], [ -76.253513356588016, 36.857369942877597 ], [ -76.25351353088071, 36.857369473891602 ], [ -76.253513699754961, 36.857368998492376 ], [ -76.253513860595021, 36.857368529249094 ], [ -76.253514014895515, 36.857368053571115 ], [ -76.253514169169307, 36.857367578793983 ], [ -76.25351431562234, 36.85736710296591 ], [ -76.253514455322431, 36.857366627910039 ], [ -76.253514589603981, 36.857366146440917 ], [ -76.253514722604379, 36.857365670355549 ], [ -76.253514849038524, 36.857365188736338 ], [ -76.253514967598591, 36.857364707867909 ], [ -76.253515080580044, 36.85736422599139 ], [ -76.253515192440446, 36.857363744093455 ], [ -76.253515297574467, 36.857363262066819 ], [ -76.25351539598222, 36.857362779911611 ], [ -76.253515487823719, 36.857362292222525 ], [ -76.253515571817744, 36.857361804383345 ], [ -76.253515656772777, 36.857361321970828 ], [ -76.253515734040533, 36.857360834003032 ], [ -76.253515804421795, 36.857360351311719 ], [ -76.253515874963185, 36.857359863215272 ], [ -76.253515930930845, 36.857359374840058 ], [ -76.253515988019501, 36.857358886486296 ], [ -76.253516037260852, 36.857358397982473 ], [ -76.253516086502117, 36.857357909478623 ], [ -76.253516122290762, 36.85735742071747 ], [ -76.253516164805703, 36.857356932084947 ], [ -76.253516186020605, 36.857356443045077 ], [ -76.253516207422265, 36.857355947699119 ], [ -76.2535162219108, 36.85735545853062 ], [ -76.253516236399349, 36.857354969362078 ], [ -76.253516244161531, 36.857354480064885 ], [ -76.253516251923713, 36.857353990767685 ], [ -76.253516238385856, 36.857353501063145 ], [ -76.253516231574295, 36.857353011487206 ], [ -76.253516211310085, 36.857352521653986 ], [ -76.253516191045847, 36.857352031820717 ], [ -76.2535161696606, 36.85735154196604 ], [ -76.253516135970372, 36.857351050974664 ], [ -76.253516101132419, 36.857350560862706 ], [ -76.253516052841789, 36.857350070493482 ], [ -76.253516011277497, 36.857349580252823 ], [ -76.253515954979349, 36.857349095138673 ], [ -76.25351589323607, 36.857348604512097 ], [ -76.253515830211583, 36.857348119269268 ], [ -76.253515760620857, 36.857347628492619 ], [ -76.253515683956962, 36.857347149298519 ], [ -76.253515607639912, 36.857346658393254 ], [ -76.253515523315357, 36.857346172743036 ], [ -76.253515433385587, 36.85734568698561 ], [ -76.253515335448256, 36.857345206483231 ], [ -76.25351523091804, 36.857344721347999 ], [ -76.253515126254371, 36.857344240716976 ], [ -76.253515013903424, 36.857343754530724 ], [ -76.253514895760432, 36.857343274543311 ], [ -76.253514769796695, 36.857342793504934 ], [ -76.253514643646241, 36.857342318772574 ], [ -76.253514504229841, 36.857341837476909 ], [ -76.253514371353035, 36.857341362615912 ], [ -76.25351422392913, 36.857340886575315 ], [ -76.253514069752228, 36.857340411306943 ], [ -76.253513915575326, 36.857339936038592 ], [ -76.253513754698801, 36.857339459740679 ], [ -76.253513593635475, 36.85733898974884 ], [ -76.253513419119443, 36.85733851949972 ], [ -76.253513243482445, 36.857338049229099 ], [ -76.253513068806313, 36.857337584385157 ], [ -76.253512879716581, 36.857337113857248 ], [ -76.253512675893049, 36.857336648455785 ], [ -76.253512486643245, 36.857336183333111 ], [ -76.253512283753963, 36.857335724259102 ], [ -76.253512079770317, 36.857335264262829 ], [ -76.253511869060347, 36.857334804137906 ], [ -76.25351165159735, 36.85733434478518 ], [ -76.253511427274589, 36.85733388980811 ], [ -76.253511202925196, 36.857333435731974 ], [ -76.253510964002004, 36.85733298137702 ], [ -76.253510732952947, 36.857332526271321 ], [ -76.253510487143373, 36.857332077192957 ], [ -76.253510241333814, 36.857331628114544 ], [ -76.253509995364112, 36.857331184441321 ], [ -76.253509728094343, 36.857330740360702 ], [ -76.253509468672064, 36.85733029643017 ], [ -76.253509201242238, 36.857329857754749 ], [ -76.253508927059372, 36.857329419851531 ], [ -76.253508652903207, 36.857328981047417 ], [ -76.253508371833959, 36.857328548420703 ], [ -76.253508082943966, 36.857328114743069 ], [ -76.253507788422041, 36.857327681859054 ], [ -76.253507492618908, 36.857327254358779 ], [ -76.253507197776784, 36.857326832285153 ], [ -76.253506887399993, 36.857326404506161 ], [ -76.253506571257802, 36.857325982025081 ], [ -76.253506261841963, 36.857325559672717 ], [ -76.253505944418649, 36.857325142575419 ], [ -76.253505621390005, 36.85732472537088 ], [ -76.253505290327226, 36.857324314322348 ], [ -76.253504959264475, 36.857323903273745 ], [ -76.253504621341932, 36.857323496600834 ], [ -76.253504276666419, 36.857323090700142 ], [ -76.253503930709712, 36.857322690183182 ], [ -76.253503579147747, 36.857322289559001 ], [ -76.25350321973842, 36.857321888784739 ], [ -76.253502860142291, 36.857321494316537 ], [ -76.253502493846526, 36.857321098818822 ], [ -76.253502127390647, 36.857320708726256 ], [ -76.253501752900576, 36.857320324789619 ], [ -76.253501372965388, 36.857319935340641 ], [ -76.253061635160662, 36.856875874008331 ], [ -76.253012440817642, 36.856018572356014 ], [ -76.253012411829232, 36.856018149958672 ], [ -76.253012375153659, 36.856017722006079 ], [ -76.253012338157873, 36.856017304863876 ], [ -76.253012294622664, 36.856016881286898 ], [ -76.253012258908029, 36.856016458760934 ], [ -76.253012194046406, 36.856016035677335 ], [ -76.253012137032087, 36.856015612743903 ], [ -76.25301207201035, 36.856015195065524 ], [ -76.253012000582686, 36.856014766448112 ], [ -76.253011921948357, 36.85601435391748 ], [ -76.253011843474198, 36.856013935981728 ], [ -76.253011757312947, 36.856013512490698 ], [ -76.253011665226197, 36.856013099702764 ], [ -76.253011565452312, 36.856012681359559 ], [ -76.253011465678469, 36.856012263016282 ], [ -76.253011358991543, 36.856011850850422 ], [ -76.253011244644213, 36.856011432228343 ], [ -76.253011124531596, 36.856011018904312 ], [ -76.253011003297871, 36.856010605558723 ], [ -76.253010868424951, 36.85601019826187 ], [ -76.253010740465029, 36.85600978478768 ], [ -76.253010598865885, 36.856009377362128 ], [ -76.25301044944618, 36.856008968885618 ], [ -76.25301030112081, 36.856008561331414 ], [ -76.253010144788036, 36.856008159032235 ], [ -76.253009988642106, 36.856007750427047 ], [ -76.253009818856953, 36.856007347870495 ], [ -76.253009649071743, 36.856006945313986 ], [ -76.253009478005382, 36.856006548141181 ], [ -76.253009301333861, 36.856006150861177 ], [ -76.253009110088882, 36.856005753302377 ], [ -76.253008918843818, 36.856005355743527 ], [ -76.253008712865224, 36.856004963311086 ], [ -76.253008521460103, 36.85600457115742 ], [ -76.25300830872861, 36.856004179497148 ], [ -76.253008103710897, 36.856003792491322 ], [ -76.253007884093037, 36.856003406107554 ], [ -76.253007664501908, 36.856003018822946 ], [ -76.253007438157823, 36.856002632310499 ], [ -76.253007203806334, 36.856002251053063 ], [ -76.253006970415825, 36.856001875222312 ], [ -76.25300672936487, 36.856001492935377 ], [ -76.253006481214001, 36.856001123131826 ], [ -76.253006233250019, 36.856000747022257 ], [ -76.253005978399656, 36.856000376189179 ], [ -76.253005715702059, 36.856000005205964 ], [ -76.25300545393867, 36.855999640550216 ], [ -76.25300518435472, 36.855999274843498 ], [ -76.253004908017843, 36.855998909909026 ], [ -76.253004631547597, 36.855998549478791 ], [ -76.253004348324382, 36.85599818982076 ], [ -76.253004058214856, 36.855997835439226 ], [ -76.253003766984278, 36.855997481036233 ], [ -76.2530034699884, 36.855997131931233 ], [ -76.253003171871455, 36.855996782804709 ], [ -76.253002866841513, 36.855996439855595 ], [ -76.253002561838258, 36.855996096005597 ], [ -76.253002236629655, 36.855995752670452 ], [ -76.253001916866111, 36.855995414847676 ], [ -76.253001598090179, 36.855995081550731 ], [ -76.253001278166508, 36.85599474913311 ], [ -76.253000938064218, 36.855994416329487 ], [ -76.253000604501295, 36.85599408996061 ], [ -76.253000264078693, 36.855993767967362 ], [ -76.252999916929923, 36.855993445845399 ], [ -76.252999569754479, 36.855993124624355 ], [ -76.25299921459829, 36.855992807757403 ], [ -76.252998859255328, 36.855992497196581 ], [ -76.252998498307178, 36.855992186528475 ], [ -76.252998136077863, 36.85599188124413 ], [ -76.252997767095636, 36.855991576731938 ], [ -76.252997390132762, 36.855991276573974 ], [ -76.252997014290855, 36.855990976437411 ], [ -76.252996638262147, 36.855990682606915 ], [ -76.252996254386218, 36.85599038862631 ], [ -76.252995863623909, 36.855990099922145 ], [ -76.252995473822565, 36.855989816644616 ], [ -76.252995082900128, 36.855989533345721 ], [ -76.252994685091423, 36.855989255323202 ], [ -76.252994279248568, 36.855988983456626 ], [ -76.252993874553496, 36.855988710710712 ], [ -76.252993463105469, 36.855988438736929 ], [ -76.252993056942429, 36.855988177680707 ], [ -76.252992637487068, 36.855987910961943 ], [ -76.25299221883246, 36.855987655074991 ], [ -76.252991799030113, 36.855987400067491 ], [ -76.252991372368129, 36.855987149435578 ], [ -76.252990945679485, 36.855986899704554 ], [ -76.252990512104532, 36.855986655249978 ], [ -76.252990077248327, 36.855986416179199 ], [ -76.252989636787007, 36.855986177001149 ], [ -76.252989202891754, 36.855985943356949 ], [ -76.252988754236199, 36.855985715740005 ], [ -76.252988305447261, 36.855985492627376 ], [ -76.252987856631592, 36.855985270415566 ], [ -76.252987400929555, 36.855985053480303 ], [ -76.25298694522759, 36.855984836544977 ], [ -76.252986489525568, 36.8559846196097 ], [ -76.252986026750406, 36.855984414256959 ], [ -76.252985563815145, 36.855984214309352 ], [ -76.2529851009065, 36.855984013460905 ], [ -76.252984629963862, 36.855983818768379 ], [ -76.252984160142248, 36.855983624097313 ], [ -76.252983688852595, 36.855983441115967 ], [ -76.252983211183732, 36.855983246294713 ], [ -76.252982733968693, 36.855983074016535 ], [ -76.25298224906652, 36.855982896183022 ], [ -76.252981770730457, 36.855982723883393 ], [ -76.2529812853479, 36.855982562265375 ], [ -76.252980800125485, 36.855982395242208 ], [ -76.252980307990015, 36.855982234396393 ], [ -76.252979815721105, 36.855982078054879 ], [ -76.252979329991646, 36.85598192814809 ], [ -76.252978829688715, 36.855981777962555 ], [ -76.252978330346622, 36.855981633203584 ], [ -76.25297783754398, 36.855981494879344 ], [ -76.25297733000771, 36.855981361681437 ], [ -76.252976829224409, 36.855981227711339 ], [ -76.252976329375272, 36.855981100068803 ], [ -76.25297582133193, 36.855980983987315 ], [ -76.252975314596483, 36.855980861621191 ], [ -76.252974806579829, 36.855980744638842 ], [ -76.252974298376358, 36.855980633962488 ], [ -76.25297378312645, 36.855980533967845 ], [ -76.252973275883903, 36.855980428718155 ], [ -76.25297276063398, 36.855980328723483 ], [ -76.25297224522393, 36.855980234133995 ], [ -76.252971736353302, 36.855980145979245 ], [ -76.252971207143858, 36.855980062843642 ], [ -76.252970691573665, 36.855979973659267 ], [ -76.252970175309613, 36.855979907897421 ], [ -76.25296965250611, 36.855979835700779 ], [ -76.252969128554952, 36.855979764383605 ], [ -76.252968605431178, 36.855979702997324 ], [ -76.252968082280759, 36.855979642511933 ], [ -76.252967558970241, 36.855979587431698 ], [ -76.252967035472835, 36.855979538657522 ], [ -76.252966511842033, 36.855979494387618 ], [ -76.252965987063533, 36.855979450997161 ], [ -76.252965463272574, 36.85597941213247 ], [ -76.25296493272873, 36.855979374039968 ], [ -76.25296440840404, 36.855979353192495 ], [ -76.252963884266151, 36.855979326038984 ], [ -76.252963351934042, 36.855979310446585 ], [ -76.252962827475898, 36.855979294103413 ], [ -76.252962296104727, 36.855979283937636 ], [ -76.2529617703387, 36.855979273879086 ], [ -76.252961238620586, 36.855979275424495 ], [ -76.252960713655369, 36.855979276197722 ], [ -76.252960188503266, 36.855979283277058 ], [ -76.252959655503986, 36.855979290206136 ], [ -76.252959130031684, 36.855979308095797 ], [ -76.252958597833171, 36.85597932585673 ], [ -76.251130604858744, 36.85605452731189 ], [ -76.251129069570084, 36.856054593461558 ], [ -76.251127534121139, 36.856054665016465 ], [ -76.251125998672194, 36.856054736571274 ], [ -76.251124463036277, 36.856054814432134 ], [ -76.251122927240161, 36.856054897698122 ], [ -76.251121391283704, 36.856054986369308 ], [ -76.251119855166991, 36.856055080445614 ], [ -76.251118319023576, 36.856055175422767 ], [ -76.251116782746578, 36.856055274904222 ], [ -76.251115246282623, 36.856055380691664 ], [ -76.251113716544893, 36.8560554866079 ], [ -76.251112179760455, 36.856055603205618 ], [ -76.251110649515212, 36.856055726238267 ], [ -76.251109112730731, 36.856055842835985 ], [ -76.25110758232519, 36.856055971273662 ], [ -76.251106051919677, 36.856056099711388 ], [ -76.251104521353881, 36.85605623355422 ], [ -76.251102991748866, 36.85605637282368 ], [ -76.251101460862529, 36.85605651747683 ], [ -76.251099936515459, 36.856056668564797 ], [ -76.25109840544215, 36.85605681952395 ], [ -76.251096882055819, 36.856056976038481 ], [ -76.25109535066197, 36.856057137807952 ], [ -76.251093819268107, 36.856057299577408 ], [ -76.251092302100474, 36.856057473337046 ], [ -76.251090777085565, 36.856057646946418 ], [ -76.251089253031424, 36.856057825982447 ], [ -76.251087727696003, 36.85605801040218 ], [ -76.251086210207831, 36.856058194972121 ], [ -76.251084684685409, 36.856058385697786 ], [ -76.251083166876697, 36.856058581078045 ], [ -76.251081655607166, 36.856058782893093 ], [ -76.251080129603935, 36.856058989834281 ], [ -76.251078611421249, 36.856059197826532 ], [ -76.251077091983973, 36.856059410301597 ], [ -76.251075573667691, 36.856059622798135 ], [ -76.25107406173035, 36.856059847134645 ], [ -76.251072549953321, 36.856060066065979 ], [ -76.251071037695482, 36.856060301212764 ], [ -76.25106952541087, 36.856060537260433 ], [ -76.251068012992747, 36.856060777812395 ], [ -76.251066499266557, 36.856061024648866 ], [ -76.251064994668965, 36.856061266251906 ], [ -76.251063488629754, 36.856061518643834 ], [ -76.25106198915654, 36.856061776569632 ], [ -76.251060476204103, 36.856062035138763 ], [ -76.251058969844394, 36.856062298340952 ], [ -76.251057463457883, 36.856062562444045 ], [ -76.251055964437867, 36.856062842912763 ], [ -76.251054464457042, 36.856063117954903 ], [ -76.251052957563061, 36.856063399174232 ], [ -76.25105146510893, 36.856063685176942 ], [ -76.251049971346788, 36.85606397746421 ], [ -76.251048471979473, 36.856064269644101 ], [ -76.251046979178071, 36.856064567357947 ], [ -76.251045485095361, 36.856064870455462 ], [ -76.251043992106958, 36.856065174475326 ], [ -76.251042497703736, 36.856065488383202 ], [ -76.251041018807996, 36.856065808897547 ], [ -76.251039524377987, 36.856066123706228 ], [ -76.251038044200925, 36.856066449604278 ], [ -76.251036557110623, 36.856066781679566 ], [ -76.251035070047038, 36.856067112853957 ], [ -76.251033589522692, 36.856067450463108 ], [ -76.251032108998317, 36.856067788072316 ], [ -76.25103063616092, 36.856068131236945 ], [ -76.25102915515572, 36.85606848506157 ], [ -76.251027681010314, 36.856068834510722 ], [ -76.251026206571041, 36.856069193869324 ], [ -76.251024733226075, 36.856069554150196 ], [ -76.251023258599801, 36.8560699198148 ], [ -76.251021791660477, 36.856070291034804 ], [ -76.251020323413144, 36.856070668539353 ], [ -76.251018856313536, 36.856071045164533 ], [ -76.251017395753124, 36.856071428224446 ], [ -76.25101593503247, 36.856071816689585 ], [ -76.251014466464554, 36.856072205004395 ], [ -76.251013012309784, 36.85607259900349 ], [ -76.251011551268562, 36.856072998278862 ], [ -76.251010096766521, 36.856073403989086 ], [ -76.251008642264495, 36.856073809699254 ], [ -76.251007195289134, 36.856074226370069 ], [ -76.251005740626809, 36.856074637485385 ], [ -76.251004299096365, 36.856075059668669 ], [ -76.251002844113415, 36.856075481594317 ], [ -76.251001403517037, 36.856075910105019 ], [ -76.250999961639266, 36.856076343999412 ], [ -76.250998520882519, 36.856076777915291 ], [ -76.250997079965472, 36.856077217236269 ], [ -76.250995644493358, 36.856077662069787 ], [ -76.250994216681491, 36.856078113359587 ], [ -76.250992775443933, 36.856078563490868 ], [ -76.250991340745514, 36.856079020056974 ], [ -76.250989912613051, 36.856079482157057 ], [ -76.250988484480601, 36.856079944257118 ], [ -76.250987062887319, 36.856080412791968 ], [ -76.250985642281492, 36.856080885852577 ], [ -76.250984220367684, 36.856081365197781 ], [ -76.250982798453833, 36.856081844542906 ], [ -76.250981384066691, 36.856082334848686 ], [ -76.250979968718724, 36.856082819727789 ], [ -76.250978554304851, 36.856083310934366 ], [ -76.250977146323322, 36.8560838121792 ], [ -76.250975737354295, 36.856084308898247 ], [ -76.250974329025468, 36.856084821854253 ], [ -76.250972927743376, 36.856085324128692 ], [ -76.250971526140745, 36.856085837213499 ], [ -76.250970124351099, 36.856086356604294 ], [ -76.250968729314351, 36.856086875222992 ], [ -76.250967335211698, 36.856087400169237 ], [ -76.250965946553876, 36.856087930627901 ], [ -76.25096455116983, 36.856088460957736 ], [ -76.250963163472775, 36.856088996843042 ], [ -76.250961782314931, 36.85608953916315 ], [ -76.250960399902439, 36.856090085966109 ], [ -76.250959018584282, 36.856090633691359 ], [ -76.250957643832038, 36.856091186950572 ], [ -76.25095626235354, 36.85609174008097 ], [ -76.250954894006952, 36.856092304279301 ], [ -76.250953519067664, 36.856092863844481 ], [ -76.250952150560707, 36.856093433447917 ], [ -76.250950789874338, 36.856094004102466 ], [ -76.250949427746349, 36.856094585545904 ], [ -76.250948066899653, 36.85609516160563 ], [ -76.250946704771593, 36.856095743049039 ], [ -76.250945350303823, 36.856096330948709 ], [ -76.250944009154892, 36.856096923610302 ], [ -76.250942647800571, 36.856097516786313 ], [ -76.250941299738386, 36.85609811562508 ], [ -76.250939958242157, 36.856098719997838 ], [ -76.250938616745884, 36.856099324370533 ], [ -76.250937275062597, 36.856099935049279 ], [ -76.250935947979485, 36.856100545106194 ], [ -76.250934605815345, 36.856101172000436 ], [ -76.250933271658738, 36.856101793639766 ], [ -76.250931943107275, 36.856102415386381 ], [ -76.250930615356282, 36.856103047964815 ], [ -76.25092929433147, 36.856103680671978 ], [ -76.250927973279957, 36.856104314280032 ], [ -76.250926658473745, 36.856104964232379 ], [ -76.250925343988129, 36.856105603374345 ], [ -76.250924029368946, 36.856106247020676 ], [ -76.250922722409996, 36.856106897123198 ], [ -76.250921414142937, 36.856107553510348 ], [ -76.250920113589615, 36.856108214552052 ], [ -76.250918811888482, 36.856108876473129 ], [ -76.250917511148145, 36.856109543820821 ], [ -76.250916216973678, 36.856110216702511 ], [ -76.250914929525422, 36.856110889712909 ], [ -76.25091364191691, 36.856111568128526 ], [ -76.25091235430834, 36.856112246544086 ], [ -76.25091107435999, 36.856112931415993 ], [ -76.250909793130347, 36.856113621671511 ], [ -76.250908513048458, 36.856114311047683 ], [ -76.250907245110895, 36.856115006965993 ], [ -76.250905971381158, 36.856115709082978 ], [ -76.250904704404348, 36.856116410427909 ], [ -76.250903443993465, 36.856117117306781 ], [ -76.250902176829641, 36.856117824957714 ], [ -76.250900922957911, 36.856118538271382 ], [ -76.250899670046948, 36.856119257011699 ], [ -76.250898415854678, 36.85611998113572 ], [ -76.250897169509599, 36.856120705409971 ], [ -76.250895922043497, 36.856121429662764 ], [ -76.2508946822376, 36.856122160371854 ], [ -76.250893442271405, 36.856122896486049 ], [ -76.25089220233194, 36.856123631699418 ], [ -76.250890975657896, 36.856124373476391 ], [ -76.250889542229288, 36.856125241092059 ], [ -76.250888110429216, 36.856126091612808 ], [ -76.250886677187481, 36.856126952922409 ], [ -76.250885237540103, 36.856127803292829 ], [ -76.250883791353502, 36.856128647228388 ], [ -76.250882351866338, 36.856129492193695 ], [ -76.250880897992602, 36.856130330573798 ], [ -76.250879445239903, 36.856131168975395 ], [ -76.250877992647418, 36.856132001971737 ], [ -76.250876532367997, 36.856132829412616 ], [ -76.25087507208849, 36.85613365685353 ], [ -76.250873611969212, 36.856134478889224 ], [ -76.250872146271462, 36.856135299916694 ], [ -76.25087067192591, 36.856136109962101 ], [ -76.250869198674692, 36.856136920929778 ], [ -76.250867725450135, 36.856137730996601 ], [ -76.250866245686254, 36.856138534628542 ], [ -76.250864758369005, 36.856139328200761 ], [ -76.250863278578407, 36.856140132733543 ], [ -76.25086178456155, 36.856140925276016 ], [ -76.250860290544665, 36.856141717818481 ], [ -76.250858796848334, 36.856142499550614 ], [ -76.250857303151932, 36.856143281282684 ], [ -76.250855802729262, 36.856144062885932 ], [ -76.250854302466863, 36.856144839084024 ], [ -76.250852794544173, 36.856145608825749 ], [ -76.250851280989565, 36.856146379360993 ], [ -76.250849773227074, 36.856147143697562 ], [ -76.250848260019708, 36.856147902521556 ], [ -76.250846738964952, 36.856148661195277 ], [ -76.250845218097183, 36.856149413562925 ], [ -76.250843697362995, 36.85615016142625 ], [ -76.250842169929257, 36.856150908259906 ], [ -76.250840635742492, 36.856151655865609 ], [ -76.250839108629265, 36.856152391888834 ], [ -76.250837573855748, 36.856153121455769 ], [ -76.250836033450241, 36.856153851816245 ], [ -76.250834491923698, 36.856154582155185 ], [ -76.250832951705164, 36.856155306209565 ], [ -76.25083140379958, 36.856156024708454 ], [ -76.250829856054295, 36.856156737802152 ], [ -76.250828308308954, 36.856157450895829 ], [ -76.250826753997629, 36.856158158455514 ], [ -76.25082519968629, 36.856158866015171 ], [ -76.250823638835641, 36.856159567139976 ], [ -76.250822076997551, 36.856160263739 ], [ -76.250820509741246, 36.856160953924622 ], [ -76.250818949211123, 36.856161644239016 ], [ -76.250817381020738, 36.856162328097135 ], [ -76.250815806077313, 36.85616301272718 ], [ -76.250814231294214, 36.856163691952119 ], [ -76.250812649971778, 36.856164364742142 ], [ -76.250811068809668, 36.856165032127024 ], [ -76.250809487647501, 36.856165699511884 ], [ -76.250807906645562, 36.856166361491525 ], [ -76.250806318917384, 36.856167023342351 ], [ -76.250804731536476, 36.856167673481927 ], [ -76.250803136121306, 36.856168329777283 ], [ -76.250801542174386, 36.856168974382804 ], [ -76.250799947106415, 36.856169618966909 ], [ -76.250798345312191, 36.856170263422115 ], [ -76.250796745146516, 36.85617089078243 ], [ -76.25079513694655, 36.856171524298468 ], [ -76.250793528933585, 36.856172151508503 ], [ -76.250791921080889, 36.856172773313283 ], [ -76.250790313228151, 36.85617339511807 ], [ -76.250788697688364, 36.856174011367372 ], [ -76.250787083429913, 36.856174622232963 ], [ -76.250785462632223, 36.856175226663666 ], [ -76.250783833960483, 36.856175831844965 ], [ -76.250782220049274, 36.85617643099922 ], [ -76.250780598290731, 36.856177030003273 ], [ -76.250778969966163, 36.856177623473286 ], [ -76.250777334915426, 36.856178216814428 ], [ -76.250775708219493, 36.856178793189471 ], [ -76.250774073515984, 36.856179374819405 ], [ -76.250772438972689, 36.856179951044105 ], [ -76.250770797863439, 36.856180521734878 ], [ -76.250769155953748, 36.856181081593739 ], [ -76.250767514844469, 36.856181652284413 ], [ -76.250765874082447, 36.856182211263878 ], [ -76.250764225446403, 36.856182770993897 ], [ -76.250762578118369, 36.856183324439293 ], [ -76.250760923103371, 36.85618387232924 ], [ -76.250759269369681, 36.856184414835454 ], [ -76.250757614541627, 36.856184956419305 ], [ -76.250755960034112, 36.856185487192853 ], [ -76.250754298613344, 36.856186024143554 ], [ -76.250752637539833, 36.85618654938299 ], [ -76.250750976466293, 36.856187074622433 ], [ -76.250749308826826, 36.856187594327885 ], [ -76.250747641374332, 36.856188107727228 ], [ -76.250745973895107, 36.856188622027481 ], [ -76.250744306442527, 36.856189135426817 ], [ -76.250742631623538, 36.8561896324603 ], [ -76.250740957925601, 36.856190129515277 ], [ -76.250739283106583, 36.856190626548745 ], [ -76.25073760286935, 36.856191117168791 ], [ -76.250735921484321, 36.856191608668233 ], [ -76.250734240446604, 36.856192088456432 ], [ -76.250732552682635, 36.856192568115823 ], [ -76.250730872926141, 36.856193042520239 ], [ -76.25072918534913, 36.856193515873528 ], [ -76.250727491339731, 36.856193979188511 ], [ -76.25072580408326, 36.856194441731404 ], [ -76.250724110100535, 36.856194904145489 ], [ -76.250722415317298, 36.856195355727685 ], [ -76.250720721494801, 36.856195812736509 ], [ -76.250719021426931, 36.856196253400981 ], [ -76.250717320264727, 36.856196693143112 ], [ -76.250715620223531, 36.856197132906672 ], [ -76.250713920342619, 36.856197567265028 ], [ -76.250712212774687, 36.856197996067962 ], [ -76.250710513214315, 36.856198419615914 ], [ -76.250708812719907, 36.856198836836342 ], [ -76.250707113319763, 36.856199254979103 ], [ -76.250705406259357, 36.856199666665525 ], [ -76.250703707206497, 36.856200073097042 ], [ -76.250701993580137, 36.856200479249402 ], [ -76.250700287027286, 36.856200873819354 ], [ -76.250698573748153, 36.856201268260463 ], [ -76.250696861563341, 36.856201663623864 ], [ -76.250695148604791, 36.856202047254612 ], [ -76.250693427798936, 36.856202430735038 ], [ -76.250691722874592, 36.856202808209979 ], [ -76.250690003510314, 36.856203180901446 ], [ -76.250688284172782, 36.856203552692008 ], [ -76.250686563687438, 36.856203925362017 ], [ -76.250684844857417, 36.85620428003616 ], [ -76.250683119274456, 36.856204635482364 ], [ -76.250681393691494, 36.856204990928532 ], [ -76.250679667174438, 36.856205340047211 ], [ -76.250677948638227, 36.856205684811734 ], [ -76.250676216836553, 36.856206023012703 ], [ -76.250674483913869, 36.856206361192051 ], [ -76.250672759025377, 36.856206693215718 ], [ -76.250671026423234, 36.856207020584705 ], [ -76.25066929384775, 36.856207347052816 ], [ -76.250667554866638, 36.856207662581731 ], [ -76.250665823732803, 36.85620797826094 ], [ -76.250664084751605, 36.856208293789805 ], [ -76.250662346091019, 36.856208598508374 ], [ -76.250660607430461, 36.856208903226793 ], [ -76.25065886895689, 36.856209201639231 ], [ -76.25065712391735, 36.856209494517685 ], [ -76.250655386725057, 36.856209787546298 ], [ -76.250653640911722, 36.856210068692015 ], [ -76.250651896192736, 36.856210350759987 ], [ -76.250650151473735, 36.856210632827974 ], [ -76.250648407102034, 36.856210903184703 ], [ -76.250646656004065, 36.856211173412611 ], [ -76.250644911792634, 36.85621143836407 ], [ -76.250643159920926, 36.856211696859219 ], [ -76.250641409143512, 36.856211956276702 ], [ -76.250639658713411, 36.856212203982892 ], [ -76.250637907162258, 36.856212451667659 ], [ -76.250636150005889, 36.856212699245006 ], [ -76.250634392049093, 36.856212935990527 ], [ -76.250632641966234, 36.856213171985473 ], [ -76.250630884169695, 36.856213403325732 ], [ -76.250629127681236, 36.856213628381447 ], [ -76.250627370392266, 36.8562138426053 ], [ -76.25062561390375, 36.856214067660964 ], [ -76.250623863367721, 36.856214281112713 ], [ -76.250622092786571, 36.856214489673647 ], [ -76.250620336965909, 36.856214692207693 ], [ -76.250618573298027, 36.856214894591417 ], [ -76.250616809790372, 36.856215091569901 ], [ -76.250615046282718, 36.85621528854837 ], [ -76.25061328309566, 36.856215474716457 ], [ -76.250611519935362, 36.856215659983704 ], [ -76.250609750209051, 36.856215839716889 ], [ -76.250607988330003, 36.856216019600311 ], [ -76.250606217963593, 36.856216183096507 ], [ -76.250604456405128, 36.856216352169575 ], [ -76.25060269391264, 36.856216514915097 ], [ -76.250600918127986, 36.856216671997764 ], [ -76.250599148108833, 36.856216823782631 ], [ -76.250597379210689, 36.8562169755889 ], [ -76.250595610472885, 36.856217121989999 ], [ -76.250593835169113, 36.856217262857072 ], [ -76.250592066778566, 36.856217397546871 ], [ -76.250590291822093, 36.856217526702686 ], [ -76.250588523591844, 36.856217655987251 ], [ -76.25058674094835, 36.856217779587553 ], [ -76.250584979604682, 36.856217903595734 ], [ -76.250583205155749, 36.856218015635086 ], [ -76.250581437272842, 36.856218133208323 ], [ -76.250579655297258, 36.856218234286942 ], [ -76.250577881168994, 36.856218335515855 ], [ -76.250576107201013, 36.856218431339542 ], [ -76.250574332138669, 36.856218526240895 ], [ -76.250572545065523, 36.856218610095723 ], [ -76.250570777984038, 36.856218700642955 ], [ -76.250569003429348, 36.856218778427788 ], [ -76.250567223242683, 36.856218857006162 ], [ -76.250565448821575, 36.856218930286651 ], [ -76.250563662256027, 36.856218997024946 ], [ -76.250423310407129, 36.856224175266647 ], [ -76.250422784772226, 36.856224198550073 ], [ -76.250422257989541, 36.856224222712946 ], [ -76.250421732007283, 36.856224257707602 ], [ -76.250421206025052, 36.856224292702223 ], [ -76.250420680042737, 36.856224327696864 ], [ -76.25042016719236, 36.856224373759524 ], [ -76.250419634136463, 36.856224420336538 ], [ -76.25041911439952, 36.856224471675517 ], [ -76.250418594475505, 36.856224529320556 ], [ -76.25041806798562, 36.856224581431583 ], [ -76.250417547740994, 36.856224649886926 ], [ -76.250417034195863, 36.856224719371973 ], [ -76.250416513790924, 36.856224793232492 ], [ -76.250415993359255, 36.856224867993873 ], [ -76.250415480454208, 36.856224953715923 ], [ -76.250414966428195, 36.856225039416472 ], [ -76.250414452241827, 36.856225130522191 ], [ -76.250413937868402, 36.856225227933969 ], [ -76.250413424616056, 36.856225325367191 ], [ -76.250412916835288, 36.856225427412106 ], [ -76.250412403235586, 36.856225536556479 ], [ -76.250411895267789, 36.856225644907454 ], [ -76.250411394826642, 36.856225764219033 ], [ -76.250410887632498, 36.856225884302646 ], [ -76.250410386070314, 36.856226003592731 ], [ -76.250409878555601, 36.85622613448664 ], [ -76.250409384493352, 36.856226265638256 ], [ -76.250408883517778, 36.856226402967032 ], [ -76.250408389134904, 36.856226544928965 ], [ -76.250407894725257, 36.856226687791789 ], [ -76.250407400155339, 36.856226836059733 ], [ -76.250406905425095, 36.856226989732917 ], [ -76.250406424147272, 36.856227143663695 ], [ -76.250405929096388, 36.856227308147162 ], [ -76.250405448779347, 36.85622746750461 ], [ -76.250404966993912, 36.856227638551758 ], [ -76.250404486329501, 36.856227809620385 ], [ -76.250404005504791, 36.856227986094197 ], [ -76.25040353797219, 36.856228168230814 ], [ -76.250403055679101, 36.856228356394396 ], [ -76.250402587986187, 36.856228543936162 ], [ -76.2504021202666, 36.856228732378838 ], [ -76.250401652226316, 36.856228931631811 ], [ -76.250401184186103, 36.85622913088482 ], [ -76.250400722872087, 36.856229330266686 ], [ -76.250400269084693, 36.856229540609121 ], [ -76.250399822023539, 36.856229751080434 ], [ -76.250399360201897, 36.856229967578649 ], [ -76.250398904946138, 36.856230189610841 ], [ -76.250398457537642, 36.856230411793376 ], [ -76.250398016855385, 36.856230634104641 ], [ -76.250397575852503, 36.856230867226351 ], [ -76.250397134822904, 36.856231101248852 ], [ -76.250396700546247, 36.856231334499391 ], [ -76.250396265922191, 36.856231579461067 ], [ -76.250395839305781, 36.856231819167888 ], [ -76.250395411247709, 36.856232069663633 ], [ -76.25039498431066, 36.856232320180816 ], [ -76.250394562978755, 36.856232570805354 ], [ -76.250394149146871, 36.856232833291344 ], [ -76.250393735314901, 36.856233095777377 ], [ -76.250393329196655, 36.856233362918019 ], [ -76.250392921930626, 36.856233630938064 ], [ -76.250392514664568, 36.856233898958038 ], [ -76.250392113804168, 36.856234177917266 ], [ -76.250391720924583, 36.856234452522479 ], [ -76.25039132775116, 36.856234737037141 ], [ -76.250390941277217, 36.856235022581487 ], [ -76.250390554829963, 36.856235307224978 ], [ -76.250390167074613, 36.856235598153063 ], [ -76.250389794853547, 36.856235894786877 ], [ -76.250389421511429, 36.856236191399226 ], [ -76.250389049103319, 36.856236494339115 ], [ -76.250388682327085, 36.856236796485462 ], [ -76.250388316484887, 36.856237104959284 ], [ -76.250387957395631, 36.85623741266113 ], [ -76.250387604845557, 36.856237726797829 ], [ -76.250387252295525, 36.856238040934549 ], [ -76.250386906311377, 36.856238360605175 ], [ -76.25038656817452, 36.856238680426209 ], [ -76.250386229877307, 36.856239005652341 ], [ -76.250385890432355, 36.856239331757891 ], [ -76.250385565587649, 36.856239657241723 ], [ -76.250385233669306, 36.856239994307899 ], [ -76.25038491651155, 36.856240325347187 ], [ -76.250384598045727, 36.856240662671013 ], [ -76.250384286145803, 36.856241005528858 ], [ -76.250383982093183, 36.856241348537068 ], [ -76.250383671314253, 36.856241691416358 ], [ -76.25038337382756, 36.856242039958474 ], [ -76.25038307631408, 36.85624238940148 ], [ -76.250382785393271, 36.856242743477644 ], [ -76.250382502292993, 36.856243098604935 ], [ -76.250382218098395, 36.856243452809963 ], [ -76.250381941564072, 36.856243813471202 ], [ -76.250381665029721, 36.856244174132556 ], [ -76.250381401787493, 36.856244540456728 ], [ -76.250381139666359, 36.856244906802296 ], [ -76.250380876424174, 36.856245273126461 ], [ -76.250380627595135, 36.856245645134891 ], [ -76.250380377645087, 36.856246017121833 ], [ -76.250380128976417, 36.856246383725114 ], [ -76.250379893252529, 36.856246767702416 ], [ -76.250379658836692, 36.85624714539513 ], [ -76.250379423112804, 36.856247529372411 ], [ -76.250379202149446, 36.856247907322839 ], [ -76.250378973151797, 36.856248291428983 ], [ -76.250378758567336, 36.856248681219455 ], [ -76.250378558716662, 36.856249065883787 ], [ -76.250378350858469, 36.856249455803052 ], [ -76.250378149726444, 36.856249845851146 ], [ -76.250377956281426, 36.85625024145471 ], [ -76.250377762836365, 36.856250637058217 ], [ -76.250377576117558, 36.856251032790631 ], [ -76.250377396098273, 36.856251429552707 ], [ -76.250377222992256, 36.856251820137587 ], [ -76.250377057092251, 36.856252232493475 ], [ -76.250376890525445, 36.856252629513243 ], [ -76.250376731672262, 36.856253031187556 ], [ -76.250376572632092, 36.856253439167951 ], [ -76.250376428352482, 36.856253841121443 ], [ -76.250376282764762, 36.856254249359438 ], [ -76.250376145024376, 36.856254657747797 ], [ -76.250376006189612, 36.85625506521378 ], [ -76.250375881901647, 36.856255473859768 ], [ -76.250375758574393, 36.856255887932441 ], [ -76.250375640852369, 36.856256302112421 ], [ -76.250375523290643, 36.856256710887294 ], [ -76.250375420168794, 36.85625712444552 ], [ -76.250375317020286, 36.856257538904714 ], [ -76.250375220410987, 36.856257959798661 ], [ -76.250375123988647, 36.856258374386641 ], [ -76.250375042166638, 36.856258788352875 ], [ -76.25037495900979, 36.856259209504515 ], [ -76.25037488372692, 36.856259629905587 ], [ -76.250374815330602, 36.856260045030339 ], [ -76.250374746773957, 36.85626046556029 ], [ -76.250374692790885, 36.856260886369284 ], [ -76.250374637686704, 36.856261307156892 ], [ -76.250374583703604, 36.856261727965965 ], [ -76.250374543146279, 36.856262149933507 ], [ -76.250374502615614, 36.85626257100018 ], [ -76.250374476498195, 36.856262997751259 ], [ -76.250374442693797, 36.856263418946753 ], [ -76.250374423436199, 36.85626384132231 ], [ -76.250374410931556, 36.856264262925805 ], [ -76.250374398426899, 36.856264684529293 ], [ -76.250374392648524, 36.856265106261603 ], [ -76.250374393596388, 36.856265528122755 ], [ -76.250374395478175, 36.856265956311418 ], [ -76.250374403152279, 36.85626637830137 ], [ -76.250374426520878, 36.856266800591989 ], [ -76.250374434194995, 36.856267222581941 ], [ -76.250397405764559, 36.856669321989479 ], [ -76.250397550865145, 36.856671766590502 ], [ -76.250397695005034, 36.856674205764925 ], [ -76.250397847152556, 36.856676639684466 ], [ -76.250398005866046, 36.856679079138011 ], [ -76.250398171492847, 36.856681512414298 ], [ -76.25039833709296, 36.856683946591481 ], [ -76.250398517106348, 36.856686386452978 ], [ -76.25039869728009, 36.856688820909234 ], [ -76.250398884206817, 36.856691254593571 ], [ -76.250399071106813, 36.856693689178691 ], [ -76.250399264733133, 36.856696123892654 ], [ -76.250399465112466, 36.856698557834591 ], [ -76.250399673312415, 36.856700992827648 ], [ -76.250399888425676, 36.85670342164353 ], [ -76.250400110078218, 36.856705856894266 ], [ -76.250400331730731, 36.856708292145022 ], [ -76.250400561417649, 36.856710721240013 ], [ -76.250400796522769, 36.856713156748434 ], [ -76.250401032748925, 36.856715592278299 ], [ -76.250401276048791, 36.856718016225784 ], [ -76.250401532640822, 36.856720445836082 ], [ -76.250401783440694, 36.856722881645048 ], [ -76.250402046759049, 36.856725311384189 ], [ -76.250402317898079, 36.856727742174513 ], [ -76.25040258922418, 36.856730166658778 ], [ -76.250402867116193, 36.856732596677048 ], [ -76.250403144981576, 36.856735027596166 ], [ -76.250403437607545, 36.856737452488375 ], [ -76.250403728952278, 36.85673988276428 ], [ -76.250404028277856, 36.856742308686151 ], [ -76.25040433419619, 36.85674473924125 ], [ -76.250404648122171, 36.85674716454136 ], [ -76.250404960900397, 36.856749590720902 ], [ -76.250405281552702, 36.856752016149947 ], [ -76.250405607810222, 36.856754441686299 ], [ -76.250405941915147, 36.856756867372923 ], [ -76.250406276180371, 36.856759287654377 ], [ -76.250406624858968, 36.856761713620173 ], [ -76.250406973537508, 36.856764139585955 ], [ -76.250407327981662, 36.85676656025386 ], [ -76.250407683546896, 36.856768980943272 ], [ -76.250408045838412, 36.856771401761534 ], [ -76.250408422703572, 36.856773822858912 ], [ -76.250408784995159, 36.856776243677139 ], [ -76.250409175473294, 36.856778659627011 ], [ -76.250409557783428, 36.856781086236886 ], [ -76.250409956108925, 36.856783502337045 ], [ -76.250410353153043, 36.856785923820844 ], [ -76.250410750384233, 36.856788338998676 ], [ -76.250411162002081, 36.856790760761641 ], [ -76.250411573780227, 36.856793177119393 ], [ -76.250411984277065, 36.856795598860927 ], [ -76.25041241770252, 36.856798003915443 ], [ -76.250412849659568, 36.856800420659674 ], [ -76.250413282737739, 36.856802837425441 ], [ -76.250413721608183, 36.856805247992483 ], [ -76.250414168139002, 36.856807665015886 ], [ -76.250414621583133, 36.856810075862029 ], [ -76.250415076121655, 36.856812487630577 ], [ -76.250415536292124, 36.856814898605535 ], [ -76.250416004443565, 36.856817305226535 ], [ -76.250416479187734, 36.856819716480679 ], [ -76.250416952784192, 36.856822128614141 ], [ -76.250417435536065, 36.856824534613388 ], [ -76.250417923893238, 36.856826940719991 ], [ -76.250418420097716, 36.856829346976909 ], [ -76.250418921907524, 36.856831753341147 ], [ -76.250419424651355, 36.856834166032854 ], [ -76.250419934468852, 36.856836567142231 ], [ -76.250420452133739, 36.856838968401895 ], [ -76.250420975403898, 36.856841369768908 ], [ -76.250421499634825, 36.856843776562556 ], [ -76.250422030752361, 36.856846178079877 ], [ -76.250422568596264, 36.856848579725977 ], [ -76.250423113326747, 36.856850976095778 ], [ -76.25042365901804, 36.856853377892186 ], [ -76.25042421047489, 36.856855774390809 ], [ -76.250424769805889, 36.8568581701388 ], [ -76.250425335515828, 36.856860577726884 ], [ -76.250425902054104, 36.856862957388223 ], [ -76.250426482498085, 36.856865359850204 ], [ -76.250427061981355, 36.856867756885592 ], [ -76.250427642746033, 36.856870148537261 ], [ -76.250428236990032, 36.856872539545662 ], [ -76.250428831207316, 36.856874931454975 ], [ -76.250429425611728, 36.85687731705822 ], [ -76.250429613899485, 36.856878040862199 ], [ -76.250429802507853, 36.856878753855796 ], [ -76.250429998829972, 36.856879471503994 ], [ -76.250430202011984, 36.856880184776706 ], [ -76.250430404099703, 36.856880897127148 ], [ -76.250430614168351, 36.856881605123498 ], [ -76.250430831950737, 36.856882317774478 ], [ -76.250431048772356, 36.856883024998865 ], [ -76.250431272293611, 36.856883733252857 ], [ -76.250431503688887, 36.856884440756374 ], [ -76.250431741970786, 36.856885142983472 ], [ -76.250431979905329, 36.856885856921778 ], [ -76.250432225100624, 36.856886552971659 ], [ -76.250432477769138, 36.85688726178396 ], [ -76.250432736390209, 36.856887958992381 ], [ -76.25043299615912, 36.85688865532142 ], [ -76.250433262467283, 36.856889358085319 ], [ -76.250433535662069, 36.856890055572826 ], [ -76.250433815743449, 36.856890747784057 ], [ -76.250434096785582, 36.856891445421851 ], [ -76.250434384741013, 36.856892136882458 ], [ -76.250434678275013, 36.85689282935131 ], [ -76.250434972956754, 36.85689352094073 ], [ -76.250435275619481, 36.856894208176186 ], [ -76.250435583914111, 36.856894894618115 ], [ -76.250435900056146, 36.856895581210338 ], [ -76.250436215050414, 36.856896268681943 ], [ -76.250436538079072, 36.856896949997804 ], [ -76.250436867833983, 36.856897631442507 ], [ -76.250437197588951, 36.856898312887203 ], [ -76.250437535538566, 36.856898982770986 ], [ -76.250437878559126, 36.856899670779335 ], [ -76.250438229961361, 36.856900340920816 ], [ -76.250438581176567, 36.85690101736828 ], [ -76.250438939278382, 36.856901688539374 ], [ -76.250439311980571, 36.856902359088728 ], [ -76.250439670082429, 36.856903030259843 ], [ -76.250440041823907, 36.856903695382606 ], [ -76.250440421385989, 36.856904361556452 ], [ -76.250440801135127, 36.856905021424311 ], [ -76.250441187610605, 36.856905681420962 ], [ -76.250441580812335, 36.856906341546519 ], [ -76.250441974014066, 36.85690700167202 ], [ -76.250442381949767, 36.856907656671446 ], [ -76.250442783159244, 36.856908311542057 ], [ -76.25044319800827, 36.856908960364287 ], [ -76.250443612830608, 36.856909610087385 ], [ -76.250444034379271, 36.856910259939305 ], [ -76.250444463962296, 36.856910903635502 ], [ -76.250444892424255, 36.856911547310169 ], [ -76.250445328706903, 36.856912192036049 ], [ -76.250445765176565, 36.856912830455826 ], [ -76.250446208372495, 36.856913469004503 ], [ -76.250446658455118, 36.856914102276797 ], [ -76.250447115103682, 36.85691474108306 ], [ -76.25044757319391, 36.856915369100491 ], [ -76.250448038037163, 36.856915996345883 ], [ -76.250448501732677, 36.856916624470628 ], [ -76.250448973462582, 36.856917246439622 ], [ -76.250449445165756, 36.856917869309555 ], [ -76.250449931469319, 36.85691849155765 ], [ -76.250450423538467, 36.856919108508009 ], [ -76.250450910162613, 36.856919719945758 ], [ -76.25045141005242, 36.856920337947251 ], [ -76.250451902468868, 36.856920943186338 ], [ -76.250452410232739, 36.856921560437229 ], [ -76.250452917356469, 36.856922161451159 ], [ -76.250453431233225, 36.856922761692999 ], [ -76.25045395293067, 36.856923362986045 ], [ -76.250454473533694, 36.856923963356699 ], [ -76.250454995418195, 36.856924558343714 ], [ -76.25045553072853, 36.856925154489232 ], [ -76.250456066225851, 36.856925744328677 ], [ -76.250456602870997, 36.856926333288726 ], [ -76.250457145254998, 36.856926917851837 ], [ -76.250457695486375, 36.856927502565213 ], [ -76.250458244783687, 36.856928080951135 ], [ -76.250458801901686, 36.856928660388164 ], [ -76.250459365932997, 36.856929233648003 ], [ -76.250459929964293, 36.856929806907772 ], [ -76.250460502003307, 36.856930374912785 ], [ -76.25046107292124, 36.856930942896248 ], [ -76.25046165168655, 36.85693151102997 ], [ -76.250462229811731, 36.856932062926752 ], [ -76.250462815303351, 36.856932631189331 ], [ -76.250463407868622, 36.856933187869522 ], [ -76.250464000407135, 36.856933745450554 ], [ -76.250464601140393, 36.856934291470708 ], [ -76.250465200752629, 36.856934837469382 ], [ -76.250465807091132, 36.856935383596856 ], [ -76.250466421464054, 36.856935923568585 ], [ -76.250467035810217, 36.856936464441183 ], [ -76.250467650316779, 36.856936999908591 ], [ -76.250468271576267, 36.856937534603958 ], [ -76.250468899695704, 36.856938064923888 ], [ -76.250469535849518, 36.856938589087996 ], [ -76.250470164155999, 36.856939113101824 ], [ -76.250470800309841, 36.856939637266017 ], [ -76.250471442229255, 36.856940156132296 ], [ -76.250472085456735, 36.85694066871401 ], [ -76.250472735383838, 36.856941182325485 ], [ -76.250473385497969, 36.856941689630901 ], [ -76.250474042338382, 36.856942197065074 ], [ -76.250474707186484, 36.856942699244392 ], [ -76.250475371073819, 36.856943195997061 ], [ -76.250476036082262, 36.856943692771218 ], [ -76.250476699969624, 36.856944189523858 ], [ -76.250477378778058, 36.85694467484447 ], [ -76.250478057559704, 36.856945161065916 ], [ -76.250478744215414, 36.856945646536772 ], [ -76.250479429910442, 36.856946126580972 ], [ -76.250480109199813, 36.856946595686026 ], [ -76.25048101477644, 36.856947225964028 ], [ -76.250481905939765, 36.856947850557681 ], [ -76.250482791658101, 36.85694846963883 ], [ -76.250483675908157, 36.8569491004097 ], [ -76.250484560184887, 36.856949730279737 ], [ -76.250485437548335, 36.856950366326927 ], [ -76.250486308025145, 36.856951007650501 ], [ -76.250487178528743, 36.856951648073192 ], [ -76.250488041158263, 36.856952289246458 ], [ -76.250488904561536, 36.856952942152347 ], [ -76.25048976687043, 36.856953594135973 ], [ -76.250490623547449, 36.856954246913027 ], [ -76.250491472243496, 36.856954904044187 ], [ -76.250492320752542, 36.856955567481315 ], [ -76.250493161414255, 36.856956230768169 ], [ -76.250494003197019, 36.856956894076426 ], [ -76.250494837932848, 36.856957568066278 ], [ -76.250495671707981, 36.856958236629417 ], [ -76.250496499530584, 36.856958916796444 ], [ -76.250497319532556, 36.856959595912308 ], [ -76.25049815296039, 36.856960276186662 ], [ -76.250498959322741, 36.856960961350921 ], [ -76.250499772251089, 36.856961652049122 ], [ -76.250500577332133, 36.856962342597079 ], [ -76.250501383373887, 36.856963038571621 ], [ -76.250502189388996, 36.856963735447074 ], [ -76.250502980696837, 36.856964436547663 ], [ -76.250503778704285, 36.856965138677971 ], [ -76.250504563098858, 36.856965845955813 ], [ -76.250505347520132, 36.856966552332736 ], [ -76.25050613175442, 36.856967265015747 ], [ -76.250506907954332, 36.85696798385446 ], [ -76.250507678575687, 36.856968701684949 ], [ -76.250508448076104, 36.856969419493971 ], [ -76.250509210663097, 36.85697014348019 ], [ -76.250509973089876, 36.856970872871607 ], [ -76.250510728817076, 36.856971601233319 ], [ -76.25051147779125, 36.856972330367086 ], [ -76.250512226605153, 36.856973064906022 ], [ -76.250512967411339, 36.856973804699798 ], [ -76.250513708190894, 36.856974545394472 ], [ -76.25051444339195, 36.856975285080907 ], [ -76.250515169464265, 36.856976030000723 ], [ -76.250515896470617, 36.856976781248065 ], [ -76.250516616750673, 36.856977532366649 ], [ -76.250517337030786, 36.85697828348512 ], [ -76.250518049303224, 36.85697903985853 ], [ -76.25051876253643, 36.856979801658554 ], [ -76.250519461196006, 36.856980563179476 ], [ -76.250520166581865, 36.856981324829178 ], [ -76.250520857207093, 36.856982092505831 ], [ -76.250521548980089, 36.856982859303102 ], [ -76.25052224056607, 36.85698363240639 ], [ -76.250522917418095, 36.856984410635718 ], [ -76.250523594270163, 36.856985188865103 ], [ -76.25052427224324, 36.856985967115861 ], [ -76.250524942369069, 36.856986745216396 ], [ -76.25052560448718, 36.856987528571771 ], [ -76.250526267566045, 36.856988317353803 ], [ -76.25052692389194, 36.856989106907896 ], [ -76.250527572210189, 36.856989901716844 ], [ -76.250528220715438, 36.85699069021976 ], [ -76.250528862147092, 36.856991490305035 ], [ -76.250529496852465, 36.856992290261502 ], [ -76.250530131557838, 36.856993090217998 ], [ -76.250530758255564, 36.856993895429319 ], [ -76.250531379348047, 36.856994700533342 ], [ -76.25053199947979, 36.856995500210672 ], [ -76.250532612377611, 36.856996316875524 ], [ -76.250533225302206, 36.856997132639592 ], [ -76.25053383163403, 36.856997943770502 ], [ -76.250534429984995, 36.856998759255447 ], [ -76.250535022543673, 36.856999580939046 ], [ -76.250535613981285, 36.857000402601138 ], [ -76.250536198692615, 36.857001224134493 ], [ -76.250536783243675, 36.857002051072953 ], [ -76.2505373543421, 36.857002877753771 ], [ -76.250537931979849, 36.857003710869499 ], [ -76.250538501796967, 36.857004542934014 ], [ -76.250539058161479, 36.857005374740908 ], [ -76.250539622186309, 36.857006213004105 ], [ -76.250540170703545, 36.857007044660691 ], [ -76.250540719807404, 36.857007894356059 ], [ -76.250541269125094, 36.857008736844435 ], [ -76.250541804963447, 36.857009579976065 ], [ -76.250542332794083, 36.857010428362571 ], [ -76.250542860598074, 36.857011277649967 ], [ -76.250543388428795, 36.857012126036473 ], [ -76.250543909372908, 36.857012979699348 ], [ -76.250544423590711, 36.857013833233346 ], [ -76.250544929934478, 36.857014687517967 ], [ -76.250545436144648, 36.85701554630689 ], [ -76.250545936722887, 36.857016405889304 ], [ -76.250546429293451, 36.857017270726608 ], [ -76.250546914016709, 36.857018135413625 ], [ -76.250547399887722, 36.857018999221232 ], [ -76.250547877884628, 36.857019863779477 ], [ -76.25054835684233, 36.85702073376428 ], [ -76.250548821226374, 36.857021603470031 ], [ -76.250549285423403, 36.857022479481763 ], [ -76.250549749807476, 36.8570233491875 ], [ -76.25055019929728, 36.857024229424439 ], [ -76.25055065004176, 36.857025105178579 ], [ -76.250551092805267, 36.857025985286711 ], [ -76.250551528815777, 36.857026866166862 ], [ -76.250551971579341, 36.857027746275023 ], [ -76.250552393976932, 36.857028632302743 ], [ -76.250552821979781, 36.857029518437812 ], [ -76.250553244217116, 36.857030409870653 ], [ -76.250553658954431, 36.857031289442055 ], [ -76.250554066591377, 36.857032181496656 ], [ -76.250554467528744, 36.857033072521602 ], [ -76.250554868305812, 36.85703396895174 ], [ -76.25055526139586, 36.857034859826427 ], [ -76.250555648720365, 36.857035755998901 ], [ -76.250556041463113, 36.85703665858474 ], [ -76.250556420940285, 36.857037554606947 ], [ -76.250556786777807, 36.857038456677493 ], [ -76.250557151520965, 36.857039357825791 ], [ -76.250557517358502, 36.857040259896323 ], [ -76.250557868488784, 36.857041166192154 ], [ -76.250558226479015, 36.857042068112428 ], [ -76.250558570856285, 36.857042975180264 ], [ -76.250558915073327, 36.857043887653269 ], [ -76.250559252751003, 36.857044793691408 ], [ -76.250559582394331, 36.857045705885348 ], [ -76.250559905311405, 36.857046617950381 ], [ -76.250560228228409, 36.857047530015471 ], [ -76.250560544232144, 36.857048448257714 ], [ -76.250560853696598, 36.857049360065176 ], [ -76.250561161879716, 36.85705027725632 ], [ -76.2505614566102, 36.857051194189808 ], [ -76.250561752461749, 36.85705211114476 ], [ -76.250562047005218, 36.857053034384265 ], [ -76.250562327001759, 36.857053956443842 ], [ -76.250562608092665, 36.857054879425739 ], [ -76.250562881362882, 36.857055801356481 ], [ -76.250563149001167, 36.857056724080749 ], [ -76.250563408631791, 36.857057652059893 ], [ -76.250563668449402, 36.857058573732985 ], [ -76.250563926959003, 36.857059501690649 ], [ -76.250564166410683, 36.857060429283329 ], [ -76.250564411307366, 36.857061362388535 ], [ -76.250564649664753, 36.857062289058909 ], [ -76.250564881108787, 36.857063221906493 ], [ -76.25056510598688, 36.857064149220065 ], [ -76.250565322857256, 36.857065081788498 ], [ -76.25056554084874, 36.857066014378454 ], [ -76.250565750832493, 36.857066952223278 ], [ -76.25056595425032, 36.857067884534111 ], [ -76.250566150754779, 36.857068823022097 ], [ -76.250566347446281, 36.857069755204122 ], [ -76.250566536130108, 36.857070692640995 ], [ -76.250566719208663, 36.857071629970548 ], [ -76.250566894439942, 36.857072567149807 ], [ -76.250567069671149, 36.857073504329058 ], [ -76.250567230141669, 36.857074447535261 ], [ -76.250567391920299, 36.857075384456877 ], [ -76.25056755239082, 36.857076327663052 ], [ -76.250567699435493, 36.857077269710736 ], [ -76.250567846453436, 36.857078212659282 ], [ -76.25056798677177, 36.85707915457813 ], [ -76.250568120363795, 36.857080096368158 ], [ -76.250568252808065, 36.857081039037638 ], [ -76.250568371639403, 36.85708198685461 ], [ -76.250568490657741, 36.857082928365529 ], [ -76.250568610610173, 36.857083876203973 ], [ -76.25056870832853, 36.857084817307012 ], [ -76.250568812933579, 36.857085753133639 ], [ -76.250568911425702, 36.857086705969344 ], [ -76.250568995504452, 36.857087653120757 ], [ -76.250569086309511, 36.857088600400999 ], [ -76.250569170388232, 36.857089547552427 ], [ -76.250569239920083, 36.857090493523849 ], [ -76.250569310546197, 36.857091440417683 ], [ -76.250569365477588, 36.857092387010852 ], [ -76.250569436130462, 36.857093333003796 ], [ -76.250569484175244, 36.857094284873348 ], [ -76.25056953350142, 36.857095231359175 ], [ -76.250569575940915, 36.857096183121413 ], [ -76.25056961069339, 36.857097129328153 ], [ -76.250569645472609, 36.857098074634045 ], [ -76.250569673338475, 36.857099026117162 ], [ -76.250569694638301, 36.857099972066273 ], [ -76.250569707930524, 36.857100923270238 ], [ -76.250569714496407, 36.85710187434546 ], [ -76.25056972140959, 36.85710281370941 ], [ -76.250569714335825, 36.857103770832985 ], [ -76.25056971417537, 36.857104721779358 ], [ -76.250569700749324, 36.857105666162049 ], [ -76.250569679288915, 36.857106616700484 ], [ -76.25056965766818, 36.857107572644118 ], [ -76.250569629802044, 36.857108512243393 ], [ -76.250569594888972, 36.857109462524178 ], [ -76.250569559975887, 36.857110412804992 ], [ -76.250569510649441, 36.857111357401521 ], [ -76.250569461189443, 36.857112306502344 ], [ -76.250569404976332, 36.857113256375222 ], [ -76.250569342357622, 36.857114195308966 ], [ -76.250569279257959, 36.857115150458213 ], [ -76.250569208471163, 36.857116100051947 ], [ -76.250569132239448, 36.857117044133247 ], [ -76.250569048000074, 36.857117993469359 ], [ -76.250568957221404, 36.857118936370647 ], [ -76.250568865134653, 36.857119885556521 ], [ -76.250568767602957, 36.857120829229814 ], [ -76.25056866222387, 36.857121772752912 ], [ -76.250568549958203, 36.857122721552287 ], [ -76.25056843115317, 36.857123663916816 ], [ -76.250568319047787, 36.857124607311064 ], [ -76.250568178916069, 36.857125550168519 ], [ -76.250568046631713, 36.857126493176274 ], [ -76.250567927826708, 36.857127435540853 ], [ -76.250567779847614, 36.857128378248021 ], [ -76.250567626102935, 36.857129326253045 ], [ -76.250567472705569, 36.857130262546868 ], [ -76.250567318000193, 36.857131205125235 ], [ -76.250567151123448, 36.857132142062291 ], [ -76.250566982992126, 36.857133083482154 ], [ -76.250566814994329, 36.857134020397716 ], [ -76.250566625562996, 36.857134961409685 ], [ -76.250566444272891, 36.857135892662434 ], [ -76.250566255001843, 36.857136828269191 ], [ -76.250566060098777, 36.857137764669481 ], [ -76.25056584952776, 36.857138699868322 ], [ -76.250565646777318, 36.857139636118347 ], [ -76.25056543748758, 36.85714056593352 ], [ -76.250565220190211, 36.857141501003554 ], [ -76.250564997608109, 36.857142425155892 ], [ -76.250564821368641, 36.857143148288017 ], [ -76.250564659729591, 36.857143870798389 ], [ -76.250564499371819, 36.857144587924999 ], [ -76.250564344459093, 36.857145310564221 ], [ -76.250564189706623, 36.857146027798173 ], [ -76.250564049367512, 36.857146750716488 ], [ -76.250563909001698, 36.857147474535608 ], [ -76.250563775388926, 36.857148197582731 ], [ -76.250563641776139, 36.857148920629847 ], [ -76.250563522897366, 36.857149638550837 ], [ -76.250563403671251, 36.857150368183106 ], [ -76.250563290237437, 36.857151091616657 ], [ -76.250563185611739, 36.857151820627131 ], [ -76.250563079998528, 36.857152545111845 ], [ -76.250562987704384, 36.857153274358495 ], [ -76.250562896691633, 36.857153998221435 ], [ -76.250562804370773, 36.857154728368968 ], [ -76.250562726810614, 36.857155452489522 ], [ -76.250562649250483, 36.857156176610147 ], [ -76.250562579190358, 36.857156912592224 ], [ -76.25056251489579, 36.857157643276452 ], [ -76.250562458635656, 36.857158367804978 ], [ -76.250562402215209, 36.857159097738688 ], [ -76.250562352494327, 36.857159828702017 ], [ -76.250562309526558, 36.85716055889332 ], [ -76.250562274379348, 36.857161290135842 ], [ -76.25056224486417, 36.857162020584759 ], [ -76.250562216443313, 36.857162751956047 ], [ -76.250562194775497, 36.857163482555286 ], [ -76.250562179807304, 36.857164214184202 ], [ -76.250562166307461, 36.857164934123404 ], [ -76.250562157905293, 36.857165671286339 ], [ -76.250562164263769, 36.857166402422337 ], [ -76.250562163869262, 36.857167134330339 ], [ -76.250562176954062, 36.857167865595109 ], [ -76.250562190012175, 36.857168597760854 ], [ -76.250562217670748, 36.857169329304732 ], [ -76.2505622376422, 36.857170055293146 ], [ -76.250562272000323, 36.857170787866806 ], [ -76.250562314232525, 36.857171519689778 ], [ -76.2505623554773, 36.857172246987005 ], [ -76.250562403314746, 36.857172978917411 ], [ -76.250562459159923, 36.857173705592878 ], [ -76.250562514818085, 36.857174438574361 ], [ -76.250562576268507, 36.857175165357226 ], [ -76.250562646687328, 36.857175892311801 ], [ -76.250562722684748, 36.857176620274615 ], [ -76.250562806395976, 36.857177352892016 ], [ -76.250562889119649, 36.857178080983594 ], [ -76.250562980064799, 36.857178796613454 ], [ -76.250563077201946, 36.857179530389359 ], [ -76.250563182373469, 36.857180258009514 ], [ -76.250563286423954, 36.85718098560821 ], [ -76.250563398482072, 36.857181707951995 ], [ -76.250563515958504, 36.857182436709124 ], [ -76.250563642590308, 36.857183159332067 ], [ -76.250563768101088, 36.85718388193348 ], [ -76.250563900338221, 36.857184604663708 ], [ -76.250564039301665, 36.857185327522778 ], [ -76.250564186112484, 36.857186050532157 ], [ -76.250564333110319, 36.857186767235426 ], [ -76.250564493373815, 36.857187490502461 ], [ -76.250564654918648, 36.857188208385757 ], [ -76.250564815342372, 36.85718892624751 ], [ -76.250564990339882, 36.857189644388484 ], [ -76.250565165337335, 36.857190362529387 ], [ -76.250565347087829, 36.857191079898257 ], [ -76.250565535537959, 36.85719179829681 ], [ -76.250565724335473, 36.857192504984184 ], [ -76.250565920793264, 36.857193218127854 ], [ -76.250566122883029, 36.85719393047799 ], [ -76.250566332793497, 36.857194643879275 ], [ -76.250566542703993, 36.857195357280595 ], [ -76.250566767375176, 36.857196064654971 ], [ -76.250566984198983, 36.857196771879089 ], [ -76.250567215756817, 36.857197473977081 ], [ -76.250567446967295, 36.857198187786338 ], [ -76.250567691977764, 36.857198890141987 ], [ -76.250567930101596, 36.857199597773999 ], [ -76.250568181838403, 36.857200300258462 ], [ -76.250568434696248, 36.857201002764405 ], [ -76.250568693319707, 36.857201699972507 ], [ -76.250568967637918, 36.857202397481181 ], [ -76.25056923282736, 36.857203100223302 ], [ -76.250569507332585, 36.857203791425974 ], [ -76.250569787256055, 36.857204489041997 ], [ -76.250570075187241, 36.857205181403131 ], [ -76.250570362024078, 36.857205872841952 ], [ -76.250570656681546, 36.857206565331943 ], [ -76.25057096593946, 36.857207257200173 ], [ -76.250571267483593, 36.857207944413794 ], [ -76.250571575780768, 36.857208630855347 ], [ -76.250571891925347, 36.857209317447158 ], [ -76.250572214956549, 36.857209998762684 ], [ -76.25057253798775, 36.85721068007814 ], [ -76.250572867718532, 36.857211362423335 ], [ -76.250573204202411, 36.857212043996476 ], [ -76.250573555446977, 36.857212719542645 ], [ -76.25057389209114, 36.857213395710602 ], [ -76.250574243309003, 36.857214072157653 ], [ -76.250574601253206, 36.857214748733576 ], [ -76.250574959544736, 36.857215413598183 ], [ -76.250575325496683, 36.857216084919187 ], [ -76.250575697240848, 36.857216750041466 ], [ -76.25057607007939, 36.857217416086101 ], [ -76.250576456397326, 36.85721808148751 ], [ -76.250576842875518, 36.85721874148372 ], [ -76.250577222627427, 36.857219401351138 ], [ -76.250577622558296, 36.857220061604991 ], [ -76.250578023770515, 36.857220716475176 ], [ -76.250578423701455, 36.857221376729008 ], [ -76.250578831960638, 36.857222020917632 ], [ -76.250580209942143, 36.857224196182976 ], [ -76.250581594623426, 36.857226372477975 ], [ -76.250582979652052, 36.857228537061737 ], [ -76.250584372367797, 36.857230707200962 ], [ -76.250585770849241, 36.85723287204236 ], [ -76.250587170451865, 36.85723503690518 ], [ -76.250588576941141, 36.857237196491688 ], [ -76.250589996883136, 36.857239356335768 ], [ -76.250591403372567, 36.857241515922169 ], [ -76.250592824622814, 36.857243669481655 ], [ -76.25059425145173, 36.857245824049322 ], [ -76.250595679588741, 36.857247972332374 ], [ -76.250597121151827, 36.857250121773959 ], [ -76.250598556015333, 36.857252270185846 ], [ -76.250599997605306, 36.857254418726505 ], [ -76.250601446242243, 36.857256556585632 ], [ -76.250602902566328, 36.857258700000223 ], [ -76.250604357929774, 36.857260837988072 ], [ -76.250605821140681, 36.857262976126236 ], [ -76.250607291238296, 36.857265108988024 ], [ -76.250608768089009, 36.857267241077757 ], [ -76.250610246034185, 36.857269374089825 ], [ -76.250611723045395, 36.857271500774296 ], [ -76.250613214603661, 36.857273628638779 ], [ -76.250614698501707, 36.85727575004686 ], [ -76.250616204820844, 36.857277871884349 ], [ -76.250617703292775, 36.857279993571545 ], [ -76.250619201925019, 36.857282109853536 ], [ -76.250620721857416, 36.857284226543399 ], [ -76.250622248676535, 36.857286337956928 ], [ -76.250623760948741, 36.857288448190452 ], [ -76.25062527431534, 36.857290559346261 ], [ -76.25062681477435, 36.857292664711316 ], [ -76.250628348480447, 36.857294770848391 ], [ -76.250629890221035, 36.857296870829664 ], [ -76.250631430840627, 36.857298970789458 ], [ -76.25063297930771, 36.857301070899574 ], [ -76.250634534661472, 36.857303165733214 ], [ -76.250636090175618, 36.857305255161734 ], [ -76.250637658982242, 36.857307350253009 ], [ -76.250639222530964, 36.857309433525693 ], [ -76.25064079822441, 36.857311523340577 ], [ -76.250642375199263, 36.857313607771715 ], [ -76.250643952200932, 36.857315691302013 ], [ -76.250645542815661, 36.857317769684698 ], [ -76.250647133590732, 36.857319842662179 ], [ -76.250648724205647, 36.857321921044836 ], [ -76.250650329554617, 36.857323994301389 ], [ -76.250651935064013, 36.857326062152779 ], [ -76.250653539452443, 36.857328129982626 ], [ -76.250655151715023, 36.857330197061906 ], [ -76.250656764111326, 36.857332259636827 ], [ -76.250658397834471, 36.857334321718795 ], [ -76.250660023843878, 36.857336379146147 ], [ -76.250661657727491, 36.857338435822875 ], [ -76.250663291771502, 36.857340487094376 ], [ -76.250664939107935, 36.857342544028704 ], [ -76.250666580038754, 36.857344590023864 ], [ -76.250668234422292, 36.857346636276603 ], [ -76.250669888832704, 36.85734868162843 ], [ -76.250671551224102, 36.857350722626236 ], [ -76.250673212521278, 36.85735276270168 ], [ -76.250674881986583, 36.857354792117022 ], [ -76.250676557830943, 36.857356833372386 ], [ -76.250678234983454, 36.857358868343162 ], [ -76.250679917901664, 36.857360898016069 ], [ -76.250681600819945, 36.857362927688911 ], [ -76.250683298312069, 36.857364957640883 ], [ -76.250684989558835, 36.857366971248481 ], [ -76.250686693964425, 36.857368995023151 ], [ -76.250688398664053, 36.8573710088883 ], [ -76.250690109956494, 36.857373027386537 ], [ -76.250691821409347, 36.857375040479639 ], [ -76.250693540869946, 36.85737704831778 ], [ -76.250695267030281, 36.85737905718554 ], [ -76.250696992096351, 36.857381065131001 ], [ -76.250698726318021, 36.857383066942134 ], [ -76.250700459552277, 36.857385064227437 ], [ -76.250702199512972, 36.857387061641532 ], [ -76.25070394622675, 36.857389058283545 ], [ -76.250705700948359, 36.85739104967066 ], [ -76.250707448917012, 36.857393041829795 ], [ -76.250709210685756, 36.857395022535286 ], [ -76.250710972133945, 36.857397014051131 ], [ -76.250712740629226, 36.857398994885415 ], [ -76.250714515850888, 36.857400975848471 ], [ -76.250716292220417, 36.857402955932088 ], [ -76.250718075449996, 36.857404931640211 ], [ -76.250719857745608, 36.857406901020767 ], [ -76.250721647861965, 36.857408871452449 ], [ -76.250723444731449, 36.857410841112049 ], [ -76.250725242882467, 36.85741280538798 ], [ -76.250727046799057, 36.857414764365956 ], [ -76.25072885183684, 36.857416723365418 ], [ -76.250730662480038, 36.857418682472165 ], [ -76.250732481157669, 36.857420635423153 ], [ -76.250734299808741, 36.857422589274954 ], [ -76.250736125373209, 36.857424536949488 ], [ -76.250737952192424, 36.857426480141221 ], [ -76.250739791209796, 36.857428428073312 ], [ -76.250741624942521, 36.85743036508773 ], [ -76.250743471967752, 36.857432307764903 ], [ -76.250745318192628, 36.857434239610214 ], [ -76.250747165378343, 36.85743617688216 ], [ -76.250749020758846, 36.857438102593093 ], [ -76.250750881557749, 36.857440034717378 ], [ -76.250752742704037, 36.857441955130462 ], [ -76.250754611537474, 36.857443881099002 ], [ -76.250756487418002, 36.85744579638591 ], [ -76.250758363138289, 36.857447717077946 ], [ -76.250760245905639, 36.857449627088464 ], [ -76.250762128512747, 36.857451542504123 ], [ -76.25076401800662, 36.857453452643327 ], [ -76.250765915535013, 36.857455356626787 ], [ -76.250767813036745, 36.85745726151108 ], [ -76.250769716330893, 36.857459160196612 ], [ -76.250771627472488, 36.857461059032453 ], [ -76.250773532048157, 36.857462952334217 ], [ -76.250775443350264, 36.857464845764802 ], [ -76.250777362660187, 36.85746673394042 ], [ -76.250779287602214, 36.857468621322504 ], [ -76.250781220525241, 36.857470504350538 ], [ -76.250783153288154, 36.85747239278367 ], [ -76.250785086558707, 36.857474264100382 ], [ -76.250787026395415, 36.857476140951071 ], [ -76.250788973118858, 36.85747801252537 ], [ -76.250790919842387, 36.857479884099611 ], [ -76.25079287441342, 36.857481755824089 ], [ -76.250794829331852, 36.857483615837324 ], [ -76.250796789828954, 36.857485476858749 ], [ -76.250798758360574, 36.857487331724379 ], [ -76.250800726892265, 36.857489186589952 ], [ -76.250802703244759, 36.857491042506652 ], [ -76.250804678663258, 36.857492892095813 ], [ -76.250806660808237, 36.857494741813703 ], [ -76.250808644261397, 36.857496585247056 ], [ -76.250810634574506, 36.857498424304822 ], [ -76.250812631614096, 36.857500263491382 ], [ -76.250814628680544, 36.857502101777023 ], [ -76.250816632633672, 36.857503934786259 ], [ -76.250818636747198, 36.857505762390296 ], [ -76.250820648681483, 36.857507591045454 ], [ -76.250822666434914, 36.85750941260099 ], [ -76.250824685282765, 36.857511235078803 ], [ -76.250826704291001, 36.857513052151489 ], [ -76.250828736778772, 36.857514868580836 ], [ -76.2508307626738, 36.857516680377003 ], [ -76.250832802048407, 36.857518491529881 ], [ -76.250834842704435, 36.857520297299075 ], [ -76.250836882239483, 36.857522103046684 ], [ -76.250838929782361, 36.857523903539402 ], [ -76.250840984211933, 36.857525698755708 ], [ -76.250843038668293, 36.85752749307116 ], [ -76.250845093258363, 36.857529282882219 ], [ -76.250847161327954, 36.857531072049973 ], [ -76.250849215944939, 36.857532860960134 ], [ -76.250851298748785, 36.857534645001678 ], [ -76.250853374986619, 36.857536423509274 ], [ -76.250855450103487, 36.857538201995332 ], [ -76.250857533228185, 36.857539975226487 ], [ -76.250859624387374, 36.857541742301812 ], [ -76.250861714238624, 36.857543515661682 ], [ -76.250863811163569, 36.857545277439058 ], [ -76.250865908088628, 36.857547039216463 ], [ -76.250868013021488, 36.857548795738907 ], [ -76.250870117954406, 36.857550552261316 ], [ -76.250872229613847, 36.857552308912467 ], [ -76.250874340499564, 36.85755405383086 ], [ -76.250876460166822, 36.857555805227079 ], [ -76.250878585786793, 36.857557545019375 ], [ -76.250880711406879, 36.8575592848116 ], [ -76.250882851600807, 36.857561024882848 ], [ -76.250884978502398, 36.857562759291248 ], [ -76.250887111169689, 36.857564488401835 ], [ -76.25088925841078, 36.857566217791408 ], [ -76.250891398952405, 36.857567946151264 ], [ -76.250893553240672, 36.857569664859248 ], [ -76.250895700669062, 36.85757138794272 ], [ -76.250897862991948, 36.857573100494832 ], [ -76.250900025314891, 36.85757481304686 ], [ -76.250902186677152, 36.857576520172273 ], [ -76.250904355886988, 36.857578227447867 ], [ -76.250906532010205, 36.857579928546215 ], [ -76.250908708293821, 36.857581624239394 ], [ -76.250910884390535, 36.857583326238505 ], [ -76.250913067400717, 36.857585022060341 ], [ -76.250915258418658, 36.857586712627217 ], [ -76.250917449596983, 36.857588397788938 ], [ -76.250919646407425, 36.857590082157017 ], [ -76.250921844312316, 36.857591767447389 ], [ -76.250924049264228, 36.857593442056206 ], [ -76.250926254242913, 36.857595115764127 ], [ -76.250928465948093, 36.857596789600798 ], [ -76.250930671087275, 36.857598457903428 ], [ -76.250932897686994, 36.857600121208726 ], [ -76.250935117560402, 36.857601784385182 ], [ -76.250937343226227, 36.857603441362905 ], [ -76.250939569986485, 36.857605099262862 ], [ -76.250941803660169, 36.857606750985539 ], [ -76.250944037333994, 36.857608402708209 ], [ -76.250946278054826, 36.857610043749304 ], [ -76.250948526462878, 36.85761169034577 ], [ -76.25095077407056, 36.857613326110389 ], [ -76.250953029365448, 36.857614967430351 ], [ -76.250955278281339, 36.857616596910319 ], [ -76.250957532802616, 36.857618226497536 ], [ -76.250959795331724, 36.857619850829842 ], [ -76.25096206570835, 36.857621475312335 ], [ -76.250964335124252, 36.857623094368137 ], [ -76.250966597813928, 36.857624713295095 ], [ -76.25096888084299, 36.85762632720327 ], [ -76.250971158453908, 36.857627934698009 ], [ -76.250973442791249, 36.85762954232149 ], [ -76.250975732867559, 36.857631145547934 ], [ -76.250978024091751, 36.857632747894947 ], [ -76.250980315476284, 36.857634344836747 ], [ -76.250982614895349, 36.857635935622724 ], [ -76.250984919893085, 36.857637527416884 ], [ -76.250987218351582, 36.857639112776106 ], [ -76.250989531357206, 36.857640699315226 ], [ -76.250991843428849, 36.857642279526807 ], [ -76.250994156781957, 36.857643854354599 ], [ -76.25099647686153, 36.857645429311177 ], [ -76.250998797128119, 36.85764699796168 ], [ -76.251001124254728, 36.857648562236626 ], [ -76.251003458134605, 36.857650125739411 ], [ -76.251005786382493, 36.857651690035659 ], [ -76.251008127309419, 36.857653242856856 ], [ -76.251010462470887, 36.857654800975794 ], [ -76.251012810311295, 36.857656347619653 ], [ -76.251015159406535, 36.857657889780576 ], [ -76.251017508341519, 36.857659437346584 ], [ -76.251019872037404, 36.857660978885619 ], [ -76.251022220198749, 36.857662514718911 ], [ -76.251024577489048, 36.857664045318714 ], [ -76.251026940544932, 36.857665570620583 ], [ -76.251029311288093, 36.857667101477858 ], [ -76.251031681070558, 36.857668626908421 ], [ -76.251034058887541, 36.857670146183217 ], [ -76.251036436864879, 36.857671660052745 ], [ -76.251038814655317, 36.857673180228254 ], [ -76.251041199679761, 36.85767468341615 ], [ -76.251043591457403, 36.857676185831963 ], [ -76.251045976482018, 36.857677689019731 ], [ -76.251048376240774, 36.857679187081317 ], [ -76.251050774905309, 36.857680684220547 ], [ -76.251053174851251, 36.857682175976045 ], [ -76.251055581683985, 36.857683662455081 ], [ -76.251057987368952, 36.85768514981347 ], [ -76.251060394388787, 36.857686629986375 ], [ -76.251062816116104, 36.857688105933988 ], [ -76.251065230022789, 36.85768958083041 ], [ -76.251067650789494, 36.857691051351281 ], [ -76.251070078309354, 36.857692521099978 ], [ -76.251072507110663, 36.857693985464977 ], [ -76.251074936072328, 36.85769544442477 ], [ -76.251077370826337, 36.857696897185704 ], [ -76.251079806674852, 36.857698350868972 ], [ -76.251082249249777, 36.857699804680962 ], [ -76.251084692011773, 36.857701252186857 ], [ -76.251087149347697, 36.85770269997181 ], [ -76.251089592590688, 36.857704131262068 ], [ -76.251092042399875, 36.857705568086281 ], [ -76.251094499122516, 36.857706998733192 ], [ -76.251096970392325, 36.857708430559946 ], [ -76.251099421830347, 36.857709850289055 ], [ -76.251101893287341, 36.857711275809677 ], [ -76.251104357030542, 36.857712696675677 ], [ -76.251106836842652, 36.857714105230073 ], [ -76.251109308780713, 36.857715514535016 ], [ -76.251111787445197, 36.857716923968688 ], [ -76.251114273023163, 36.857718327225029 ], [ -76.251116759882507, 36.857719725097667 ], [ -76.251119245620927, 36.857721122948746 ], [ -76.251121739367093, 36.857722515544829 ], [ -76.251124233113387, 36.857723908140926 ], [ -76.251126726059226, 36.857725289905076 ], [ -76.251129234726761, 36.85772667106891 ], [ -76.251131735546906, 36.857728052082344 ], [ -76.251134243227071, 36.857729428720262 ], [ -76.251136751121024, 36.857730798151216 ], [ -76.251139265875011, 36.85773216320657 ], [ -76.251141781750121, 36.857733528283354 ], [ -76.251144311265051, 36.857734887311587 ], [ -76.25114682617955, 36.857736246961629 ], [ -76.251149349128568, 36.857737600455813 ], [ -76.251151878964293, 36.857738948673571 ], [ -76.251154408800119, 36.857740296891244 ], [ -76.251156945709653, 36.85774163352648 ], [ -76.251159482432257, 36.857742976467655 ], [ -76.251162019502232, 36.857744307697573 ], [ -76.251164564393008, 36.857745639978582 ], [ -76.251167108349748, 36.857746965932002 ], [ -76.251169660154076, 36.857748292035588 ], [ -76.251172204297973, 36.857749611682877 ], [ -76.251174769875718, 36.857750927233589 ], [ -76.251177328727138, 36.857752242655522 ], [ -76.251179887765687, 36.857753551771282 ], [ -76.251182461538335, 36.857754855760902 ], [ -76.2511850197765, 36.857756154044779 ], [ -76.251187587009923, 36.857757451599454 ], [ -76.251190159822073, 36.857758750162205 ], [ -76.251192740802239, 36.857760038064832 ], [ -76.251195307235449, 36.857761324787539 ], [ -76.251197895129096, 36.8577626065128 ], [ -76.251200483022899, 36.857763888237976 ], [ -76.251203069955977, 36.857765164536531 ], [ -76.251205658197193, 36.857766434550392 ], [ -76.251208253298344, 36.857767700188703 ], [ -76.251210848426368, 36.857768964926052 ], [ -76.251213444675514, 36.857770229684832 ], [ -76.251216046850544, 36.857771483740535 ], [ -76.251218649025731, 36.857772737796132 ], [ -76.251221259208606, 36.857773986596818 ], [ -76.251223868457529, 36.857775229069915 ], [ -76.251226478827604, 36.857776471564399 ], [ -76.251229096057671, 36.857777709683312 ], [ -76.251231713314525, 36.85777894690127 ], [ -76.251234337458158, 36.85778017884283 ], [ -76.251236955062396, 36.85778140434946 ], [ -76.251239586092794, 36.85778263101448 ], [ -76.25124221074411, 36.857783845839485 ], [ -76.25124484212192, 36.857785060793162 ], [ -76.251247481507463, 36.857786270491857 ], [ -76.251250113045671, 36.857787480040265 ], [ -76.251252752591654, 36.857788684333698 ], [ -76.251255399051075, 36.857789882449765 ], [ -76.251258044362757, 36.857791081445164 ], [ -76.251260691142861, 36.857792268750792 ], [ -76.251263344489175, 36.857793461590298 ], [ -76.251265991456364, 36.857794642589788 ], [ -76.251268651849728, 36.857795824747633 ], [ -76.251271305863952, 36.857796995065421 ], [ -76.251273967378552, 36.857798177244561 ], [ -76.251276635005993, 36.857799342414609 ], [ -76.251279297028205, 36.857800507477243 ], [ -76.251281915836529, 36.857801654586439 ], [ -76.251284522286525, 36.857802802360339 ], [ -76.251287127642243, 36.857803949211799 ], [ -76.251289740685266, 36.857805101618666 ], [ -76.251292345693912, 36.857806260181249 ], [ -76.251294943816035, 36.857807424020201 ], [ -76.251297541938186, 36.857808587859083 ], [ -76.251300139739982, 36.857809762508253 ], [ -76.251302724222626, 36.857810932395466 ], [ -76.251305321864336, 36.857812112449693 ], [ -76.251307912753006, 36.857813293275967 ], [ -76.25131049691538, 36.857814473973377 ], [ -76.251313079636219, 36.857815665459633 ], [ -76.251315656912155, 36.857816851433356 ], [ -76.251318232559584, 36.857818054501891 ], [ -76.251320808394098, 36.857819251264367 ], [ -76.251323378276155, 36.857820459630702 ], [ -76.251325947197472, 36.857821662570295 ], [ -76.251328509071982, 36.857822876191484 ], [ -76.251331077672987, 36.857824089941353 ], [ -76.251333631353063, 36.85782531512335 ], [ -76.251336193067559, 36.857826534149481 ], [ -76.2513387478688, 36.857827759352858 ], [ -76.251341302509914, 36.857828989961369 ], [ -76.251343849143382, 36.857830225824678 ], [ -76.251346395776977, 36.857831461687994 ], [ -76.251348936645073, 36.857832702849123 ], [ -76.251351476205201, 36.857833950294776 ], [ -76.251354015792145, 36.857835196839432 ], [ -76.251356548465836, 36.857836449561404 ], [ -76.251359080979384, 36.857837707688404 ], [ -76.251361613492989, 36.857838965815397 ], [ -76.251364137812004, 36.857840235503353 ], [ -76.251366663439157, 36.857841498906623 ], [ -76.251369174305637, 36.857842768336873 ], [ -76.251371699585746, 36.85784404345128 ], [ -76.251374210131871, 36.857845323691748 ], [ -76.251376728525528, 36.857846604082447 ], [ -76.251379232185172, 36.857847889599206 ], [ -76.251381742384339, 36.857849181550804 ], [ -76.251384239157574, 36.85785047234387 ], [ -76.251386742470288, 36.857851769571724 ], [ -76.251389237775413, 36.857853072054418 ], [ -76.25139173404142, 36.857854379963769 ], [ -76.25139422243339, 36.85785568862368 ], [ -76.251396712133399, 36.857856990998926 ], [ -76.251399207892263, 36.857858316024476 ], [ -76.251401682537931, 36.85785963433618 ], [ -76.251404157156912, 36.857860953548652 ], [ -76.251406623608119, 36.857862283421149 ], [ -76.251409105727575, 36.857863614495038 ], [ -76.251411580026385, 36.857864944517708 ], [ -76.251414046130662, 36.857866286101313 ], [ -76.251416506656355, 36.857867626676665 ], [ -76.251418966034407, 36.85786896813142 ], [ -76.251421426373341, 36.85787031501274 ], [ -76.251423878704671, 36.857871667148963 ], [ -76.251426330849185, 36.857873025591196 ], [ -76.251428784141495, 36.857874383153934 ], [ -76.251431229399515, 36.857875746872416 ], [ -76.251433666649973, 36.857877115845817 ], [ -76.25143610502154, 36.857878484840633 ], [ -76.251438543232979, 36.857879859240597 ], [ -76.251440974718065, 36.857881233511648 ], [ -76.251443404895298, 36.857882614067329 ], [ -76.251445828212681, 36.857883998998446 ], [ -76.251448252624456, 36.857885384851869 ], [ -76.251450675755052, 36.857886776088939 ], [ -76.251453091999124, 36.857888172602337 ], [ -76.251455508243282, 36.857889569115713 ], [ -76.251457917574172, 36.857890971806292 ], [ -76.251460326931863, 36.857892373595995 ], [ -76.251462728095021, 36.857893786946626 ], [ -76.251465130379316, 36.857895200318659 ], [ -76.251467524656007, 36.85789661894556 ], [ -76.251469920053879, 36.857898037593905 ], [ -76.251472314170513, 36.857899461625891 ], [ -76.251474701534136, 36.857900886429974 ], [ -76.251477088764361, 36.857902315738279 ], [ -76.251479469081261, 36.857903751223837 ], [ -76.251481849398331, 36.857905186709303 ], [ -76.251484221707742, 36.85790662744968 ], [ -76.251486594951416, 36.857908074517532 ], [ -76.251488960374417, 36.85790952053425 ], [ -76.251491326758327, 36.857910971977553 ], [ -76.251493685107917, 36.857912429576565 ], [ -76.251496050183974, 36.857913887304328 ], [ -76.251498401647126, 36.857915350179717 ], [ -76.251500753110363, 36.857916813055006 ], [ -76.251503104386742, 36.857918282236326 ], [ -76.251505447682248, 36.85791975577169 ], [ -76.251507785345837, 36.857921230100573 ], [ -76.251510128481272, 36.857922709040977 ], [ -76.251512465824533, 36.8579241941801 ], [ -76.251514795293758, 36.857925680069812 ], [ -76.251517118063333, 36.857927164929819 ], [ -76.251519447238977, 36.857928660728966 ], [ -76.251521769661579, 36.857930157300089 ], [ -76.251524084103309, 36.85793165822529 ], [ -76.251526399639445, 36.857933160072783 ], [ -76.251528708289072, 36.857934667196638 ], [ -76.251531015817747, 36.857936174298942 ], [ -76.25153332299935, 36.857937693112461 ], [ -76.251535624602369, 36.85793921091777 ], [ -76.251537917210285, 36.857940729452174 ], [ -76.251540211126283, 36.857942241702013 ], [ -76.25154250437474, 36.857943776473327 ], [ -76.251544791057128, 36.857945305710651 ], [ -76.25154707757936, 36.857946840353122 ], [ -76.251549356254301, 36.857948374845307 ], [ -76.251551628015918, 36.857949915514745 ], [ -76.251553900738514, 36.857951461610767 ], [ -76.251556172366804, 36.85795300678442 ], [ -76.251558437081883, 36.857954558135312 ], [ -76.251560701797004, 36.857956109486189 ], [ -76.251562958504593, 36.857957666091906 ], [ -76.251565216146332, 36.857959229025148 ], [ -76.251567467248748, 36.857960785523495 ], [ -76.251569716722798, 36.857962359116755 ], [ -76.25157195963078, 36.857963927175987 ], [ -76.251574195678927, 36.857965499610806 ], [ -76.251576431513513, 36.857967079252411 ], [ -76.251578667374886, 36.857968657993169 ], [ -76.251580896349793, 36.857970242010268 ], [ -76.251583125298026, 36.857971826928186 ], [ -76.251585346265387, 36.857973416200181 ], [ -76.251587568166983, 36.857975011799617 ], [ -76.25158978222116, 36.857976607248759 ], [ -76.251591996115224, 36.857978208103034 ], [ -76.25159420328302, 36.857979808828567 ], [ -76.251596410103744, 36.857981421265208 ], [ -76.251598610385031, 36.857983027267032 ], [ -76.251600803753135, 36.857984639446116 ], [ -76.251603003687492, 36.857986257159098 ], [ -76.251605189074795, 36.85798787369216 ], [ -76.251607374248536, 36.857989497432094 ], [ -76.251609559288866, 36.857991125676307 ], [ -76.251611738723923, 36.8579927538132 ], [ -76.251613909163865, 36.857994382679216 ], [ -76.251616080591418, 36.857996016070942 ], [ -76.251618245105789, 36.857997655639963 ], [ -76.251620416186384, 36.857999300742804 ], [ -76.251622572693265, 36.85800094556668 ], [ -76.251624735926555, 36.858002590519284 ], [ -76.251626886668049, 36.858004240640952 ], [ -76.251629036101562, 36.858005897047121 ], [ -76.251631177714486, 36.858007552402213 ], [ -76.251633320261618, 36.858009214084746 ], [ -76.251635455922198, 36.858010881043654 ], [ -76.25163758373543, 36.858012547852347 ], [ -76.251639719396209, 36.858014214811128 ], [ -76.251641847022682, 36.858015887925802 ], [ -76.251643961062925, 36.858017565287177 ], [ -76.25164608852937, 36.858019243806893 ], [ -76.251648202409555, 36.858020926573367 ], [ -76.251650309376572, 36.858022615517093 ], [ -76.251652416343603, 36.858024304460763 ], [ -76.251654530037143, 36.858025993533182 ], [ -76.25165662224363, 36.858027688503853 ], [ -76.25165871431669, 36.858029387978817 ], [ -76.251660806363077, 36.858031088354565 ], [ -76.251662891549671, 36.858032793105885 ], [ -76.251664969983267, 36.858034498629237 ], [ -76.251667053862079, 36.85803620966503 ], [ -76.25166913197539, 36.858037925998701 ], [ -76.251671203362392, 36.858039642203536 ], [ -76.251673273601753, 36.85804135928776 ], [ -76.251675336981236, 36.8580430807475 ], [ -76.251677400173904, 36.858044808513235 ], [ -76.251679456640275, 36.858046536150212 ], [ -76.25168150624684, 36.858048268162669 ], [ -76.25168355582673, 36.858050001075952 ], [ -76.251685597372386, 36.858051740145029 ], [ -76.251687639905612, 36.858053483739852 ], [ -76.251689674591546, 36.858055227184416 ], [ -76.251691709250835, 36.858056971529813 ], [ -76.251693737023601, 36.858058721151579 ], [ -76.251695757936517, 36.85806047514891 ], [ -76.251697777701736, 36.85806223002561 ], [ -76.251699798427907, 36.858063990328844 ], [ -76.251701812401123, 36.858065751404219 ], [ -76.251703818393395, 36.858067516833636 ], [ -76.251705824385738, 36.858069282263052 ], [ -76.251707823464869, 36.858071053869686 ], [ -76.251709815817705, 36.858072825347513 ], [ -76.251711814736808, 36.858074602359196 ], [ -76.25171379892187, 36.858076384497167 ], [ -76.251715777661943, 36.858078161122585 ], [ -76.251717761687033, 36.858079948665605 ], [ -76.251719738985756, 36.858081736079839 ], [ -76.251721709371267, 36.858083529671347 ], [ -76.251723679783595, 36.858085322361916 ], [ -76.251725643442896, 36.858087115824581 ], [ -76.251727600055418, 36.858088919968829 ], [ -76.251729555546987, 36.858090724091603 ], [ -76.251731505433327, 36.85809252810698 ], [ -76.251733454198671, 36.858094332100933 ], [ -76.251735395890549, 36.858096147677273 ], [ -76.251737337582554, 36.858097963253641 ], [ -76.251739272574909, 36.858099777800298 ], [ -76.251741199533001, 36.858101598502763 ], [ -76.251743127612201, 36.858103419226694 ], [ -76.251745047683855, 36.858105245205522 ], [ -76.251746968876645, 36.858107071205751 ], [ -76.251748882061833, 36.858108902460984 ], [ -76.251750795060204, 36.858110740022177 ], [ -76.251752701358939, 36.858112576553737 ], [ -76.251754599783581, 36.858114413835906 ], [ -76.251756499169204, 36.858116256544697 ], [ -76.251758390734111, 36.858118098202397 ], [ -76.251760283233239, 36.858119946187543 ], [ -76.251762167698132, 36.858121800328483 ], [ -76.251764045463361, 36.858123653439783 ], [ -76.251765923228731, 36.858125506551097 ], [ -76.251767792959711, 36.858127365818149 ], [ -76.251769663678388, 36.858129229610959 ], [ -76.251771526683214, 36.858131088749253 ], [ -76.251773382641289, 36.85813295856908 ], [ -76.25177523956026, 36.858134833815498 ], [ -76.251928831253238, 36.858289952481151 ], [ -76.251929211505683, 36.858290331124891 ], [ -76.251929592879137, 36.858290709790076 ], [ -76.251929987705495, 36.858291088712747 ], [ -76.25193038269208, 36.858291462230248 ], [ -76.251930777705311, 36.858291834846867 ], [ -76.251931180699572, 36.858292203109372 ], [ -76.251931582759681, 36.858292565044373 ], [ -76.251931999393705, 36.858292927258333 ], [ -76.25193241487996, 36.858293290351689 ], [ -76.251932831674182, 36.858293647160451 ], [ -76.251933255381758, 36.858293997791939 ], [ -76.251933685789055, 36.858294349452983 ], [ -76.251934117477646, 36.858294695730308 ], [ -76.251934548232086, 36.858295035680179 ], [ -76.251934985526034, 36.858295382064796 ], [ -76.25193543085436, 36.858295722293548 ], [ -76.251935876663339, 36.858296046306833 ], [ -76.251936328878358, 36.858296381259223 ], [ -76.25193678109332, 36.858296716211541 ], [ -76.251937233655454, 36.858297039452701 ], [ -76.25193769307748, 36.858297358318232 ], [ -76.251938160373712, 36.858297676433132 ], [ -76.251938626548935, 36.858297994526566 ], [ -76.251939100731803, 36.858298307365018 ], [ -76.251939575074886, 36.858298614798294 ], [ -76.251940048644045, 36.858298910498846 ], [ -76.251940529713565, 36.858299218060921 ], [ -76.251941017669722, 36.858299520346463 ], [ -76.251941507094074, 36.858299810942285 ], [ -76.25194199539736, 36.858300101516605 ], [ -76.251942490427041, 36.858300392219761 ], [ -76.25194298673803, 36.858300677539077 ], [ -76.251943488814618, 36.85830095756058 ], [ -76.251943992199116, 36.858301231297467 ], [ -76.25194449555697, 36.858301505935202 ], [ -76.251945005828162, 36.858301774395649 ], [ -76.25194552282575, 36.858302042984867 ], [ -76.251946033444028, 36.858302299734127 ], [ -76.251946550762085, 36.858302557512935 ], [ -76.25194707464631, 36.858302820825678 ], [ -76.251947600158942, 36.858303067043508 ], [ -76.251948124550509, 36.858303313239858 ], [ -76.251948656949779, 36.858303554181212 ], [ -76.251949189349091, 36.858303795122623 ], [ -76.251949720787522, 36.858304030637342 ], [ -76.251950260073443, 36.858304266302298 ], [ -76.251950799706478, 36.858304490255989 ], [ -76.251951346065908, 36.858304714338466 ], [ -76.251951885698958, 36.858304938292157 ], [ -76.251952440226333, 36.858305151714447 ], [ -76.251952986906218, 36.858305364986549 ], [ -76.251953540499485, 36.858305572081306 ], [ -76.251954094065965, 36.858305780076982 ], [ -76.251954649100682, 36.858305976382908 ], [ -76.251955209740814, 36.858306172796034 ], [ -76.251955771501898, 36.858306369230661 ], [ -76.251956333610167, 36.85830655395408 ], [ -76.251956902418129, 36.858306739707103 ], [ -76.251957470291998, 36.858306919132616 ], [ -76.251958032560438, 36.85830709845083 ], [ -76.251958608602209, 36.858307267216205 ], [ -76.251959177917499, 36.858307435852787 ], [ -76.251959754146142, 36.858307598312166 ], [ -76.251960330348126, 36.858307761672286 ], [ -76.251960906897182, 36.858307913321276 ], [ -76.251961491293741, 36.85830806512039 ], [ -76.251962074569221, 36.858308216898102 ], [ -76.25196265800497, 36.858308363270609 ], [ -76.251963242908829, 36.858308497953352 ], [ -76.251963826664976, 36.858308633515485 ], [ -76.251964418455501, 36.858308762921787 ], [ -76.25196500258545, 36.858308885871857 ], [ -76.251965594536216, 36.858309009873011 ], [ -76.251966185526044, 36.858309128447488 ], [ -76.251966784550319, 36.858309240866106 ], [ -76.251967377008441, 36.858309347750868 ], [ -76.251967976166227, 36.858309455665179 ], [ -76.251968567690142, 36.85830955622243 ], [ -76.251969167195043, 36.858309652425547 ], [ -76.251969766699901, 36.858309748628642 ], [ -76.25197036655193, 36.858309833120522 ], [ -76.25197096640396, 36.858309917612416 ], [ -76.251971573142626, 36.85830999682782 ], [ -76.251972172194016, 36.858310070487931 ], [ -76.251972780240649, 36.85831014341877 ], [ -76.251973379799338, 36.858310199962467 ], [ -76.251973980131993, 36.858310268238796 ], [ -76.251974601951858, 36.858310330616796 ], [ -76.251975209544966, 36.858310381004628 ], [ -76.251975810384934, 36.858310432164565 ], [ -76.251976418298469, 36.858310471742008 ], [ -76.251977025864875, 36.858310523030674 ], [ -76.251977634098807, 36.858310551797835 ], [ -76.251978242332697, 36.858310580564947 ], [ -76.251978850593332, 36.858310608431168 ], [ -76.251979458987478, 36.858310631793103 ], [ -76.25198006756851, 36.858310648849013 ], [ -76.251980676149557, 36.858310665904888 ], [ -76.251981285050974, 36.858310672150402 ], [ -76.251981901799937, 36.858310678546118 ], [ -76.251982510888297, 36.858310678485616 ], [ -76.251983119949969, 36.858310679325989 ], [ -76.251983729358756, 36.858310668455111 ], [ -76.251984338607258, 36.858310662989396 ], [ -76.251984948336442, 36.858310641308186 ], [ -76.251985558092343, 36.858310618726115 ], [ -76.251986168008429, 36.858310590738839 ], [ -76.251986777897827, 36.858310563652445 ], [ -76.251987389095177, 36.858310530281443 ], [ -76.251987991484143, 36.858310491333604 ], [ -76.251988601907541, 36.858310446229929 ], [ -76.251989205577829, 36.858310401898414 ], [ -76.251989816001256, 36.858310356794732 ], [ -76.251990420178828, 36.858310295346747 ], [ -76.251991024356414, 36.858310233898834 ], [ -76.251991621967775, 36.858310166916979 ], [ -76.251992233058687, 36.858310099291742 ], [ -76.251992837556685, 36.858310027033447 ], [ -76.251993441120533, 36.858309948447619 ], [ -76.251994046152547, 36.858309858172078 ], [ -76.25199464408432, 36.858309780379834 ], [ -76.25199524126883, 36.858309689954091 ], [ -76.251995839707902, 36.858309595045462 ], [ -76.251996445060314, 36.858309493959581 ], [ -76.251997035838798, 36.858309392594698 ], [ -76.251997634624985, 36.858309285974883 ], [ -76.251998225750583, 36.858309172898771 ], [ -76.251998818130787, 36.858309055339895 ], [ -76.251999416142965, 36.858308936987321 ], [ -76.252000000862594, 36.858308812972176 ], [ -76.252000585742351, 36.858308683551861 ], [ -76.252001178629826, 36.858308548876522 ], [ -76.252001763669838, 36.85830841405101 ], [ -76.252002342170272, 36.858308272790694 ], [ -76.252002927530711, 36.858308127154849 ], [ -76.252003506378259, 36.858307974183305 ], [ -76.252004085199133, 36.858307822112629 ], [ -76.252004663059139, 36.858307664615332 ], [ -76.252005242200383, 36.858307501734302 ], [ -76.252005814802146, 36.858307332418498 ], [ -76.25200638740391, 36.858307163102744 ], [ -76.252006959044778, 36.858306988360312 ], [ -76.252007525240501, 36.858306808105439 ], [ -76.252008090315115, 36.858306627829052 ], [ -76.252008655576702, 36.85830644124669 ], [ -76.252009214272036, 36.858306249130408 ], [ -76.252009780948384, 36.85830605265997 ], [ -76.252010333077493, 36.858305855009775 ], [ -76.252010892119941, 36.858305651182206 ], [ -76.25201143768281, 36.858305447998085 ], [ -76.25201199704567, 36.85830523336022 ], [ -76.252012541807844, 36.858305019344272 ], [ -76.252013087717856, 36.858304804448935 ], [ -76.252013633948238, 36.858304578743187 ], [ -76.25201417233113, 36.858304352887359 ], [ -76.252014710900909, 36.858304120725379 ], [ -76.252015250565094, 36.858303889485789 ], [ -76.252015775842239, 36.858303651661181 ], [ -76.252016314732401, 36.858303408688847 ], [ -76.252016840329986, 36.858303160053964 ], [ -76.252017365927514, 36.85830291141901 ], [ -76.252017884958818, 36.858302657250157 ], [ -76.252018410743247, 36.858302402309164 ], [ -76.252018921927089, 36.858302147990116 ], [ -76.252019441465734, 36.858301876704878 ], [ -76.252019946270195, 36.858301610545865 ], [ -76.252020459082388, 36.85830133913182 ], [ -76.252020964233978, 36.858301061261649 ], [ -76.252021462632456, 36.858300784163546 ], [ -76.252021961217821, 36.85830050075942 ], [ -76.252022459936697, 36.85830021285097 ], [ -76.252022950834785, 36.858299923891479 ], [ -76.25202343612753, 36.858299634824689 ], [ -76.252023928467068, 36.858299335076261 ], [ -76.25202440625938, 36.858299034148104 ], [ -76.252024883864777, 36.858298739525942 ], [ -76.252185330193697, 36.858196141225612 ], [ -76.252206881582111, 36.858217901788741 ], [ -76.252211134937269, 36.858215181716858 ] ] ] } },
{ "type": "Feature", "properties": { "OBJECTID": 124, "ID": 72, "PARK_NAME": "James Blair Middle School", "BASKETBALL_COURTS": " ", "GYMS": " ", "RESTROOMS": " ", "DETAILS": " ", "X_COORD": 12127701.25548034, "Y_COORD": 3483321.5562490202, "ADDRESS": "730 Spotswood Avenue", "PARK_TYPE": "SSAPA", "Shape_Leng": 3098.6715363899998, "ACRES": 7.45311212, "ADDITIONAL_INFO": " ", "BIKE_RACKS": 0, "LIGHTED_BASKETBALL_COURTS": 0, "LIGHTED_BASEBALL_FIELDS": 0, "LIGHTED_TENNIS_COURTS": 0, "ADA_PLAYGROUNDS": 0, "PLAYGROUNDS": 0, "TENNIS_COURTS": 4, "FOOTBALL_FIELDS": 1, "BASEBALL_FIELDS": 0, "POOLS": null, "GYM": null, "PICNIC_SHELTERS": null, "REC_CENTER": null, "PICNIC_TABLES": null, "LIGHTED_FOOTBALL_FIELDS": null, "created_user": null, "created_date": null, "last_edited_user": "RFRASHE", "last_edited_date": "2026-01-06T18:59:23Z", "LUCITYID": "PRK-0124", "COMPKEY": 2586784, "UNITID": "3006", "LucityAutoID": 124, "InLucity": 1, "LastSynDate": "2020-07-24T12:33:36Z", "Shape__Area": 324656.31335722923, "Shape__Length": 3098.6714685686998 }, "geometry": { "type": "Polygon", "coordinates": [ [ [ -76.296164027568793, 36.869963828535269 ], [ -76.296168674151843, 36.869965958193795 ], [ -76.296348040798904, 36.869709863686509 ], [ -76.296276105120569, 36.869676880923343 ], [ -76.296259145206108, 36.86966910759535 ], [ -76.296204099651362, 36.869643869764758 ], [ -76.296118998196917, 36.869604855868801 ], [ -76.296035797796733, 36.869566711336411 ], [ -76.29596135254053, 36.869532578925593 ], [ -76.295883329062903, 36.86949681005671 ], [ -76.295806306698069, 36.869461492573002 ], [ -76.295733424738899, 36.869428081593107 ], [ -76.295916348153483, 36.869171514559945 ], [ -76.295841943170615, 36.869137478365055 ], [ -76.295766508879652, 36.869102962211677 ], [ -76.295750786538377, 36.869095768169203 ], [ -76.29593601313357, 36.86883442294279 ], [ -76.296004734930648, 36.868865898947028 ], [ -76.296079110720513, 36.868899967845394 ], [ -76.296153908533469, 36.868934224885294 ], [ -76.296228498238747, 36.868968387835999 ], [ -76.296302064890597, 36.869002087174515 ], [ -76.296376551762762, 36.86903620303152 ], [ -76.296449504266917, 36.869069614937622 ], [ -76.29652409408142, 36.869103783105871 ], [ -76.296597854936223, 36.869137564315437 ], [ -76.296671616794725, 36.869171351805861 ], [ -76.296745695494948, 36.869205279494224 ], [ -76.2968225531218, 36.869240480599053 ], [ -76.296895699619625, 36.869273985995278 ], [ -76.296992129153736, 36.869318151234268 ], [ -76.297142791524308, 36.869047636303378 ], [ -76.297293135817469, 36.868777683994232 ], [ -76.2972573776442, 36.868761320771718 ], [ -76.297182469155089, 36.86872703983088 ], [ -76.297108478462832, 36.868693181665101 ], [ -76.2970343860176, 36.868659275573741 ], [ -76.296961625474154, 36.868625980298212 ], [ -76.296887021666265, 36.868591840082189 ], [ -76.296812209907728, 36.868557600373052 ], [ -76.296740376097262, 36.868524733358967 ], [ -76.296665053004759, 36.868490258622494 ], [ -76.296591063921852, 36.868456399250874 ], [ -76.296514509676811, 36.868421366814609 ], [ -76.296441958884955, 36.868388165279221 ], [ -76.296365598532446, 36.868353221108499 ], [ -76.296293668870931, 36.868320306947808 ], [ -76.296218554200706, 36.868285931371702 ], [ -76.296143632231676, 36.868251644089575 ], [ -76.296070465094076, 36.868218160346686 ], [ -76.295995549829229, 36.868183878501554 ], [ -76.295921768395459, 36.868150112729261 ], [ -76.295847165523668, 36.868115971852717 ], [ -76.295772457668818, 36.868081778481354 ], [ -76.295697135272789, 36.868047309430168 ], [ -76.29562386556465, 36.868013778408788 ], [ -76.295549261839852, 36.86797963732198 ], [ -76.295475467348737, 36.867945871016829 ], [ -76.295400974570526, 36.867911776983561 ], [ -76.295326578096294, 36.867877729777312 ], [ -76.295252376588479, 36.867843770008669 ], [ -76.295104538209387, 36.867776115109436 ], [ -76.294935914395239, 36.868015124821206 ], [ -76.294923727734741, 36.868032259938332 ], [ -76.294742142421399, 36.868287578737878 ], [ -76.294556087159378, 36.868549160764253 ], [ -76.294374199888722, 36.868804901518168 ], [ -76.29419255957599, 36.869060286103952 ], [ -76.294288157253959, 36.869104100867204 ], [ -76.29432533695757, 36.869121137970346 ], [ -76.294363851708027, 36.869138791422024 ], [ -76.294437306384623, 36.869172461895786 ], [ -76.294513215692987, 36.869207252831558 ], [ -76.294549491047945, 36.869223873579379 ], [ -76.294586167043065, 36.869240683011121 ], [ -76.29466052767269, 36.869274763344059 ], [ -76.29473510308749, 36.869308944106521 ], [ -76.294809070864687, 36.869342843005079 ], [ -76.294869899516044, 36.869370722888767 ], [ -76.294882526093659, 36.869376507795153 ], [ -76.294956590241298, 36.869410453475389 ], [ -76.294995318909642, 36.869428206274321 ], [ -76.295030447401388, 36.869444305086226 ], [ -76.295103502016659, 36.869477787350512 ], [ -76.295179605718772, 36.869512665319462 ], [ -76.295252867520119, 36.869546241513291 ], [ -76.295327526593496, 36.869580456810091 ], [ -76.295403443446034, 36.869615247296728 ], [ -76.295477507902802, 36.869649198053658 ], [ -76.295510603961802, 36.869664364425311 ], [ -76.295551579284322, 36.869683144385789 ], [ -76.29562543715879, 36.869716989316345 ], [ -76.295700994276984, 36.869751621426197 ], [ -76.295780443150676, 36.86978803098615 ], [ -76.295854666477368, 36.86982204667391 ], [ -76.295936748010831, 36.86985967008215 ], [ -76.296022271985379, 36.86989885968687 ], [ -76.296093862671256, 36.86993167298445 ], [ -76.296164027568793, 36.869963828535269 ] ] ] } },
{ "type": "Feature", "properties": { "OBJECTID": 125, "ID": 15, "PARK_NAME": "Berkley Campostella Early Childhood Center", "BASKETBALL_COURTS": " ", "GYMS": " ", "RESTROOMS": " ", "DETAILS": " ", "X_COORD": 12137214.143208159, "Y_COORD": 3468688.0621139999, "ADDRESS": "1530 Cypress Street", "PARK_TYPE": "SSAPA", "Shape_Leng": 2156.0402959799999, "ACRES": 5.51627212, "ADDITIONAL_INFO": " ", "BIKE_RACKS": 0, "LIGHTED_BASKETBALL_COURTS": 0, "LIGHTED_BASEBALL_FIELDS": 0, "LIGHTED_TENNIS_COURTS": 0, "ADA_PLAYGROUNDS": 0, "PLAYGROUNDS": 0, "TENNIS_COURTS": 0, "FOOTBALL_FIELDS": 0, "BASEBALL_FIELDS": 0, "POOLS": null, "GYM": null, "PICNIC_SHELTERS": null, "REC_CENTER": null, "PICNIC_TABLES": null, "LIGHTED_FOOTBALL_FIELDS": null, "created_user": null, "created_date": null, "last_edited_user": "RFRASHE", "last_edited_date": "2026-01-06T18:59:23Z", "LUCITYID": "PRK-0125", "COMPKEY": 2586792, "UNITID": "8025", "LucityAutoID": 125, "InLucity": 1, "LastSynDate": "2020-07-24T12:33:37Z", "Shape__Area": 240287.84641516028, "Shape__Length": 2156.0406528429248 }, "geometry": { "type": "Polygon", "coordinates": [ [ [ -76.264975462153203, 36.828708411332862 ], [ -76.265548819393146, 36.827907522703846 ], [ -76.263856335743696, 36.827114673256865 ], [ -76.263411210820806, 36.827687714337991 ], [ -76.263438909234893, 36.827827806685299 ], [ -76.263366009607097, 36.827945048360576 ], [ -76.263588424912697, 36.828056284158372 ], [ -76.263267766752392, 36.828529348465175 ], [ -76.264005384069208, 36.82883183136574 ], [ -76.264355725698863, 36.828431439098807 ], [ -76.264975462153203, 36.828708411332862 ] ] ] } },
{ "type": "Feature", "properties": { "OBJECTID": 126, "ID": 153, "PARK_NAME": "Tarrallton Elementary and Community Center", "BASKETBALL_COURTS": " ", "GYMS": " ", "RESTROOMS": " ", "DETAILS": " ", "X_COORD": 12148956.08633633, "Y_COORD": 3504626.2381213298, "ADDRESS": "2080 Tarrallton Drive", "PARK_TYPE": "SCSSAPA", "Shape_Leng": 2699.843485, "ACRES": 9.31231533, "ADDITIONAL_INFO": " ", "BIKE_RACKS": 0, "LIGHTED_BASKETBALL_COURTS": 0, "LIGHTED_BASEBALL_FIELDS": 0, "LIGHTED_TENNIS_COURTS": 0, "ADA_PLAYGROUNDS": 0, "PLAYGROUNDS": 0, "TENNIS_COURTS": 0, "FOOTBALL_FIELDS": 0, "BASEBALL_FIELDS": 0, "POOLS": null, "GYM": null, "PICNIC_SHELTERS": null, "REC_CENTER": null, "PICNIC_TABLES": null, "LIGHTED_FOOTBALL_FIELDS": null, "created_user": null, "created_date": null, "last_edited_user": "RFRASHE", "last_edited_date": "2026-01-06T18:59:23Z", "LUCITYID": "PRK-0126", "COMPKEY": 2586842, "UNITID": "4051", "LucityAutoID": 126, "InLucity": 1, "LastSynDate": "2020-08-31T18:55:01Z", "Shape__Area": 405642.97925637383, "Shape__Length": 2699.8433560651633 }, "geometry": { "type": "Polygon", "coordinates": [ [ [ -76.222046151041013, 36.927043872973861 ], [ -76.222071342407034, 36.926856064853425 ], [ -76.222266335579064, 36.926546017074614 ], [ -76.22260782531535, 36.926238806992259 ], [ -76.222892361957321, 36.925875572730988 ], [ -76.222828709586594, 36.925717426897322 ], [ -76.222014926291905, 36.925481982404477 ], [ -76.221036534059664, 36.925196267658656 ], [ -76.220258666930377, 36.924741829180483 ], [ -76.219913163625733, 36.92518233087354 ], [ -76.220031490659935, 36.925796587527898 ], [ -76.2198229487622, 36.926231899563255 ], [ -76.222046151041013, 36.927043872973861 ] ] ] } },
{ "type": "Feature", "properties": { "OBJECTID": 127, "ID": 139, "PARK_NAME": "Sherwood Forest Elementary and Community Center", "BASKETBALL_COURTS": "4", "GYMS": " ", "RESTROOMS": " ", "DETAILS": " ", "X_COORD": 12144253.31916905, "Y_COORD": 3486760.9947351199, "ADDRESS": "3035 Sherwood Forest Lane", "PARK_TYPE": "SCSSAPA", "Shape_Leng": 2871.4029975899998, "ACRES": 11.76726127, "ADDITIONAL_INFO": " ", "BIKE_RACKS": 0, "LIGHTED_BASKETBALL_COURTS": 0, "LIGHTED_BASEBALL_FIELDS": 1, "LIGHTED_TENNIS_COURTS": 0, "ADA_PLAYGROUNDS": 0, "PLAYGROUNDS": 2, "TENNIS_COURTS": 0, "FOOTBALL_FIELDS": 1, "BASEBALL_FIELDS": 1, "POOLS": null, "GYM": null, "PICNIC_SHELTERS": null, "REC_CENTER": null, "PICNIC_TABLES": null, "LIGHTED_FOOTBALL_FIELDS": null, "created_user": null, "created_date": null, "last_edited_user": "RFRASHE", "last_edited_date": "2026-01-06T18:59:23Z", "LUCITYID": "PRK-0127", "COMPKEY": 2586809, "UNITID": "8163", "LucityAutoID": 127, "InLucity": 1, "LastSynDate": "2020-07-24T12:33:37Z", "Shape__Area": 512579.7355065117, "Shape__Length": 2855.090258233919 }, "geometry": { "type": "Polygon", "coordinates": [ [ [ -76.237642500894083, 36.878239913061059 ], [ -76.238824128126424, 36.878116203197308 ], [ -76.239305397983628, 36.878089290722862 ], [ -76.239856419505628, 36.877950825300132 ], [ -76.240300764055505, 36.877736262983021 ], [ -76.240145159548035, 36.876705311187898 ], [ -76.239471041505496, 36.876558641374096 ], [ -76.239385959445457, 36.876123854297965 ], [ -76.239011863243064, 36.876162534579969 ], [ -76.238930788818408, 36.876013890409958 ], [ -76.23887246755757, 36.87590609369034 ], [ -76.23870117587073, 36.875957540139382 ], [ -76.238486635560903, 36.876038395916503 ], [ -76.238354450048305, 36.87609806794724 ], [ -76.23819519548114, 36.876181816366461 ], [ -76.238021683339369, 36.876290886458108 ], [ -76.237363204591006, 36.876758444820048 ], [ -76.237419388766241, 36.876954207961276 ], [ -76.237642500894083, 36.878239913061059 ] ] ] } },
{ "type": "Feature", "properties": { "OBJECTID": 128, "ID": 84, "PARK_NAME": "Larchmont Elementary and Recreation Center", "BASKETBALL_COURTS": "4", "GYMS": " ", "RESTROOMS": " ", "DETAILS": " ", "X_COORD": 12125980.093872899, "Y_COORD": 3491115.8697718, "ADDRESS": "1167 Bolling Avenue", "PARK_TYPE": "SCSSAPA", "Shape_Leng": 4214.8558597499996, "ACRES": 18.62944734, "ADDITIONAL_INFO": " ", "BIKE_RACKS": 0, "LIGHTED_BASKETBALL_COURTS": 0, "LIGHTED_BASEBALL_FIELDS": 1, "LIGHTED_TENNIS_COURTS": 6, "ADA_PLAYGROUNDS": 0, "PLAYGROUNDS": 2, "TENNIS_COURTS": 6, "FOOTBALL_FIELDS": 3, "BASEBALL_FIELDS": 1, "POOLS": null, "GYM": null, "PICNIC_SHELTERS": null, "REC_CENTER": null, "PICNIC_TABLES": null, "LIGHTED_FOOTBALL_FIELDS": null, "created_user": null, "created_date": null, "last_edited_user": "RFRASHE", "last_edited_date": "2026-01-06T18:59:23Z", "LUCITYID": "PRK-0128", "COMPKEY": 2586269, "UNITID": "5042", "LucityAutoID": 128, "InLucity": 1, "LastSynDate": "2020-07-24T12:33:37Z", "Shape__Area": 811495.52551999642, "Shape__Length": 4214.8556417109949 }, "geometry": { "type": "Polygon", "coordinates": [ [ [ -76.298613341439136, 36.890506610153345 ], [ -76.298704875985294, 36.890531953230962 ], [ -76.29870931065048, 36.890534354610146 ], [ -76.298948004293905, 36.890678365743497 ], [ -76.299004128861796, 36.890838575963024 ], [ -76.299184093602719, 36.891352306116467 ], [ -76.299191215297625, 36.891372666969161 ], [ -76.29954021987642, 36.891326763418434 ], [ -76.299560528177949, 36.891323857339046 ], [ -76.299586524898785, 36.891320445749223 ], [ -76.299620526557803, 36.891316130354916 ], [ -76.299654866501129, 36.891311951982729 ], [ -76.299698859310567, 36.891306850176825 ], [ -76.299732802621392, 36.891303114134992 ], [ -76.299773737356844, 36.891298828461295 ], [ -76.299824865591034, 36.891293821452102 ], [ -76.299861494248162, 36.891290472761533 ], [ -76.299879479165625, 36.891288896802457 ], [ -76.299952110184392, 36.891283015100832 ], [ -76.299997169399731, 36.891279756605172 ], [ -76.300041988574776, 36.891276803666869 ], [ -76.300076703286749, 36.89127471343361 ], [ -76.300114500103192, 36.891272641229989 ], [ -76.300132381470902, 36.891271733005894 ], [ -76.300165041318238, 36.891270189261959 ], [ -76.300180577514581, 36.891269506635034 ], [ -76.301378403570325, 36.891229238145513 ], [ -76.302390876949758, 36.891195191687508 ], [ -76.303062988544525, 36.891171120757434 ], [ -76.303083563705883, 36.891170384131975 ], [ -76.303093755315587, 36.891162019848856 ], [ -76.303095381861098, 36.891160685596809 ], [ -76.303109059766612, 36.891149659872255 ], [ -76.303122300789866, 36.891139188428021 ], [ -76.303141138857441, 36.891124624881414 ], [ -76.303160839698535, 36.891109796236663 ], [ -76.303182717944068, 36.891093792358447 ], [ -76.303199790764694, 36.891081631280443 ], [ -76.303225032197346, 36.89106415434847 ], [ -76.30325359793359, 36.891045074742181 ], [ -76.303283976042039, 36.89102556661129 ], [ -76.303321783016713, 36.89100233771633 ], [ -76.303357147530008, 36.890981646453575 ], [ -76.303388855416856, 36.890963879346721 ], [ -76.303422491739283, 36.890945821986605 ], [ -76.303444992003975, 36.890934179658785 ], [ -76.303484274532707, 36.890914669370211 ], [ -76.303518245051862, 36.890898593113256 ], [ -76.303540648806234, 36.890888383029562 ], [ -76.303578549045596, 36.890871806943466 ], [ -76.303602829007403, 36.890861637325614 ], [ -76.303382707067499, 36.890463594462432 ], [ -76.303175021566403, 36.890094344181207 ], [ -76.303117235508779, 36.88998902049088 ], [ -76.302064284657618, 36.89003560005974 ], [ -76.302053931797502, 36.889787673453341 ], [ -76.301695495900674, 36.889791450379576 ], [ -76.301689639814128, 36.889461200837886 ], [ -76.301428872837647, 36.889468858271705 ], [ -76.300797247868047, 36.889487411052869 ], [ -76.300764194362188, 36.88875489728543 ], [ -76.300588804991918, 36.888747608912041 ], [ -76.300581376000224, 36.888816088751575 ], [ -76.30037869941934, 36.888888279793662 ], [ -76.300265075000809, 36.888909529600816 ], [ -76.300138726478195, 36.8889137252757 ], [ -76.30007223698631, 36.888936623473477 ], [ -76.299947645971031, 36.889024646084316 ], [ -76.299800148429682, 36.8891692715587 ], [ -76.299546883042723, 36.889269124998521 ], [ -76.299260902243617, 36.889412992545218 ], [ -76.299114312900542, 36.889504072548576 ], [ -76.299035949077535, 36.889609380168075 ], [ -76.299023269012068, 36.889903294169969 ], [ -76.298989433135674, 36.889997277313306 ], [ -76.298886214421046, 36.890146781798201 ], [ -76.298768026587524, 36.890265719110083 ], [ -76.298734960688336, 36.890328954012922 ], [ -76.298727164255624, 36.890436229635739 ], [ -76.298722121950064, 36.890475896980213 ], [ -76.298702939283061, 36.890491212323468 ], [ -76.298613341439136, 36.890506610153345 ] ] ] } },
{ "type": "Feature", "properties": { "OBJECTID": 129, "ID": 73, "PARK_NAME": "James Monroe Elementary and Park Place Recreation", "BASKETBALL_COURTS": "6", "GYMS": "1", "RESTROOMS": " ", "DETAILS": " ", "X_COORD": 12129173.09936906, "Y_COORD": 3486034.71493279, "ADDRESS": "520 W 29th Street", "PARK_TYPE": "SCSSAPA", "Shape_Leng": 3072.7747812399998, "ACRES": 11.22004462, "ADDITIONAL_INFO": " ", "BIKE_RACKS": 0, "LIGHTED_BASKETBALL_COURTS": 0, "LIGHTED_BASEBALL_FIELDS": 0, "LIGHTED_TENNIS_COURTS": 0, "ADA_PLAYGROUNDS": 0, "PLAYGROUNDS": 2, "TENNIS_COURTS": 0, "FOOTBALL_FIELDS": 1, "BASEBALL_FIELDS": 0, "POOLS": null, "GYM": null, "PICNIC_SHELTERS": null, "REC_CENTER": null, "PICNIC_TABLES": null, "LIGHTED_FOOTBALL_FIELDS": null, "created_user": null, "created_date": null, "last_edited_user": "RFRASHE", "last_edited_date": "2026-01-06T18:59:23Z", "LUCITYID": "PRK-0129", "COMPKEY": 2586272, "UNITID": "5063", "LucityAutoID": 129, "InLucity": 1, "LastSynDate": "2020-07-24T12:33:37Z", "Shape__Area": 488743.32199273095, "Shape__Length": 3062.7856586544153 }, "geometry": { "type": "Polygon", "coordinates": [ [ [ -76.292384873117996, 36.876751016302165 ], [ -76.292359588293564, 36.876452781852336 ], [ -76.292532590892918, 36.876069332922334 ], [ -76.289254278264636, 36.875100841382924 ], [ -76.288499406076681, 36.876756782496351 ], [ -76.288773806246652, 36.87677828185754 ], [ -76.289193633416048, 36.876851366703661 ], [ -76.289423612255106, 36.876874470429172 ], [ -76.289598062634411, 36.876877752672264 ], [ -76.289973001202924, 36.876857016201981 ], [ -76.290237071654303, 36.876840568670197 ], [ -76.291396321893643, 36.876776358622564 ], [ -76.292384873117996, 36.876751016302165 ] ] ] } },
{ "type": "Feature", "properties": { "OBJECTID": 130, "ID": 70, "PARK_NAME": "Ingleside Elementary and Recreation Center", "BASKETBALL_COURTS": "4", "GYMS": " ", "RESTROOMS": " ", "DETAILS": " ", "X_COORD": 12144789.55680334, "Y_COORD": 3477973.83675096, "ADDRESS": "976 Ingleside Road", "PARK_TYPE": "SCSSAPA", "Shape_Leng": 3289.9386485800001, "ACRES": 15.62062812, "ADDITIONAL_INFO": " ", "BIKE_RACKS": 0, "LIGHTED_BASKETBALL_COURTS": 4, "LIGHTED_BASEBALL_FIELDS": 1, "LIGHTED_TENNIS_COURTS": 0, "ADA_PLAYGROUNDS": 0, "PLAYGROUNDS": 0, "TENNIS_COURTS": 0, "FOOTBALL_FIELDS": 0, "BASEBALL_FIELDS": 1, "POOLS": null, "GYM": null, "PICNIC_SHELTERS": null, "REC_CENTER": null, "PICNIC_TABLES": null, "LIGHTED_FOOTBALL_FIELDS": null, "created_user": null, "created_date": null, "last_edited_user": "RFRASHE", "last_edited_date": "2026-01-06T18:59:23Z", "LUCITYID": "PRK-0130", "COMPKEY": 2586801, "UNITID": "8082", "LucityAutoID": 130, "InLucity": 1, "LastSynDate": "2020-07-24T12:33:37Z", "Shape__Area": 680432.02850095741, "Shape__Length": 3667.4157753435329 }, "geometry": { "type": "Polygon", "coordinates": [ [ [ -76.239420666271869, 36.854369125533943 ], [ -76.237532339893235, 36.851109332864127 ], [ -76.236566877459111, 36.851094190703058 ], [ -76.236251312688793, 36.851417146509554 ], [ -76.23675781040474, 36.853024283430663 ], [ -76.237257569760075, 36.854817406919061 ], [ -76.239420666271869, 36.854369125533943 ] ] ] } },
{ "type": "Feature", "properties": { "OBJECTID": 131, "ID": 51, "PARK_NAME": "Fairlawn Elementary and Recreation Center", "BASKETBALL_COURTS": "3", "GYMS": " ", "RESTROOMS": " ", "DETAILS": " ", "X_COORD": 12157714.71903928, "Y_COORD": 3479853.4090801999, "ADDRESS": "1132 Wade Street", "PARK_TYPE": "SCSSAPA", "Shape_Leng": 3986.9640687400001, "ACRES": 16.86411393, "ADDITIONAL_INFO": " ", "BIKE_RACKS": 0, "LIGHTED_BASKETBALL_COURTS": 3, "LIGHTED_BASEBALL_FIELDS": 1, "LIGHTED_TENNIS_COURTS": 0, "ADA_PLAYGROUNDS": 0, "PLAYGROUNDS": 2, "TENNIS_COURTS": 0, "FOOTBALL_FIELDS": 0, "BASEBALL_FIELDS": 3, "POOLS": null, "GYM": null, "PICNIC_SHELTERS": null, "REC_CENTER": null, "PICNIC_TABLES": null, "LIGHTED_FOOTBALL_FIELDS": null, "created_user": null, "created_date": null, "last_edited_user": "RFRASHE", "last_edited_date": "2026-01-06T18:59:23Z", "LUCITYID": "PRK-0131", "COMPKEY": 2586800, "UNITID": "8069", "LucityAutoID": 131, "InLucity": 1, "LastSynDate": "2020-07-24T12:33:37Z", "Shape__Area": 734597.91903060034, "Shape__Length": 4155.7079105828334 }, "geometry": { "type": "Polygon", "coordinates": [ [ [ -76.19335223338561, 36.858835783655962 ], [ -76.193374163111329, 36.858845524741433 ], [ -76.193423566047102, 36.858781246205346 ], [ -76.193509520802081, 36.85866940983707 ], [ -76.19364346476307, 36.858495130195756 ], [ -76.193779026890837, 36.85831874319441 ], [ -76.193913260588005, 36.858144079558684 ], [ -76.194046115337784, 36.857971251875703 ], [ -76.19457419989034, 36.858214554694698 ], [ -76.194633112031966, 36.858138185436182 ], [ -76.194706492075582, 36.858041736883493 ], [ -76.194738527961619, 36.858054851653058 ], [ -76.194925742084308, 36.857802385140253 ], [ -76.194929035589539, 36.857739414002005 ], [ -76.194946893592416, 36.85739740518418 ], [ -76.194962994657175, 36.857089026875151 ], [ -76.194628246267911, 36.857229382115428 ], [ -76.19457196178945, 36.857030199421978 ], [ -76.194453375579201, 36.856679812918678 ], [ -76.195031320488937, 36.856570602953063 ], [ -76.194851327573929, 36.856286999773424 ], [ -76.194834341746457, 36.85626024315593 ], [ -76.19481754356778, 36.856233771451251 ], [ -76.194580361979689, 36.855860046972168 ], [ -76.194541546973269, 36.855869351771808 ], [ -76.194396291215114, 36.85590417123494 ], [ -76.19404824692711, 36.855982696312616 ], [ -76.193635820524477, 36.856076594852354 ], [ -76.193599285385304, 36.856077941599807 ], [ -76.193120324235437, 36.856095662586796 ], [ -76.193085870848108, 36.856096938290371 ], [ -76.193064512261273, 36.856097728441668 ], [ -76.192971666348171, 36.856101165278112 ], [ -76.192587393582059, 36.856112652192039 ], [ -76.192475224460054, 36.856116008282896 ], [ -76.192403263346947, 36.856120474233386 ], [ -76.192356885746875, 36.856123355179385 ], [ -76.192067132957646, 36.856135954686515 ], [ -76.192011217707574, 36.856138389384377 ], [ -76.191920205097801, 36.85635287079991 ], [ -76.191901305657524, 36.856398024876725 ], [ -76.191898443515015, 36.85640486694993 ], [ -76.191872506289712, 36.856466836917043 ], [ -76.191853733903571, 36.856511684308146 ], [ -76.19183189184254, 36.856710588790605 ], [ -76.191828666214306, 36.856739952996485 ], [ -76.191825703618889, 36.856766903047571 ], [ -76.191798835915421, 36.857011520877876 ], [ -76.192239369556958, 36.857107004421366 ], [ -76.192247087290696, 36.85710853968984 ], [ -76.192224518313367, 36.85734308612242 ], [ -76.192223281854467, 36.857362783281381 ], [ -76.192206497485898, 36.857629510223319 ], [ -76.19218837327908, 36.85791770532051 ], [ -76.192171183641591, 36.858190849386034 ], [ -76.192153956527648, 36.858464741766888 ], [ -76.192136873845612, 36.858736205942797 ], [ -76.192129384748952, 36.858999981394682 ], [ -76.193041541314969, 36.859031039064575 ], [ -76.19312217706026, 36.858780296599591 ], [ -76.193136449445007, 36.858739929761839 ], [ -76.19335223338561, 36.858835783655962 ] ] ] } },
{ "type": "Feature", "properties": { "OBJECTID": 132, "ID": 34, "PARK_NAME": "Chesterfield Elementary and Community Pool", "BASKETBALL_COURTS": "8", "GYMS": " ", "RESTROOMS": " ", "DETAILS": " ", "X_COORD": 12141084.551823949, "Y_COORD": 3474450.3331875899, "ADDRESS": "2915 Westminster Avenue", "PARK_TYPE": "SCSSAPA", "Shape_Leng": 3479.6479880100001, "ACRES": 12.85610968, "ADDITIONAL_INFO": " ", "BIKE_RACKS": 0, "LIGHTED_BASKETBALL_COURTS": 8, "LIGHTED_BASEBALL_FIELDS": 0, "LIGHTED_TENNIS_COURTS": 0, "ADA_PLAYGROUNDS": 0, "PLAYGROUNDS": 2, "TENNIS_COURTS": 0, "FOOTBALL_FIELDS": 1, "BASEBALL_FIELDS": 1, "POOLS": null, "GYM": null, "PICNIC_SHELTERS": null, "REC_CENTER": null, "PICNIC_TABLES": null, "LIGHTED_FOOTBALL_FIELDS": null, "created_user": null, "created_date": null, "last_edited_user": "RFRASHE", "last_edited_date": "2026-01-06T18:59:23Z", "LUCITYID": "PRK-0132", "COMPKEY": 2586796, "UNITID": "8048", "LucityAutoID": 132, "InLucity": 1, "LastSynDate": "2020-07-24T12:33:37Z", "Shape__Area": 560009.8558567462, "Shape__Length": 3463.4994672365137 }, "geometry": { "type": "Polygon", "coordinates": [ [ [ -76.251765625363859, 36.844806122986093 ], [ -76.251918709718751, 36.844252015437682 ], [ -76.252035550352957, 36.844262097627478 ], [ -76.252219758110627, 36.843645820158521 ], [ -76.250873622981885, 36.84341824959143 ], [ -76.250919770381046, 36.843301195837135 ], [ -76.25107576715213, 36.842720035375194 ], [ -76.251216885644865, 36.842148130878826 ], [ -76.250685325077157, 36.842063009362725 ], [ -76.250498114103934, 36.841792672510138 ], [ -76.250261884147591, 36.841858757136407 ], [ -76.249963630044945, 36.84204133812338 ], [ -76.249811945198971, 36.842218880503999 ], [ -76.249686269420351, 36.842506759865934 ], [ -76.249701115864909, 36.842993472766373 ], [ -76.249646754343985, 36.843180725436063 ], [ -76.249525263414569, 36.84332746384829 ], [ -76.249473711530896, 36.843403428937194 ], [ -76.249568714378455, 36.844319188952653 ], [ -76.249570772655289, 36.844346888867044 ], [ -76.249600819253828, 36.844751312755285 ], [ -76.250001223959003, 36.844829471469694 ], [ -76.25109175662692, 36.844816757007756 ], [ -76.251765625363859, 36.844806122986093 ] ] ] } },
{ "type": "Feature", "properties": { "OBJECTID": 133, "ID": 151, "PARK_NAME": "Tanners Creek", "BASKETBALL_COURTS": " ", "GYMS": " ", "RESTROOMS": " ", "DETAILS": " ", "X_COORD": 12146332.44943618, "Y_COORD": 3496632.38157801, "ADDRESS": "6700 E Tanners Creek Drive", "PARK_TYPE": "NPP", "Shape_Leng": 1082.8290522, "ACRES": 4.94347568, "ADDITIONAL_INFO": " ", "BIKE_RACKS": 0, "LIGHTED_BASKETBALL_COURTS": 0, "LIGHTED_BASEBALL_FIELDS": 0, "LIGHTED_TENNIS_COURTS": 0, "ADA_PLAYGROUNDS": 0, "PLAYGROUNDS": 0, "TENNIS_COURTS": 0, "FOOTBALL_FIELDS": 0, "BASEBALL_FIELDS": 0, "POOLS": null, "GYM": null, "PICNIC_SHELTERS": null, "REC_CENTER": null, "PICNIC_TABLES": null, "LIGHTED_FOOTBALL_FIELDS": null, "created_user": null, "created_date": null, "last_edited_user": "RFRASHE", "last_edited_date": "2026-01-06T18:59:23Z", "LUCITYID": "PRK-0133", "COMPKEY": 2586569, "UNITID": "8189", "LucityAutoID": 133, "InLucity": 1, "LastSynDate": "2020-07-24T12:33:37Z", "Shape__Area": 215336.56753097582, "Shape__Length": 6580.265893000701 }, "geometry": { "type": "Polygon", "coordinates": [ [ [ -76.229588974622075, 36.901391134919713 ], [ -76.229403840652921, 36.901405337898645 ], [ -76.229170496000449, 36.901422464249883 ], [ -76.22890180827622, 36.901440156465483 ], [ -76.228885114282846, 36.901441285078612 ], [ -76.2288694940694, 36.901443735128488 ], [ -76.228852805164792, 36.901447952857815 ], [ -76.228840018233242, 36.901452410041614 ], [ -76.228827443618613, 36.901457984528982 ], [ -76.228811456097617, 36.901467112092256 ], [ -76.228806961649795, 36.90147050185044 ], [ -76.228795878819255, 36.901478879605328 ], [ -76.228785370941793, 36.901489119900923 ], [ -76.228773251897422, 36.901504736425494 ], [ -76.228771260726049, 36.901508298949977 ], [ -76.228766139424508, 36.901517439101987 ], [ -76.228760861419872, 36.901530835236507 ], [ -76.228757103599818, 36.901547772518363 ], [ -76.228756331766505, 36.901563456001604 ], [ -76.228757406223721, 36.9015750558683 ], [ -76.228760961760912, 36.901590154158754 ], [ -76.228765652689063, 36.901602195283978 ], [ -76.228772345815884, 36.901614501348632 ], [ -76.228780394595304, 36.901625763675902 ], [ -76.228861131558205, 36.901728913741152 ], [ -76.228967247789441, 36.901865656380124 ], [ -76.229317206618376, 36.902325833133155 ], [ -76.231441699998783, 36.905256876706858 ], [ -76.233547642278211, 36.908104499435467 ], [ -76.234024614642024, 36.908725564056105 ], [ -76.23403151485725, 36.908735948442228 ], [ -76.234035878963866, 36.908741580550988 ], [ -76.234041990930521, 36.908748557859511 ], [ -76.234049427843345, 36.908755970837575 ], [ -76.234058156985014, 36.908763487147517 ], [ -76.234076829335109, 36.908776394289156 ], [ -76.234092908199145, 36.908784891470511 ], [ -76.234109341619202, 36.908791628786751 ], [ -76.234121451296772, 36.908795513717543 ], [ -76.234134659781915, 36.908798800584329 ], [ -76.234147635881044, 36.908801150044887 ], [ -76.234166916182787, 36.90880310815254 ], [ -76.234179833910872, 36.908803430189678 ], [ -76.234194284660347, 36.908802859670217 ], [ -76.234203721261451, 36.908801955426455 ], [ -76.234222212840137, 36.908798907398257 ], [ -76.23423830334265, 36.908794812552998 ], [ -76.234262017896796, 36.908786013466511 ], [ -76.23387072642123, 36.90826481586366 ], [ -76.2336432727096, 36.908043195719877 ], [ -76.233448344481602, 36.907789775313042 ], [ -76.23373376410072, 36.907707631901886 ], [ -76.233705750120947, 36.907644866998162 ], [ -76.233692747510062, 36.907643636483336 ], [ -76.233672859892522, 36.907641390760148 ], [ -76.233647974991925, 36.907638024709158 ], [ -76.233621025431347, 36.907633661578338 ], [ -76.233602567236431, 36.907630233758894 ], [ -76.233583067999675, 36.9076262234029 ], [ -76.233565732346662, 36.907622304340308 ], [ -76.233547362544599, 36.907617797465853 ], [ -76.233528385162799, 36.907612738947478 ], [ -76.233510573777878, 36.907607612773155 ], [ -76.233493362657086, 36.907602307079571 ], [ -76.233474651112985, 36.907596128760567 ], [ -76.233462683693162, 36.907591435262908 ], [ -76.23345121403753, 36.907586724321703 ], [ -76.233440747774978, 36.907582240947221 ], [ -76.233428274678957, 36.90757666606298 ], [ -76.233416803244381, 36.907571301585811 ], [ -76.233406644850319, 36.907566357232156 ], [ -76.233397360805853, 36.907561676716377 ], [ -76.233386867267996, 36.90755619138131 ], [ -76.233376691289621, 36.907550671607488 ], [ -76.233363641553936, 36.907543285546225 ], [ -76.233350774228995, 36.907535655122686 ], [ -76.233340929330112, 36.907529573863108 ], [ -76.233329586233253, 36.907522282905887 ], [ -76.233319907567747, 36.907515822666575 ], [ -76.233311093314711, 36.907509733338145 ], [ -76.233300330647353, 36.907502025417877 ], [ -76.233288692913106, 36.90749332713326 ], [ -76.233279497473774, 36.907486172234591 ], [ -76.233271027380866, 36.907479346805971 ], [ -76.233261128809218, 36.907471082271009 ], [ -76.233250789775781, 36.907462082730738 ], [ -76.233238547214484, 36.907450902102354 ], [ -76.233227472143966, 36.907440279406927 ], [ -76.233218526707006, 36.907431295924319 ], [ -76.233208017320777, 36.907420261391174 ], [ -76.233196678148289, 36.907407698343057 ], [ -76.233179206731421, 36.90738767891451 ], [ -76.233056171599657, 36.90721944265411 ], [ -76.231446393024953, 36.905018126642133 ], [ -76.231275970861404, 36.904782133847498 ], [ -76.231216538860792, 36.904652343810724 ], [ -76.231134652172003, 36.90450921253457 ], [ -76.231026776378286, 36.904318399561774 ], [ -76.230895322221315, 36.904130277062727 ], [ -76.230766841404687, 36.903973664478826 ], [ -76.230599588761805, 36.903803727966917 ], [ -76.230495108819525, 36.903700840906019 ], [ -76.230000568342234, 36.90299811621292 ], [ -76.229964885063438, 36.902932405209384 ], [ -76.229939610275238, 36.902871468828536 ], [ -76.229917135673091, 36.902817846224806 ], [ -76.229888166162439, 36.902746227446777 ], [ -76.22987485303625, 36.90269644409242 ], [ -76.229859252586678, 36.90264066295402 ], [ -76.229846005502452, 36.902588900544288 ], [ -76.229826390733507, 36.902478655429682 ], [ -76.22981110764259, 36.902396390723801 ], [ -76.229792268327003, 36.902298144397491 ], [ -76.229758994867026, 36.902072429430355 ], [ -76.229697944462771, 36.901530620822101 ], [ -76.229690937814809, 36.901468445437636 ], [ -76.229690002833166, 36.901460128390298 ], [ -76.22968926623021, 36.901453581875806 ], [ -76.229686750679974, 36.901443775865935 ], [ -76.229682844881737, 36.901435457314065 ], [ -76.229677352427714, 36.901427052225685 ], [ -76.229670232779583, 36.90141890234095 ], [ -76.229662786854846, 36.901412315451466 ], [ -76.229651912899698, 36.90140506652746 ], [ -76.229644547704751, 36.901401142965042 ], [ -76.229634525019179, 36.90139706170126 ], [ -76.229625422604826, 36.901394331352563 ], [ -76.229615932730624, 36.90139235878781 ], [ -76.229601609312425, 36.901390821953754 ], [ -76.229588974622075, 36.901391134919713 ] ] ] } },
{ "type": "Feature", "properties": { "OBJECTID": 134, "ID": 146, "PARK_NAME": "Stone Bridge Park", "BASKETBALL_COURTS": "0", "GYMS": "0", "RESTROOMS": "no", "DETAILS": "seasonal color garden", "X_COORD": 12142053.430099171, "Y_COORD": 3476122.0032478701, "ADDRESS": "3126 South Stone Bridge Drive", "PARK_TYPE": "NPP", "Shape_Leng": 667.27142708999997, "ACRES": 0.64292716, "ADDITIONAL_INFO": " ", "BIKE_RACKS": 0, "LIGHTED_BASKETBALL_COURTS": 0, "LIGHTED_BASEBALL_FIELDS": 0, "LIGHTED_TENNIS_COURTS": 0, "ADA_PLAYGROUNDS": 0, "PLAYGROUNDS": 0, "TENNIS_COURTS": 0, "FOOTBALL_FIELDS": 0, "BASEBALL_FIELDS": 0, "POOLS": null, "GYM": null, "PICNIC_SHELTERS": null, "REC_CENTER": null, "PICNIC_TABLES": null, "LIGHTED_FOOTBALL_FIELDS": null, "created_user": null, "created_date": null, "last_edited_user": "RFRASHE", "last_edited_date": "2026-01-06T18:59:23Z", "LUCITYID": "PRK-0134", "COMPKEY": 2586995, "UNITID": "8182", "LucityAutoID": 134, "InLucity": 1, "LastSynDate": "2020-07-24T12:33:37Z", "Shape__Area": 28005.790134064657, "Shape__Length": 649.33487930641525 }, "geometry": { "type": "Polygon", "coordinates": [ [ [ -76.247367121322384, 36.848399651525042 ], [ -76.24739567030187, 36.84836884479548 ], [ -76.247426871719412, 36.848331014044099 ], [ -76.247447301523948, 36.848292356538458 ], [ -76.24746026077095, 36.848245497454364 ], [ -76.247467274236413, 36.848217120590256 ], [ -76.247469845654578, 36.848182458872309 ], [ -76.247465682020575, 36.84814085087919 ], [ -76.247457023409765, 36.848094816552624 ], [ -76.247438912624688, 36.848055419829571 ], [ -76.247419038723208, 36.848023427429951 ], [ -76.247391567793585, 36.847987570238416 ], [ -76.247363839347102, 36.84796038563487 ], [ -76.247326879529282, 36.847932403809416 ], [ -76.247277605807611, 36.847903566526405 ], [ -76.247217466381912, 36.847876999574559 ], [ -76.24714394862707, 36.847859474539312 ], [ -76.247064758893515, 36.847851136527026 ], [ -76.247010673749656, 36.847854438188641 ], [ -76.246964223549199, 36.847860365078134 ], [ -76.246912982845572, 36.847871778653243 ], [ -76.246858420393096, 36.847891186768635 ], [ -76.24677355412409, 36.847944103450757 ], [ -76.24676443147554, 36.847965622713232 ], [ -76.246767863082198, 36.847979944696711 ], [ -76.246842736309659, 36.848067567949869 ], [ -76.246991540478078, 36.848215649521158 ], [ -76.247224381377421, 36.848449236569941 ], [ -76.247243338419935, 36.848460137273477 ], [ -76.247265655091155, 36.8484618047368 ], [ -76.247281199916642, 36.848457764594905 ], [ -76.247313372405372, 36.848439167103436 ], [ -76.247367121322384, 36.848399651525042 ] ] ] } },
{ "type": "Feature", "properties": { "OBJECTID": 135, "ID": 94, "PARK_NAME": "Middletown Arch", "BASKETBALL_COURTS": " ", "GYMS": " ", "RESTROOMS": " ", "DETAILS": " ", "X_COORD": 12139720.46005122, "Y_COORD": 3476513.71371279, "ADDRESS": "2724 Park Crescent", "PARK_TYPE": "NPP", "Shape_Leng": 644.03972624999994, "ACRES": 0.66586122, "ADDITIONAL_INFO": " ", "BIKE_RACKS": 0, "LIGHTED_BASKETBALL_COURTS": 0, "LIGHTED_BASEBALL_FIELDS": 0, "LIGHTED_TENNIS_COURTS": 0, "ADA_PLAYGROUNDS": 0, "PLAYGROUNDS": 0, "TENNIS_COURTS": 0, "FOOTBALL_FIELDS": 0, "BASEBALL_FIELDS": 0, "POOLS": null, "GYM": null, "PICNIC_SHELTERS": null, "REC_CENTER": null, "PICNIC_TABLES": null, "LIGHTED_FOOTBALL_FIELDS": null, "created_user": null, "created_date": null, "last_edited_user": "RFRASHE", "last_edited_date": "2026-01-06T18:59:23Z", "LUCITYID": "PRK-0135", "COMPKEY": 2586452, "UNITID": "8114", "LucityAutoID": 135, "InLucity": 1, "LastSynDate": "2020-07-24T12:33:37Z", "Shape__Area": 32436.749407751649, "Shape__Length": 663.83909539268643 }, "geometry": { "type": "Polygon", "coordinates": [ [ [ -76.255421365781956, 36.849550616427919 ], [ -76.255436777190852, 36.849537621127084 ], [ -76.255444087361553, 36.849528154005448 ], [ -76.255449251479803, 36.849513965039485 ], [ -76.255452003543851, 36.849494529954931 ], [ -76.255449107278864, 36.849369914788824 ], [ -76.255446612690264, 36.849333686006396 ], [ -76.255444837261734, 36.849304044680508 ], [ -76.255429203175254, 36.849253270806635 ], [ -76.255410711945942, 36.849221200795 ], [ -76.255372627742958, 36.849173334723986 ], [ -76.2553335745596, 36.849139226702896 ], [ -76.255290374795678, 36.849111870919174 ], [ -76.255248811167647, 36.849093961231318 ], [ -76.255212392328971, 36.849081807782817 ], [ -76.255187012942713, 36.849074624580879 ], [ -76.255149920302088, 36.849068943611748 ], [ -76.255113678140816, 36.84906681407216 ], [ -76.255073916295174, 36.849067041034424 ], [ -76.255031885420209, 36.849072804108509 ], [ -76.254995186019414, 36.849082031203665 ], [ -76.254959209786108, 36.849091720995382 ], [ -76.254927349848828, 36.849104854289699 ], [ -76.254888394849957, 36.849126854855967 ], [ -76.254838439877076, 36.849163203199176 ], [ -76.254804193987439, 36.849203933254771 ], [ -76.25478042294381, 36.849246502250146 ], [ -76.254768423818433, 36.849276001040067 ], [ -76.254760117331998, 36.84930995650457 ], [ -76.254755223726747, 36.849349105125953 ], [ -76.254759923124581, 36.849443418192479 ], [ -76.254762304715683, 36.849513691496774 ], [ -76.254767201808491, 36.8495363410753 ], [ -76.254778410388553, 36.84955003538807 ], [ -76.254794331378577, 36.849562570485226 ], [ -76.254806565130281, 36.849571716235239 ], [ -76.254829064589927, 36.849576582916619 ], [ -76.255367008764523, 36.849566984861127 ], [ -76.255390228525073, 36.849563733014989 ], [ -76.255405612383584, 36.849558605275348 ], [ -76.255421365781956, 36.849550616427919 ] ] ] } },
{ "type": "Feature", "properties": { "OBJECTID": 136, "ID": 88, "PARK_NAME": "MacArthur Memorial Plaza", "BASKETBALL_COURTS": " ", "GYMS": " ", "RESTROOMS": " ", "DETAILS": " ", "X_COORD": 12129909.29528386, "Y_COORD": 3475476.7362868702, "ADDRESS": "404 E Plume Street", "PARK_TYPE": "NPP", "Shape_Leng": 975.79869828000005, "ACRES": 1.64761916, "ADDITIONAL_INFO": " ", "BIKE_RACKS": 0, "LIGHTED_BASKETBALL_COURTS": 0, "LIGHTED_BASEBALL_FIELDS": 0, "LIGHTED_TENNIS_COURTS": 0, "ADA_PLAYGROUNDS": 0, "PLAYGROUNDS": 0, "TENNIS_COURTS": 0, "FOOTBALL_FIELDS": 0, "BASEBALL_FIELDS": 0, "POOLS": null, "GYM": null, "PICNIC_SHELTERS": null, "REC_CENTER": null, "PICNIC_TABLES": null, "LIGHTED_FOOTBALL_FIELDS": null, "created_user": null, "created_date": null, "last_edited_user": "RFRASHE", "last_edited_date": "2026-01-06T18:59:23Z", "LUCITYID": "PRK-0136", "COMPKEY": 2586997, "UNITID": "8282", "LucityAutoID": 136, "InLucity": 1, "LastSynDate": "2020-07-24T12:33:37Z", "Shape__Area": 71770.000847119212, "Shape__Length": 1159.0150894874555 }, "geometry": { "type": "Polygon", "coordinates": [ [ [ -76.288927452268169, 36.847529129139879 ], [ -76.288999770675517, 36.847531763385859 ], [ -76.289020991153834, 36.847532536955967 ], [ -76.289027353727278, 36.847532341261171 ], [ -76.289043852557668, 36.84753122861401 ], [ -76.289061440732425, 36.84752756487724 ], [ -76.28907288381842, 36.847523599770632 ], [ -76.289077236053245, 36.847521768106276 ], [ -76.289086334132222, 36.84751706750464 ], [ -76.289091557579837, 36.84751389658755 ], [ -76.289099262362612, 36.847508245855849 ], [ -76.289103988385193, 36.847504171419537 ], [ -76.28911018053293, 36.847497817088339 ], [ -76.289114187644373, 36.847492896256256 ], [ -76.289118804205899, 36.847486074200091 ], [ -76.28912191011834, 36.847480404493666 ], [ -76.289123107925235, 36.847477749086586 ], [ -76.289166336365469, 36.847371656441105 ], [ -76.289183356729524, 36.847327672942704 ], [ -76.28918935615485, 36.847308689556357 ], [ -76.289195782656179, 36.847288290052276 ], [ -76.289203042306809, 36.847261892322585 ], [ -76.28920676180644, 36.847248367950158 ], [ -76.289213701446727, 36.847212015827402 ], [ -76.289247030910005, 36.847033385123133 ], [ -76.289250666357177, 36.846983568399082 ], [ -76.289252598248083, 36.846942524142449 ], [ -76.289253563701095, 36.846909396411661 ], [ -76.289251540485509, 36.846865909815939 ], [ -76.289115829272419, 36.846852894707112 ], [ -76.288777536621922, 36.846821647977102 ], [ -76.288473588817709, 36.846793436542683 ], [ -76.288405218334759, 36.846790244447966 ], [ -76.288127584813566, 36.846778121275548 ], [ -76.288098146978669, 36.846786699474414 ], [ -76.288086276164165, 36.846794604409986 ], [ -76.288071976577214, 36.84681249399533 ], [ -76.28805134530208, 36.847075449269589 ], [ -76.288385732136362, 36.847090515318548 ], [ -76.288382659201247, 36.847137982844906 ], [ -76.288381359953732, 36.84715800384415 ], [ -76.288381071769876, 36.847217050473688 ], [ -76.28835541231237, 36.847508323934804 ], [ -76.288369212629348, 36.847508792035619 ], [ -76.288927452268169, 36.847529129139879 ] ] ] } },
{ "type": "Feature", "properties": { "OBJECTID": 137, "ID": 54, "PARK_NAME": "Fred Huette Center", "BASKETBALL_COURTS": " ", "GYMS": " ", "RESTROOMS": " ", "DETAILS": " ", "X_COORD": 12128543.758163771, "Y_COORD": 3480497.1533949901, "ADDRESS": "1000 Botetourt Gardens", "PARK_TYPE": "NPP", "Shape_Leng": 1184.22348001, "ACRES": 1.96554189, "ADDITIONAL_INFO": " ", "BIKE_RACKS": 0, "LIGHTED_BASKETBALL_COURTS": 0, "LIGHTED_BASEBALL_FIELDS": 0, "LIGHTED_TENNIS_COURTS": 0, "ADA_PLAYGROUNDS": 0, "PLAYGROUNDS": 0, "TENNIS_COURTS": 0, "FOOTBALL_FIELDS": 0, "BASEBALL_FIELDS": 0, "POOLS": null, "GYM": null, "PICNIC_SHELTERS": null, "REC_CENTER": null, "PICNIC_TABLES": null, "LIGHTED_FOOTBALL_FIELDS": null, "created_user": null, "created_date": null, "last_edited_user": "RFRASHE", "last_edited_date": "2026-01-06T18:59:23Z", "LUCITYID": "PRK-0137", "COMPKEY": 2586211, "UNITID": "3039", "LucityAutoID": 137, "InLucity": 1, "LastSynDate": "2020-07-24T12:33:37Z", "Shape__Area": 85618.673894031963, "Shape__Length": 1184.2235358178275 }, "geometry": { "type": "Polygon", "coordinates": [ [ [ -76.293328492878189, 36.861525810092402 ], [ -76.293704068878583, 36.861102070736706 ], [ -76.293694922719965, 36.861040357408875 ], [ -76.293488290063607, 36.860922183058008 ], [ -76.292669798913451, 36.860474252840206 ], [ -76.292617106019833, 36.860480295972877 ], [ -76.292551687581124, 36.860547641485645 ], [ -76.29224824130776, 36.860898882369696 ], [ -76.292242434331058, 36.860948006651398 ], [ -76.29226974052122, 36.860987203737459 ], [ -76.292909472347716, 36.861336828276258 ], [ -76.293187151810017, 36.861495021384862 ], [ -76.293273509704662, 36.861535327629753 ], [ -76.293328492878189, 36.861525810092402 ] ] ] } },
{ "type": "Feature", "properties": { "OBJECTID": 138, "ID": 37, "PARK_NAME": "Colonial Avenue Park", "BASKETBALL_COURTS": " ", "GYMS": " ", "RESTROOMS": " ", "DETAILS": " ", "X_COORD": 12129882.86704867, "Y_COORD": 3486396.7997798398, "ADDRESS": "3300 Colonial Avenue", "PARK_TYPE": "NPP", "Shape_Leng": 947.4011525, "ACRES": 1.06795526, "ADDITIONAL_INFO": " ", "BIKE_RACKS": 0, "LIGHTED_BASKETBALL_COURTS": 0, "LIGHTED_BASEBALL_FIELDS": 0, "LIGHTED_TENNIS_COURTS": 0, "ADA_PLAYGROUNDS": 0, "PLAYGROUNDS": 0, "TENNIS_COURTS": 0, "FOOTBALL_FIELDS": 0, "BASEBALL_FIELDS": 0, "POOLS": null, "GYM": null, "PICNIC_SHELTERS": null, "REC_CENTER": null, "PICNIC_TABLES": null, "LIGHTED_FOOTBALL_FIELDS": null, "created_user": null, "created_date": null, "last_edited_user": "RFRASHE", "last_edited_date": "2026-01-06T18:59:23Z", "LUCITYID": "PRK-0138", "COMPKEY": 2587003, "UNITID": "5017", "LucityAutoID": 138, "InLucity": 1, "LastSynDate": "2020-07-24T12:33:37Z", "Shape__Area": 46519.932391454349, "Shape__Length": 899.04644985165589 }, "geometry": { "type": "Polygon", "coordinates": [ [ [ -76.288287589326799, 36.877403255365685 ], [ -76.288300034538935, 36.877402593689915 ], [ -76.288317422354993, 36.877393344009803 ], [ -76.288330779598695, 36.877380569830315 ], [ -76.288339242898587, 36.877365329327404 ], [ -76.288342114805459, 36.877348992968201 ], [ -76.288307124639331, 36.876934058800231 ], [ -76.28830129309857, 36.87691042429492 ], [ -76.288295215935847, 36.876900057765717 ], [ -76.288286191704074, 36.876889602406557 ], [ -76.288276247048529, 36.876881392145769 ], [ -76.28826348202513, 36.876873865204793 ], [ -76.288250753514234, 36.876868702328984 ], [ -76.288236507697874, 36.876865091881903 ], [ -76.287987727813018, 36.876841159530649 ], [ -76.287778045422314, 36.876852605912759 ], [ -76.287420533372071, 36.876872121341798 ], [ -76.287450751041661, 36.877157138749361 ], [ -76.287646824503966, 36.877145971180994 ], [ -76.287681434733059, 36.877435520362098 ], [ -76.288287589326799, 36.877403255365685 ] ] ] } },
{ "type": "Feature", "properties": { "OBJECTID": 139, "ID": 36, "PARK_NAME": "Freemason Green", "BASKETBALL_COURTS": " ", "GYMS": " ", "RESTROOMS": " ", "DETAILS": " ", "X_COORD": 12128222.063446499, "Y_COORD": 3476813.50894089, "ADDRESS": "255 College Cross", "PARK_TYPE": "NPP", "Shape_Leng": 612.64475391999997, "ACRES": 0.49485404, "ADDITIONAL_INFO": " ", "BIKE_RACKS": 0, "LIGHTED_BASKETBALL_COURTS": 0, "LIGHTED_BASEBALL_FIELDS": 0, "LIGHTED_TENNIS_COURTS": 0, "ADA_PLAYGROUNDS": 0, "PLAYGROUNDS": 0, "TENNIS_COURTS": 0, "FOOTBALL_FIELDS": 0, "BASEBALL_FIELDS": 0, "POOLS": null, "GYM": null, "PICNIC_SHELTERS": null, "REC_CENTER": null, "PICNIC_TABLES": null, "LIGHTED_FOOTBALL_FIELDS": null, "created_user": null, "created_date": null, "last_edited_user": "RFRASHE", "last_edited_date": "2026-01-06T18:59:23Z", "LUCITYID": "PRK-0139", "COMPKEY": 2586411, "UNITID": "3027", "LucityAutoID": 139, "InLucity": 1, "LastSynDate": "2020-07-24T12:33:37Z", "Shape__Area": 21555.7871165826, "Shape__Length": 612.64514664807245 }, "geometry": { "type": "Polygon", "coordinates": [ [ [ -76.294014649151066, 36.851015714148573 ], [ -76.294039340829258, 36.851046222195428 ], [ -76.294173836563218, 36.851089861319544 ], [ -76.294388178580235, 36.851161881177298 ], [ -76.294510149797247, 36.851162590693292 ], [ -76.294575919557261, 36.851133781471098 ], [ -76.294547221792087, 36.850631980517406 ], [ -76.294534605065337, 36.850592211570621 ], [ -76.294489926541161, 36.850572397050165 ], [ -76.294440763127511, 36.850571473805537 ], [ -76.294014649151066, 36.851015714148573 ] ] ] } },
{ "type": "Feature", "properties": { "OBJECTID": 140, "ID": 24, "PARK_NAME": "Broad Creek Park", "BASKETBALL_COURTS": " ", "GYMS": " ", "RESTROOMS": " ", "DETAILS": "Asphalt trail throughout, sculpture gardens, benches", "X_COORD": 12141356.146976139, "Y_COORD": 3478714.2047556299, "ADDRESS": "3000 E Virginia Beach Boulevard", "PARK_TYPE": "NPP", "Shape_Leng": 4734.232743, "ACRES": 6.18244061, "ADDITIONAL_INFO": " ", "BIKE_RACKS": 0, "LIGHTED_BASKETBALL_COURTS": 0, "LIGHTED_BASEBALL_FIELDS": 0, "LIGHTED_TENNIS_COURTS": 0, "ADA_PLAYGROUNDS": 0, "PLAYGROUNDS": 0, "TENNIS_COURTS": 0, "FOOTBALL_FIELDS": 0, "BASEBALL_FIELDS": 0, "POOLS": null, "GYM": null, "PICNIC_SHELTERS": null, "REC_CENTER": null, "PICNIC_TABLES": null, "LIGHTED_FOOTBALL_FIELDS": null, "created_user": null, "created_date": null, "last_edited_user": "RFRASHE", "last_edited_date": "2026-01-06T18:59:23Z", "LUCITYID": "PRK-0140", "COMPKEY": 2586379, "UNITID": "8034", "LucityAutoID": 140, "InLucity": 1, "LastSynDate": "2020-07-24T12:33:37Z", "Shape__Area": 269306.02610017615, "Shape__Length": 4734.2330602618094 }, "geometry": { "type": "Polygon", "coordinates": [ [ [ -76.249785977670768, 36.853134927187945 ], [ -76.25010642125703, 36.853123717388918 ], [ -76.250345468022729, 36.853116857057913 ], [ -76.250354642828967, 36.853115840276374 ], [ -76.250361462687522, 36.853114164551513 ], [ -76.250365927655125, 36.853112584334866 ], [ -76.250370099411512, 36.853110717273225 ], [ -76.25037355837631, 36.853108831150301 ], [ -76.250377013428619, 36.853106585304154 ], [ -76.250380379985003, 36.853104033098511 ], [ -76.250382923380371, 36.853101628274644 ], [ -76.250385426108537, 36.853098930626622 ], [ -76.250387660497495, 36.853096052972298 ], [ -76.250389614189714, 36.853092995976219 ], [ -76.250392397588456, 36.853086961409367 ], [ -76.250393529165123, 36.853083033262727 ], [ -76.250394170039542, 36.853079123659818 ], [ -76.25038965986424, 36.852965142362329 ], [ -76.250389199642825, 36.852955624051958 ], [ -76.250381586399044, 36.852824230967329 ], [ -76.250379204148231, 36.852810008527818 ], [ -76.250373788484751, 36.852796333709279 ], [ -76.250365502074089, 36.852783621554963 ], [ -76.250354597047661, 36.852772258174753 ], [ -76.250341404193762, 36.852762587017857 ], [ -76.25032632305539, 36.852754902373484 ], [ -76.250309812215662, 36.852749436565659 ], [ -76.250292371468674, 36.852746356006328 ], [ -76.250274529703034, 36.852745753752401 ], [ -76.250256829234516, 36.852747648304124 ], [ -76.249912234939771, 36.852809461350503 ], [ -76.248746949425481, 36.85306320392823 ], [ -76.248440448767354, 36.853118169528031 ], [ -76.248424227007646, 36.853122237424792 ], [ -76.248409064599812, 36.853128403296004 ], [ -76.248395378241995, 36.853136496658337 ], [ -76.248383542411858, 36.853146295742334 ], [ -76.248373882506712, 36.853157531867595 ], [ -76.248366665715167, 36.853169894675865 ], [ -76.248362088258375, 36.85318304630843 ], [ -76.248360276403673, 36.853196625031082 ], [ -76.248360739171815, 36.853206653581033 ], [ -76.24836271630484, 36.853216563337568 ], [ -76.248474845584269, 36.853619714566783 ], [ -76.24842481056902, 36.853628702949685 ], [ -76.248613858254956, 36.854308404573928 ], [ -76.248682727852952, 36.854493069643219 ], [ -76.248852377969314, 36.855103443844669 ], [ -76.249050934829668, 36.855819466561968 ], [ -76.249059428643818, 36.855868508162793 ], [ -76.249059363841809, 36.855906560236924 ], [ -76.249059601569869, 36.855910115305917 ], [ -76.249059847590487, 36.855913844499121 ], [ -76.249060065558581, 36.855917574056058 ], [ -76.249060277948274, 36.855921302604763 ], [ -76.249060467890516, 36.855925031624601 ], [ -76.249069264882124, 36.856328856325106 ], [ -76.2490694114462, 36.856538373657187 ], [ -76.249073402069101, 36.856686583776685 ], [ -76.24908060742537, 36.856834719395408 ], [ -76.249091031380104, 36.856982726504029 ], [ -76.24919229648664, 36.857385836302214 ], [ -76.249192860144035, 36.857388576464587 ], [ -76.249193907522539, 36.857392214651462 ], [ -76.249195272270484, 36.85739577959913 ], [ -76.249196953560912, 36.857399261376621 ], [ -76.249198933057741, 36.857402635295493 ], [ -76.249201217915072, 36.857405887070747 ], [ -76.24920377938642, 36.857409002630959 ], [ -76.249206611387109, 36.857411960226521 ], [ -76.249209699691022, 36.857414747866855 ], [ -76.249213032447628, 36.857417349100253 ], [ -76.249216581791018, 36.857419757984346 ], [ -76.249220339421058, 36.857421951825728 ], [ -76.24922427845901, 36.857423929207989 ], [ -76.249228386120635, 36.857425667351734 ], [ -76.249232640918635, 36.8574271721548 ], [ -76.249238495193751, 36.857428792337068 ], [ -76.249242998600423, 36.857429706095452 ], [ -76.249247572645913, 36.857430356203231 ], [ -76.249252196963994, 36.85743074857983 ], [ -76.249256834880612, 36.857430871705908 ], [ -76.249261475051426, 36.857430729871048 ], [ -76.249578443327536, 36.857380828885681 ], [ -76.249582740899527, 36.857380173901817 ], [ -76.249587292073883, 36.857379439948964 ], [ -76.249591845037386, 36.857378683495853 ], [ -76.249596385563819, 36.85737789255208 ], [ -76.249600919231725, 36.857377068125849 ], [ -76.249605439020755, 36.85737621999786 ], [ -76.249609954166672, 36.857375339331206 ], [ -76.249614462320409, 36.857374429686494 ], [ -76.249618956915995, 36.857373485529592 ], [ -76.249623446547659, 36.857372519644478 ], [ -76.249627921500121, 36.857371519225701 ], [ -76.249632384949464, 36.857370490643802 ], [ -76.24963684154018, 36.857369428579467 ], [ -76.249641285346399, 36.857368343735686 ], [ -76.249645722320722, 36.857367224508593 ], [ -76.249650139944464, 36.857366076968013 ], [ -76.249654550576039, 36.857364900449376 ], [ -76.249658948556643, 36.857363696646935 ], [ -76.249663333939722, 36.857362463759017 ], [ -76.249667705737835, 36.857361197259813 ], [ -76.249672063630371, 36.857359907959712 ], [ -76.249676409085708, 36.857358584168935 ], [ -76.249680741890046, 36.857357233094419 ], [ -76.249685060815494, 36.857355858318051 ], [ -76.249689359429553, 36.857354449801612 ], [ -76.249693652172482, 36.857353012328581 ], [ -76.249697925538072, 36.85735154744286 ], [ -76.249702183903636, 36.857350058833902 ], [ -76.249706424199971, 36.857348536527823 ], [ -76.249710656356299, 36.857346986122984 ], [ -76.249714870149432, 36.857345411930453 ], [ -76.249719062323081, 36.857343810282387 ], [ -76.249723242059517, 36.857342174143682 ], [ -76.249727401163895, 36.857340515075201 ], [ -76.249731547644004, 36.857338827822119 ], [ -76.249735673652395, 36.857337112234063 ], [ -76.249739786902879, 36.857335372965778 ], [ -76.249743871807539, 36.857333606113031 ], [ -76.249747951961993, 36.857331810325164 ], [ -76.249752003797312, 36.857329986052051 ], [ -76.249756043008361, 36.857328133594315 ], [ -76.249760054861056, 36.857326258077983 ], [ -76.249764052968274, 36.857324354355534 ], [ -76.2497680315645, 36.857322427724867 ], [ -76.250111508768214, 36.857107744622844 ], [ -76.250115106447865, 36.857105196848586 ], [ -76.250118541520052, 36.85710268561985 ], [ -76.250121929722809, 36.857100128424534 ], [ -76.250125255361525, 36.857097524962029 ], [ -76.250128527377896, 36.857094876304963 ], [ -76.250131743583211, 36.857092180608696 ], [ -76.250134906192883, 36.857089438816921 ], [ -76.250138005891131, 36.85708666246925 ], [ -76.250141045267398, 36.857083839897321 ], [ -76.250144028645593, 36.857080976592229 ], [ -76.250146950393685, 36.857078073347466 ], [ -76.250149803812207, 36.857075129133243 ], [ -76.250152602193296, 36.857072149612598 ], [ -76.25015533782333, 36.857069130130867 ], [ -76.250158005123723, 36.857066069679689 ], [ -76.250160610500131, 36.857062979198346 ], [ -76.250163147493438, 36.857059849549394 ], [ -76.250165614742116, 36.857056688819128 ], [ -76.25016802017376, 36.857053494455187 ], [ -76.250170356955095, 36.857050269932323 ], [ -76.25017262409871, 36.857047010724699 ], [ -76.250174821471006, 36.857043721336552 ], [ -76.25017695126067, 36.857040403612672 ], [ -76.250179011279016, 36.857037055708354 ], [ -76.250181001499342, 36.857033678524445 ], [ -76.250182916156078, 36.857030277358724 ], [ -76.250184760854481, 36.857026852318647 ], [ -76.250186529989321, 36.857023403296772 ], [ -76.25018822935283, 36.857019924094445 ], [ -76.250189852965747, 36.85701642721645 ], [ -76.250191399867376, 36.857012907236061 ], [ -76.250192876677076, 36.857009367885603 ], [ -76.250194277923228, 36.857005804553332 ], [ -76.250195602137396, 36.85700222892914 ], [ -76.250196850627773, 36.856998634728285 ], [ -76.250198021125456, 36.85699502280886 ], [ -76.250199117020372, 36.85699139233428 ], [ -76.250200134788997, 36.856987748645388 ], [ -76.250201076646803, 36.856984092685977 ], [ -76.250201941499427, 36.856980423533678 ], [ -76.250202730280904, 36.856976747516008 ], [ -76.250203441096431, 36.856973052878857 ], [ -76.25020406892753, 36.856969357553567 ], [ -76.250204627627525, 36.856965648284827 ], [ -76.25020510110096, 36.856961938285046 ], [ -76.250205498663632, 36.856958216014696 ], [ -76.250205812174201, 36.856954491232997 ], [ -76.250206049453368, 36.85695076499114 ], [ -76.250206208419399, 36.856947031840988 ], [ -76.250206291127242, 36.856943298131512 ], [ -76.2502062974701, 36.856939567466206 ], [ -76.250206218773585, 36.856935829763771 ], [ -76.250206063498283, 36.856932102312342 ], [ -76.250205824170976, 36.856928372349593 ], [ -76.250205514030597, 36.85692464734003 ], [ -76.250205120772179, 36.856920926146657 ], [ -76.250204649814094, 36.856917215182825 ], [ -76.250203855023031, 36.85691379546958 ], [ -76.250203011661668, 36.856910122441271 ], [ -76.25020217505336, 36.856906448640878 ], [ -76.250201359745077, 36.856902775248571 ], [ -76.250200551296786, 36.856899097480706 ], [ -76.250199757448911, 36.85689541909111 ], [ -76.250198970327446, 36.856891740830349 ], [ -76.25019819793998, 36.856888057443626 ], [ -76.250197439005206, 36.856884374314561 ], [ -76.250196693523108, 36.856880691443095 ], [ -76.25019596277501, 36.856877003445689 ], [ -76.25019523875325, 36.856873315577047 ], [ -76.250194529305233, 36.856869627987614 ], [ -76.250193833496937, 36.85686593434977 ], [ -76.250193144388277, 36.856862241741702 ], [ -76.250192469879977, 36.856858548511887 ], [ -76.250191808984681, 36.856854850134496 ], [ -76.250191162636369, 36.856851152937196 ], [ -76.250190530888489, 36.856847455118128 ], [ -76.250189904745881, 36.856843757406466 ], [ -76.250189293337328, 36.856840054568785 ], [ -76.25018869650242, 36.856836352010248 ], [ -76.250188106393878, 36.856832649580525 ], [ -76.25018752989827, 36.856828942003339 ], [ -76.250186966694983, 36.856825240088973 ], [ -76.25018641934679, 36.856821533070075 ], [ -76.250185877764139, 36.856817820753321 ], [ -76.250185357347917, 36.856814113348932 ], [ -76.250184844912681, 36.856810401590508 ], [ -76.250184338082704, 36.856806689939482 ], [ -76.250183853700449, 36.856802977817054 ], [ -76.25018337601783, 36.856799266724266 ], [ -76.250182911974846, 36.856795549583182 ], [ -76.250182461384497, 36.856791832699763 ], [ -76.25018201861478, 36.85678811686747 ], [ -76.25018159717176, 36.856784400542388 ], [ -76.250181182615407, 36.85678067894095 ], [ -76.250180774625051, 36.856776962873475 ], [ -76.250180386973867, 36.856773241787351 ], [ -76.250180007170044, 36.85676952085155 ], [ -76.25017964210025, 36.856765794789744 ], [ -76.250179290322734, 36.856762074390815 ], [ -76.250178952158137, 36.856758348844366 ], [ -76.250178621680519, 36.856754628853402 ], [ -76.25017830481589, 36.856750903714932 ], [ -76.250178002685175, 36.856747173450451 ], [ -76.250177713873498, 36.856743447947984 ], [ -76.250177432882424, 36.85673972349668 ], [ -76.250177172230565, 36.856735994026678 ], [ -76.250176918144618, 36.856732270090767 ], [ -76.250176672093161, 36.856728539999054 ], [ -76.250176446193819, 36.856724811194795 ], [ -76.250176228168499, 36.856721081639932 ], [ -76.250176023569097, 36.856717353243667 ], [ -76.250175833730339, 36.856713618820486 ], [ -76.250175649309767, 36.856709890810706 ], [ -76.250175487497202, 36.856706156924368 ], [ -76.25017533222389, 36.856702429472868 ], [ -76.250175190590213, 36.856698695973094 ], [ -76.250159751430076, 36.856413319987027 ], [ -76.250152278550317, 36.856289902234259 ], [ -76.250152293895738, 36.85628681351956 ], [ -76.250152026203423, 36.856283775268423 ], [ -76.250151486364345, 36.85628076064831 ], [ -76.25015067053441, 36.856277785810228 ], [ -76.250149588322074, 36.856274867162966 ], [ -76.250148236977523, 36.856272021779944 ], [ -76.250146631660925, 36.856269267979116 ], [ -76.250144777843843, 36.856266610371989 ], [ -76.250142689405124, 36.856264072660288 ], [ -76.250140366211099, 36.85626165934822 ], [ -76.250137835619768, 36.856259393494184 ], [ -76.250135105291278, 36.856257281554491 ], [ -76.250132187049445, 36.856255340881795 ], [ -76.250129102033583, 36.856253577289266 ], [ -76.250125857957428, 36.856251995431371 ], [ -76.250122482285704, 36.856250614763155 ], [ -76.250118988524363, 36.856249433740615 ], [ -76.250115397625777, 36.856248464482853 ], [ -76.250111729768577, 36.856247707376461 ], [ -76.249877879723599, 36.856256275929638 ], [ -76.249615431873323, 36.856265128966719 ], [ -76.249533209500356, 36.856261578672921 ], [ -76.249528723931036, 36.856260784247503 ], [ -76.249524239564607, 36.856259949283213 ], [ -76.249519769800102, 36.856259075839418 ], [ -76.249515308871977, 36.856258169213937 ], [ -76.249510862572578, 36.856257223208061 ], [ -76.24950642529663, 36.85625623771449 ], [ -76.24950200918849, 36.85625521927544 ], [ -76.249497600982849, 36.856254161327271 ], [ -76.249493201800675, 36.856253063891316 ], [ -76.249488823786379, 36.856251933509952 ], [ -76.249484461495101, 36.856250764670577 ], [ -76.249480106972698, 36.856249560826313 ], [ -76.249475774899494, 36.856248318652959 ], [ -76.249471457267944, 36.856247043405325 ], [ -76.249467155225801, 36.856245734204009 ], [ -76.249462874511906, 36.856244386652115 ], [ -76.249458609547801, 36.856242999741355 ], [ -76.24945436001272, 36.856241584282124 ], [ -76.249450131966256, 36.856240125067174 ], [ -76.249445919348858, 36.856238637303697 ], [ -76.249441728059765, 36.85623711118965 ], [ -76.249437559086289, 36.85623555125089 ], [ -76.249433412401771, 36.85623395838811 ], [ -76.249429280346064, 36.856232326145097 ], [ -76.249425170579272, 36.856230660978163 ], [ -76.249421082967856, 36.856228967391644 ], [ -76.249417024531922, 36.856227235604933 ], [ -76.249412980724827, 36.856225464437898 ], [ -76.249408959046306, 36.856223665752168 ], [ -76.249404966409713, 36.85622183337054 ], [ -76.249400996062093, 36.856219968065034 ], [ -76.249397046882464, 36.856218069814155 ], [ -76.249393126744735, 36.856216137867435 ], [ -76.249389230043747, 36.856214172117426 ], [ -76.249385361236961, 36.856212173550936 ], [ -76.249381513598081, 36.856210142039089 ], [ -76.249377695935124, 36.856208083158904 ], [ -76.249373907314094, 36.856205990582836 ], [ -76.249370139887802, 36.856203864160584 ], [ -76.249366402597744, 36.856201704964853 ], [ -76.249362693041491, 36.856199518357791 ], [ -76.249359012340022, 36.856197304360919 ], [ -76.249355361962046, 36.856195051284566 ], [ -76.24935173915749, 36.856192776202064 ], [ -76.24934814555526, 36.856190462018553 ], [ -76.249344588494722, 36.856188126000781 ], [ -76.249341052602261, 36.856185757037714 ], [ -76.249337552451195, 36.856183355408582 ], [ -76.249334082142369, 36.856180930915357 ], [ -76.249330646454041, 36.856178473734666 ], [ -76.249327240741607, 36.856175989185637 ], [ -76.249323863883944, 36.856173477246841 ], [ -76.249320521513155, 36.856170937124858 ], [ -76.249317216004854, 36.856168364358247 ], [ -76.249313939190984, 36.856165769607045 ], [ -76.249310697958251, 36.856163147594977 ], [ -76.249307493454396, 36.856160497442652 ], [ -76.249304323383811, 36.856157820908805 ], [ -76.24930118331585, 36.856155116105818 ], [ -76.249298078829042, 36.856152384041962 ], [ -76.249295016515859, 36.85614962935044 ], [ -76.249291983030801, 36.856146848170091 ], [ -76.249288985126782, 36.856144039728832 ], [ -76.249286030517524, 36.8561412086814 ], [ -76.249283111302177, 36.85613835667916 ], [ -76.249280220968473, 36.856135476386271 ], [ -76.24927737406307, 36.856132568982993 ], [ -76.24927456911746, 36.856129646158841 ], [ -76.249271791932401, 36.856126695022674 ], [ -76.249269059136324, 36.856123722202724 ], [ -76.249266368647568, 36.856120722250822 ], [ -76.249263713392338, 36.856117706749245 ], [ -76.249261093744934, 36.856114663086046 ], [ -76.249258517205035, 36.856111603122699 ], [ -76.249255982972457, 36.856108516027362 ], [ -76.249253483973376, 36.856105413382444 ], [ -76.249251028268986, 36.856102288131382 ], [ -76.249248607985251, 36.856099141024714 ], [ -76.249246237508586, 36.85609597864763 ], [ -76.24924390149188, 36.856092788988278 ], [ -76.249241609543333, 36.856089588455518 ], [ -76.249239352054815, 36.856086360640433 ], [ -76.249237145360681, 36.85608312208084 ], [ -76.249234979692332, 36.856079861772997 ], [ -76.249232850538959, 36.856076580531862 ], [ -76.249230771219288, 36.856073283119521 ], [ -76.24922872715986, 36.856069969256758 ], [ -76.249226731813152, 36.856066639201295 ], [ -76.249224779573851, 36.856063292845796 ], [ -76.249222870415323, 36.85605993109106 ], [ -76.249221003243292, 36.856056553014746 ], [ -76.249219178057629, 36.856053158616945 ], [ -76.249217395952698, 36.856049748819878 ], [ -76.249215662560459, 36.856046322830203 ], [ -76.249213972115243, 36.856042885945598 ], [ -76.249212324750729, 36.856039433661806 ], [ -76.249210725938468, 36.856035970590554 ], [ -76.249209170206939, 36.856032492120079 ], [ -76.249207656488537, 36.856028996427227 ], [ -76.249206191108442, 36.856025497153809 ], [ -76.249204769022938, 36.856021975274253 ], [ -76.249203396396794, 36.856018449835638 ], [ -76.2492020667177, 36.856014913502179 ], [ -76.249200785751128, 36.856011360976026 ], [ -76.249199546450185, 36.85600780293872 ], [ -76.249198356929384, 36.85600423053198 ], [ -76.24919721022188, 36.856000651734696 ], [ -76.24919611220021, 36.855997057645617 ], [ -76.249195056938376, 36.855993458967731 ], [ -76.249194051162632, 36.855989855829876 ], [ -76.249193094099411, 36.855986236499447 ], [ -76.249192178675017, 36.855982612558648 ], [ -76.249191313884381, 36.855978983278519 ], [ -76.249190497619153, 36.855975344111869 ], [ -76.249189729718921, 36.855971700463726 ], [ -76.249189005726237, 36.855968051347467 ], [ -76.249188329137937, 36.855964392323081 ], [ -76.249187696269985, 36.855960734136552 ], [ -76.249187111927483, 36.855957066063404 ], [ -76.249186583823885, 36.855953392758352 ], [ -76.24918609063279, 36.855949714714164 ], [ -76.249185653493498, 36.855946037744047 ], [ -76.249185266027283, 36.855942350008007 ], [ -76.249184920012667, 36.85593866396767 ], [ -76.249184623350359, 36.855934977971735 ], [ -76.249184376147198, 36.85593128841672 ], [ -76.249184170609539, 36.855927593350565 ], [ -76.249184021123611, 36.855923899358508 ], [ -76.24918391327634, 36.855920200756195 ], [ -76.249183854781322, 36.855916502198241 ], [ -76.249183845424668, 36.855912810891525 ], [ -76.249183885714316, 36.855909109719775 ], [ -76.249183974048094, 36.855905414876908 ], [ -76.249184104981069, 36.855901720850454 ], [ -76.249184284145286, 36.855898026846859 ], [ -76.249184512608238, 36.855894334689381 ], [ -76.249184790396669, 36.855890643477153 ], [ -76.249185117350095, 36.855886958615351 ], [ -76.249185492668417, 36.855883269272127 ], [ -76.249185910265112, 36.855879591555549 ], [ -76.249186376066277, 36.855875914762791 ], [ -76.24918689116609, 36.855872239816151 ], [ -76.249187455457715, 36.855868570319046 ], [ -76.249188067766596, 36.855864908051714 ], [ -76.249188722674646, 36.855861246600739 ], [ -76.249189426747719, 36.855857591500161 ], [ -76.249197081530397, 36.855801595198059 ], [ -76.24920317157796, 36.855747375264031 ], [ -76.249208088460577, 36.855693076061534 ], [ -76.24921182251741, 36.85563872084127 ], [ -76.24921437471157, 36.855584315030015 ], [ -76.249215745338049, 36.855529886576015 ], [ -76.249215939656892, 36.855475447297955 ], [ -76.249215017829997, 36.855425093291686 ], [ -76.249214942803292, 36.855421006826077 ], [ -76.24921276961868, 36.85536659428864 ], [ -76.249209411884124, 36.855312222147269 ], [ -76.249204876061057, 36.855257899539382 ], [ -76.249199162390738, 36.855203656214798 ], [ -76.249192262894994, 36.855149496527304 ], [ -76.249184197246663, 36.855095437979621 ], [ -76.249174958961021, 36.855041510192684 ], [ -76.249164546999594, 36.854987710442096 ], [ -76.24915296830315, 36.854934069507202 ], [ -76.249140230266704, 36.854880602852731 ], [ -76.249092254016773, 36.854698448610954 ], [ -76.249060881633412, 36.854605423158375 ], [ -76.248963330313998, 36.854350275505865 ], [ -76.248875893573427, 36.854093576559997 ], [ -76.248789459645451, 36.853783533595589 ], [ -76.248738729296846, 36.8535907145083 ], [ -76.24873821338808, 36.853587311846432 ], [ -76.248737733511788, 36.853583904467001 ], [ -76.248737295299676, 36.853580491576594 ], [ -76.24873689295957, 36.853577079373686 ], [ -76.248736532069785, 36.853573668866737 ], [ -76.248736206278522, 36.853570247314671 ], [ -76.248735922924951, 36.853566831984281 ], [ -76.248735674669888, 36.85356340560876 ], [ -76.248735460978722, 36.853559986205426 ], [ -76.248735288924962, 36.853556562191919 ], [ -76.248735152930308, 36.853553132559973 ], [ -76.248735058225535, 36.853549710029085 ], [ -76.248734999553136, 36.853546282780599 ], [ -76.248734974537442, 36.85354285527589 ], [ -76.248734993401158, 36.853539423203991 ], [ -76.248735052433645, 36.853535998211669 ], [ -76.248735147364897, 36.853532573006085 ], [ -76.248735277207444, 36.85352914306138 ], [ -76.248735448339843, 36.85352572021776 ], [ -76.248735655370879, 36.853522297160922 ], [ -76.248735903852108, 36.853518875799928 ], [ -76.248736187111049, 36.853515454204128 ], [ -76.248736506054726, 36.853512039601981 ], [ -76.248736866502057, 36.853508624894012 ], [ -76.248737268399552, 36.853505211881973 ], [ -76.248737706168967, 36.853501799557449 ], [ -76.248738178528939, 36.853498393304207 ], [ -76.248738692205293, 36.853494993251154 ], [ -76.248739240632602, 36.853491593864256 ], [ -76.248739831657758, 36.853488195293821 ], [ -76.248740458207195, 36.853484809122136 ], [ -76.248741118413307, 36.853481422694244 ], [ -76.248741821190535, 36.853478037983727 ], [ -76.24874255839778, 36.853474664749633 ], [ -76.248743337081876, 36.853471292310523 ], [ -76.248744151290211, 36.853467932270277 ], [ -76.248745000276259, 36.853464571995211 ], [ -76.248745890551916, 36.853461218821202 ], [ -76.248746816539011, 36.853457871739884 ], [ -76.248747776929335, 36.853454537035923 ], [ -76.248748778796553, 36.85345120312698 ], [ -76.248749816214684, 36.853447880715933 ], [ -76.248750887262688, 36.853444558949526 ], [ -76.248752000587686, 36.853441248809936 ], [ -76.248753149436908, 36.853437951069104 ], [ -76.248754331728719, 36.853434660278864 ], [ -76.248755549758727, 36.853431374680582 ], [ -76.248756809078372, 36.853428096183293 ], [ -76.248758103788518, 36.853424834589084 ], [ -76.248759432101735, 36.853421574540398 ], [ -76.248760795965921, 36.85341832598953 ], [ -76.248762202107017, 36.853415089065535 ], [ -76.248763641530289, 36.853411864497346 ], [ -76.248765116664984, 36.85340864602184 ], [ -76.248766626042396, 36.853405445328811 ], [ -76.248768170010223, 36.853402250707049 ], [ -76.248769748541619, 36.85339906305741 ], [ -76.248771362463501, 36.8533958923108 ], [ -76.248773017514566, 36.85339273407034 ], [ -76.248774706995562, 36.853389587306353 ], [ -76.248776424340875, 36.853386446484656 ], [ -76.248778183775968, 36.853383323595835 ], [ -76.248779970888222, 36.853380212955315 ], [ -76.248781798995921, 36.853377119325295 ], [ -76.248783661693935, 36.853374031766492 ], [ -76.248785551881994, 36.853370962762149 ], [ -76.248787484373622, 36.853367904483669 ], [ -76.248789444515722, 36.853364859354429 ], [ -76.248791438954001, 36.853361830205884 ], [ -76.248793467608266, 36.853358819740556 ], [ -76.24879553085286, 36.853355815346561 ], [ -76.248797629300725, 36.853352834161598 ], [ -76.248799761057441, 36.85334986443155 ], [ -76.248801921612355, 36.853346906971254 ], [ -76.248804116249573, 36.853343972698575 ], [ -76.248806345316595, 36.853341049902326 ], [ -76.248808602060848, 36.853338139354371 ], [ -76.248810894008301, 36.853335252015476 ], [ -76.248813219264662, 36.853332376131469 ], [ -76.248815579884663, 36.853329518051396 ], [ -76.248817967861029, 36.853326683029898 ], [ -76.248820382420249, 36.853323859334445 ], [ -76.248822840190144, 36.853321053593227 ], [ -76.248825316508743, 36.853318265333655 ], [ -76.248827836038046, 36.853315495028333 ], [ -76.24883037510341, 36.85331274673041 ], [ -76.2488329485451, 36.853310011710576 ], [ -76.248835557216836, 36.853307298998899 ], [ -76.248838192310998, 36.853304603018401 ], [ -76.248840854895093, 36.85330192559217 ], [ -76.24884354598322, 36.853299270345225 ], [ -76.248846270193056, 36.85329663285917 ], [ -76.248849023040592, 36.853294013048064 ], [ -76.248851809970418, 36.853291416424561 ], [ -76.248854616569901, 36.853288837304021 ], [ -76.248857458399456, 36.853286280491766 ], [ -76.248860327718944, 36.853283742233707 ], [ -76.248863223300447, 36.853281226112031 ], [ -76.248866147359195, 36.853278733070397 ], [ -76.248869097813696, 36.853276257660767 ], [ -76.248872076745471, 36.853273805331192 ], [ -76.248875083193909, 36.853271370655101 ], [ -76.248878115717275, 36.853268964421297 ], [ -76.248881176905016, 36.853266574961609 ], [ -76.248884257575398, 36.8532642093109 ], [ -76.24888737235473, 36.853261865946934 ], [ -76.248890507737599, 36.853259546413462 ], [ -76.248893670663946, 36.853257243632569 ], [ -76.248896860786203, 36.853254969315486 ], [ -76.248900079358975, 36.853252718979341 ], [ -76.248903316507196, 36.853250485223846 ], [ -76.248906581972292, 36.853248279953625 ], [ -76.248909866920002, 36.853246098492427 ], [ -76.24891318037173, 36.853243939210508 ], [ -76.248916520058714, 36.853241802965663 ], [ -76.248919880188922, 36.853239695956489 ], [ -76.248923261136582, 36.853237605570996 ], [ -76.248926669280081, 36.853235543649262 ], [ -76.248930098027245, 36.853233505558016 ], [ -76.248933552875968, 36.853231495008217 ], [ -76.248937021602359, 36.85322950816002 ], [ -76.248940517711731, 36.853227543469522 ], [ -76.24894404099031, 36.853225608143624 ], [ -76.248947578173244, 36.853223695618532 ], [ -76.248951141618235, 36.853221805229595 ], [ -76.248954718780411, 36.85321994394743 ], [ -76.248958323138524, 36.85321811112906 ], [ -76.248961947005938, 36.853216301218865 ], [ -76.24896558477775, 36.853214514109332 ], [ -76.248969249718755, 36.853212756364435 ], [ -76.248972928430419, 36.853211025924566 ], [ -76.248976626464327, 36.853209324698923 ], [ -76.248980351881315, 36.853207645630903 ], [ -76.248984084289532, 36.853205995540826 ], [ -76.248987842933118, 36.853204368487766 ], [ -76.248991615160293, 36.853202775045773 ], [ -76.248995407991046, 36.853201205434253 ], [ -76.248999220197518, 36.853199663235216 ], [ -76.249003046281672, 36.853198144737831 ], [ -76.249006884855191, 36.853196658929072 ], [ -76.249010744032262, 36.853195196950836 ], [ -76.24901461676626, 36.853193769484527 ], [ -76.249018509036361, 36.853192364025503 ], [ -76.249022415050533, 36.853190986772347 ], [ -76.249026340386891, 36.853189638733369 ], [ -76.249030272741336, 36.853188318771352 ], [ -76.249034225565751, 36.853187027144145 ], [ -76.249038191013227, 36.85318576370134 ], [ -76.249042169056949, 36.853184529343743 ], [ -76.249046160844799, 36.853183323192077 ], [ -76.249050165095227, 36.853182150629983 ], [ -76.249054183250124, 36.853181000868588 ], [ -76.24905821514902, 36.853179879313018 ], [ -76.249062258362883, 36.853178792226444 ], [ -76.249066316602239, 36.853177727962027 ], [ -76.249070379457237, 36.853176697136746 ], [ -76.249074463876568, 36.853175695568638 ], [ -76.249078553098741, 36.853174721133691 ], [ -76.249082649312285, 36.853173775676495 ], [ -76.249086757961777, 36.853172864709748 ], [ -76.249090880382084, 36.853171981048028 ], [ -76.249095008833152, 36.85317112093739 ], [ -76.249099149586584, 36.853170299821578 ], [ -76.249129655716203, 36.853165348222689 ], [ -76.249155945477028, 36.853162329481933 ], [ -76.249188172486541, 36.853160240261246 ], [ -76.249330659110697, 36.853154902602647 ], [ -76.249785977670768, 36.853134927187945 ] ] ] } },
{ "type": "Feature", "properties": { "OBJECTID": 141, "ID": 128, "PARK_NAME": "Redgate Playground", "BASKETBALL_COURTS": " ", "GYMS": " ", "RESTROOMS": " ", "DETAILS": " ", "X_COORD": 12125272.717080729, "Y_COORD": 3481862.6402880298, "ADDRESS": "935 Redgate Avenue", "PARK_TYPE": "NAP", "Shape_Leng": 548.38524871000004, "ACRES": 0.38840421, "ADDITIONAL_INFO": " ", "BIKE_RACKS": 0, "LIGHTED_BASKETBALL_COURTS": 0, "LIGHTED_BASEBALL_FIELDS": 0, "LIGHTED_TENNIS_COURTS": 0, "ADA_PLAYGROUNDS": 0, "PLAYGROUNDS": 0, "TENNIS_COURTS": 0, "FOOTBALL_FIELDS": 0, "BASEBALL_FIELDS": 0, "POOLS": null, "GYM": null, "PICNIC_SHELTERS": null, "REC_CENTER": null, "PICNIC_TABLES": null, "LIGHTED_FOOTBALL_FIELDS": null, "created_user": null, "created_date": null, "last_edited_user": "RFRASHE", "last_edited_date": "2026-01-06T18:59:23Z", "LUCITYID": "PRK-0141", "COMPKEY": 2586413, "UNITID": "3033", "LucityAutoID": 141, "InLucity": 1, "LastSynDate": "2020-07-24T12:33:37Z", "Shape__Area": 13331.288419908031, "Shape__Length": 462.75431179469575 }, "geometry": { "type": "Polygon", "coordinates": [ [ [ -76.304101669078634, 36.865182336876728 ], [ -76.304304869624985, 36.864887240074204 ], [ -76.303981099548608, 36.864745927647668 ], [ -76.303773232744518, 36.865039159180505 ], [ -76.304101669078634, 36.865182336876728 ] ] ] } },
{ "type": "Feature", "properties": { "OBJECTID": 142, "ID": 97, "PARK_NAME": "Monkey Bottom Park", "BASKETBALL_COURTS": " ", "GYMS": " ", "RESTROOMS": " ", "DETAILS": " ", "X_COORD": 12138062.375524789, "Y_COORD": 3515810.9415333401, "ADDRESS": "9635 Mason Creek Road", "PARK_TYPE": "NAP", "Shape_Leng": 1983.00342449, "ACRES": 4.77156769, "ADDITIONAL_INFO": " ", "BIKE_RACKS": 0, "LIGHTED_BASKETBALL_COURTS": 0, "LIGHTED_BASEBALL_FIELDS": 0, "LIGHTED_TENNIS_COURTS": 0, "ADA_PLAYGROUNDS": 0, "PLAYGROUNDS": 1, "TENNIS_COURTS": 0, "FOOTBALL_FIELDS": 0, "BASEBALL_FIELDS": 0, "POOLS": null, "GYM": null, "PICNIC_SHELTERS": null, "REC_CENTER": null, "PICNIC_TABLES": null, "LIGHTED_FOOTBALL_FIELDS": null, "created_user": null, "created_date": null, "last_edited_user": "RFRASHE", "last_edited_date": "2026-01-06T18:59:23Z", "LUCITYID": "PRK-0142", "COMPKEY": 2587029, "UNITID": "4048", "LucityAutoID": 142, "InLucity": 1, "LastSynDate": "2020-07-24T12:33:38Z", "Shape__Area": 207848.67123605011, "Shape__Length": 1983.003764850406 }, "geometry": { "type": "Polygon", "coordinates": [ [ [ -76.258424811358665, 36.957710749165223 ], [ -76.258480258036485, 36.957694164312514 ], [ -76.2582734582531, 36.957068368029873 ], [ -76.258173249623241, 36.956554861362577 ], [ -76.258148905721001, 36.956263316266792 ], [ -76.258073577390078, 36.956208956437507 ], [ -76.256400307333323, 36.957782404825181 ], [ -76.256610860289669, 36.957909909767636 ], [ -76.256821412805493, 36.958037415211848 ], [ -76.257055894439091, 36.958099220581069 ], [ -76.25729874024276, 36.958064158835484 ], [ -76.258424811358665, 36.957710749165223 ] ] ] } },
{ "type": "Feature", "properties": { "OBJECTID": 143, "ID": 76, "PARK_NAME": "Lafayette Park", "BASKETBALL_COURTS": "6", "GYMS": "0", "RESTROOMS": "yes", "DETAILS": "Asphalt walking paths,", "X_COORD": 12132039.85882161, "Y_COORD": 3486989.9717173399, "ADDRESS": "3500 Granby Street", "PARK_TYPE": "CP", "Shape_Leng": 4936.3953000900001, "ACRES": 31.71887584, "ADDITIONAL_INFO": " ", "BIKE_RACKS": 0, "LIGHTED_BASKETBALL_COURTS": 0, "LIGHTED_BASEBALL_FIELDS": 0, "LIGHTED_TENNIS_COURTS": 4, "ADA_PLAYGROUNDS": 0, "PLAYGROUNDS": 2, "TENNIS_COURTS": 4, "FOOTBALL_FIELDS": 2, "BASEBALL_FIELDS": 1, "POOLS": null, "GYM": null, "PICNIC_SHELTERS": null, "REC_CENTER": null, "PICNIC_TABLES": null, "LIGHTED_FOOTBALL_FIELDS": null, "created_user": null, "created_date": null, "last_edited_user": "RFRASHE", "last_edited_date": "2026-01-06T18:59:23Z", "LUCITYID": "PRK-0143", "COMPKEY": 2587008, "UNITID": "5034", "LucityAutoID": 143, "InLucity": 1, "LastSynDate": "2020-07-24T12:33:38Z", "Shape__Area": 1381668.6498042294, "Shape__Length": 4936.3951710187366 }, "geometry": { "type": "Polygon", "coordinates": [ [ [ -76.279093803409268, 36.876360124243696 ], [ -76.27904926096565, 36.878980024222948 ], [ -76.279321216335433, 36.881019071472295 ], [ -76.280876064384742, 36.880938824360314 ], [ -76.281176456386845, 36.880916884197489 ], [ -76.281199002391574, 36.880917309970378 ], [ -76.281220910395987, 36.880915458556579 ], [ -76.281238557563256, 36.880914658792676 ], [ -76.281260465565921, 36.880912807371544 ], [ -76.281283144085904, 36.880908704461113 ], [ -76.281305839131463, 36.880904036701544 ], [ -76.281325699536495, 36.880899880566709 ], [ -76.281342725222714, 36.880896238760599 ], [ -76.28135906326699, 36.880892016106337 ], [ -76.281371860103491, 36.880888294441917 ], [ -76.281387492776062, 36.880884058464154 ], [ -76.281399569930556, 36.880880889265256 ], [ -76.281410992550803, 36.880876007728446 ], [ -76.281425233278426, 36.880871179403805 ], [ -76.281438752056218, 36.880866904404854 ], [ -76.281451599718721, 36.880861483714384 ], [ -76.281462301506366, 36.880857155521198 ], [ -76.28147511605917, 36.880852866319351 ], [ -76.281488651383981, 36.880848025569037 ], [ -76.281507923414452, 36.880839894985655 ], [ -76.281527912823194, 36.880832479207676 ], [ -76.281621694574199, 36.880794698874482 ], [ -76.281712579654567, 36.880756862877142 ], [ -76.281791617336978, 36.880728109746876 ], [ -76.281854048852949, 36.88070626300285 ], [ -76.281867752470049, 36.880702878389663 ], [ -76.281879756002368, 36.880699462580708 ], [ -76.281890654674555, 36.880695114630818 ], [ -76.281896966252191, 36.880692500842059 ], [ -76.281902158487739, 36.880689411632702 ], [ -76.28190849780276, 36.880685887986857 ], [ -76.281914848182808, 36.880681909359595 ], [ -76.281922333428568, 36.880677952156468 ], [ -76.281928118590514, 36.880673963759449 ], [ -76.281932704586893, 36.880672228674023 ], [ -76.281936210097655, 36.880668651529184 ], [ -76.281943748600213, 36.880662873668669 ], [ -76.281948386706958, 36.880659318806323 ], [ -76.281951906645958, 36.880655286743341 ], [ -76.281954845843387, 36.880651698907087 ], [ -76.28195666569917, 36.880647635650938 ], [ -76.28195965815496, 36.880642227158404 ], [ -76.281961503557795, 36.880637252201687 ], [ -76.281965142172737, 36.880629124767147 ], [ -76.281968134600803, 36.880623717175226 ], [ -76.281968821858868, 36.880619631636335 ], [ -76.281971220263799, 36.880615122309116 ], [ -76.281971907521623, 36.88061103677019 ], [ -76.281973226509379, 36.880604687206876 ], [ -76.281973359668726, 36.880600135116268 ], [ -76.281974099036944, 36.880594229800906 ], [ -76.28197423219622, 36.880589677710269 ], [ -76.281974405279556, 36.880583760803269 ], [ -76.281972876775029, 36.880570998344986 ], [ -76.281971117710881, 36.879938140120757 ], [ -76.281968615274408, 36.879528616538131 ], [ -76.281965663974162, 36.879312989127477 ], [ -76.28196355786973, 36.879004451299238 ], [ -76.281964709476426, 36.878901640650454 ], [ -76.281961225214644, 36.878450006511869 ], [ -76.28196226112361, 36.878160901964861 ], [ -76.281961714598324, 36.878116182068617 ], [ -76.281957217052877, 36.878016245587972 ], [ -76.281956844822489, 36.877965567344205 ], [ -76.281954618970289, 36.877914854106223 ], [ -76.281950842227133, 36.877853680074971 ], [ -76.281946325965592, 36.877817825887732 ], [ -76.281933671043092, 36.877743071010208 ], [ -76.28187010110392, 36.877506398774401 ], [ -76.281836287827133, 36.877393985533281 ], [ -76.281773065917349, 36.877145398329439 ], [ -76.281708383004343, 36.876883370261716 ], [ -76.281631788052906, 36.876521264741875 ], [ -76.281474487893433, 36.875995713701705 ], [ -76.281463318506766, 36.876014283659494 ], [ -76.281111103688431, 36.876212517233618 ], [ -76.281072321070809, 36.876230566538723 ], [ -76.281042184698478, 36.8762436557653 ], [ -76.281007900473512, 36.876253254068224 ], [ -76.280971491372227, 36.876262809523425 ], [ -76.28079924156863, 36.876266385662419 ], [ -76.280501572685054, 36.876271007524281 ], [ -76.280219072528283, 36.876265670296299 ], [ -76.280027656087825, 36.87627058945592 ], [ -76.279859603889548, 36.876275951625566 ], [ -76.279761797896839, 36.876277518615296 ], [ -76.279634202805852, 36.876280228830659 ], [ -76.27949563880108, 36.876294682819207 ], [ -76.27923520353076, 36.876334153485431 ], [ -76.279093803409268, 36.876360124243696 ] ] ] } },
{ "type": "Feature", "properties": { "OBJECTID": 144, "ID": 162, "PARK_NAME": "West Point Cemetery", "BASKETBALL_COURTS": " ", "GYMS": " ", "RESTROOMS": " ", "DETAILS": " ", "X_COORD": 12130899.181982061, "Y_COORD": 3480616.9821361601, "ADDRESS": "238 E Princess Anne Road", "PARK_TYPE": "CEM", "Shape_Leng": 2531.9751215699998, "ACRES": 6.99407851, "ADDITIONAL_INFO": " ", "BIKE_RACKS": 0, "LIGHTED_BASKETBALL_COURTS": 0, "LIGHTED_BASEBALL_FIELDS": 0, "LIGHTED_TENNIS_COURTS": 0, "ADA_PLAYGROUNDS": 0, "PLAYGROUNDS": 0, "TENNIS_COURTS": 0, "FOOTBALL_FIELDS": 0, "BASEBALL_FIELDS": 0, "POOLS": null, "GYM": null, "PICNIC_SHELTERS": null, "REC_CENTER": null, "PICNIC_TABLES": null, "LIGHTED_FOOTBALL_FIELDS": null, "created_user": null, "created_date": null, "last_edited_user": "RFRASHE", "last_edited_date": "2026-01-06T18:59:23Z", "LUCITYID": "PRK-0144", "COMPKEY": 2586121, "UNITID": "7007", "LucityAutoID": 144, "InLucity": 1, "LastSynDate": "2020-07-24T12:33:38Z", "Shape__Area": 304660.78844854474, "Shape__Length": 2531.9750837425076 }, "geometry": { "type": "Polygon", "coordinates": [ [ [ -76.284620299530161, 36.862679487857008 ], [ -76.284912515124219, 36.862827971541172 ], [ -76.285218747686358, 36.862090287521042 ], [ -76.285955033137171, 36.860436152543933 ], [ -76.285036446669096, 36.860209140592481 ], [ -76.284587341037863, 36.860153013911265 ], [ -76.284174357565334, 36.860078503032376 ], [ -76.284062373720033, 36.860257489377474 ], [ -76.284113020976847, 36.860553921713738 ], [ -76.284253502233042, 36.861023616487401 ], [ -76.284462224270143, 36.861999768868387 ], [ -76.284620299530161, 36.862679487857008 ] ] ] } },
{ "type": "Feature", "properties": { "OBJECTID": 145, "ID": 50, "PARK_NAME": "Elmwood Cemetery", "BASKETBALL_COURTS": " ", "GYMS": " ", "RESTROOMS": " ", "DETAILS": " ", "X_COORD": 12131744.177184161, "Y_COORD": 3480780.9782858202, "ADDRESS": "238 E Princess Anne Road", "PARK_TYPE": "CEM", "Shape_Leng": 5594.5367501800001, "ACRES": 42.91167857, "ADDITIONAL_INFO": " ", "BIKE_RACKS": 0, "LIGHTED_BASKETBALL_COURTS": 0, "LIGHTED_BASEBALL_FIELDS": 0, "LIGHTED_TENNIS_COURTS": 0, "ADA_PLAYGROUNDS": 0, "PLAYGROUNDS": 0, "TENNIS_COURTS": 0, "FOOTBALL_FIELDS": 0, "BASEBALL_FIELDS": 0, "POOLS": null, "GYM": null, "PICNIC_SHELTERS": null, "REC_CENTER": null, "PICNIC_TABLES": null, "LIGHTED_FOOTBALL_FIELDS": null, "created_user": null, "created_date": null, "last_edited_user": "RFRASHE", "last_edited_date": "2026-01-06T18:59:23Z", "LUCITYID": "PRK-0145", "COMPKEY": 2586116, "UNITID": "7002", "LucityAutoID": 145, "InLucity": 1, "LastSynDate": "2020-07-24T12:33:38Z", "Shape__Area": 1869225.1711435681, "Shape__Length": 5594.5358980093542 }, "geometry": { "type": "Polygon", "coordinates": [ [ [ -76.284607608612902, 36.862707843444817 ], [ -76.284377399446626, 36.861655034138444 ], [ -76.284015231432321, 36.860247068066322 ], [ -76.284127215373474, 36.860068081766151 ], [ -76.283538076991917, 36.859933056378395 ], [ -76.282915045691112, 36.859740200165369 ], [ -76.280248195476673, 36.858860589196155 ], [ -76.280052804898261, 36.859457382826868 ], [ -76.279986837123232, 36.85968489311891 ], [ -76.280085168447783, 36.859972696767159 ], [ -76.280157559651272, 36.860336263046101 ], [ -76.280275140854528, 36.860776935301367 ], [ -76.28039300332388, 36.861208081669602 ], [ -76.279184040735629, 36.862796059572339 ], [ -76.280672693250182, 36.863405618077614 ], [ -76.281776539324767, 36.863788666266728 ], [ -76.282216036682897, 36.863768370807392 ], [ -76.282757223737192, 36.863921559301907 ], [ -76.284607608612902, 36.862707843444817 ] ] ] } },
{ "type": "Feature", "properties": { "OBJECTID": 146, "ID": 66, "PARK_NAME": "Hebrew Cemetery", "BASKETBALL_COURTS": " ", "GYMS": " ", "RESTROOMS": " ", "DETAILS": " ", "X_COORD": 12134550.59732442, "Y_COORD": 3479131.0706890998, "ADDRESS": "1200 Tidewater Drive", "PARK_TYPE": "CEM", "Shape_Leng": 1343.5440260800001, "ACRES": 2.58553482, "ADDITIONAL_INFO": " ", "BIKE_RACKS": 0, "LIGHTED_BASKETBALL_COURTS": 0, "LIGHTED_BASEBALL_FIELDS": 0, "LIGHTED_TENNIS_COURTS": 0, "ADA_PLAYGROUNDS": 0, "PLAYGROUNDS": 0, "TENNIS_COURTS": 0, "FOOTBALL_FIELDS": 0, "BASEBALL_FIELDS": 0, "POOLS": null, "GYM": null, "PICNIC_SHELTERS": null, "REC_CENTER": null, "PICNIC_TABLES": null, "LIGHTED_FOOTBALL_FIELDS": null, "created_user": null, "created_date": null, "last_edited_user": "RFRASHE", "last_edited_date": "2026-01-06T18:59:23Z", "LUCITYID": "PRK-0146", "COMPKEY": 2586118, "UNITID": "7004", "LucityAutoID": 146, "InLucity": 1, "LastSynDate": "2020-07-24T12:33:38Z", "Shape__Area": 112625.43894491294, "Shape__Length": 1343.5438599382353 }, "geometry": { "type": "Polygon", "coordinates": [ [ [ -76.272879408784902, 36.857447336732882 ], [ -76.273300625262607, 36.85660565294026 ], [ -76.272743140739493, 36.856420035264598 ], [ -76.272275358246802, 36.856263652196702 ], [ -76.271789318604746, 36.857145405313304 ], [ -76.272879408784902, 36.857447336732882 ] ] ] } },
{ "type": "Feature", "properties": { "OBJECTID": 147, "ID": 25, "PARK_NAME": "Calvary Cemetery", "BASKETBALL_COURTS": " ", "GYMS": " ", "RESTROOMS": " ", "DETAILS": " ", "X_COORD": 12138293.1271697, "Y_COORD": 3481154.4220453398, "ADDRESS": "1600 Saint Julian Avenue", "PARK_TYPE": "CEM", "Shape_Leng": 6589.967109, "ACRES": 57.7857008, "ADDITIONAL_INFO": " ", "BIKE_RACKS": 0, "LIGHTED_BASKETBALL_COURTS": 0, "LIGHTED_BASEBALL_FIELDS": 0, "LIGHTED_TENNIS_COURTS": 0, "ADA_PLAYGROUNDS": 0, "PLAYGROUNDS": 0, "TENNIS_COURTS": 0, "FOOTBALL_FIELDS": 0, "BASEBALL_FIELDS": 0, "POOLS": null, "GYM": null, "PICNIC_SHELTERS": null, "REC_CENTER": null, "PICNIC_TABLES": null, "LIGHTED_FOOTBALL_FIELDS": null, "created_user": null, "created_date": null, "last_edited_user": "RFRASHE", "last_edited_date": "2026-01-06T18:59:23Z", "LUCITYID": "PRK-0147", "COMPKEY": 2586114, "UNITID": "7000", "LucityAutoID": 147, "InLucity": 1, "LastSynDate": "2020-07-24T12:33:38Z", "Shape__Area": 2517134.8777031936, "Shape__Length": 6589.9667985894794 }, "geometry": { "type": "Polygon", "coordinates": [ [ [ -76.262127649515264, 36.860238984912044 ], [ -76.258818914823095, 36.859813698884274 ], [ -76.258435049656228, 36.85995887979746 ], [ -76.25630621131306, 36.859746666373027 ], [ -76.256185443237896, 36.860621265121381 ], [ -76.256762683657669, 36.860756201272942 ], [ -76.256725447594391, 36.861213006055188 ], [ -76.256586305414487, 36.861505827555334 ], [ -76.256932993444593, 36.862618112332335 ], [ -76.257551192810766, 36.862973052763557 ], [ -76.258192547031499, 36.863347494856221 ], [ -76.258854023909478, 36.864646880540214 ], [ -76.259354817442414, 36.864961444739251 ], [ -76.259989968329378, 36.86514512710778 ], [ -76.260846967211933, 36.865047086633915 ], [ -76.261612491221541, 36.864832919200985 ], [ -76.261749323880991, 36.864215974405901 ], [ -76.262215301854866, 36.863700615829345 ], [ -76.262423593589645, 36.863475825636485 ], [ -76.262560365870272, 36.862458552968967 ], [ -76.262164025949545, 36.862222244780924 ], [ -76.261834507653234, 36.861329530131904 ], [ -76.262127649515264, 36.860238984912044 ] ] ] } },
{ "type": "Feature", "properties": { "OBJECTID": 148, "ID": 161, "PARK_NAME": "Vivian C Mason Center", "BASKETBALL_COURTS": " ", "GYMS": " ", "RESTROOMS": " ", "DETAILS": " ", "X_COORD": 12132620.766811, "Y_COORD": 3478300.9390922198, "ADDRESS": "700 E Olney Road", "PARK_TYPE": "CCNPC", "Shape_Leng": 782.64766962, "ACRES": 0.82428748, "ADDITIONAL_INFO": " ", "BIKE_RACKS": 0, "LIGHTED_BASKETBALL_COURTS": 0, "LIGHTED_BASEBALL_FIELDS": 0, "LIGHTED_TENNIS_COURTS": 0, "ADA_PLAYGROUNDS": 0, "PLAYGROUNDS": 0, "TENNIS_COURTS": 0, "FOOTBALL_FIELDS": 0, "BASEBALL_FIELDS": 0, "POOLS": null, "GYM": null, "PICNIC_SHELTERS": null, "REC_CENTER": null, "PICNIC_TABLES": null, "LIGHTED_FOOTBALL_FIELDS": null, "created_user": null, "created_date": null, "last_edited_user": "RFRASHE", "last_edited_date": "2026-01-06T18:59:23Z", "LUCITYID": "PRK-0148", "COMPKEY": null, "UNITID": null, "LucityAutoID": 148, "InLucity": 1, "LastSynDate": "2020-07-24T12:33:38Z", "Shape__Area": 35905.826036084516, "Shape__Length": 782.64772413076071 }, "geometry": { "type": "Polygon", "coordinates": [ [ [ -76.279352499888219, 36.855094651990335 ], [ -76.279560109251221, 36.854452771645313 ], [ -76.279101160375475, 36.854320114790241 ], [ -76.278856562617221, 36.854966845532978 ], [ -76.279352499888219, 36.855094651990335 ] ] ] } },
{ "type": "Feature", "properties": { "OBJECTID": 150, "ID": 33, "PARK_NAME": "Cedar Grove Cemetery", "BASKETBALL_COURTS": " ", "GYMS": " ", "RESTROOMS": " ", "DETAILS": " ", "X_COORD": 12131558.30247872, "Y_COORD": 3479723.9077680199, "ADDRESS": "239 E Princess Anne Road", "PARK_TYPE": "CEM", "Shape_Leng": 3164.7275772200001, "ACRES": 12.67124829, "ADDITIONAL_INFO": " ", "BIKE_RACKS": 0, "LIGHTED_BASKETBALL_COURTS": 0, "LIGHTED_BASEBALL_FIELDS": 0, "LIGHTED_TENNIS_COURTS": 0, "ADA_PLAYGROUNDS": 0, "PLAYGROUNDS": 0, "TENNIS_COURTS": 0, "FOOTBALL_FIELDS": 0, "BASEBALL_FIELDS": 0, "POOLS": null, "GYM": null, "PICNIC_SHELTERS": null, "REC_CENTER": null, "PICNIC_TABLES": null, "LIGHTED_FOOTBALL_FIELDS": null, "created_user": null, "created_date": null, "last_edited_user": "RFRASHE", "last_edited_date": "2026-01-06T18:59:23Z", "LUCITYID": "PRK-0149", "COMPKEY": 2586115, "UNITID": "7001", "LucityAutoID": 149, "InLucity": 1, "LastSynDate": "2020-07-24T12:33:38Z", "Shape__Area": 551957.45634940558, "Shape__Length": 3164.7269935739032 }, "geometry": { "type": "Polygon", "coordinates": [ [ [ -76.283993921830174, 36.859871870731475 ], [ -76.284382887865164, 36.85861767959981 ], [ -76.284369880361027, 36.858176107308488 ], [ -76.283892065965844, 36.858038025682312 ], [ -76.283098619638167, 36.857885658413693 ], [ -76.281697060247424, 36.857621879610413 ], [ -76.28154635863882, 36.858168610245457 ], [ -76.281262768634306, 36.858121619530586 ], [ -76.281222747311375, 36.858249930265117 ], [ -76.280872082267805, 36.85819334471438 ], [ -76.280691951101815, 36.85886025919028 ], [ -76.282539861013561, 36.859453064174097 ], [ -76.28356630021689, 36.859788860148036 ], [ -76.283993921830174, 36.859871870731475 ] ] ] } },
{ "type": "Feature", "properties": { "OBJECTID": 151, "ID": 21, "PARK_NAME": "Botetourt Gardens- North Blocks", "BASKETBALL_COURTS": " ", "GYMS": " ", "RESTROOMS": " ", "DETAILS": " ", "X_COORD": 12129034.46855714, "Y_COORD": 3481248.7419289099, "ADDRESS": "1100, 1200 Botetourt Gardens", "PARK_TYPE": "MOUS", "Shape_Leng": 2810.3256675900002, "ACRES": 2.63684315, "ADDITIONAL_INFO": " ", "BIKE_RACKS": 0, "LIGHTED_BASKETBALL_COURTS": 0, "LIGHTED_BASEBALL_FIELDS": 0, "LIGHTED_TENNIS_COURTS": 0, "ADA_PLAYGROUNDS": 0, "PLAYGROUNDS": 0, "TENNIS_COURTS": 0, "FOOTBALL_FIELDS": 0, "BASEBALL_FIELDS": 0, "POOLS": null, "GYM": null, "PICNIC_SHELTERS": null, "REC_CENTER": null, "PICNIC_TABLES": null, "LIGHTED_FOOTBALL_FIELDS": null, "created_user": null, "created_date": null, "last_edited_user": "RFRASHE", "last_edited_date": "2026-01-06T18:59:23Z", "LUCITYID": "PRK-0150", "COMPKEY": 2586341, "UNITID": "3009", "LucityAutoID": 150, "InLucity": 1, "LastSynDate": "2020-07-24T12:33:38Z", "Shape__Area": 114860.51115027348, "Shape__Length": 2810.3261176451342 }, "geometry": { "type": "MultiPolygon", "coordinates": [ [ [ [ -76.290381863389669, 36.864313134664968 ], [ -76.291945874089166, 36.862491081030385 ], [ -76.291587696544028, 36.862306030655226 ], [ -76.290065599540924, 36.86414783737947 ], [ -76.290381863389669, 36.864313134664968 ] ] ], [ [ [ -76.291916594257188, 36.862361535464096 ], [ -76.292767175537165, 36.86136452955386 ], [ -76.292627260666549, 36.861304990004484 ], [ -76.29179149838015, 36.862279510448047 ], [ -76.291916594257188, 36.862361535464096 ] ] ] ] } },
{ "type": "Feature", "properties": { "OBJECTID": 152, "ID": 22, "PARK_NAME": "Botetourt Gardens- South Blocks", "BASKETBALL_COURTS": " ", "GYMS": " ", "RESTROOMS": " ", "DETAILS": " ", "X_COORD": 12128181.93907325, "Y_COORD": 3479943.3390445202, "ADDRESS": "600, 700, 800 Botetourt Gardens", "PARK_TYPE": "MOUS", "Shape_Leng": 2294.1587961099999, "ACRES": 2.91506246, "ADDITIONAL_INFO": " ", "BIKE_RACKS": 0, "LIGHTED_BASKETBALL_COURTS": 0, "LIGHTED_BASEBALL_FIELDS": 0, "LIGHTED_TENNIS_COURTS": 0, "ADA_PLAYGROUNDS": 0, "PLAYGROUNDS": 0, "TENNIS_COURTS": 0, "FOOTBALL_FIELDS": 0, "BASEBALL_FIELDS": 0, "POOLS": null, "GYM": null, "PICNIC_SHELTERS": null, "REC_CENTER": null, "PICNIC_TABLES": null, "LIGHTED_FOOTBALL_FIELDS": null, "created_user": null, "created_date": null, "last_edited_user": "RFRASHE", "last_edited_date": "2026-01-06T18:59:23Z", "LUCITYID": "PRK-0151", "COMPKEY": 2586341, "UNITID": "3009", "LucityAutoID": 151, "InLucity": 1, "LastSynDate": "2020-07-24T12:33:38Z", "Shape__Area": 126979.76086482452, "Shape__Length": 2294.1589531684672 }, "geometry": { "type": "Polygon", "coordinates": [ [ [ -76.293402794870303, 36.860777023050247 ], [ -76.295410183338959, 36.858477625765438 ], [ -76.295019204097841, 36.858284381397084 ], [ -76.293067553739348, 36.860615171022779 ], [ -76.293402794870303, 36.860777023050247 ] ] ] } },
{ "type": "Feature", "properties": { "OBJECTID": 153, "ID": 124, "PARK_NAME": "Poplar Halls Greenway", "BASKETBALL_COURTS": " ", "GYMS": " ", "RESTROOMS": " ", "DETAILS": " ", "X_COORD": 12151104.157720931, "Y_COORD": 3476197.9942266699, "ADDRESS": "5400, 5500, 5600 Poplar Hall Drive", "PARK_TYPE": "MOUS", "Shape_Leng": 5057.41637876, "ACRES": 2.49666097, "ADDITIONAL_INFO": " ", "BIKE_RACKS": 0, "LIGHTED_BASKETBALL_COURTS": 0, "LIGHTED_BASEBALL_FIELDS": 0, "LIGHTED_TENNIS_COURTS": 0, "ADA_PLAYGROUNDS": 0, "PLAYGROUNDS": 0, "TENNIS_COURTS": 0, "FOOTBALL_FIELDS": 0, "BASEBALL_FIELDS": 0, "POOLS": null, "GYM": null, "PICNIC_SHELTERS": null, "REC_CENTER": null, "PICNIC_TABLES": null, "LIGHTED_FOOTBALL_FIELDS": null, "created_user": null, "created_date": null, "last_edited_user": "RFRASHE", "last_edited_date": "2026-01-06T18:59:23Z", "LUCITYID": "PRK-0152", "COMPKEY": 2586359, "UNITID": "8140", "LucityAutoID": 152, "InLucity": 1, "LastSynDate": "2020-07-24T12:33:38Z", "Shape__Area": 108754.14285013519, "Shape__Length": 5057.416144799512 }, "geometry": { "type": "MultiPolygon", "coordinates": [ [ [ [ -76.214670750112745, 36.848269992691726 ], [ -76.215675744144463, 36.8479746390258 ], [ -76.216619167401348, 36.847685666743409 ], [ -76.216780950568392, 36.847643284278895 ], [ -76.21682938704086, 36.847602491074028 ], [ -76.216835588596098, 36.84755328893295 ], [ -76.21679887164855, 36.847518428966431 ], [ -76.216752147229784, 36.847502344003246 ], [ -76.21658530403468, 36.847556010688486 ], [ -76.215904115480143, 36.847759025554844 ], [ -76.215294380351992, 36.847940662223188 ], [ -76.214913165774846, 36.848058449187718 ], [ -76.214679809070134, 36.848125994691138 ], [ -76.214579815695814, 36.8481544019903 ], [ -76.214559686278051, 36.848195744264324 ], [ -76.214567638058824, 36.848245221742907 ], [ -76.214618850793343, 36.848268982752444 ], [ -76.214670750112745, 36.848269992691726 ] ] ], [ [ [ -76.218400599575261, 36.847158770335696 ], [ -76.219634536035201, 36.846784361331189 ], [ -76.219678024607504, 36.846751059643196 ], [ -76.219669955668834, 36.846705374209506 ], [ -76.219642446629322, 36.846678281766145 ], [ -76.21959111828869, 36.846658314624328 ], [ -76.218314606779487, 36.847035689884116 ], [ -76.21824718602862, 36.847079908745478 ], [ -76.218250078966179, 36.847140669384515 ], [ -76.218305897030319, 36.847168312170687 ], [ -76.21835296262428, 36.847173020497955 ], [ -76.218400599575261, 36.847158770335696 ] ] ], [ [ [ -76.217104745758149, 36.847550933506945 ], [ -76.218043554510018, 36.847258066375808 ], [ -76.218086928869482, 36.847228556953318 ], [ -76.2180834657498, 36.847186754801236 ], [ -76.218061016021593, 36.84714837854181 ], [ -76.218014519693668, 36.84712471068444 ], [ -76.217032908220148, 36.847428127246438 ], [ -76.216989076841472, 36.847472803968849 ], [ -76.217006578898307, 36.847518672091638 ], [ -76.217057793027124, 36.847542432059782 ], [ -76.217104745758149, 36.847550933506945 ] ] ], [ [ [ -76.212713323122586, 36.84883893575094 ], [ -76.213141612391212, 36.848725866363914 ], [ -76.213541705936407, 36.848608452585118 ], [ -76.213594975867508, 36.848563960851834 ], [ -76.213596690245041, 36.848507083643845 ], [ -76.213540988350701, 36.848475646047575 ], [ -76.213441222708127, 36.848496468089131 ], [ -76.212664740417679, 36.848727961372262 ], [ -76.212644609777016, 36.848769304218656 ], [ -76.212657163981376, 36.848822665408008 ], [ -76.212713323122586, 36.84883893575094 ] ] ], [ [ [ -76.213818441918463, 36.848511400596436 ], [ -76.213951576939735, 36.848479845133667 ], [ -76.214265827922119, 36.848391110187222 ], [ -76.214385151500267, 36.848347904578056 ], [ -76.214423810013898, 36.848318303788616 ], [ -76.214405851223802, 36.848287602037757 ], [ -76.21438374692336, 36.848237849113346 ], [ -76.214332418911681, 36.848217879674017 ], [ -76.214165800950184, 36.84826395953317 ], [ -76.213946254960931, 36.848343155968571 ], [ -76.213817608451478, 36.848382385732627 ], [ -76.213764681617263, 36.848415502485182 ], [ -76.213767456736363, 36.848480054927506 ], [ -76.213818441918463, 36.848511400596436 ] ] ], [ [ [ -76.220335034043643, 36.846566524371909 ], [ -76.220369541246356, 36.846517871543 ], [ -76.220338110756117, 36.846464144858068 ], [ -76.220258132543535, 36.846455003603452 ], [ -76.220129607551826, 36.846490449503435 ], [ -76.219829410778345, 36.846583266641076 ], [ -76.219817923551261, 36.846651335839333 ], [ -76.219854413493948, 36.846693779163161 ], [ -76.219920123343996, 36.846706437581275 ], [ -76.220134712623306, 36.846634721791403 ], [ -76.220335034043643, 36.846566524371909 ] ] ], [ [ [ -76.211935205323741, 36.848967952112538 ], [ -76.212063167579885, 36.848951475464688 ], [ -76.212243256021154, 36.84892842536 ], [ -76.212423231126607, 36.848909166693602 ], [ -76.212462462418529, 36.848860608086888 ], [ -76.212435640157537, 36.848810762877939 ], [ -76.212370501510236, 36.848779140909684 ], [ -76.212280171039851, 36.848800145764748 ], [ -76.212147263510701, 36.848824115047464 ], [ -76.211911472670948, 36.848815727515202 ], [ -76.211929086312651, 36.848857805602584 ], [ -76.211935205323741, 36.848967952112538 ] ] ] ] } },
{ "type": "Feature", "properties": { "OBJECTID": 154, "ID": 154, "PARK_NAME": "Tarrallton Park", "BASKETBALL_COURTS": "4", "GYMS": " ", "RESTROOMS": " ", "DETAILS": "Dirt BMX track", "X_COORD": 12149510.216311499, "Y_COORD": 3505069.6942042001, "ADDRESS": "2080 Tarrallton Drive", "PARK_TYPE": "CP", "Shape_Leng": 5475.69667527, "ACRES": 34.45783114, "ADDITIONAL_INFO": " ", "BIKE_RACKS": 0, "LIGHTED_BASKETBALL_COURTS": 0, "LIGHTED_BASEBALL_FIELDS": 3, "LIGHTED_TENNIS_COURTS": 3, "ADA_PLAYGROUNDS": 0, "PLAYGROUNDS": 3, "TENNIS_COURTS": 3, "FOOTBALL_FIELDS": 5, "BASEBALL_FIELDS": 6, "POOLS": null, "GYM": null, "PICNIC_SHELTERS": null, "REC_CENTER": null, "PICNIC_TABLES": null, "LIGHTED_FOOTBALL_FIELDS": null, "created_user": null, "created_date": null, "last_edited_user": "RFRASHE", "last_edited_date": "2026-01-06T18:59:23Z", "LUCITYID": "PRK-0153", "COMPKEY": 2587030, "UNITID": "4052", "LucityAutoID": 153, "InLucity": 1, "LastSynDate": "2020-07-24T12:33:38Z", "Shape__Area": 1500977.0446077439, "Shape__Length": 5475.6967213064681 }, "geometry": { "type": "Polygon", "coordinates": [ [ [ -76.219690358859069, 36.929313424338211 ], [ -76.220121989771854, 36.92917168960674 ], [ -76.220728918544523, 36.92882606361966 ], [ -76.221148978538324, 36.92847681255607 ], [ -76.221850799135041, 36.927639815524799 ], [ -76.22173727095749, 36.927566137090864 ], [ -76.221849847478722, 36.927375326215568 ], [ -76.222036828409145, 36.927078737943894 ], [ -76.219782796144685, 36.926241625451986 ], [ -76.220010317752184, 36.925781425829278 ], [ -76.219886007844451, 36.925178592569445 ], [ -76.220255458484175, 36.924735440180292 ], [ -76.219118964620563, 36.924041494603813 ], [ -76.21867883894565, 36.924762039011824 ], [ -76.217941495803871, 36.925891390729568 ], [ -76.216680658384533, 36.927846875172513 ], [ -76.218264110793697, 36.928778252241784 ], [ -76.218694962526484, 36.928958162218549 ], [ -76.218970162464686, 36.928984945800863 ], [ -76.219690358859069, 36.929313424338211 ] ] ] } },
{ "type": "Feature", "properties": { "OBJECTID": 155, "ID": 19, "PARK_NAME": "Bluestone Playground", "BASKETBALL_COURTS": " ", "GYMS": " ", "RESTROOMS": " ", "DETAILS": " ", "X_COORD": 12124433.3170722, "Y_COORD": 3490787.6270135501, "ADDRESS": "5209 Bluestone Avenue", "PARK_TYPE": "NAP", "Shape_Leng": 954.87717841999995, "ACRES": 1.31755471, "ADDITIONAL_INFO": "Butterfly Garden", "BIKE_RACKS": 0, "LIGHTED_BASKETBALL_COURTS": 0, "LIGHTED_BASEBALL_FIELDS": 0, "LIGHTED_TENNIS_COURTS": 0, "ADA_PLAYGROUNDS": 0, "PLAYGROUNDS": 1, "TENNIS_COURTS": 0, "FOOTBALL_FIELDS": 0, "BASEBALL_FIELDS": 0, "POOLS": null, "GYM": null, "PICNIC_SHELTERS": null, "REC_CENTER": null, "PICNIC_TABLES": null, "LIGHTED_FOOTBALL_FIELDS": null, "created_user": null, "created_date": null, "last_edited_user": "RFRASHE", "last_edited_date": "2026-01-06T18:59:23Z", "LUCITYID": "PRK-0154", "COMPKEY": 2587019, "UNITID": "5087", "LucityAutoID": 154, "InLucity": 1, "LastSynDate": "2020-07-24T12:33:38Z", "Shape__Area": 57392.422314479627, "Shape__Length": 954.87707400603517 }, "geometry": { "type": "Polygon", "coordinates": [ [ [ -76.3063160238612, 36.889986890281257 ], [ -76.306448394355726, 36.889781351634142 ], [ -76.306466261313645, 36.889727635064801 ], [ -76.306520953957801, 36.889669692598339 ], [ -76.306607115268591, 36.889581218029214 ], [ -76.306575777884561, 36.889113839088985 ], [ -76.306057091850263, 36.889140189620868 ], [ -76.306030219851863, 36.889152790075975 ], [ -76.306004342337275, 36.889201443697836 ], [ -76.30596974607063, 36.889269588695804 ], [ -76.305899413399345, 36.889374736989808 ], [ -76.305658556460287, 36.889735485298168 ], [ -76.3063160238612, 36.889986890281257 ] ] ] } },
{ "type": "Feature", "properties": { "OBJECTID": 156, "ID": 74, "PARK_NAME": "Kaboom Playground", "BASKETBALL_COURTS": " ", "GYMS": " ", "RESTROOMS": " ", "DETAILS": " ", "X_COORD": 12136649.158073749, "Y_COORD": 3500743.5776013802, "ADDRESS": "352 San Antonio Boulevard", "PARK_TYPE": "NAP", "Shape_Leng": 297.66987468999997, "ACRES": 0.09609202, "ADDITIONAL_INFO": " ", "BIKE_RACKS": 0, "LIGHTED_BASKETBALL_COURTS": 0, "LIGHTED_BASEBALL_FIELDS": 0, "LIGHTED_TENNIS_COURTS": 0, "ADA_PLAYGROUNDS": 0, "PLAYGROUNDS": 1, "TENNIS_COURTS": 0, "FOOTBALL_FIELDS": 0, "BASEBALL_FIELDS": 0, "POOLS": null, "GYM": null, "PICNIC_SHELTERS": null, "REC_CENTER": null, "PICNIC_TABLES": null, "LIGHTED_FOOTBALL_FIELDS": null, "created_user": null, "created_date": null, "last_edited_user": "RFRASHE", "last_edited_date": "2026-01-06T18:59:23Z", "LUCITYID": "PRK-0155", "COMPKEY": 2586404, "UNITID": "9010", "LucityAutoID": 155, "InLucity": 1, "LastSynDate": "2020-07-24T12:33:38Z", "Shape__Area": 4185.7395246014303, "Shape__Length": 297.66997940463807 }, "geometry": { "type": "Polygon", "coordinates": [ [ [ -76.263719206887899, 36.916174714900137 ], [ -76.263736036842118, 36.916081983086123 ], [ -76.263819390168848, 36.91601692423496 ], [ -76.2634743103402, 36.915982695101917 ], [ -76.263534542593462, 36.916064318093532 ], [ -76.263517711301347, 36.916157048956542 ], [ -76.263719206887899, 36.916174714900137 ] ] ] } },
{ "type": "Feature", "properties": { "OBJECTID": 157, "ID": 16, "PARK_NAME": "Berkley Dog Park", "BASKETBALL_COURTS": " ", "GYMS": " ", "RESTROOMS": " ", "DETAILS": "No Fence", "X_COORD": 12133706.327675469, "Y_COORD": 3469596.59716844, "ADDRESS": "500 Culpepper Street", "PARK_TYPE": "DP", "Shape_Leng": 772.72952454999995, "ACRES": 0.3373993, "ADDITIONAL_INFO": " ", "BIKE_RACKS": 0, "LIGHTED_BASKETBALL_COURTS": 0, "LIGHTED_BASEBALL_FIELDS": 0, "LIGHTED_TENNIS_COURTS": 0, "ADA_PLAYGROUNDS": 0, "PLAYGROUNDS": 0, "TENNIS_COURTS": 0, "FOOTBALL_FIELDS": 0, "BASEBALL_FIELDS": 0, "POOLS": null, "GYM": null, "PICNIC_SHELTERS": null, "REC_CENTER": null, "PICNIC_TABLES": null, "LIGHTED_FOOTBALL_FIELDS": null, "created_user": null, "created_date": null, "last_edited_user": "RFRASHE", "last_edited_date": "2026-01-06T18:59:23Z", "LUCITYID": "PRK-0156", "COMPKEY": null, "UNITID": null, "LucityAutoID": 156, "InLucity": 1, "LastSynDate": "2020-07-24T12:33:38Z", "Shape__Area": 14697.042145596504, "Shape__Length": 772.72922695226646 }, "geometry": { "type": "Polygon", "coordinates": [ [ [ -76.276720876984768, 36.830469652497797 ], [ -76.276697440878181, 36.830445929991299 ], [ -76.276650908442932, 36.830386852930886 ], [ -76.275719148723041, 36.830972505854874 ], [ -76.27583201909664, 36.831073577274061 ], [ -76.276720876984768, 36.830469652497797 ] ] ] } },
{ "type": "Feature", "properties": { "OBJECTID": 158, "ID": 160, "PARK_NAME": "Virginia Zoological Park", "BASKETBALL_COURTS": "0", "GYMS": "0", "RESTROOMS": "yes", "DETAILS": "1 hiking trail, 1 boat ramp", "X_COORD": 12133142.7842509, "Y_COORD": 3486898.1140511502, "ADDRESS": "3500 Granby Street", "PARK_TYPE": "FBOS", "Shape_Leng": 8494.1149146999996, "ACRES": 58.51215248, "ADDITIONAL_INFO": " ", "BIKE_RACKS": 0, "LIGHTED_BASKETBALL_COURTS": 0, "LIGHTED_BASEBALL_FIELDS": 0, "LIGHTED_TENNIS_COURTS": 0, "ADA_PLAYGROUNDS": 0, "PLAYGROUNDS": 1, "TENNIS_COURTS": 0, "FOOTBALL_FIELDS": 2, "BASEBALL_FIELDS": 0, "POOLS": null, "GYM": null, "PICNIC_SHELTERS": null, "REC_CENTER": null, "PICNIC_TABLES": null, "LIGHTED_FOOTBALL_FIELDS": null, "created_user": null, "created_date": null, "last_edited_user": "RFRASHE", "last_edited_date": "2026-01-06T18:59:23Z", "LUCITYID": "PRK-0157", "COMPKEY": 2586197, "UNITID": "9021", "LucityAutoID": 157, "InLucity": 1, "LastSynDate": "2020-07-24T12:33:38Z", "Shape__Area": 2548779.2492652163, "Shape__Length": 8494.1153214267524 }, "geometry": { "type": "Polygon", "coordinates": [ [ [ -76.279093803409268, 36.876360124243696 ], [ -76.279083495425098, 36.876362017852948 ], [ -76.279000256214616, 36.876374103613728 ], [ -76.278906496673144, 36.876382576048883 ], [ -76.278817335826517, 36.876379182322104 ], [ -76.278675573554239, 36.876357721199831 ], [ -76.278538207878171, 36.876331220567181 ], [ -76.27839249808676, 36.876299440419913 ], [ -76.278314556458895, 36.876275769479427 ], [ -76.278194783893966, 36.876229112148323 ], [ -76.278080111379978, 36.876153526215695 ], [ -76.277825102105837, 36.875935280961656 ], [ -76.277649757788637, 36.875754395792271 ], [ -76.277334305674501, 36.875495734382312 ], [ -76.277163735319263, 36.875369576059462 ], [ -76.276945562241224, 36.87519983067434 ], [ -76.27688902642663, 36.875177317343947 ], [ -76.276822730419511, 36.875166757108595 ], [ -76.276750713220196, 36.875153761237357 ], [ -76.276678491499183, 36.875147741642444 ], [ -76.276620673423452, 36.875144321923514 ], [ -76.276554104774036, 36.875143062095916 ], [ -76.276475957313409, 36.875141583088407 ], [ -76.276388924029362, 36.875146914236971 ], [ -76.276322012191187, 36.875157280834813 ], [ -76.276257928534719, 36.875170027357051 ], [ -76.276179304826499, 36.875184825051676 ], [ -76.276118115267323, 36.87519762628007 ], [ -76.276062645785231, 36.875212862186764 ], [ -76.276007449056792, 36.875218797509362 ], [ -76.275957972441574, 36.875227166620519 ], [ -76.275923035836243, 36.875233485437874 ], [ -76.275853231954542, 36.875243797022435 ], [ -76.275806855200571, 36.875245244562528 ], [ -76.275766129160246, 36.875251453728751 ], [ -76.275707833624409, 36.875264309535979 ], [ -76.275687573475508, 36.87526392595494 ], [ -76.275661320419474, 36.875270408198119 ], [ -76.275586068113284, 36.875268983415118 ], [ -76.275516604103572, 36.875267668181493 ], [ -76.275467128497169, 36.875276038007996 ], [ -76.275394429245608, 36.875286294498807 ], [ -76.275316008772748, 36.875294116177173 ], [ -76.275275079164317, 36.875307299710734 ], [ -76.275210926986645, 36.875322370801022 ], [ -76.275134924155736, 36.875346524059879 ], [ -76.274970590110954, 36.875420188589111 ], [ -76.274943519260432, 36.875454575062001 ], [ -76.274913755576193, 36.875481930334033 ], [ -76.2748901236195, 36.875497767773645 ], [ -76.274875310551579, 36.875509120275645 ], [ -76.274839077302445, 36.875559618209643 ], [ -76.27481827118045, 36.875577837390608 ], [ -76.274799949819339, 36.875610062216907 ], [ -76.274784863788781, 36.875630715262467 ], [ -76.274766542400698, 36.875662940083494 ], [ -76.274759935233888, 36.875690733915398 ], [ -76.274767663509692, 36.875723453033146 ], [ -76.274775390697215, 36.875756171228318 ], [ -76.274783323735207, 36.875781913127092 ], [ -76.274788429695732, 36.875805275949645 ], [ -76.27479642982712, 36.875828693588389 ], [ -76.27480140047966, 36.875856705808154 ], [ -76.274812021838912, 36.875889479717962 ], [ -76.274822916183879, 36.875912951270067 ], [ -76.274825060884126, 36.875938584435062 ], [ -76.274833062162216, 36.875962002092507 ], [ -76.274837962363804, 36.875992339406949 ], [ -76.274845487134399, 36.876032033956903 ], [ -76.274856040307284, 36.876067133001371 ], [ -76.274872587682623, 36.876095365378205 ], [ -76.274889271554869, 36.87611894657433 ], [ -76.274905818953926, 36.876147178946496 ], [ -76.274916441546793, 36.876179951967067 ], [ -76.274915145129626, 36.876224132306646 ], [ -76.274931487877637, 36.876259340091551 ], [ -76.274951202444001, 36.876278325814241 ], [ -76.274996761108852, 36.876304781178803 ], [ -76.275013513264767, 36.876326038119188 ], [ -76.275004421323615, 36.876339825419414 ], [ -76.274998085993872, 36.876358317786888 ], [ -76.274994645971177, 36.876376864986902 ], [ -76.275002442696803, 36.876407257148195 ], [ -76.275013541825146, 36.876423754166751 ], [ -76.275033119978517, 36.876447391054214 ], [ -76.275046909785715, 36.876470917417116 ], [ -76.275037475587808, 36.876496330392932 ], [ -76.275025216482973, 36.876519365241236 ], [ -76.274998690031524, 36.876535147891559 ], [ -76.27497243532882, 36.876541630860217 ], [ -76.27494624890214, 36.876545786882538 ], [ -76.274948665424745, 36.876562120369407 ], [ -76.274962661056023, 36.876578670446101 ], [ -76.274970866030216, 36.876595111755371 ], [ -76.274964598898151, 36.876611278982139 ], [ -76.274949923200481, 36.876617981236954 ], [ -76.274926632039183, 36.876622192989586 ], [ -76.274903204390768, 36.876631055916043 ], [ -76.274882260435803, 36.876653924463447 ], [ -76.274858764541875, 36.876665112519746 ], [ -76.274837958147756, 36.876683330802962 ], [ -76.274814325748011, 36.876699170028687 ], [ -76.274805369095333, 36.876708306113905 ], [ -76.274790215710084, 36.876731285220551 ], [ -76.274771962318084, 36.876761184002099 ], [ -76.274751291223126, 36.876774751971382 ], [ -76.274730554128922, 36.876790645118142 ], [ -76.274701541581095, 36.876792422930819 ], [ -76.274678318588542, 36.876794309495608 ], [ -76.274652132032131, 36.876798466353165 ], [ -76.274617331070175, 36.876800134504933 ], [ -76.274582461920488, 36.876804125983242 ], [ -76.274550488040504, 36.876808174096681 ], [ -76.27452416499051, 36.876816981202872 ], [ -76.27451783172009, 36.876835474487592 ], [ -76.274511427988998, 36.876856291967201 ], [ -76.274507850194027, 36.876879490309392 ], [ -76.274524397643475, 36.876907721833973 ], [ -76.274540808571444, 36.876940605435003 ], [ -76.274554189970075, 36.876978083608833 ], [ -76.274570804523634, 36.877003991768746 ], [ -76.274590382715232, 36.877027627828809 ], [ -76.274612991609914, 36.877046668429493 ], [ -76.274621333035157, 36.87705845948588 ], [ -76.274646700808702, 36.877082205199159 ], [ -76.274674825193685, 36.877110656883275 ], [ -76.274700261210796, 36.877132078347231 ], [ -76.274716877022257, 36.877157984705946 ], [ -76.274736455299134, 36.877181620741602 ], [ -76.2747618913574, 36.877203042192221 ], [ -76.27479291117298, 36.877231548686538 ], [ -76.274841501040584, 36.877253408649871 ], [ -76.274869898537759, 36.877272557930716 ], [ -76.27489850183369, 36.877284732710599 ], [ -76.27494406108471, 36.877311188094986 ], [ -76.274986590809135, 36.877342238948806 ], [ -76.275035044352066, 36.877368749109657 ], [ -76.275083568422289, 36.87739293325329 ], [ -76.275137674043563, 36.877424203268085 ], [ -76.275183098140701, 36.877455308858714 ], [ -76.275291584713642, 36.877508548258305 ], [ -76.275314262145017, 36.877525263584928 ], [ -76.275334112474681, 36.877539598042873 ], [ -76.275368232645889, 36.877561183792601 ], [ -76.275408207304778, 36.877580553053022 ], [ -76.275442326420503, 36.8776021378591 ], [ -76.275479204462684, 36.877628428655143 ], [ -76.275518975646904, 36.877654774217099 ], [ -76.275544275664231, 36.877680845776261 ], [ -76.275561300048537, 36.877692800258679 ], [ -76.27558108335441, 36.877709460736057 ], [ -76.275589085079233, 36.877732877440287 ], [ -76.27557675661123, 36.877758237463503 ], [ -76.275570695288977, 36.87776742842528 ], [ -76.275544235577144, 36.877780886938865 ], [ -76.275523906545743, 36.877782828468725 ], [ -76.275503442184728, 36.877789421195239 ], [ -76.275474292874136, 36.87779584857595 ], [ -76.275451001353801, 36.877800061333332 ], [ -76.275419093124754, 36.877801782699798 ], [ -76.27539304493402, 36.877801289486868 ], [ -76.275375610136692, 36.877803285792794 ], [ -76.27534074051286, 36.877807279297741 ], [ -76.275317448981582, 36.877811492028584 ], [ -76.275285610058063, 36.877810889141998 ], [ -76.275256597159384, 36.877812666190849 ], [ -76.275207256332138, 36.877816384728824 ], [ -76.275172454941739, 36.877818052144114 ], [ -76.275117051576757, 36.877830962464763 ], [ -76.275099343842314, 36.877842260185865 ], [ -76.275052896111575, 36.877846033446716 ], [ -76.27500617656311, 36.877859108166412 ], [ -76.274982883875978, 36.877863320809745 ], [ -76.274968207964136, 36.877870022165766 ], [ -76.274944779935055, 36.877878885100287 ], [ -76.274909909185297, 36.877882876654361 ], [ -76.274872283985545, 36.877882164070812 ], [ -76.274831556426278, 36.877888373813676 ], [ -76.27478793469308, 36.877894526023162 ], [ -76.274747071798075, 36.877905385134348 ], [ -76.274717922352366, 36.877911813228295 ], [ -76.274691600060095, 36.877920620393013 ], [ -76.274659488118459, 36.877929318791935 ], [ -76.274633165786952, 36.877938126844434 ], [ -76.274609805936933, 36.87794466457359 ], [ -76.274583414259311, 36.877955796831323 ], [ -76.27455406117879, 36.877969200321417 ], [ -76.274533595588281, 36.877975791956949 ], [ -76.27450424249119, 36.877989195434566 ], [ -76.274492390250728, 36.87799827755159 ], [ -76.274471789254861, 36.878009520375379 ], [ -76.274454148531774, 36.878018491938661 ], [ -76.274445261019224, 36.878025303779879 ], [ -76.27443327339796, 36.878039036189058 ], [ -76.274421423410431, 36.878048117440571 ], [ -76.274403579030292, 36.878064065333632 ], [ -76.27438001438243, 36.878077578432283 ], [ -76.274347356332697, 36.878104878753895 ], [ -76.274338332331425, 36.878116339962808 ], [ -76.274329307153124, 36.878127802951617 ], [ -76.274323245623663, 36.878136994749838 ], [ -76.274317184119212, 36.878146185646884 ], [ -76.274311053243295, 36.878157701660712 ], [ -76.274308022463231, 36.878162298009848 ], [ -76.274299066671716, 36.878171434978313 ], [ -76.274292935764564, 36.878182951892065 ], [ -76.274289768510258, 36.878192197616521 ], [ -76.274283637599993, 36.878203714529796 ], [ -76.274280403189053, 36.878215286314401 ], [ -76.274274205173498, 36.878229127485859 ], [ -76.274267869481491, 36.878247620714156 ], [ -76.274264224444053, 36.878273143306991 ], [ -76.274248728181107, 36.878307748914189 ], [ -76.274233300181592, 36.87834002848021 ], [ -76.274209394131745, 36.878365168136924 ], [ -76.274188929525778, 36.878371759733611 ], [ -76.274165773168804, 36.878371321037484 ], [ -76.274145239155729, 36.878380238644468 ], [ -76.274121809777924, 36.878389100492655 ], [ -76.274101002707326, 36.878407319545602 ], [ -76.274063033730087, 36.878418232351528 ], [ -76.27404243255647, 36.878429475099956 ], [ -76.274007424936812, 36.878438118464281 ], [ -76.27397827637148, 36.878444545495036 ], [ -76.273952022041939, 36.878451028256713 ], [ -76.273923077127819, 36.878450479838186 ], [ -76.273885244627252, 36.878456742310391 ], [ -76.273864778820595, 36.878463334730249 ], [ -76.273838524501215, 36.878469816565676 ], [ -76.273820952955063, 36.87847646381789 ], [ -76.273803449696686, 36.878480785028565 ], [ -76.273771475094676, 36.878484832029052 ], [ -76.273739634779346, 36.878484228702334 ], [ -76.273710486173599, 36.878490655666674 ], [ -76.273672653608983, 36.878496918971329 ], [ -76.273643572114182, 36.878501021660725 ], [ -76.273602913593365, 36.878504903158358 ], [ -76.273562050173297, 36.878515762758191 ], [ -76.273524081064181, 36.878526675389899 ], [ -76.273500583268373, 36.878537863152992 ], [ -76.273459516138487, 36.878555697251137 ], [ -76.273433055777076, 36.878569155289092 ], [ -76.273403497425392, 36.878589533905036 ], [ -76.27337690048688, 36.878607642205942 ], [ -76.273356366317046, 36.878616559674974 ], [ -76.273338589884503, 36.878630181367491 ], [ -76.273314956538499, 36.878646021191912 ], [ -76.273297383810686, 36.878652667443724 ], [ -76.273279608453976, 36.878666290049402 ], [ -76.273267757108925, 36.878675371163169 ], [ -76.273255770293062, 36.878689103473334 ], [ -76.273243577479519, 36.878709812074931 ], [ -76.273231452941587, 36.878728195537612 ], [ -76.273207819648491, 36.878744031736964 ], [ -76.273184322833586, 36.878755220358869 ], [ -76.273163721438152, 36.878766462953145 ], [ -76.27314614979052, 36.878773109203536 ], [ -76.273125819310337, 36.878775050297243 ], [ -76.27312258355056, 36.878786622929425 ], [ -76.273130788364654, 36.878803064366437 ], [ -76.273153260852766, 36.878826755522503 ], [ -76.273175939328425, 36.878843471282586 ], [ -76.273201512122768, 36.878860240993149 ], [ -76.273226946067751, 36.878881662732759 ], [ -76.273267127962384, 36.878894057350422 ], [ -76.273301383620137, 36.878910992502142 ], [ -76.273312619357668, 36.878922837603341 ], [ -76.273343911326393, 36.878942043906953 ], [ -76.273372515006997, 36.878954219057825 ], [ -76.273406770715496, 36.878971154178849 ], [ -76.273432547284941, 36.878980949305344 ], [ -76.273461014470016, 36.878997773809388 ], [ -76.273492375929649, 36.879014654056022 ], [ -76.273517947677391, 36.879031425478182 ], [ -76.273557582371012, 36.879062421978851 ], [ -76.273583155297118, 36.879079192507184 ], [ -76.273628510356147, 36.879112623814294 ], [ -76.273676965676813, 36.879139134555388 ], [ -76.273710948465194, 36.879165370139347 ], [ -76.273747825545911, 36.879191661456645 ], [ -76.273779187149515, 36.879208541626689 ], [ -76.273798902194073, 36.879227527541573 ], [ -76.273806902407372, 36.879250944345173 ], [ -76.273806287942392, 36.879271873289781 ], [ -76.273811599779634, 36.879288259859464 ], [ -76.273819804797384, 36.879304701248174 ], [ -76.273833663012027, 36.879325902614049 ], [ -76.273850347245457, 36.879349484856974 ], [ -76.273878403909549, 36.879380261868384 ], [ -76.27390356744047, 36.87941098315509 ], [ -76.273931828933058, 36.879434784739523 ], [ -76.273956924190173, 36.87946783295456 ], [ -76.273993732175171, 36.879496447509631 ], [ -76.274019167678674, 36.879517869098734 ], [ -76.274078519129375, 36.879567852219949 ], [ -76.274120707338398, 36.879610529956025 ], [ -76.274168890132046, 36.879646341046659 ], [ -76.274194257508185, 36.879670086835098 ], [ -76.274216799933299, 36.879691453571276 ], [ -76.274236446960643, 36.879712764550781 ], [ -76.274264640418707, 36.879738891193291 ], [ -76.274298623652683, 36.879765127507881 ], [ -76.274338395547318, 36.879791473468217 ], [ -76.274372447105051, 36.87981538372221 ], [ -76.274406566931418, 36.87983696882803 ], [ -76.27443792780069, 36.879853849701618 ], [ -76.274472253546477, 36.87986845849376 ], [ -76.274498371807084, 36.87986662679365 ], [ -76.274510017337448, 36.87986452094983 ], [ -76.274533447125677, 36.8798556590245 ], [ -76.274542676086398, 36.879837220584037 ], [ -76.274557353537929, 36.879830519302686 ], [ -76.274572235766058, 36.879816840802512 ], [ -76.274587253297838, 36.879798513804069 ], [ -76.274616538839808, 36.879787435444634 ], [ -76.274633975234636, 36.879785439272673 ], [ -76.274648379709262, 36.879788038533725 ], [ -76.274674566176799, 36.87978388165601 ], [ -76.274683386757602, 36.879779394957453 ], [ -76.274697994852332, 36.879775017874863 ], [ -76.274718257322775, 36.87977540164772 ], [ -76.274741480079342, 36.879773515954803 ], [ -76.274759121203118, 36.879764543447841 ], [ -76.274774002234096, 36.879750865801704 ], [ -76.274780064959288, 36.879741674001771 ], [ -76.274789020878274, 36.87973253699694 ], [ -76.27480363002644, 36.879728161724223 ], [ -76.274821132420769, 36.879723839442583 ], [ -76.274835879181083, 36.879714813009052 ], [ -76.27485082954334, 36.87969881023583 ], [ -76.274871568555298, 36.879682916189168 ], [ -76.274883350511956, 36.87967616003121 ], [ -76.274909468722825, 36.879674327338861 ], [ -76.274941309547046, 36.879674930348571 ], [ -76.274978937879695, 36.879675642952499 ], [ -76.27501980054754, 36.879664784640703 ], [ -76.275043298468432, 36.879653596574123 ], [ -76.275063969174454, 36.879640028533011 ], [ -76.275093391037501, 36.879624299777369 ], [ -76.275113857024181, 36.87961770804462 ], [ -76.275163063701726, 36.87961863984475 ], [ -76.275197797695867, 36.879619297571125 ], [ -76.275226469056406, 36.879629146209673 ], [ -76.27525258833775, 36.879627314363162 ], [ -76.275287390583074, 36.879625646023364 ], [ -76.275330875712712, 36.879624143885216 ], [ -76.275371398336787, 36.879624911166687 ], [ -76.27539455508348, 36.879625349625208 ], [ -76.275423431145839, 36.879628221898074 ], [ -76.275440525232071, 36.87963785308154 ], [ -76.275451762506307, 36.879649698900103 ], [ -76.275451148544889, 36.879670626051372 ], [ -76.275441850515023, 36.879691388780124 ], [ -76.275426968494784, 36.879705066489613 ], [ -76.275409123936214, 36.879721014534788 ], [ -76.275388181523297, 36.87974388321333 ], [ -76.275370405138602, 36.879757507014631 ], [ -76.27534959689757, 36.879775725366024 ], [ -76.275325895448503, 36.879793888931651 ], [ -76.275305020088553, 36.879814432435275 ], [ -76.275290069799397, 36.879830435266229 ], [ -76.275280977462018, 36.879844223487744 ], [ -76.27526313171866, 36.879860171489497 ], [ -76.27524831788088, 36.879871523136636 ], [ -76.275227578922696, 36.879887416348801 ], [ -76.275212902614314, 36.87989411863601 ], [ -76.275192095392924, 36.879912337881599 ], [ -76.275177213310698, 36.879926014658523 ], [ -76.275162195869825, 36.879944342633202 ], [ -76.275158822827422, 36.879960564676637 ], [ -76.275149592880069, 36.879979003144214 ], [ -76.275134711898502, 36.879992679936947 ], [ -76.27511700366199, 36.880003977660216 ], [ -76.275096469318669, 36.880012895433083 ], [ -76.275087513403577, 36.88002203246127 ], [ -76.275084345047944, 36.880031278185513 ], [ -76.275086762885593, 36.880047609887903 ], [ -76.275091799879078, 36.880073297812629 ], [ -76.275100142832997, 36.880085088855495 ], [ -76.275111378998929, 36.880096934685298 ], [ -76.27512551176892, 36.880108834463918 ], [ -76.275139643395434, 36.880120735120549 ], [ -76.275153842129598, 36.880130310615442 ], [ -76.275167905566889, 36.880144535506517 ], [ -76.27518499973705, 36.880154166727003 ], [ -76.275205056547307, 36.880161524910079 ], [ -76.275221946058537, 36.880178131541513 ], [ -76.275239107396601, 36.880185435792455 ], [ -76.275253239055274, 36.880197336435359 ], [ -76.275267370744771, 36.880209236175723 ], [ -76.275278608076604, 36.880221082010692 ], [ -76.275284123812568, 36.880230493976683 ], [ -76.275283782709323, 36.88024211967074 ], [ -76.275283578020861, 36.880249095988034 ], [ -76.275277652905672, 36.880253636656604 ], [ -76.275254495967772, 36.880253198175076 ], [ -76.275237128825239, 36.880252869321531 ], [ -76.275213905907762, 36.880254756013294 ], [ -76.275201986296494, 36.880266163361462 ], [ -76.275195650686911, 36.880284655738059 ], [ -76.275192211655821, 36.880303202963567 ], [ -76.275174162208444, 36.880326127290012 ], [ -76.275156181001279, 36.88034672557405 ], [ -76.275138198636455, 36.880367324734983 ], [ -76.275125938989362, 36.880390357790262 ], [ -76.275113815786867, 36.880408740566864 ], [ -76.275098660660689, 36.88043171878936 ], [ -76.275077512102044, 36.880461564608787 ], [ -76.275059940229383, 36.880468211145121 ], [ -76.275045467383364, 36.880467937073192 ], [ -76.275022243247477, 36.880469824606678 ], [ -76.275004807826917, 36.880471820857451 ], [ -76.274975862133928, 36.88047127269823 ], [ -76.274943817402615, 36.880477645134917 ], [ -76.274917563573112, 36.880484128133304 ], [ -76.274879797278444, 36.880488064864743 ], [ -76.274862293589678, 36.880492387133835 ], [ -76.274836038653177, 36.880498869191868 ], [ -76.27480978368574, 36.880505352144894 ], [ -76.274789590377267, 36.880502643270574 ], [ -76.274769532448602, 36.880495283193689 ], [ -76.274755401905267, 36.880483383414749 ], [ -76.274750226281299, 36.88046234571032 ], [ -76.274750908679707, 36.880439093424584 ], [ -76.274760207016868, 36.880418329849988 ], [ -76.274775157533725, 36.880402327086664 ], [ -76.274793002385906, 36.880386379137974 ], [ -76.274810778995302, 36.880372756325066 ], [ -76.274826001310331, 36.880347452979862 ], [ -76.2748324052763, 36.880326634583795 ], [ -76.274827229615212, 36.880305597783533 ], [ -76.27481350856182, 36.880279745378573 ], [ -76.274808401170858, 36.880256382538136 ], [ -76.274803568940953, 36.880223720086597 ], [ -76.274807279909481, 36.880195871396218 ], [ -76.274796521451677, 36.880167748666842 ], [ -76.27478555714643, 36.880146602231591 ], [ -76.274774662231323, 36.880123129777253 ], [ -76.274760667134771, 36.880106578799733 ], [ -76.27473233577291, 36.880085102532213 ], [ -76.274698013269557, 36.88007049297898 ], [ -76.274672165684265, 36.880063023226235 ], [ -76.274640463396068, 36.880057770810062 ], [ -76.27460283487703, 36.880057058097776 ], [ -76.274573821103047, 36.880058834977966 ], [ -76.274547907507241, 36.880053691279635 ], [ -76.274530745197069, 36.880046385104791 ], [ -76.274510756753358, 36.880036700767377 ], [ -76.274493594397711, 36.880029396388878 ], [ -76.274470916398371, 36.880012680904755 ], [ -76.274445071097986, 36.88000521114455 ], [ -76.274431006727113, 36.879990985244781 ], [ -76.274410951184947, 36.879983626049984 ], [ -76.274387999104604, 36.879976211081846 ], [ -76.274373459227959, 36.879978262086716 ], [ -76.27435581913025, 36.879987234557007 ], [ -76.274354863592606, 36.88001978829471 ], [ -76.274367901904057, 36.880068893937981 ], [ -76.274372598534526, 36.880106207606204 ], [ -76.274392040942928, 36.880134494875229 ], [ -76.274405491079108, 36.880169647925143 ], [ -76.274410459602493, 36.880197661017306 ], [ -76.274453058973336, 36.880226386924086 ], [ -76.274478358360668, 36.880252458690101 ], [ -76.274495111269729, 36.880273714801781 ], [ -76.274511795943809, 36.880297296049399 ], [ -76.274522623679886, 36.880323093687657 ], [ -76.274527525134076, 36.88035343193441 ], [ -76.274529532250853, 36.880383715357965 ], [ -76.27452561416969, 36.880418540312895 ], [ -76.274527621313865, 36.880448822835596 ], [ -76.274532728631229, 36.880472185688149 ], [ -76.274537766586647, 36.880497873657639 ], [ -76.274559898774569, 36.88053319113655 ], [ -76.274595889615298, 36.880589710787532 ], [ -76.274603959581668, 36.880610802419078 ], [ -76.274617954737053, 36.880627353415051 ], [ -76.274628986184752, 36.880646174706015 ], [ -76.274648701789332, 36.880665161378644 ], [ -76.274671243516806, 36.880686528005889 ], [ -76.274693649926519, 36.880712544026132 ], [ -76.274721843913781, 36.88073867055838 ], [ -76.274753138136518, 36.880757875606413 ], [ -76.27476807432879, 36.880764920551606 ], [ -76.27481873756571, 36.880718653792947 ], [ -76.274934888654116, 36.880702572865893 ], [ -76.275028430476098, 36.880681492835663 ], [ -76.275177069827507, 36.880656885227637 ], [ -76.275267707710796, 36.880734773397144 ], [ -76.275366354276358, 36.880733594612614 ], [ -76.275414049848635, 36.880723833598999 ], [ -76.275482862653575, 36.880705331614564 ], [ -76.275544093586575, 36.880686686045131 ], [ -76.275607622788613, 36.880654373249683 ], [ -76.275682076328906, 36.880637502155068 ], [ -76.275714251937885, 36.880639634597131 ], [ -76.275790755048291, 36.880682215893081 ], [ -76.275896133702858, 36.88071010882944 ], [ -76.275998257996008, 36.880719658528022 ], [ -76.276134543556338, 36.880728332326463 ], [ -76.276231696805937, 36.880713413847026 ], [ -76.276450284473015, 36.880696222664014 ], [ -76.276644102218938, 36.88071537870777 ], [ -76.277005862273242, 36.880795348208053 ], [ -76.277565897085267, 36.880925785981411 ], [ -76.277818783834334, 36.881097131043781 ], [ -76.278599152388878, 36.881056331102847 ], [ -76.279321216335433, 36.881019071472295 ], [ -76.27904926096565, 36.878980024222948 ], [ -76.279093803409268, 36.876360124243696 ] ] ] } },
{ "type": "Feature", "properties": { "OBJECTID": 159, "ID": 171, "PARK_NAME": "Harbor Park Canoe/Kayak Launch", "BASKETBALL_COURTS": " ", "GYMS": " ", "RESTROOMS": " ", "DETAILS": "1 kayak launch", "X_COORD": 12133552.19047687, "Y_COORD": 3473662.1786119002, "ADDRESS": "1235 Water Street", "PARK_TYPE": "PBR", "Shape_Leng": 196.03260717000001, "ACRES": 0.11389634, "ADDITIONAL_INFO": " ", "BIKE_RACKS": 0, "LIGHTED_BASKETBALL_COURTS": 0, "LIGHTED_BASEBALL_FIELDS": 0, "LIGHTED_TENNIS_COURTS": 0, "ADA_PLAYGROUNDS": 0, "PLAYGROUNDS": 0, "TENNIS_COURTS": 0, "FOOTBALL_FIELDS": 0, "BASEBALL_FIELDS": 0, "POOLS": null, "GYM": null, "PICNIC_SHELTERS": null, "REC_CENTER": null, "PICNIC_TABLES": null, "LIGHTED_FOOTBALL_FIELDS": null, "created_user": null, "created_date": null, "last_edited_user": "RFRASHE", "last_edited_date": "2026-01-06T18:59:23Z", "LUCITYID": "PRK-0158", "COMPKEY": null, "UNITID": null, "LucityAutoID": 158, "InLucity": 1, "LastSynDate": "2020-07-24T12:33:39Z", "Shape__Area": 4961.3063092737866, "Shape__Length": 320.23605683097338 }, "geometry": { "type": "Polygon", "coordinates": [ [ [ -76.27647784649028, 36.841928582039742 ], [ -76.276442475827949, 36.841765431680443 ], [ -76.27626858318142, 36.841793699434113 ], [ -76.276374070862133, 36.842056999066166 ], [ -76.276581212269349, 36.842021259170977 ], [ -76.27647784649028, 36.841928582039742 ] ] ] } },
{ "type": "Feature", "properties": { "OBJECTID": 160, "ID": 170, "PARK_NAME": "LaValette Kayak Launch and Fishing Pier", "BASKETBALL_COURTS": " ", "GYMS": " ", "RESTROOMS": " ", "DETAILS": "Built October 2017", "X_COORD": 12133609.403525051, "Y_COORD": 3487850.4699367601, "ADDRESS": "279 LaValette Avenue", "PARK_TYPE": "PBR", "Shape_Leng": 125.25210535, "ACRES": 0.0224025, "ADDITIONAL_INFO": " ", "BIKE_RACKS": 0, "LIGHTED_BASKETBALL_COURTS": 0, "LIGHTED_BASEBALL_FIELDS": 0, "LIGHTED_TENNIS_COURTS": 0, "ADA_PLAYGROUNDS": 0, "PLAYGROUNDS": 0, "TENNIS_COURTS": 0, "FOOTBALL_FIELDS": 0, "BASEBALL_FIELDS": 0, "POOLS": null, "GYM": null, "PICNIC_SHELTERS": null, "REC_CENTER": null, "PICNIC_TABLES": null, "LIGHTED_FOOTBALL_FIELDS": null, "created_user": null, "created_date": null, "last_edited_user": "RFRASHE", "last_edited_date": "2026-01-06T18:59:23Z", "LUCITYID": "PRK-0159", "COMPKEY": null, "UNITID": null, "LucityAutoID": 159, "InLucity": 1, "LastSynDate": "2020-07-24T12:33:39Z", "Shape__Area": 975.8474683619238, "Shape__Length": 125.25198538980123 }, "geometry": { "type": "Polygon", "coordinates": [ [ [ -76.275081951782582, 36.880928342752021 ], [ -76.275141301340881, 36.880852109418171 ], [ -76.275056868522739, 36.880809965224408 ], [ -76.274994138085589, 36.880888268029715 ], [ -76.275081951782582, 36.880928342752021 ] ] ] } },
{ "type": "Feature", "properties": { "OBJECTID": 161, "ID": 126, "PARK_NAME": "Princess Anne Park", "BASKETBALL_COURTS": "1", "GYMS": "0", "RESTROOMS": "no", "DETAILS": " ", "X_COORD": 12153589.722095629, "Y_COORD": 3485711.6340120202, "ADDRESS": "1450 Kempsville Road", "PARK_TYPE": "NAP", "Shape_Leng": 1275.0613927300001, "ACRES": 2.23005288, "ADDITIONAL_INFO": " ", "BIKE_RACKS": 0, "LIGHTED_BASKETBALL_COURTS": 0, "LIGHTED_BASEBALL_FIELDS": 0, "LIGHTED_TENNIS_COURTS": 0, "ADA_PLAYGROUNDS": 0, "PLAYGROUNDS": 1, "TENNIS_COURTS": 0, "FOOTBALL_FIELDS": 0, "BASEBALL_FIELDS": 1, "POOLS": null, "GYM": null, "PICNIC_SHELTERS": null, "REC_CENTER": null, "PICNIC_TABLES": null, "LIGHTED_FOOTBALL_FIELDS": null, "created_user": null, "created_date": null, "last_edited_user": "RFRASHE", "last_edited_date": "2026-01-06T18:59:23Z", "LUCITYID": "PRK-0160", "COMPKEY": 2586458, "UNITID": "8145", "LucityAutoID": 160, "InLucity": 1, "LastSynDate": "2020-07-24T12:33:39Z", "Shape__Area": 97140.707411766067, "Shape__Length": 1220.6821330584053 }, "geometry": { "type": "Polygon", "coordinates": [ [ [ -76.207411017155124, 36.873387663663905 ], [ -76.206794780840511, 36.873038761330335 ], [ -76.206550998364392, 36.873358863831442 ], [ -76.206506714074663, 36.873511624839153 ], [ -76.206457542137599, 36.873937185246511 ], [ -76.206483272642913, 36.874082977112153 ], [ -76.206500028061797, 36.874126891530096 ], [ -76.206540589543948, 36.874180956056485 ], [ -76.20661200541673, 36.874211408118029 ], [ -76.206710897913496, 36.874230289109441 ], [ -76.207095314483055, 36.874228504619147 ], [ -76.207170448537013, 36.874122118653311 ], [ -76.207656596437815, 36.873526703370821 ], [ -76.207411017155124, 36.873387663663905 ] ] ] } },
{ "type": "Feature", "properties": { "OBJECTID": 162, "ID": 169, "PARK_NAME": "Lamberts Point Community Center", "BASKETBALL_COURTS": "1", "GYMS": "1", "RESTROOMS": " ", "DETAILS": " ", "X_COORD": 12125130.33491678, "Y_COORD": 3488093.2695882302, "ADDRESS": "1251 W 42nd St", "PARK_TYPE": "CCAPA", "Shape_Leng": 1353.5949311, "ACRES": 2.38231894, "ADDITIONAL_INFO": " ", "BIKE_RACKS": 0, "LIGHTED_BASKETBALL_COURTS": 0, "LIGHTED_BASEBALL_FIELDS": 0, "LIGHTED_TENNIS_COURTS": 0, "ADA_PLAYGROUNDS": 0, "PLAYGROUNDS": 1, "TENNIS_COURTS": 0, "FOOTBALL_FIELDS": 0, "BASEBALL_FIELDS": 0, "POOLS": null, "GYM": null, "PICNIC_SHELTERS": null, "REC_CENTER": null, "PICNIC_TABLES": null, "LIGHTED_FOOTBALL_FIELDS": null, "created_user": null, "created_date": null, "last_edited_user": "RFRASHE", "last_edited_date": "2026-01-06T18:59:23Z", "LUCITYID": "PRK-0161", "COMPKEY": 2586190, "UNITID": "5103", "LucityAutoID": 161, "InLucity": 1, "LastSynDate": "2020-07-24T12:33:39Z", "Shape__Area": 103773.41695100274, "Shape__Length": 1353.5946317912028 }, "geometry": { "type": "Polygon", "coordinates": [ [ [ -76.303808902224603, 36.881558770128542 ], [ -76.303705758012768, 36.881562216042781 ], [ -76.30361328795054, 36.881565305264587 ], [ -76.303627912792095, 36.881847830105542 ], [ -76.303636044862856, 36.882004917276426 ], [ -76.303463473766485, 36.882010683221701 ], [ -76.303477689538894, 36.882285312624958 ], [ -76.303491906509564, 36.882559942946607 ], [ -76.304587706278724, 36.882523334442055 ], [ -76.304598659654189, 36.882522251961433 ], [ -76.304609254121971, 36.882519769268995 ], [ -76.304619212971616, 36.882515948796836 ], [ -76.30462827746193, 36.882510891169879 ], [ -76.30463621148921, 36.882504728983704 ], [ -76.304642807377178, 36.882497620603267 ], [ -76.304647894770127, 36.882489753032992 ], [ -76.304651339824744, 36.882481331085415 ], [ -76.304653053190293, 36.882472573023314 ], [ -76.304652991234533, 36.882463706977369 ], [ -76.304651153957082, 36.882454965498617 ], [ -76.304327639468951, 36.881467599204882 ], [ -76.303933972723755, 36.881552281731445 ], [ -76.303914926262379, 36.881556772356895 ], [ -76.303913416464397, 36.881552262568036 ], [ -76.303896907860462, 36.88155582985933 ], [ -76.303808902224603, 36.881558770128542 ] ] ] } },
{ "type": "Feature", "properties": { "OBJECTID": 163, "ID": 23, "PARK_NAME": "Brambleton Dog Park", "BASKETBALL_COURTS": " ", "GYMS": " ", "RESTROOMS": " ", "DETAILS": "No Fence", "X_COORD": 12135034.44619282, "Y_COORD": 3477242.72206491, "ADDRESS": "1306 Corprew Avenue", "PARK_TYPE": "DP", "Shape_Leng": 1825.6769327100001, "ACRES": 4.31949572, "ADDITIONAL_INFO": " ", "BIKE_RACKS": 0, "LIGHTED_BASKETBALL_COURTS": 0, "LIGHTED_BASEBALL_FIELDS": 0, "LIGHTED_TENNIS_COURTS": 0, "ADA_PLAYGROUNDS": 0, "PLAYGROUNDS": 0, "TENNIS_COURTS": 0, "FOOTBALL_FIELDS": 0, "BASEBALL_FIELDS": 0, "POOLS": null, "GYM": null, "PICNIC_SHELTERS": null, "REC_CENTER": null, "PICNIC_TABLES": null, "LIGHTED_FOOTBALL_FIELDS": null, "created_user": null, "created_date": null, "last_edited_user": "RFRASHE", "last_edited_date": "2026-01-06T18:59:23Z", "LUCITYID": "PRK-0162", "COMPKEY": null, "UNITID": null, "LucityAutoID": 162, "InLucity": 1, "LastSynDate": "2020-07-24T12:33:39Z", "Shape__Area": 188156.519662215, "Shape__Length": 1825.6769544365354 }, "geometry": { "type": "Polygon", "coordinates": [ [ [ -76.27154486393502, 36.85237970239185 ], [ -76.271553979056463, 36.852375434294743 ], [ -76.271560215986753, 36.852369070887121 ], [ -76.271566814729695, 36.852360356362269 ], [ -76.271579570700695, 36.852337759497331 ], [ -76.271732135097722, 36.852055705167388 ], [ -76.271785605033401, 36.851955839274318 ], [ -76.271814935876577, 36.851900714557047 ], [ -76.271878777804034, 36.851780739356236 ], [ -76.272026167485194, 36.85150841053543 ], [ -76.272125829879968, 36.851325404153968 ], [ -76.272128216607001, 36.851321128264949 ], [ -76.2721295166251, 36.851315244450987 ], [ -76.272128756997645, 36.851312276255072 ], [ -76.272128010758678, 36.851308852220384 ], [ -76.272125550726969, 36.851306077111431 ], [ -76.272122496621947, 36.851303976675176 ], [ -76.272118869948528, 36.851302315160758 ], [ -76.272113542685773, 36.851300853039156 ], [ -76.271756429358504, 36.851256339781671 ], [ -76.27147220754695, 36.851220158110749 ], [ -76.271020589823763, 36.851166389629491 ], [ -76.270841006261719, 36.851144192195164 ], [ -76.270755295701832, 36.851098298210587 ], [ -76.270692143331743, 36.851043186797547 ], [ -76.270640771145736, 36.850980862662297 ], [ -76.270598755088585, 36.850914998856773 ], [ -76.270580859838262, 36.850894209794419 ], [ -76.270541392706861, 36.850899037377182 ], [ -76.270447985714341, 36.85092886802984 ], [ -76.270396467606204, 36.850950198914362 ], [ -76.270379300046926, 36.850983335443708 ], [ -76.27038432509147, 36.851048497996963 ], [ -76.270362388391234, 36.851165201888989 ], [ -76.27027870216375, 36.851336503917281 ], [ -76.270242189785947, 36.851414946461091 ], [ -76.270224337555462, 36.851440157750851 ], [ -76.27020816634753, 36.851463431460871 ], [ -76.270197774538445, 36.851484193711705 ], [ -76.270177841983497, 36.851524428284563 ], [ -76.270148426331758, 36.851582173086882 ], [ -76.270094665860285, 36.851691856781166 ], [ -76.27008419697431, 36.851715238742216 ], [ -76.270072975296287, 36.851736643226694 ], [ -76.270056476795105, 36.851771046222751 ], [ -76.270024782879489, 36.851835279965812 ], [ -76.270023538920967, 36.851846881309648 ], [ -76.270023529361765, 36.851855523459214 ], [ -76.270028899281471, 36.851867666813114 ], [ -76.270035926223642, 36.851876324484479 ], [ -76.270046668388417, 36.851883173340042 ], [ -76.270059687694285, 36.851889249690458 ], [ -76.270799160244621, 36.852132365079115 ], [ -76.271041139830132, 36.852214003114256 ], [ -76.2715100182605, 36.852377773002793 ], [ -76.271523552318087, 36.852381338725792 ], [ -76.271534643376498, 36.852381549167653 ], [ -76.271542351551801, 36.852380159488916 ], [ -76.27154486393502, 36.85237970239185 ] ] ] } },
{ "type": "Feature", "properties": { "OBJECTID": 164, "ID": 26, "PARK_NAME": "Cambridge Crescent Dog Park", "BASKETBALL_COURTS": "0", "GYMS": "0", "RESTROOMS": "no", "DETAILS": "No Fence", "X_COORD": 12126830.74421641, "Y_COORD": 3493646.04310621, "ADDRESS": "6125 Carroll Place", "PARK_TYPE": "DP", "Shape_Leng": 365.66896497, "ACRES": 0.10894818, "ADDITIONAL_INFO": "Also considered Cambridge Park (neighborhood passive park)", "BIKE_RACKS": 0, "LIGHTED_BASKETBALL_COURTS": 0, "LIGHTED_BASEBALL_FIELDS": 0, "LIGHTED_TENNIS_COURTS": 0, "ADA_PLAYGROUNDS": 0, "PLAYGROUNDS": 0, "TENNIS_COURTS": 0, "FOOTBALL_FIELDS": 0, "BASEBALL_FIELDS": 0, "POOLS": null, "GYM": null, "PICNIC_SHELTERS": null, "REC_CENTER": null, "PICNIC_TABLES": null, "LIGHTED_FOOTBALL_FIELDS": null, "created_user": null, "created_date": null, "last_edited_user": "RFRASHE", "last_edited_date": "2026-01-06T18:59:23Z", "LUCITYID": "PRK-0163", "COMPKEY": null, "UNITID": null, "LucityAutoID": 163, "InLucity": 1, "LastSynDate": "2020-07-24T12:33:39Z", "Shape__Area": 4745.7558343530291, "Shape__Length": 365.66868106544911 }, "geometry": { "type": "Polygon", "coordinates": [ [ [ -76.297681165185764, 36.897108536528911 ], [ -76.297547839279119, 36.897276779404365 ], [ -76.297684485646002, 36.897271684079662 ], [ -76.297863020810098, 36.897274543879959 ], [ -76.297957461207645, 36.897278707541538 ], [ -76.298039544006372, 36.897270633434331 ], [ -76.298082023642507, 36.897267174039683 ], [ -76.298092735587872, 36.897263121216731 ], [ -76.298052100533681, 36.897250908936584 ], [ -76.297996777781293, 36.897233655028032 ], [ -76.297927379959475, 36.897211094231231 ], [ -76.297825250903728, 36.897170888804133 ], [ -76.297702312289942, 36.897117530023465 ], [ -76.297681165185764, 36.897108536528911 ] ] ] } },
{ "type": "Feature", "properties": { "OBJECTID": 165, "ID": 27, "PARK_NAME": "Cambridge Park", "BASKETBALL_COURTS": "0", "GYMS": "0", "RESTROOMS": "no", "DETAILS": "also known as Cambridge Crescent dog park", "X_COORD": 12127017.765900429, "Y_COORD": 3493619.8999511101, "ADDRESS": "6125 Carroll Place", "PARK_TYPE": "NPP", "Shape_Leng": 806.45429251999997, "ACRES": 0.76812587, "ADDITIONAL_INFO": " ", "BIKE_RACKS": 0, "LIGHTED_BASKETBALL_COURTS": 0, "LIGHTED_BASEBALL_FIELDS": 0, "LIGHTED_TENNIS_COURTS": 0, "ADA_PLAYGROUNDS": 0, "PLAYGROUNDS": 0, "TENNIS_COURTS": 0, "FOOTBALL_FIELDS": 0, "BASEBALL_FIELDS": 0, "POOLS": null, "GYM": null, "PICNIC_SHELTERS": null, "REC_CENTER": null, "PICNIC_TABLES": null, "LIGHTED_FOOTBALL_FIELDS": null, "created_user": null, "created_date": null, "last_edited_user": "RFRASHE", "last_edited_date": "2026-01-06T18:59:23Z", "LUCITYID": "PRK-0164", "COMPKEY": 2587001, "UNITID": "5009", "LucityAutoID": 164, "InLucity": 1, "LastSynDate": "2020-07-24T12:33:39Z", "Shape__Area": 33459.434863378381, "Shape__Length": 806.45426593938396 }, "geometry": { "type": "Polygon", "coordinates": [ [ [ -76.297681165185764, 36.897108536528911 ], [ -76.297487774077482, 36.897026289931873 ], [ -76.297106469479388, 36.896840448710599 ], [ -76.29708560048762, 36.89682942053561 ], [ -76.297072364987116, 36.896829172431033 ], [ -76.297043121051288, 36.896832879570205 ], [ -76.297029453042356, 36.89684751476603 ], [ -76.296631949542203, 36.897310197165012 ], [ -76.296601841357869, 36.897343669921433 ], [ -76.296601223402504, 36.897364930496437 ], [ -76.296603499721826, 36.897377737373901 ], [ -76.296621783470044, 36.897386589945711 ], [ -76.296637666185688, 36.897386887731862 ], [ -76.296677560625156, 36.897381253156418 ], [ -76.296709574346522, 36.897373344502306 ], [ -76.296765661535915, 36.897357378305301 ], [ -76.296824208234554, 36.897347838938167 ], [ -76.296861393733494, 36.897344280731268 ], [ -76.296954603420929, 36.897326883162954 ], [ -76.297135231999775, 36.897308995183877 ], [ -76.297297207074507, 36.897295013534254 ], [ -76.297465962465296, 36.897283825871035 ], [ -76.297547839279119, 36.897276779404365 ], [ -76.297681165185764, 36.897108536528911 ] ] ] } },
{ "type": "Feature", "properties": { "OBJECTID": 166, "ID": 39, "PARK_NAME": "Colonial Greenway Dog Park", "BASKETBALL_COURTS": "0", "GYMS": "0", "RESTROOMS": "no", "DETAILS": "Fenced", "X_COORD": 12130752.79064112, "Y_COORD": 3488683.62040427, "ADDRESS": "405 Delaware Avenue", "PARK_TYPE": "DP", "Shape_Leng": 549.35501119000003, "ACRES": 0.41493932, "ADDITIONAL_INFO": " ", "BIKE_RACKS": 0, "LIGHTED_BASKETBALL_COURTS": 0, "LIGHTED_BASEBALL_FIELDS": 0, "LIGHTED_TENNIS_COURTS": 0, "ADA_PLAYGROUNDS": 0, "PLAYGROUNDS": 0, "TENNIS_COURTS": 0, "FOOTBALL_FIELDS": 0, "BASEBALL_FIELDS": 0, "POOLS": null, "GYM": null, "PICNIC_SHELTERS": null, "REC_CENTER": null, "PICNIC_TABLES": null, "LIGHTED_FOOTBALL_FIELDS": null, "created_user": null, "created_date": null, "last_edited_user": "RFRASHE", "last_edited_date": "2026-01-06T18:59:23Z", "LUCITYID": "PRK-0165", "COMPKEY": null, "UNITID": null, "LucityAutoID": 165, "InLucity": 1, "LastSynDate": "2020-07-24T12:33:39Z", "Shape__Area": 18074.665552379585, "Shape__Length": 549.35474243428666 }, "geometry": { "type": "Polygon", "coordinates": [ [ [ -76.284403854247984, 36.883408649382723 ], [ -76.284998060614384, 36.883539955072486 ], [ -76.285091161414556, 36.883233154640905 ], [ -76.28489441577365, 36.883205937141597 ], [ -76.284868977894149, 36.883194053492453 ], [ -76.284771847819357, 36.883188971060285 ], [ -76.284533884738252, 36.883194500347862 ], [ -76.284491295826157, 36.883219453829192 ], [ -76.284463274412715, 36.883264000055036 ], [ -76.284403854247984, 36.883408649382723 ] ] ] } },
{ "type": "Feature", "properties": { "OBJECTID": 167, "ID": 38, "PARK_NAME": "Colonial Greenway", "BASKETBALL_COURTS": "0", "GYMS": "0", "RESTROOMS": "no", "DETAILS": "dog park (lighted)  ,  asphalt trail", "X_COORD": 12130764.31899284, "Y_COORD": 3488284.4791079899, "ADDRESS": "3901 Llewellyn Avenue", "PARK_TYPE": "NAP", "Shape_Leng": 2356.3795510700002, "ACRES": 3.4782485, "ADDITIONAL_INFO": " ", "BIKE_RACKS": 0, "LIGHTED_BASKETBALL_COURTS": 0, "LIGHTED_BASEBALL_FIELDS": 0, "LIGHTED_TENNIS_COURTS": 0, "ADA_PLAYGROUNDS": 0, "PLAYGROUNDS": 1, "TENNIS_COURTS": 0, "FOOTBALL_FIELDS": 0, "BASEBALL_FIELDS": 0, "POOLS": null, "GYM": null, "PICNIC_SHELTERS": null, "REC_CENTER": null, "PICNIC_TABLES": null, "LIGHTED_FOOTBALL_FIELDS": null, "created_user": null, "created_date": null, "last_edited_user": "RFRASHE", "last_edited_date": "2026-01-06T18:59:23Z", "LUCITYID": "PRK-0166", "COMPKEY": 2587004, "UNITID": "5018", "LucityAutoID": 166, "InLucity": 1, "LastSynDate": "2020-07-24T12:33:39Z", "Shape__Area": 151511.86906217667, "Shape__Length": 2356.3798147956113 }, "geometry": { "type": "Polygon", "coordinates": [ [ [ -76.284868977894149, 36.883194053492453 ], [ -76.284965322644965, 36.882907533748792 ], [ -76.284876202445091, 36.882952871562949 ], [ -76.284788283459022, 36.882957090922858 ], [ -76.284734472318235, 36.882920813153945 ], [ -76.284710680764888, 36.882858653483233 ], [ -76.284712997677175, 36.882779353545907 ], [ -76.284780351753852, 36.882727728585415 ], [ -76.284711005027688, 36.88259712111573 ], [ -76.284926968720001, 36.881966449211014 ], [ -76.285374092906494, 36.88206303674589 ], [ -76.285633953119714, 36.881306830422545 ], [ -76.284972757307258, 36.881150374947161 ], [ -76.284894402521545, 36.881328153254074 ], [ -76.284833760780145, 36.881400475776587 ], [ -76.284724216728677, 36.881518895101102 ], [ -76.283911566785733, 36.883290256029042 ], [ -76.284401971227012, 36.883408233498905 ], [ -76.284403854247984, 36.883408649382723 ], [ -76.284438125140426, 36.88332522251963 ], [ -76.284463274412715, 36.883264000055036 ], [ -76.284491295826157, 36.883219453829192 ], [ -76.284533884738252, 36.883194500347862 ], [ -76.284771847819357, 36.883188971060285 ], [ -76.284868977894149, 36.883194053492453 ] ] ] } },
{ "type": "Feature", "properties": { "OBJECTID": 168, "ID": 64, "PARK_NAME": "Hague Dog Park", "BASKETBALL_COURTS": "0", "GYMS": "0", "RESTROOMS": "no", "DETAILS": "No Fence", "X_COORD": 12126185.06456448, "Y_COORD": 3479052.31372105, "ADDRESS": "700 W Brambleton Avenue", "PARK_TYPE": "DP", "Shape_Leng": 2095.8964297799998, "ACRES": 5.20649945, "ADDITIONAL_INFO": "Also listed as Hague park NPP", "BIKE_RACKS": 0, "LIGHTED_BASKETBALL_COURTS": 0, "LIGHTED_BASEBALL_FIELDS": 0, "LIGHTED_TENNIS_COURTS": 0, "ADA_PLAYGROUNDS": 0, "PLAYGROUNDS": 0, "TENNIS_COURTS": 0, "FOOTBALL_FIELDS": 0, "BASEBALL_FIELDS": 0, "POOLS": null, "GYM": null, "PICNIC_SHELTERS": null, "REC_CENTER": null, "PICNIC_TABLES": null, "LIGHTED_FOOTBALL_FIELDS": null, "created_user": null, "created_date": null, "last_edited_user": "RFRASHE", "last_edited_date": "2026-01-06T18:59:23Z", "LUCITYID": "PRK-0167", "COMPKEY": 2586414, "UNITID": "3034", "LucityAutoID": 167, "InLucity": 1, "LastSynDate": "2020-07-24T12:33:39Z", "Shape__Area": 226794.2479759198, "Shape__Length": 3567.3545427244271 }, "geometry": { "type": "Polygon", "coordinates": [ [ [ -76.30168848465037, 36.858189248327228 ], [ -76.301730010723062, 36.858450407459031 ], [ -76.301726810780579, 36.858560814033638 ], [ -76.30162455749263, 36.858700927057605 ], [ -76.301572975203342, 36.858786756513844 ], [ -76.301527547245371, 36.858998945955385 ], [ -76.30241263757739, 36.858613098287655 ], [ -76.302425193477148, 36.858518649609266 ], [ -76.302416690640115, 36.858387733518427 ], [ -76.302175205208513, 36.858078232083514 ], [ -76.301937037799561, 36.857720800972906 ], [ -76.301185294847869, 36.856776466907704 ], [ -76.300174360535991, 36.855549181480775 ], [ -76.300031048179875, 36.855412360961893 ], [ -76.299830455039981, 36.855219234465871 ], [ -76.299705168600099, 36.855137982198798 ], [ -76.299512103805625, 36.855023900566103 ], [ -76.299725001175446, 36.855469751491007 ], [ -76.299837044445809, 36.85566910999853 ], [ -76.299949315930206, 36.855860582132628 ], [ -76.300020468274013, 36.855981970081487 ], [ -76.300089954728932, 36.856110218600584 ], [ -76.300394423763649, 36.856506051352234 ], [ -76.300748236035588, 36.856994146744746 ], [ -76.301076261900818, 36.85744150609095 ], [ -76.301350066548352, 36.857832117369412 ], [ -76.301262573139596, 36.857959988236502 ], [ -76.301396356460586, 36.858104876216501 ], [ -76.30155452024762, 36.858068384921268 ], [ -76.30168848465037, 36.858189248327228 ] ] ] } },
{ "type": "Feature", "properties": { "OBJECTID": 169, "ID": 28, "PARK_NAME": "Camp Allen Elementary School", "BASKETBALL_COURTS": "6", "GYMS": " ", "RESTROOMS": " ", "DETAILS": " ", "X_COORD": 12126759.496009231, "Y_COORD": 3505028.4141979599, "ADDRESS": "501 C Street", "PARK_TYPE": "SSAPA", "Shape_Leng": 3407.9167670500001, "ACRES": 14.01985433, "ADDITIONAL_INFO": " ", "BIKE_RACKS": 0, "LIGHTED_BASKETBALL_COURTS": 0, "LIGHTED_BASEBALL_FIELDS": 0, "LIGHTED_TENNIS_COURTS": 0, "ADA_PLAYGROUNDS": 0, "PLAYGROUNDS": 1, "TENNIS_COURTS": 0, "FOOTBALL_FIELDS": 0, "BASEBALL_FIELDS": 0, "POOLS": null, "GYM": null, "PICNIC_SHELTERS": null, "REC_CENTER": null, "PICNIC_TABLES": null, "LIGHTED_FOOTBALL_FIELDS": null, "created_user": null, "created_date": null, "last_edited_user": "RFRASHE", "last_edited_date": "2026-01-06T18:59:23Z", "LUCITYID": "PRK-0168", "COMPKEY": 2586818, "UNITID": "5010", "LucityAutoID": 168, "InLucity": 1, "LastSynDate": "2020-07-24T12:33:39Z", "Shape__Area": 610702.70316066651, "Shape__Length": 3407.8661334981057 }, "geometry": { "type": "Polygon", "coordinates": [ [ [ -76.295396701768709, 36.928133627541072 ], [ -76.295293586827967, 36.928198774166034 ], [ -76.295042139453898, 36.928437299266868 ], [ -76.29720761887593, 36.929908597950195 ], [ -76.297218651383758, 36.929914959153471 ], [ -76.297230798099378, 36.929919837760018 ], [ -76.297243753811443, 36.929923111775537 ], [ -76.297257191983661, 36.929924697564722 ], [ -76.297270773574908, 36.929924555424954 ], [ -76.297284156016588, 36.929922689754342 ], [ -76.297297001172382, 36.929919145595541 ], [ -76.297308986376621, 36.929914015151923 ], [ -76.297319808167089, 36.929907425238461 ], [ -76.297329194445837, 36.92989954381931 ], [ -76.298880747590218, 36.928370205912323 ], [ -76.299030252897822, 36.92822771625729 ], [ -76.299185548973668, 36.928089274674022 ], [ -76.299346464089709, 36.927955033860776 ], [ -76.299069960373586, 36.927734213439209 ], [ -76.298373043777289, 36.927923060511972 ], [ -76.297689367591701, 36.927764801912396 ], [ -76.297108906062391, 36.927178117216371 ], [ -76.296602853283048, 36.927401985693507 ], [ -76.296402266090297, 36.927594924057082 ], [ -76.296268316774388, 36.927505163261181 ], [ -76.296032652386231, 36.927731839475619 ], [ -76.295396701768709, 36.928133627541072 ] ] ] } },
{ "type": "Feature", "properties": { "OBJECTID": 170, "ID": 0, "PARK_NAME": "Bay Oaks Park", "BASKETBALL_COURTS": "1", "GYMS": " ", "RESTROOMS": " ", "DETAILS": "Pergola area with benches, walking trails", "X_COORD": 12151423.397011939, "Y_COORD": 3507520.8490279699, "ADDRESS": "3rd-5th Bay Street", "PARK_TYPE": "NAP", "Shape_Leng": 0.0, "ACRES": 12.91928996, "ADDITIONAL_INFO": " ", "BIKE_RACKS": 0, "LIGHTED_BASKETBALL_COURTS": 0, "LIGHTED_BASEBALL_FIELDS": 0, "LIGHTED_TENNIS_COURTS": 0, "ADA_PLAYGROUNDS": 0, "PLAYGROUNDS": 2, "TENNIS_COURTS": 0, "FOOTBALL_FIELDS": 0, "BASEBALL_FIELDS": 0, "POOLS": null, "GYM": null, "PICNIC_SHELTERS": null, "REC_CENTER": null, "PICNIC_TABLES": null, "LIGHTED_FOOTBALL_FIELDS": null, "created_user": null, "created_date": null, "last_edited_user": "RFRASHE", "last_edited_date": "2026-01-06T18:59:23Z", "LUCITYID": "PRK-0169", "COMPKEY": 2587034, "UNITID": "4067", "LucityAutoID": 169, "InLucity": 1, "LastSynDate": "2020-07-24T12:33:39Z", "Shape__Area": 562762.1064824753, "Shape__Length": 3303.5683367002239 }, "geometry": { "type": "Polygon", "coordinates": [ [ [ -76.213266099067638, 36.935058635082832 ], [ -76.213927835461504, 36.93356449074593 ], [ -76.214090742790987, 36.933196657178783 ], [ -76.213940097730557, 36.933129037893089 ], [ -76.213907967648396, 36.933113497113808 ], [ -76.213793704619562, 36.933049674074262 ], [ -76.213722471790476, 36.933005570699883 ], [ -76.213534517441801, 36.933429472017622 ], [ -76.213383746763938, 36.933337441090245 ], [ -76.213564613431785, 36.932890169982407 ], [ -76.213497418082767, 36.932833952007329 ], [ -76.213444677492973, 36.932785341531755 ], [ -76.213388318068667, 36.932728659094025 ], [ -76.213336835302201, 36.932671115109017 ], [ -76.213286819348724, 36.932603291439207 ], [ -76.213256573719079, 36.932570152514643 ], [ -76.213180554405497, 36.93250560973518 ], [ -76.212976334335551, 36.9324166687393 ], [ -76.212867484518441, 36.932392070888184 ], [ -76.212819247268911, 36.932390212204787 ], [ -76.212706241721591, 36.932395640379667 ], [ -76.212572838724796, 36.932410491246351 ], [ -76.212099576715161, 36.932465012134976 ], [ -76.211985644350463, 36.932486067756038 ], [ -76.211916561088159, 36.932514021823707 ], [ -76.211750481379596, 36.932926515546058 ], [ -76.211619181202067, 36.932893339232685 ], [ -76.210985021937219, 36.934468406970133 ], [ -76.213266099067638, 36.935058635082832 ] ] ] } },
{ "type": "Feature", "properties": { "OBJECTID": 171, "ID": 81, "PARK_NAME": "Linear Park at Outlet Mall", "BASKETBALL_COURTS": " ", "GYMS": " ", "RESTROOMS": " ", "DETAILS": " ", "X_COORD": 12156277.881727429, "Y_COORD": 3487744.1440748, "ADDRESS": "62862 Northampton Boulevard", "PARK_TYPE": "FBOS", "Shape_Leng": 0.0, "ACRES": 54.66626809, "ADDITIONAL_INFO": " ", "BIKE_RACKS": 0, "LIGHTED_BASKETBALL_COURTS": 0, "LIGHTED_BASEBALL_FIELDS": 0, "LIGHTED_TENNIS_COURTS": 0, "ADA_PLAYGROUNDS": 0, "PLAYGROUNDS": 0, "TENNIS_COURTS": 0, "FOOTBALL_FIELDS": 0, "BASEBALL_FIELDS": 0, "POOLS": null, "GYM": null, "PICNIC_SHELTERS": null, "REC_CENTER": null, "PICNIC_TABLES": null, "LIGHTED_FOOTBALL_FIELDS": null, "created_user": null, "created_date": null, "last_edited_user": "RFRASHE", "last_edited_date": "2026-01-06T18:59:23Z", "LUCITYID": "PRK-0170", "COMPKEY": 2586284, "UNITID": "8094", "LucityAutoID": 170, "InLucity": 1, "LastSynDate": "2020-07-24T12:33:39Z", "Shape__Area": 2381252.9955453677, "Shape__Length": 7398.0664444974682 }, "geometry": { "type": "Polygon", "coordinates": [ [ [ -76.19501921099571, 36.880322553098132 ], [ -76.196630355262116, 36.882640246929263 ], [ -76.196972537101885, 36.882410855531042 ], [ -76.197552446131326, 36.882178110499879 ], [ -76.197936456001145, 36.882079253560377 ], [ -76.198172363760563, 36.881984570760899 ], [ -76.1984836855532, 36.881820752942723 ], [ -76.198646308814077, 36.881755483573237 ], [ -76.199040895297657, 36.881294856442786 ], [ -76.198448517224193, 36.880058233996792 ], [ -76.199180457911069, 36.879793428029778 ], [ -76.200167659520588, 36.879337819299302 ], [ -76.200851857060044, 36.87928474586689 ], [ -76.201643778088979, 36.878929743263228 ], [ -76.199804273859513, 36.877795903379059 ], [ -76.198713249421928, 36.877007833750667 ], [ -76.198352486112896, 36.876715985555762 ], [ -76.197885599502044, 36.876327140837738 ], [ -76.197661980923016, 36.876208361228436 ], [ -76.197355870314041, 36.876112300908765 ], [ -76.197157434937338, 36.876062164972375 ], [ -76.196785449559357, 36.876040271413459 ], [ -76.196585026253715, 36.876055816482371 ], [ -76.196085126479502, 36.876155538990609 ], [ -76.195931957747547, 36.876210951313787 ], [ -76.195766901424676, 36.876258828159628 ], [ -76.195448156894784, 36.876379143395553 ], [ -76.194924489020849, 36.876666232009427 ], [ -76.196379868656791, 36.878741815603306 ], [ -76.196247033419027, 36.879118606175844 ], [ -76.195522056319689, 36.879443845891458 ], [ -76.195378375946987, 36.880161429890116 ], [ -76.19501921099571, 36.880322553098132 ] ] ] } },
{ "type": "Feature", "properties": { "OBJECTID": 172, "ID": 0, "PARK_NAME": "Downtown Dog Park", "BASKETBALL_COURTS": " ", "GYMS": " ", "RESTROOMS": " ", "DETAILS": "Fenced,   astroturf", "X_COORD": 12129711.92714826, "Y_COORD": 3477095.6598020499, "ADDRESS": "416 Granby Street", "PARK_TYPE": "DP", "Shape_Leng": 0.0, "ACRES": 0.0876441, "ADDITIONAL_INFO": " ", "BIKE_RACKS": 0, "LIGHTED_BASKETBALL_COURTS": 0, "LIGHTED_BASEBALL_FIELDS": 0, "LIGHTED_TENNIS_COURTS": 0, "ADA_PLAYGROUNDS": 0, "PLAYGROUNDS": 0, "TENNIS_COURTS": 0, "FOOTBALL_FIELDS": 0, "BASEBALL_FIELDS": 0, "POOLS": null, "GYM": null, "PICNIC_SHELTERS": null, "REC_CENTER": null, "PICNIC_TABLES": null, "LIGHTED_FOOTBALL_FIELDS": null, "created_user": null, "created_date": null, "last_edited_user": "RFRASHE", "last_edited_date": "2026-01-06T18:59:23Z", "LUCITYID": "PRK-0171", "COMPKEY": null, "UNITID": null, "LucityAutoID": 171, "InLucity": 1, "LastSynDate": "2020-07-24T12:33:39Z", "Shape__Area": 3817.7411711898872, "Shape__Length": 336.08072541227625 }, "geometry": { "type": "Polygon", "coordinates": [ [ [ -76.289459054404119, 36.851697261136771 ], [ -76.289492840322012, 36.851629869200913 ], [ -76.289047085747342, 36.851482085288993 ], [ -76.28901252012237, 36.851552974143893 ], [ -76.289459054404119, 36.851697261136771 ] ] ] } },
{ "type": "Feature", "properties": { "OBJECTID": 173, "ID": 0, "PARK_NAME": "Maple Avenue Playground", "BASKETBALL_COURTS": " ", "GYMS": " ", "RESTROOMS": " ", "DETAILS": " ", "X_COORD": 12137709.089355361, "Y_COORD": 3512468.44552594, "ADDRESS": "176 Maple Avenue", "PARK_TYPE": "NAP", "Shape_Leng": 673.69811678999997, "ACRES": 0.64550181, "ADDITIONAL_INFO": " ", "BIKE_RACKS": 0, "LIGHTED_BASKETBALL_COURTS": 0, "LIGHTED_BASEBALL_FIELDS": 0, "LIGHTED_TENNIS_COURTS": 0, "ADA_PLAYGROUNDS": 0, "PLAYGROUNDS": 1, "TENNIS_COURTS": 0, "FOOTBALL_FIELDS": 0, "BASEBALL_FIELDS": 0, "POOLS": null, "GYM": null, "PICNIC_SHELTERS": null, "REC_CENTER": null, "PICNIC_TABLES": null, "LIGHTED_FOOTBALL_FIELDS": null, "created_user": null, "created_date": null, "last_edited_user": "RFRASHE", "last_edited_date": "2026-01-06T18:59:23Z", "LUCITYID": "PRK-0172", "COMPKEY": 2972931, "UNITID": "9709", "LucityAutoID": 172, "InLucity": 1, "LastSynDate": "2020-07-24T12:33:39Z", "Shape__Area": 28117.923192626215, "Shape__Length": 673.69783474024291 }, "geometry": { "type": "Polygon", "coordinates": [ [ [ -76.25936353156564, 36.948334573007898 ], [ -76.259435033611481, 36.948313785091756 ], [ -76.259310217103447, 36.947938195742331 ], [ -76.258705089987373, 36.948055857410949 ], [ -76.258792381009542, 36.948470916250614 ], [ -76.258810281393949, 36.94847367847867 ], [ -76.25936353156564, 36.948334573007898 ] ] ] } },
{ "type": "Feature", "properties": { "OBJECTID": 174, "ID": 0, "PARK_NAME": "Merrimack Landing Recreation Center", "BASKETBALL_COURTS": "1", "GYMS": "1", "RESTROOMS": " ", "DETAILS": " ", "X_COORD": 12133669.030974381, "Y_COORD": 3510376.9093466802, "ADDRESS": "8809 Monitor Way", "PARK_TYPE": "CCAPA", "Shape_Leng": 1577.02615062, "ACRES": 3.07444947, "ADDITIONAL_INFO": "Walking Track", "BIKE_RACKS": 0, "LIGHTED_BASKETBALL_COURTS": 0, "LIGHTED_BASEBALL_FIELDS": 0, "LIGHTED_TENNIS_COURTS": 0, "ADA_PLAYGROUNDS": 0, "PLAYGROUNDS": 1, "TENNIS_COURTS": 0, "FOOTBALL_FIELDS": 0, "BASEBALL_FIELDS": 1, "POOLS": null, "GYM": null, "PICNIC_SHELTERS": null, "REC_CENTER": null, "PICNIC_TABLES": null, "LIGHTED_FOOTBALL_FIELDS": null, "created_user": null, "created_date": null, "last_edited_user": "RFRASHE", "last_edited_date": "2026-01-06T18:59:23Z", "LUCITYID": "PRK-0173", "COMPKEY": null, "UNITID": null, "LucityAutoID": 173, "InLucity": 1, "LastSynDate": "2020-07-24T12:33:39Z", "Shape__Area": 133922.47829101468, "Shape__Length": 1577.0259627316768 }, "geometry": { "type": "Polygon", "coordinates": [ [ [ -76.272498026369519, 36.942129138919583 ], [ -76.272223528644204, 36.942791880407867 ], [ -76.272957664285173, 36.942995088066994 ], [ -76.272883929155597, 36.943155290387914 ], [ -76.27290858695342, 36.943229631608659 ], [ -76.27310076989977, 36.943410260050072 ], [ -76.273289263672638, 36.943484482280418 ], [ -76.273418445252389, 36.943496306235964 ], [ -76.273471163433484, 36.943398805815384 ], [ -76.273575151745277, 36.943253027259111 ], [ -76.273577366704075, 36.943177656365329 ], [ -76.273558091306768, 36.942960340590837 ], [ -76.273627797980637, 36.942896967520582 ], [ -76.273801903503411, 36.942714040592811 ], [ -76.273781890186626, 36.942612084903246 ], [ -76.273523677415838, 36.942394809773006 ], [ -76.273351148148748, 36.942328441822099 ], [ -76.273236468239887, 36.94225085735038 ], [ -76.272967881106666, 36.942125725898542 ], [ -76.27282150134063, 36.942082939105966 ], [ -76.272729762395542, 36.942138145331079 ], [ -76.272687784588257, 36.942131193874125 ], [ -76.272510745550406, 36.942087825950118 ], [ -76.272498026369519, 36.942129138919583 ] ] ] } },
{ "type": "Feature", "properties": { "OBJECTID": 175, "ID": 0, "PARK_NAME": "Sutton Street Park", "BASKETBALL_COURTS": " ", "GYMS": " ", "RESTROOMS": " ", "DETAILS": " ", "X_COORD": 12134224.890911359, "Y_COORD": 3481712.5455950298, "ADDRESS": "947 Sutton Street", "PARK_TYPE": "NPP", "Shape_Leng": 344.19432677999998, "ACRES": 0.11584371, "ADDITIONAL_INFO": " ", "BIKE_RACKS": 0, "LIGHTED_BASKETBALL_COURTS": 0, "LIGHTED_BASEBALL_FIELDS": 0, "LIGHTED_TENNIS_COURTS": 0, "ADA_PLAYGROUNDS": 0, "PLAYGROUNDS": 0, "TENNIS_COURTS": 0, "FOOTBALL_FIELDS": 0, "BASEBALL_FIELDS": 0, "POOLS": null, "GYM": null, "PICNIC_SHELTERS": null, "REC_CENTER": null, "PICNIC_TABLES": null, "LIGHTED_FOOTBALL_FIELDS": null, "created_user": null, "created_date": null, "last_edited_user": "RFRASHE", "last_edited_date": "2026-01-06T18:59:23Z", "LUCITYID": "PRK-0174", "COMPKEY": 2586427, "UNITID": "3084", "LucityAutoID": 174, "InLucity": 1, "LastSynDate": "2020-07-24T12:33:40Z", "Shape__Area": 5046.1294156932063, "Shape__Length": 344.19434316189398 }, "geometry": { "type": "Polygon", "coordinates": [ [ [ -76.273610204608943, 36.864152438016184 ], [ -76.273542977421258, 36.863864386193391 ], [ -76.273224941867937, 36.863911116631492 ], [ -76.273610204608943, 36.864152438016184 ] ] ] } },
{ "type": "Feature", "properties": { "OBJECTID": 176, "ID": 0, "PARK_NAME": "Lake Whitehurst Boat Ramp", "BASKETBALL_COURTS": " ", "GYMS": " ", "RESTROOMS": " ", "DETAILS": "Completed April 2018", "X_COORD": 12158097.24546743, "Y_COORD": 3499956.8589341701, "ADDRESS": "4275 Heutte Drive", "PARK_TYPE": "PBR", "Shape_Leng": 0.0, "ACRES": 1.41980513, "ADDITIONAL_INFO": " ", "BIKE_RACKS": 0, "LIGHTED_BASKETBALL_COURTS": 0, "LIGHTED_BASEBALL_FIELDS": 0, "LIGHTED_TENNIS_COURTS": 0, "ADA_PLAYGROUNDS": 0, "PLAYGROUNDS": 0, "TENNIS_COURTS": 0, "FOOTBALL_FIELDS": 0, "BASEBALL_FIELDS": 0, "POOLS": null, "GYM": null, "PICNIC_SHELTERS": null, "REC_CENTER": null, "PICNIC_TABLES": null, "LIGHTED_FOOTBALL_FIELDS": null, "created_user": null, "created_date": null, "last_edited_user": "RFRASHE", "last_edited_date": "2026-01-06T18:59:23Z", "LUCITYID": "PRK-0175", "COMPKEY": 2935945, "UNITID": "8443", "LucityAutoID": 175, "InLucity": 1, "LastSynDate": "2020-07-24T12:33:40Z", "Shape__Area": 61846.474162354643, "Shape__Length": 1098.9902276439195 }, "geometry": { "type": "Polygon", "coordinates": [ [ [ -76.190502791835002, 36.913035873441508 ], [ -76.19087815890083, 36.912912274050605 ], [ -76.190454219098228, 36.912102001050535 ], [ -76.190434005864475, 36.911930268308836 ], [ -76.189766414223627, 36.912201866141892 ], [ -76.189964998533014, 36.9124071118814 ], [ -76.190380971765876, 36.912991390460377 ], [ -76.190502791835002, 36.913035873441508 ] ] ] } },
{ "type": "Feature", "properties": { "OBJECTID": 577, "ID": null, "PARK_NAME": "Richard Bowling Elementary School", "BASKETBALL_COURTS": null, "GYMS": null, "RESTROOMS": null, "DETAILS": null, "X_COORD": 12139190.587439369, "Y_COORD": 3479221.5482860198, "ADDRESS": "2700 E Princess Anne Road", "PARK_TYPE": "SSAPA", "Shape_Leng": null, "ACRES": null, "ADDITIONAL_INFO": null, "BIKE_RACKS": null, "LIGHTED_BASKETBALL_COURTS": null, "LIGHTED_BASEBALL_FIELDS": null, "LIGHTED_TENNIS_COURTS": null, "ADA_PLAYGROUNDS": null, "PLAYGROUNDS": null, "TENNIS_COURTS": null, "FOOTBALL_FIELDS": null, "BASEBALL_FIELDS": null, "POOLS": null, "GYM": null, "PICNIC_SHELTERS": null, "REC_CENTER": null, "PICNIC_TABLES": null, "LIGHTED_FOOTBALL_FIELDS": null, "created_user": "BJKANE", "created_date": "2019-09-17T17:59:22Z", "last_edited_user": "RFRASHE", "last_edited_date": "2026-01-06T18:59:23Z", "LUCITYID": "PRK-0176", "COMPKEY": 2798117, "UNITID": "8306", "LucityAutoID": 176, "InLucity": 1, "LastSynDate": "2020-07-24T12:33:40Z", "Shape__Area": 438687.19863713271, "Shape__Length": 2942.6844173227651 }, "geometry": { "type": "Polygon", "coordinates": [ [ [ -76.257610598769745, 36.855420784758508 ], [ -76.25753560298962, 36.855386309522814 ], [ -76.256764383732573, 36.855729861866955 ], [ -76.256287852346588, 36.855944937334876 ], [ -76.255562858520818, 36.856346092025667 ], [ -76.255641005019001, 36.857497537693391 ], [ -76.256018609266931, 36.857504752365848 ], [ -76.256001165384106, 36.858237852490241 ], [ -76.256628693854665, 36.858263485492259 ], [ -76.256705041744681, 36.857835116997499 ], [ -76.25728415723411, 36.857487987795203 ], [ -76.257703280942593, 36.857526692359556 ], [ -76.257732193104275, 36.857413455071082 ], [ -76.257669531098443, 36.856387860960709 ], [ -76.257610598769745, 36.855420784758508 ] ] ] } },
{ "type": "Feature", "properties": { "OBJECTID": 1377, "ID": null, "PARK_NAME": "Five Points Park and Civic Plaza", "BASKETBALL_COURTS": "0", "GYMS": "0", "RESTROOMS": "no", "DETAILS": null, "X_COORD": 12144037.79517873, "Y_COORD": 3491463.5559104299, "ADDRESS": "6107 Sewells Point Road", "PARK_TYPE": "NAP", "Shape_Leng": null, "ACRES": null, "ADDITIONAL_INFO": null, "BIKE_RACKS": null, "LIGHTED_BASKETBALL_COURTS": null, "LIGHTED_BASEBALL_FIELDS": null, "LIGHTED_TENNIS_COURTS": null, "ADA_PLAYGROUNDS": null, "PLAYGROUNDS": null, "TENNIS_COURTS": null, "FOOTBALL_FIELDS": null, "BASEBALL_FIELDS": null, "POOLS": null, "GYM": null, "PICNIC_SHELTERS": null, "REC_CENTER": null, "PICNIC_TABLES": null, "LIGHTED_FOOTBALL_FIELDS": null, "created_user": "RFRASHE", "created_date": "2024-03-25T16:03:46Z", "last_edited_user": "RFRASHE", "last_edited_date": "2026-01-06T18:59:23Z", "LUCITYID": "PRK-0177", "COMPKEY": null, "UNITID": null, "LucityAutoID": 177, "InLucity": 1, "LastSynDate": "2024-10-17T13:00:26Z", "Shape__Area": 53246.844785064459, "Shape__Length": 920.47331782181573 }, "geometry": { "type": "Polygon", "coordinates": [ [ [ -76.239569627952704, 36.89040295599267 ], [ -76.239593800712711, 36.889849913152652 ], [ -76.238978737568445, 36.889831226715792 ], [ -76.238958653180731, 36.889848674880042 ], [ -76.238927975019166, 36.889810148359501 ], [ -76.238906570432079, 36.889808311411201 ], [ -76.23880842376866, 36.889817944184159 ], [ -76.238666351925971, 36.889913650358061 ], [ -76.23865095445754, 36.889941756400724 ], [ -76.238656277314291, 36.890120788285593 ], [ -76.238682513904081, 36.89035957914912 ], [ -76.238724639602651, 36.890372558389977 ], [ -76.238797172211747, 36.890371873792695 ], [ -76.238945502672465, 36.890377250094595 ], [ -76.239569627952704, 36.89040295599267 ] ] ] } },
{ "type": "Feature", "properties": { "OBJECTID": 1378, "ID": null, "PARK_NAME": "Freemason Playground", "BASKETBALL_COURTS": "0", "GYMS": "0", "RESTROOMS": null, "DETAILS": null, "X_COORD": 12128127.044315111, "Y_COORD": 3477657.65188852, "ADDRESS": "501 Dumore Street", "PARK_TYPE": "NAP", "Shape_Leng": null, "ACRES": null, "ADDITIONAL_INFO": null, "BIKE_RACKS": null, "LIGHTED_BASKETBALL_COURTS": null, "LIGHTED_BASEBALL_FIELDS": null, "LIGHTED_TENNIS_COURTS": null, "ADA_PLAYGROUNDS": null, "PLAYGROUNDS": null, "TENNIS_COURTS": null, "FOOTBALL_FIELDS": null, "BASEBALL_FIELDS": null, "POOLS": null, "GYM": null, "PICNIC_SHELTERS": null, "REC_CENTER": null, "PICNIC_TABLES": null, "LIGHTED_FOOTBALL_FIELDS": null, "created_user": "RFRASHE", "created_date": "2024-03-25T16:11:15Z", "last_edited_user": "RFRASHE", "last_edited_date": "2026-01-06T18:59:23Z", "LUCITYID": "PRK-0178", "COMPKEY": null, "UNITID": null, "LucityAutoID": 178, "InLucity": 1, "LastSynDate": "2024-03-27T15:40:44Z", "Shape__Area": 1937.8727396946858, "Shape__Length": 177.31649539037622 }, "geometry": { "type": "Polygon", "coordinates": [ [ [ -76.294697581646403, 36.853299826295903 ], [ -76.294680052075947, 36.853165644600097 ], [ -76.294549522864003, 36.853168066402922 ], [ -76.294558652030389, 36.853303340575074 ], [ -76.294697581646403, 36.853299826295903 ] ] ] } },
{ "type": "Feature", "properties": { "OBJECTID": 1379, "ID": null, "PARK_NAME": "Broad Creek Legacy Park", "BASKETBALL_COURTS": null, "GYMS": null, "RESTROOMS": null, "DETAILS": null, "X_COORD": 12139350.46665198, "Y_COORD": 3478742.3932341998, "ADDRESS": "2701 E Princess Anne Road", "PARK_TYPE": "NPP", "Shape_Leng": null, "ACRES": null, "ADDITIONAL_INFO": null, "BIKE_RACKS": null, "LIGHTED_BASKETBALL_COURTS": null, "LIGHTED_BASEBALL_FIELDS": null, "LIGHTED_TENNIS_COURTS": null, "ADA_PLAYGROUNDS": null, "PLAYGROUNDS": null, "TENNIS_COURTS": null, "FOOTBALL_FIELDS": null, "BASEBALL_FIELDS": null, "POOLS": null, "GYM": null, "PICNIC_SHELTERS": null, "REC_CENTER": null, "PICNIC_TABLES": null, "LIGHTED_FOOTBALL_FIELDS": null, "created_user": "RFRASHE", "created_date": "2024-03-25T16:47:28Z", "last_edited_user": "RFRASHE", "last_edited_date": "2026-01-06T18:59:23Z", "LUCITYID": "PRK-0179", "COMPKEY": null, "UNITID": null, "LucityAutoID": 179, "InLucity": 1, "LastSynDate": "2024-03-27T15:40:44Z", "Shape__Area": 108265.21384832328, "Shape__Length": 1700.1715246869553 }, "geometry": { "type": "Polygon", "coordinates": [ [ [ -76.255511334939911, 36.856162384769249 ], [ -76.256180704831323, 36.855799907519355 ], [ -76.256616640969355, 36.855585948205658 ], [ -76.257589458511234, 36.855150890662905 ], [ -76.257586799488081, 36.855124963300582 ], [ -76.255441976459494, 36.855199286470075 ], [ -76.255511334939911, 36.856162384769249 ] ] ] } },
{ "type": "Feature", "properties": { "OBJECTID": 1380, "ID": null, "PARK_NAME": "Farragut Park", "BASKETBALL_COURTS": "0", "GYMS": null, "RESTROOMS": null, "DETAILS": null, "X_COORD": 12128816.575373041, "Y_COORD": 3477724.52789238, "ADDRESS": "249 W York Street", "PARK_TYPE": "NPP", "Shape_Leng": null, "ACRES": null, "ADDITIONAL_INFO": null, "BIKE_RACKS": null, "LIGHTED_BASKETBALL_COURTS": null, "LIGHTED_BASEBALL_FIELDS": null, "LIGHTED_TENNIS_COURTS": null, "ADA_PLAYGROUNDS": null, "PLAYGROUNDS": null, "TENNIS_COURTS": null, "FOOTBALL_FIELDS": null, "BASEBALL_FIELDS": null, "POOLS": null, "GYM": null, "PICNIC_SHELTERS": null, "REC_CENTER": null, "PICNIC_TABLES": null, "LIGHTED_FOOTBALL_FIELDS": null, "created_user": "RFRASHE", "created_date": "2024-03-25T16:55:18Z", "last_edited_user": "RFRASHE", "last_edited_date": "2026-01-06T18:59:23Z", "LUCITYID": "PRK-0184", "COMPKEY": null, "UNITID": null, "LucityAutoID": 184, "InLucity": 1, "LastSynDate": "2024-04-01T13:25:45Z", "Shape__Area": 13036.915958874617, "Shape__Length": 586.37485852329837 }, "geometry": { "type": "Polygon", "coordinates": [ [ [ -76.292491042147176, 36.853558231500031 ], [ -76.292468764591476, 36.853287526931993 ], [ -76.292170931185666, 36.853298139687851 ], [ -76.292151362198283, 36.853061468296389 ], [ -76.292022680567698, 36.853066732475597 ], [ -76.292056641435323, 36.853118886600015 ], [ -76.292063220201229, 36.853167574895501 ], [ -76.292080137691173, 36.853372794722674 ], [ -76.292093494082934, 36.853436870528007 ], [ -76.292172025077775, 36.853527598989146 ], [ -76.292251064785191, 36.853570567341052 ], [ -76.292491042147176, 36.853558231500031 ] ] ] } },
{ "type": "Feature", "properties": { "OBJECTID": 1381, "ID": null, "PARK_NAME": "Graydon Avenue", "BASKETBALL_COURTS": null, "GYMS": null, "RESTROOMS": null, "DETAILS": null, "X_COORD": 12127309.53351208, "Y_COORD": 3481562.6502262801, "ADDRESS": "500-700 Block Graydon Avenue", "PARK_TYPE": "MOUS", "Shape_Leng": null, "ACRES": null, "ADDITIONAL_INFO": null, "BIKE_RACKS": null, "LIGHTED_BASKETBALL_COURTS": null, "LIGHTED_BASEBALL_FIELDS": null, "LIGHTED_TENNIS_COURTS": null, "ADA_PLAYGROUNDS": null, "PLAYGROUNDS": null, "TENNIS_COURTS": null, "FOOTBALL_FIELDS": null, "BASEBALL_FIELDS": null, "POOLS": null, "GYM": null, "PICNIC_SHELTERS": null, "REC_CENTER": null, "PICNIC_TABLES": null, "LIGHTED_FOOTBALL_FIELDS": null, "created_user": "RFRASHE", "created_date": "2024-03-25T18:46:24Z", "last_edited_user": "RFRASHE", "last_edited_date": "2026-01-06T18:59:23Z", "LUCITYID": null, "COMPKEY": null, "UNITID": null, "LucityAutoID": null, "InLucity": 0, "LastSynDate": null, "Shape__Area": 51992.204311362577, "Shape__Length": 3233.6119658743291 }, "geometry": { "type": "MultiPolygon", "coordinates": [ [ [ [ -76.297576456259918, 36.864276961761163 ], [ -76.299394430369318, 36.865112906314991 ], [ -76.299471883694409, 36.865022005437616 ], [ -76.297632386026748, 36.864212721947681 ], [ -76.297576456259918, 36.864276961761163 ] ] ], [ [ [ -76.29459588486786, 36.862915888216683 ], [ -76.295818879751636, 36.863478983818673 ], [ -76.295867219750463, 36.863400991820086 ], [ -76.29465357977692, 36.86284342553737 ], [ -76.29459588486786, 36.862915888216683 ] ] ], [ [ [ -76.295957593294972, 36.863544762280121 ], [ -76.297417269028742, 36.864208350564901 ], [ -76.297476016170435, 36.864106393828862 ], [ -76.296006814364063, 36.863462658512709 ], [ -76.295957593294972, 36.863544762280121 ] ] ] ] } },
{ "type": "Feature", "properties": { "OBJECTID": 1778, "ID": 83, "PARK_NAME": "Lamberts Point Public Open Space", "BASKETBALL_COURTS": " ", "GYMS": " ", "RESTROOMS": " ", "DETAILS": " ", "X_COORD": 12121405.935040209, "Y_COORD": 3488750.5796399098, "ADDRESS": "4301 Powhatan Avenue", "PARK_TYPE": "FBOS", "Shape_Leng": 8213.6560069099996, "ACRES": 49.43015541, "ADDITIONAL_INFO": " ", "BIKE_RACKS": 0, "LIGHTED_BASKETBALL_COURTS": 0, "LIGHTED_BASEBALL_FIELDS": 0, "LIGHTED_TENNIS_COURTS": 0, "ADA_PLAYGROUNDS": 0, "PLAYGROUNDS": 0, "TENNIS_COURTS": 0, "FOOTBALL_FIELDS": 0, "BASEBALL_FIELDS": 0, "POOLS": null, "GYM": null, "PICNIC_SHELTERS": null, "REC_CENTER": null, "PICNIC_TABLES": null, "LIGHTED_FOOTBALL_FIELDS": null, "created_user": "RFRASHE", "created_date": "2024-03-26T20:29:32Z", "last_edited_user": "RFRASHE", "last_edited_date": "2026-01-06T18:59:23Z", "LUCITYID": "PRK-0087", "COMPKEY": 2586998, "UNITID": "1682", "LucityAutoID": 87, "InLucity": 1, "LastSynDate": "2020-07-24T12:33:34Z", "Shape__Area": 576061.83994962007, "Shape__Length": 3445.5201096697301 }, "geometry": { "type": "Polygon", "coordinates": [ [ [ -76.317736620395323, 36.883313580256605 ], [ -76.31535425534021, 36.883370510637626 ], [ -76.315335678386575, 36.883510396849559 ], [ -76.31513518658879, 36.88365274401832 ], [ -76.315010758831477, 36.883679645075482 ], [ -76.31501651353426, 36.883732339175161 ], [ -76.31455750678829, 36.883758860089543 ], [ -76.314617307946591, 36.88471237989053 ], [ -76.315635766402892, 36.884707945616867 ], [ -76.316654729233221, 36.88468598317079 ], [ -76.317009273147164, 36.884751000338795 ], [ -76.317654319579816, 36.885084347592517 ], [ -76.317906034969909, 36.884931261322791 ], [ -76.318580998672743, 36.885053677816202 ], [ -76.318515296034633, 36.883492349393251 ], [ -76.317772272057695, 36.883509934518543 ], [ -76.317736620395323, 36.883313580256605 ] ] ] } },
{ "type": "Feature", "properties": { "OBJECTID": 1779, "ID": null, "PARK_NAME": "Larrymore Lawn Park", "BASKETBALL_COURTS": null, "GYMS": null, "RESTROOMS": null, "DETAILS": null, "X_COORD": 12148686.765383819, "Y_COORD": 3499109.92886909, "ADDRESS": "1913 Winn Lane", "PARK_TYPE": "Landscape", "Shape_Leng": 1387.748301, "ACRES": 2.44557729, "ADDITIONAL_INFO": null, "BIKE_RACKS": null, "LIGHTED_BASKETBALL_COURTS": null, "LIGHTED_BASEBALL_FIELDS": null, "LIGHTED_TENNIS_COURTS": null, "ADA_PLAYGROUNDS": null, "PLAYGROUNDS": null, "TENNIS_COURTS": null, "FOOTBALL_FIELDS": null, "BASEBALL_FIELDS": null, "POOLS": null, "GYM": null, "PICNIC_SHELTERS": null, "REC_CENTER": null, "PICNIC_TABLES": null, "LIGHTED_FOOTBALL_FIELDS": null, "created_user": "CSIEMER", "created_date": "2024-04-22T13:45:47Z", "last_edited_user": "RFRASHE", "last_edited_date": "2026-01-06T18:59:23Z", "LUCITYID": "PRK-0185", "COMPKEY": null, "UNITID": null, "LucityAutoID": 185, "InLucity": 1, "LastSynDate": "2024-04-22T14:11:21Z", "Shape__Area": 106528.92072179669, "Shape__Length": 1387.7483014395657 }, "geometry": { "type": "Polygon", "coordinates": [ [ [ -76.222930059461206, 36.911361804306324 ], [ -76.22297654073563, 36.911329383491676 ], [ -76.223038788293536, 36.911289125926942 ], [ -76.223078125355258, 36.911265167635179 ], [ -76.223096888846186, 36.911253740173493 ], [ -76.223144165391673, 36.911226415774401 ], [ -76.223176531884519, 36.911208429266402 ], [ -76.223219039791118, 36.911185670792605 ], [ -76.223265069060062, 36.911162086345001 ], [ -76.223330194644333, 36.911130527702262 ], [ -76.223397870436003, 36.911099867518374 ], [ -76.223466288575139, 36.911072518918914 ], [ -76.22320266722835, 36.910654008726603 ], [ -76.223186929493664, 36.910629025016988 ], [ -76.223162721140525, 36.91062153974314 ], [ -76.222862812808543, 36.910528794501282 ], [ -76.222735700317187, 36.910489485222406 ], [ -76.222515243901938, 36.910421311351655 ], [ -76.222306403232892, 36.910356727003915 ], [ -76.22201887728778, 36.910267812416599 ], [ -76.2219824924112, 36.910256556594206 ], [ -76.221666150725838, 36.910644237749956 ], [ -76.221670921423126, 36.910646586376771 ], [ -76.221774784013562, 36.910696522314751 ], [ -76.221888810593512, 36.910750053356139 ], [ -76.222013149483942, 36.910808072006496 ], [ -76.222131894664244, 36.910874810225657 ], [ -76.222147288858679, 36.910883464346739 ], [ -76.222288214596901, 36.91096989202272 ], [ -76.222386982663551, 36.911035939083163 ], [ -76.222403352284985, 36.91104780836163 ], [ -76.222477660070481, 36.911101683263034 ], [ -76.222556079841638, 36.911161940232944 ], [ -76.222623129417812, 36.911216051178549 ], [ -76.222810370796836, 36.911373681353346 ], [ -76.222819549902596, 36.911380915183614 ], [ -76.222823362347526, 36.91138415108302 ], [ -76.222827408883489, 36.911386582079103 ], [ -76.222833008065408, 36.911389154926503 ], [ -76.222838426845854, 36.911391380853182 ], [ -76.222843437764908, 36.911392760595277 ], [ -76.222848724359778, 36.911393819378738 ], [ -76.222855075081796, 36.911394691460558 ], [ -76.222862099599965, 36.911395254803509 ], [ -76.222866616156708, 36.91139534230463 ], [ -76.222870867957511, 36.911395424676364 ], [ -76.22287634774716, 36.911394461802523 ], [ -76.222882226435246, 36.911393298437801 ], [ -76.222887336847648, 36.911391366635911 ], [ -76.222891530919227, 36.91138888707048 ], [ -76.222895404390073, 36.911385907338065 ], [ -76.222899818686898, 36.911382897521001 ], [ -76.222930059461206, 36.911361804306324 ] ] ] } },
{ "type": "Feature", "properties": { "OBJECTID": 1780, "ID": null, "PARK_NAME": "Kimball Terrace Berm", "BASKETBALL_COURTS": null, "GYMS": null, "RESTROOMS": null, "DETAILS": null, "X_COORD": 12137277.391295331, "Y_COORD": 3474642.5121554998, "ADDRESS": "731 Sedgewick Street", "PARK_TYPE": "Landscape", "Shape_Leng": 2405.669058, "ACRES": 4.26240732, "ADDITIONAL_INFO": null, "BIKE_RACKS": null, "LIGHTED_BASKETBALL_COURTS": null, "LIGHTED_BASEBALL_FIELDS": null, "LIGHTED_TENNIS_COURTS": null, "ADA_PLAYGROUNDS": null, "PLAYGROUNDS": null, "TENNIS_COURTS": null, "FOOTBALL_FIELDS": null, "BASEBALL_FIELDS": null, "POOLS": null, "GYM": null, "PICNIC_SHELTERS": null, "REC_CENTER": null, "PICNIC_TABLES": null, "LIGHTED_FOOTBALL_FIELDS": null, "created_user": "CSIEMER", "created_date": "2024-04-22T14:01:22Z", "last_edited_user": "RFRASHE", "last_edited_date": "2026-01-06T18:59:23Z", "LUCITYID": "PRK-0186", "COMPKEY": null, "UNITID": null, "LucityAutoID": 186, "InLucity": 1, "LastSynDate": "2024-04-22T14:11:21Z", "Shape__Area": 185678.66209770221, "Shape__Length": 2405.6416188784851 }, "geometry": { "type": "Polygon", "coordinates": [ [ [ -76.262740608546494, 36.845030134133239 ], [ -76.26486883678929, 36.844719158750586 ], [ -76.264762648917994, 36.844622125971902 ], [ -76.264946143077808, 36.844500856049834 ], [ -76.264013379385318, 36.844094030361248 ], [ -76.263929742374216, 36.844054449253633 ], [ -76.263848798935115, 36.844009616527032 ], [ -76.263770878396741, 36.84395971458914 ], [ -76.263541279524901, 36.843801710806083 ], [ -76.263439609098825, 36.843731744447339 ], [ -76.263388161329345, 36.843700302152968 ], [ -76.263334977614889, 36.843671894700165 ], [ -76.263280236777334, 36.843646617604534 ], [ -76.263182283505358, 36.843604603025824 ], [ -76.263130459028517, 36.843582374184457 ], [ -76.262698457025365, 36.843397076643235 ], [ -76.262713390566134, 36.843977292605203 ], [ -76.263140469358319, 36.843970246401156 ], [ -76.263142573289045, 36.844052627633374 ], [ -76.263144677250907, 36.844135007964667 ], [ -76.263146781164153, 36.84421739009754 ], [ -76.263148887376886, 36.844299770471274 ], [ -76.263149587180479, 36.844327231453988 ], [ -76.263150990178403, 36.844382152582533 ], [ -76.263153094158525, 36.844464532913413 ], [ -76.263155198116664, 36.844546914144999 ], [ -76.262728116106445, 36.84455395950166 ], [ -76.262821743466887, 36.844716757801088 ], [ -76.262825790678718, 36.844716691582811 ], [ -76.262825591423095, 36.844723448071242 ], [ -76.262821743466887, 36.844716757801088 ], [ -76.262732673155213, 36.844718222979189 ], [ -76.262740608546494, 36.845030134133239 ] ] ] } },
{ "type": "Feature", "properties": { "OBJECTID": 1781, "ID": null, "PARK_NAME": "Ohio Creek River Front", "BASKETBALL_COURTS": null, "GYMS": null, "RESTROOMS": null, "DETAILS": null, "X_COORD": 12138798.51718957, "Y_COORD": 3473630.4618562302, "ADDRESS": "2616 Marlboro Ave", "PARK_TYPE": "Landscape", "Shape_Leng": 5629.653482, "ACRES": 4.64105713, "ADDITIONAL_INFO": null, "BIKE_RACKS": null, "LIGHTED_BASKETBALL_COURTS": null, "LIGHTED_BASEBALL_FIELDS": null, "LIGHTED_TENNIS_COURTS": null, "ADA_PLAYGROUNDS": null, "PLAYGROUNDS": null, "TENNIS_COURTS": null, "FOOTBALL_FIELDS": null, "BASEBALL_FIELDS": null, "POOLS": null, "GYM": null, "PICNIC_SHELTERS": null, "REC_CENTER": null, "PICNIC_TABLES": null, "LIGHTED_FOOTBALL_FIELDS": null, "created_user": "CSIEMER", "created_date": "2024-04-22T14:07:03Z", "last_edited_user": "RFRASHE", "last_edited_date": "2026-01-06T18:59:23Z", "LUCITYID": "PRK-0187", "COMPKEY": null, "UNITID": null, "LucityAutoID": 187, "InLucity": 1, "LastSynDate": "2024-04-22T14:11:21Z", "Shape__Area": 202199.96836699406, "Shape__Length": 5629.5454940244836 }, "geometry": { "type": "Polygon", "coordinates": [ [ [ -76.254764562657883, 36.840454095368905 ], [ -76.254750293604459, 36.84046576033176 ], [ -76.254680929280681, 36.840438585393414 ], [ -76.254634594171534, 36.840423598351343 ], [ -76.254593130811074, 36.840441606367065 ], [ -76.254571841900045, 36.840469398752752 ], [ -76.254477849679319, 36.840484050606491 ], [ -76.254448492308867, 36.84048818898367 ], [ -76.254419410763902, 36.840482933108596 ], [ -76.254354986678095, 36.840486400885453 ], [ -76.254336968362423, 36.840502505473992 ], [ -76.254307817271979, 36.840499599022642 ], [ -76.254300333313381, 36.840489010788794 ], [ -76.254249586942265, 36.840491434888087 ], [ -76.254207474106778, 36.840489062920042 ], [ -76.254181717152449, 36.840487612167401 ], [ -76.254087300008749, 36.840482293771892 ], [ -76.253923966306246, 36.840473093650104 ], [ -76.259823232002077, 36.841412775632172 ], [ -76.260096037716053, 36.841624995763233 ], [ -76.25992766996751, 36.842278583246362 ], [ -76.259491339348145, 36.842353510888074 ], [ -76.259336855991521, 36.842988776256526 ], [ -76.259470375717456, 36.843010763656594 ], [ -76.25959365017826, 36.843031063673955 ], [ -76.259641443185529, 36.842992668431499 ], [ -76.259692583820254, 36.842931713499169 ], [ -76.259780395914348, 36.842861896360425 ], [ -76.259866752863232, 36.842793233099641 ], [ -76.259909766447933, 36.842759033507001 ], [ -76.259952672160779, 36.842724915669244 ], [ -76.259989681652698, 36.842695489660059 ], [ -76.260039294016394, 36.842656043715436 ], [ -76.260130130486814, 36.842583819664455 ], [ -76.260211777173765, 36.842518898051942 ], [ -76.260417453319775, 36.842356705098112 ], [ -76.260474782861053, 36.842311609431455 ], [ -76.260545606236406, 36.842255900524059 ], [ -76.260561445954338, 36.842243435558437 ], [ -76.260641811409812, 36.842169578266635 ], [ -76.260700831210201, 36.842117627345381 ], [ -76.26065158251177, 36.842054736940099 ], [ -76.260596363824121, 36.841994941550041 ], [ -76.260565931483555, 36.841963420721846 ], [ -76.260482509234109, 36.841876997223238 ], [ -76.260410037226166, 36.841801927960802 ], [ -76.260316317907879, 36.841704836720687 ], [ -76.260266322642778, 36.841653046719905 ], [ -76.259801534761337, 36.841362851164909 ], [ -76.259796694795227, 36.841351716126653 ], [ -76.25974778284953, 36.84132493439342 ], [ -76.259696771055303, 36.841299879268234 ], [ -76.259638272315996, 36.841271146102976 ], [ -76.25961732291843, 36.841188498936674 ], [ -76.259601316930372, 36.841136496279404 ], [ -76.259564438840442, 36.841098191964214 ], [ -76.259520956044, 36.841085612974169 ], [ -76.259477125333319, 36.84108477671402 ], [ -76.259421050679435, 36.841102506740484 ], [ -76.259368247039816, 36.841108549768407 ], [ -76.259314710264476, 36.841094498210495 ], [ -76.259263013549941, 36.841074722409658 ], [ -76.259213766949756, 36.841049455732708 ], [ -76.259167551604619, 36.84101899634225 ], [ -76.259124912884502, 36.840983703678141 ], [ -76.259086353952981, 36.840943994215877 ], [ -76.259052329829544, 36.840900336551968 ], [ -76.259023242020163, 36.840853245874136 ], [ -76.258999433779152, 36.840803277881854 ], [ -76.258981186058648, 36.840751022228666 ], [ -76.258979790385894, 36.840699298296222 ], [ -76.258942290584301, 36.840682133509667 ], [ -76.25888697933064, 36.840674027394606 ], [ -76.258841830601611, 36.840717814307887 ], [ -76.258798007934033, 36.840815675493225 ], [ -76.258771994479446, 36.840904477055183 ], [ -76.258697702983881, 36.841044054480776 ], [ -76.258637040852236, 36.841118095437871 ], [ -76.258587019266884, 36.841128889168083 ], [ -76.258511115102806, 36.841125090477362 ], [ -76.258470622737022, 36.841110217397095 ], [ -76.258433469843624, 36.841081308782869 ], [ -76.258440562872934, 36.841039146382656 ], [ -76.258482220066469, 36.840816697775701 ], [ -76.258475118503895, 36.840760164260011 ], [ -76.258426276826398, 36.840731032522534 ], [ -76.258272736569751, 36.840782149647396 ], [ -76.258128376168997, 36.84081934256298 ], [ -76.257987355181768, 36.840842498892961 ], [ -76.257847028200203, 36.840842170429241 ], [ -76.257719152694449, 36.84081622909401 ], [ -76.257623628185499, 36.840783856644066 ], [ -76.257523308506734, 36.84081484015335 ], [ -76.257393210384365, 36.840864053017292 ], [ -76.257258103540792, 36.84088497244484 ], [ -76.25715541598673, 36.840897110495163 ], [ -76.257073320993499, 36.840904942921462 ], [ -76.256988233459936, 36.840915068009274 ], [ -76.256944055703201, 36.840925972663072 ], [ -76.256679123632949, 36.840888012662603 ], [ -76.256374393472967, 36.840811692723349 ], [ -76.256075578426675, 36.840733135132389 ], [ -76.255757003968327, 36.840630700352037 ], [ -76.255724857214403, 36.840615404419559 ], [ -76.255422565264226, 36.840471563456006 ], [ -76.255203132599704, 36.840378070849113 ], [ -76.255044717031083, 36.840297494628928 ], [ -76.254879832884541, 36.840336641080512 ], [ -76.254795234906112, 36.840429020621947 ], [ -76.254764562657883, 36.840454095368905 ] ] ] } },
{ "type": "Feature", "properties": { "OBJECTID": 2184, "ID": null, "PARK_NAME": "Flatiron Park", "BASKETBALL_COURTS": null, "GYMS": null, "RESTROOMS": null, "DETAILS": null, "X_COORD": 12129656.325730439, "Y_COORD": 3477560.3149505798, "ADDRESS": "114 W Charlotte Street", "PARK_TYPE": null, "Shape_Leng": 507.509958, "ACRES": 0.18287046, "ADDITIONAL_INFO": null, "BIKE_RACKS": null, "LIGHTED_BASKETBALL_COURTS": null, "LIGHTED_BASEBALL_FIELDS": null, "LIGHTED_TENNIS_COURTS": null, "ADA_PLAYGROUNDS": null, "PLAYGROUNDS": null, "TENNIS_COURTS": null, "FOOTBALL_FIELDS": null, "BASEBALL_FIELDS": null, "POOLS": null, "GYM": null, "PICNIC_SHELTERS": null, "REC_CENTER": null, "PICNIC_TABLES": null, "LIGHTED_FOOTBALL_FIELDS": null, "created_user": "CSIEMER", "created_date": "2024-10-24T18:15:02Z", "last_edited_user": "RFRASHE", "last_edited_date": "2026-01-06T18:59:23Z", "LUCITYID": "PRK-0178", "COMPKEY": null, "UNITID": null, "LucityAutoID": 179, "InLucity": 1, "LastSynDate": "2024-10-24T18:17:18Z", "Shape__Area": 7965.8055748865017, "Shape__Length": 507.50995845876236 }, "geometry": { "type": "Polygon", "coordinates": [ [ [ -76.289802138687108, 36.852953862679335 ], [ -76.289800499172827, 36.852926753918354 ], [ -76.289197380624586, 36.852726520752348 ], [ -76.289174816770881, 36.852767593072862 ], [ -76.289203165082327, 36.85277241988971 ], [ -76.289138865909337, 36.852901422567903 ], [ -76.289101827460939, 36.852889278015923 ], [ -76.289088355517251, 36.852915144178283 ], [ -76.289515262113099, 36.852943918235709 ], [ -76.289802138687108, 36.852953862679335 ] ] ] } }
]
}
