{ "type": "FeatureCollection", "features": [
{"type":"Feature","geometry":null,"properties":{":id":"row-b4vr.htvz.y7mk",":version":"rv-ddws~5emc~c4py",":created_at":"2026-01-13T16:25:43.144Z",":updated_at":"2026-01-13T16:25:48.755Z","park_name":"Graydon Place Medians","park_type":"Passive Greenspace","address":"1400 Block","ward":"2","superward":"6","acres_ert_in_miles":"1.62","special_event_permitting":"No","abc_permitting":"No","fenced_dog_park":"N/A","restrooms":"No","dedicated_parking_on_site":"No","shelters":null,"benches":"No","picnic_tables_grills":"No","fenced_park":"No","outdoor_basketball_full_court":null,"lighted_basketball_courts":null,"basketball_half_court_only":null,"athletic_field_baseball":null,"athletic_field_lighted":null,"athletic_field_football_soccer":null,"athletic_field_lighted_1":null,"tennis_courts_asphalt_concrete":null,"tennis_courts_clay":null,"lighted_tennis_courts":null,"playground_areas":null,"ada_rubber_surface_playground":null,"swingset":null,"elizabeth_river_trail":null,"amphitheater":null,"walking_path":null,"running_track":null,"disc_golf":null,"batting_cages":null,"dirt_bmx_track":null,"butterfly_garden":null,"sand_volleyball_court":null,"bocce_ball":null,"canoe_kayak_launch":null,"fishing_pier":null,"skate_park":null,"splash_pad":null,"horseshoe_pit":null,"fitness_stations":null,"concrete_asphalt_play_area":null,"volleyball":null,"outdoor_pool":null,"challenge_course":null,"indoor_full_basket_ball_court":null,"art_room":null,"computer_room":null,"dance_music_program":null,"fitness_room":null,"gym":null,"game_room":null,"indoor_pool":null,"kiln_room":null,"kitchen":null,"locker_room":null,"lounge":null,"multipurpose_room":null,"racketball":null,"rock_climbing_wall":null,":@computed_region_25t2_rbz7":null,":@computed_region_x6fk_ihs5":null}},
{"type":"Feature","geometry":null,"properties":{":id":"row-y5qa.9gv6_6bvk",":version":"rv-b4tu~8pii_x37k",":created_at":"2026-01-13T16:25:43.144Z",":updated_at":"2026-01-13T16:25:48.755Z","park_name":"LaValette ADA Kayak Launch and Fishing Pier","park_type":"ADA Kayak Launch and Fishing Pier","address":null,"ward":"2","superward":"7","acres_ert_in_miles":null,"special_event_permitting":"No","abc_permitting":"No","fenced_dog_park":"N/A","restrooms":"No","dedicated_parking_on_site":"No","shelters":null,"benches":"No","picnic_tables_grills":"No","fenced_park":"Yes","outdoor_basketball_full_court":null,"lighted_basketball_courts":null,"basketball_half_court_only":null,"athletic_field_baseball":null,"athletic_field_lighted":null,"athletic_field_football_soccer":null,"athletic_field_lighted_1":null,"tennis_courts_asphalt_concrete":null,"tennis_courts_clay":null,"lighted_tennis_courts":null,"playground_areas":null,"ada_rubber_surface_playground":null,"swingset":null,"elizabeth_river_trail":null,"amphitheater":null,"walking_path":null,"running_track":null,"disc_golf":null,"batting_cages":null,"dirt_bmx_track":null,"butterfly_garden":null,"sand_volleyball_court":null,"bocce_ball":null,"canoe_kayak_launch":"✓","fishing_pier":"✓","skate_park":null,"splash_pad":null,"horseshoe_pit":null,"fitness_stations":null,"concrete_asphalt_play_area":null,"volleyball":null,"outdoor_pool":null,"challenge_course":null,"indoor_full_basket_ball_court":null,"art_room":null,"computer_room":null,"dance_music_program":null,"fitness_room":null,"gym":null,"game_room":null,"indoor_pool":null,"kiln_room":null,"kitchen":null,"locker_room":null,"lounge":null,"multipurpose_room":null,"racketball":null,"rock_climbing_wall":null,":@computed_region_25t2_rbz7":null,":@computed_region_x6fk_ihs5":null}},
{"type":"Feature","geometry":{"type":"Point","coordinates":[-76.28573,36.89802]},"properties":{":id":"row-diqk-jwvi_zkrk",":version":"rv-p5w5_9nd2-s23v",":created_at":"2026-01-13T16:25:43.144Z",":updated_at":"2026-01-13T16:25:48.755Z","park_name":"Riverpoint Playground","park_type":"Neighborhood Active Park","address":"6050 Newport Ave","ward":"2","superward":"6","acres_ert_in_miles":"3.06","special_event_permitting":"No","abc_permitting":"No","fenced_dog_park":"N/A","restrooms":"No","dedicated_parking_on_site":"No","shelters":null,"benches":"Yes","picnic_tables_grills":"No","fenced_park":"No","outdoor_basketball_full_court":null,"lighted_basketball_courts":null,"basketball_half_court_only":"1","athletic_field_baseball":null,"athletic_field_lighted":null,"athletic_field_football_soccer":null,"athletic_field_lighted_1":null,"tennis_courts_asphalt_concrete":null,"tennis_courts_clay":null,"lighted_tennis_courts":null,"playground_areas":"1","ada_rubber_surface_playground":null,"swingset":"2","elizabeth_river_trail":null,"amphitheater":null,"walking_path":null,"running_track":null,"disc_golf":null,"batting_cages":null,"dirt_bmx_track":null,"butterfly_garden":null,"sand_volleyball_court":null,"bocce_ball":null,"canoe_kayak_launch":null,"fishing_pier":null,"skate_park":null,"splash_pad":null,"horseshoe_pit":null,"fitness_stations":null,"concrete_asphalt_play_area":null,"volleyball":null,"outdoor_pool":null,"challenge_course":null,"indoor_full_basket_ball_court":null,"art_room":null,"computer_room":null,"dance_music_program":null,"fitness_room":null,"gym":null,"game_room":null,"indoor_pool":null,"kiln_room":null,"kitchen":null,"locker_room":null,"lounge":null,"multipurpose_room":null,"racketball":null,"rock_climbing_wall":null,":@computed_region_25t2_rbz7":"2943",":@computed_region_x6fk_ihs5":"116"}},
{"type":"Feature","geometry":{"type":"Point","coordinates":[-76.29665,36.87993]},"properties":{":id":"row-3pd9.r46g.89i6",":version":"rv-c3ft~z9ec.bfhc",":created_at":"2026-01-13T16:25:43.144Z",":updated_at":"2026-01-13T16:25:48.755Z","park_name":"38th Street Playground","park_type":"Neighborhood Active Park","address":"841 W 38th St","ward":"2","superward":"7","acres_ert_in_miles":"0.57","special_event_permitting":"No","abc_permitting":"No","fenced_dog_park":"N/A","restrooms":"No","dedicated_parking_on_site":"No","shelters":null,"benches":"Yes","picnic_tables_grills":"No","fenced_park":"Yes","outdoor_basketball_full_court":"1","lighted_basketball_courts":null,"basketball_half_court_only":null,"athletic_field_baseball":null,"athletic_field_lighted":null,"athletic_field_football_soccer":null,"athletic_field_lighted_1":null,"tennis_courts_asphalt_concrete":null,"tennis_courts_clay":null,"lighted_tennis_courts":null,"playground_areas":"1","ada_rubber_surface_playground":null,"swingset":"1","elizabeth_river_trail":null,"amphitheater":null,"walking_path":null,"running_track":null,"disc_golf":null,"batting_cages":null,"dirt_bmx_track":null,"butterfly_garden":null,"sand_volleyball_court":null,"bocce_ball":null,"canoe_kayak_launch":null,"fishing_pier":null,"skate_park":null,"splash_pad":null,"horseshoe_pit":null,"fitness_stations":null,"concrete_asphalt_play_area":null,"volleyball":null,"outdoor_pool":null,"challenge_course":null,"indoor_full_basket_ball_court":null,"art_room":null,"computer_room":null,"dance_music_program":null,"fitness_room":null,"gym":null,"game_room":null,"indoor_pool":null,"kiln_room":null,"kitchen":null,"locker_room":null,"lounge":null,"multipurpose_room":null,"racketball":null,"rock_climbing_wall":null,":@computed_region_25t2_rbz7":"2943",":@computed_region_x6fk_ihs5":"40"}},
{"type":"Feature","geometry":{"type":"Point","coordinates":[-76.19452,36.92646]},"properties":{":id":"row-9us8~wh5z.9dfr",":version":"rv-gt3b~v3cs.ynse",":created_at":"2026-01-13T16:25:43.144Z",":updated_at":"2026-01-13T16:25:48.755Z","park_name":"East Ocean View Community Center","park_type":"Community Center with Active Park Amenities","address":"9520 E. 20th Bay St","ward":"5","superward":"6","acres_ert_in_miles":"6.13","special_event_permitting":"No","abc_permitting":"No","fenced_dog_park":"N/A","restrooms":"Yes","dedicated_parking_on_site":"Yes","shelters":"3","benches":"Yes","picnic_tables_grills":"Yes","fenced_park":"Yes","outdoor_basketball_full_court":null,"lighted_basketball_courts":null,"basketball_half_court_only":null,"athletic_field_baseball":"1","athletic_field_lighted":"1","athletic_field_football_soccer":"1","athletic_field_lighted_1":"1","tennis_courts_asphalt_concrete":null,"tennis_courts_clay":null,"lighted_tennis_courts":null,"playground_areas":"1","ada_rubber_surface_playground":null,"swingset":"1","elizabeth_river_trail":null,"amphitheater":null,"walking_path":null,"running_track":null,"disc_golf":null,"batting_cages":null,"dirt_bmx_track":null,"butterfly_garden":null,"sand_volleyball_court":null,"bocce_ball":null,"canoe_kayak_launch":"✓","fishing_pier":"✓","skate_park":null,"splash_pad":null,"horseshoe_pit":null,"fitness_stations":null,"concrete_asphalt_play_area":null,"volleyball":"✓","outdoor_pool":null,"challenge_course":null,"indoor_full_basket_ball_court":null,"art_room":null,"computer_room":"✓","dance_music_program":null,"fitness_room":null,"gym":"✓","game_room":"✓","indoor_pool":null,"kiln_room":null,"kitchen":null,"locker_room":null,"lounge":null,"multipurpose_room":null,"racketball":null,"rock_climbing_wall":null,":@computed_region_25t2_rbz7":"2943",":@computed_region_x6fk_ihs5":"25"}},
{"type":"Feature","geometry":{"type":"Point","coordinates":[-98.16311,29.12939]},"properties":{":id":"row-q5ir.rmci.qypy",":version":"rv-meg3~jxd2.yw4m",":created_at":"2026-01-13T16:25:43.144Z",":updated_at":"2026-01-13T16:25:48.755Z","park_name":"Camp Allen Elementary School","park_type":"School Site with Active Park Amenities","address":"501 C Street","ward":"1","superward":"7","acres_ert_in_miles":"14.02","special_event_permitting":"No","abc_permitting":"No","fenced_dog_park":"N/A","restrooms":"No","dedicated_parking_on_site":"Yes","shelters":null,"benches":"Yes","picnic_tables_grills":"No","fenced_park":"Yes","outdoor_basketball_full_court":"4","lighted_basketball_courts":null,"basketball_half_court_only":"4","athletic_field_baseball":"1","athletic_field_lighted":null,"athletic_field_football_soccer":null,"athletic_field_lighted_1":null,"tennis_courts_asphalt_concrete":null,"tennis_courts_clay":null,"lighted_tennis_courts":null,"playground_areas":"1","ada_rubber_surface_playground":null,"swingset":null,"elizabeth_river_trail":null,"amphitheater":null,"walking_path":null,"running_track":null,"disc_golf":null,"batting_cages":null,"dirt_bmx_track":null,"butterfly_garden":null,"sand_volleyball_court":null,"bocce_ball":null,"canoe_kayak_launch":null,"fishing_pier":null,"skate_park":null,"splash_pad":null,"horseshoe_pit":null,"fitness_stations":null,"concrete_asphalt_play_area":null,"volleyball":null,"outdoor_pool":null,"challenge_course":null,"indoor_full_basket_ball_court":null,"art_room":null,"computer_room":null,"dance_music_program":null,"fitness_room":null,"gym":null,"game_room":null,"indoor_pool":null,"kiln_room":null,"kitchen":null,"locker_room":null,"lounge":null,"multipurpose_room":null,"racketball":null,"rock_climbing_wall":null,":@computed_region_25t2_rbz7":"2963",":@computed_region_x6fk_ihs5":null}},
{"type":"Feature","geometry":{"type":"Point","coordinates":[-76.29443,36.85033]},"properties":{":id":"row-ux9y-ncky.m5w3",":version":"rv-gyzh-2t7z.p6xt",":created_at":"2026-01-13T16:25:43.144Z",":updated_at":"2026-01-13T16:25:48.755Z","park_name":"Friendship Park","park_type":"Passive Greenspace","address":"265 W. Tazewell St","ward":"2","superward":"6","acres_ert_in_miles":"1.81","special_event_permitting":"No","abc_permitting":"No","fenced_dog_park":"N/A","restrooms":"No","dedicated_parking_on_site":"Yes","shelters":null,"benches":"Yes","picnic_tables_grills":"No","fenced_park":"No","outdoor_basketball_full_court":null,"lighted_basketball_courts":null,"basketball_half_court_only":null,"athletic_field_baseball":null,"athletic_field_lighted":null,"athletic_field_football_soccer":null,"athletic_field_lighted_1":null,"tennis_courts_asphalt_concrete":null,"tennis_courts_clay":null,"lighted_tennis_courts":null,"playground_areas":null,"ada_rubber_surface_playground":null,"swingset":null,"elizabeth_river_trail":"✓","amphitheater":null,"walking_path":null,"running_track":null,"disc_golf":null,"batting_cages":null,"dirt_bmx_track":null,"butterfly_garden":null,"sand_volleyball_court":null,"bocce_ball":null,"canoe_kayak_launch":null,"fishing_pier":null,"skate_park":null,"splash_pad":null,"horseshoe_pit":null,"fitness_stations":null,"concrete_asphalt_play_area":null,"volleyball":null,"outdoor_pool":null,"challenge_course":null,"indoor_full_basket_ball_court":null,"art_room":null,"computer_room":null,"dance_music_program":null,"fitness_room":null,"gym":null,"game_room":null,"indoor_pool":null,"kiln_room":null,"kitchen":null,"locker_room":null,"lounge":null,"multipurpose_room":null,"racketball":null,"rock_climbing_wall":null,":@computed_region_25t2_rbz7":"2943",":@computed_region_x6fk_ihs5":"32"}},
{"type":"Feature","geometry":{"type":"Point","coordinates":[-76.29319,36.8607]},"properties":{":id":"row-79vq-46mu~vrku",":version":"rv-xfr2_5yfd_3v2k",":created_at":"2026-01-13T16:25:43.144Z",":updated_at":"2026-01-13T16:25:48.755Z","park_name":"Fred Huett Center","park_type":"Passive Greenspace","address":"1000 Botetourt Gardens","ward":"2","superward":"6","acres_ert_in_miles":"1.97","special_event_permitting":"No","abc_permitting":"No","fenced_dog_park":"N/A","restrooms":"Yes","dedicated_parking_on_site":"No","shelters":null,"benches":"Yes","picnic_tables_grills":"No","fenced_park":"Partial","outdoor_basketball_full_court":null,"lighted_basketball_courts":null,"basketball_half_court_only":null,"athletic_field_baseball":null,"athletic_field_lighted":null,"athletic_field_football_soccer":null,"athletic_field_lighted_1":null,"tennis_courts_asphalt_concrete":null,"tennis_courts_clay":null,"lighted_tennis_courts":null,"playground_areas":null,"ada_rubber_surface_playground":null,"swingset":null,"elizabeth_river_trail":null,"amphitheater":null,"walking_path":null,"running_track":null,"disc_golf":null,"batting_cages":null,"dirt_bmx_track":null,"butterfly_garden":null,"sand_volleyball_court":null,"bocce_ball":null,"canoe_kayak_launch":null,"fishing_pier":null,"skate_park":null,"splash_pad":null,"horseshoe_pit":null,"fitness_stations":null,"concrete_asphalt_play_area":null,"volleyball":null,"outdoor_pool":null,"challenge_course":null,"indoor_full_basket_ball_court":null,"art_room":null,"computer_room":null,"dance_music_program":null,"fitness_room":null,"gym":null,"game_room":null,"indoor_pool":null,"kiln_room":null,"kitchen":null,"locker_room":null,"lounge":null,"multipurpose_room":null,"racketball":null,"rock_climbing_wall":null,":@computed_region_25t2_rbz7":"2943",":@computed_region_x6fk_ihs5":"34"}},
{"type":"Feature","geometry":{"type":"Point","coordinates":[-76.30403,36.88241]},"properties":{":id":"row-pyhi.g8b7~sfmm",":version":"rv-2shv~fuwk~kj3x",":created_at":"2026-01-13T16:25:43.144Z",":updated_at":"2026-01-13T16:25:48.755Z","park_name":"Lamberts Point Community Center","park_type":"Community Center with Active Park Amenities","address":"1251 W. 42nd St","ward":"2","superward":"7","acres_ert_in_miles":"2.38","special_event_permitting":"No","abc_permitting":"No","fenced_dog_park":"N/A","restrooms":"Yes","dedicated_parking_on_site":"Yes","shelters":null,"benches":"Yes","picnic_tables_grills":"No","fenced_park":"Yes","outdoor_basketball_full_court":null,"lighted_basketball_courts":null,"basketball_half_court_only":null,"athletic_field_baseball":null,"athletic_field_lighted":null,"athletic_field_football_soccer":null,"athletic_field_lighted_1":null,"tennis_courts_asphalt_concrete":null,"tennis_courts_clay":null,"lighted_tennis_courts":null,"playground_areas":"1","ada_rubber_surface_playground":null,"swingset":null,"elizabeth_river_trail":null,"amphitheater":null,"walking_path":null,"running_track":null,"disc_golf":null,"batting_cages":null,"dirt_bmx_track":null,"butterfly_garden":null,"sand_volleyball_court":null,"bocce_ball":null,"canoe_kayak_launch":null,"fishing_pier":null,"skate_park":null,"splash_pad":null,"horseshoe_pit":null,"fitness_stations":null,"concrete_asphalt_play_area":null,"volleyball":"✓","outdoor_pool":null,"challenge_course":null,"indoor_full_basket_ball_court":"✓","art_room":"✓","computer_room":"✓","dance_music_program":null,"fitness_room":"✓","gym":"✓","game_room":"✓","indoor_pool":null,"kiln_room":null,"kitchen":"✓","locker_room":"✓","lounge":"✓","multipurpose_room":"✓","racketball":null,"rock_climbing_wall":"✓",":@computed_region_25t2_rbz7":"2943",":@computed_region_x6fk_ihs5":"48"}},
{"type":"Feature","geometry":{"type":"Point","coordinates":[-76.30676,36.86055]},"properties":{":id":"row-dyzw-wnpp~qx3e",":version":"rv-tbcp_wp6d~4q4i",":created_at":"2026-01-13T16:25:43.144Z",":updated_at":"2026-01-13T16:25:48.755Z","park_name":"Plum Point Park","park_type":"Neighborhood Active Park","address":"1001 W Brambleton Ave","ward":"2","superward":"6","acres_ert_in_miles":"4.17","special_event_permitting":"No","abc_permitting":"No","fenced_dog_park":"N/A","restrooms":"No","dedicated_parking_on_site":"No","shelters":null,"benches":"Yes","picnic_tables_grills":"No","fenced_park":"No","outdoor_basketball_full_court":null,"lighted_basketball_courts":null,"basketball_half_court_only":null,"athletic_field_baseball":null,"athletic_field_lighted":null,"athletic_field_football_soccer":null,"athletic_field_lighted_1":null,"tennis_courts_asphalt_concrete":null,"tennis_courts_clay":null,"lighted_tennis_courts":null,"playground_areas":null,"ada_rubber_surface_playground":null,"swingset":null,"elizabeth_river_trail":"✓","amphitheater":null,"walking_path":"✓","running_track":null,"disc_golf":null,"batting_cages":null,"dirt_bmx_track":null,"butterfly_garden":null,"sand_volleyball_court":null,"bocce_ball":null,"canoe_kayak_launch":null,"fishing_pier":null,"skate_park":null,"splash_pad":null,"horseshoe_pit":null,"fitness_stations":null,"concrete_asphalt_play_area":null,"volleyball":null,"outdoor_pool":null,"challenge_course":null,"indoor_full_basket_ball_court":null,"art_room":null,"computer_room":null,"dance_music_program":null,"fitness_room":null,"gym":null,"game_room":null,"indoor_pool":null,"kiln_room":null,"kitchen":null,"locker_room":null,"lounge":null,"multipurpose_room":null,"racketball":null,"rock_climbing_wall":null,":@computed_region_25t2_rbz7":"2943",":@computed_region_x6fk_ihs5":"128"}},
{"type":"Feature","geometry":{"type":"Point","coordinates":[-82.86159,31.50636]},"properties":{":id":"row-zryu-gbch_trja",":version":"rv-deph~x4ig.kp4b",":created_at":"2026-01-13T16:25:43.144Z",":updated_at":"2026-01-13T16:25:48.755Z","park_name":"Maury High School","park_type":"School Site with Active Park Amenities","address":"300 Shirley Ave","ward":"2","superward":"6","acres_ert_in_miles":"20.07","special_event_permitting":"No","abc_permitting":"No","fenced_dog_park":"N/A","restrooms":"No","dedicated_parking_on_site":"Yes","shelters":null,"benches":"Yes","picnic_tables_grills":"No","fenced_park":"Yes","outdoor_basketball_full_court":null,"lighted_basketball_courts":null,"basketball_half_court_only":null,"athletic_field_baseball":"2","athletic_field_lighted":null,"athletic_field_football_soccer":"1","athletic_field_lighted_1":"1","tennis_courts_asphalt_concrete":"8","tennis_courts_clay":null,"lighted_tennis_courts":null,"playground_areas":null,"ada_rubber_surface_playground":null,"swingset":null,"elizabeth_river_trail":null,"amphitheater":null,"walking_path":null,"running_track":"✓","disc_golf":null,"batting_cages":null,"dirt_bmx_track":null,"butterfly_garden":null,"sand_volleyball_court":null,"bocce_ball":null,"canoe_kayak_launch":null,"fishing_pier":null,"skate_park":null,"splash_pad":null,"horseshoe_pit":null,"fitness_stations":null,"concrete_asphalt_play_area":null,"volleyball":null,"outdoor_pool":null,"challenge_course":null,"indoor_full_basket_ball_court":null,"art_room":null,"computer_room":null,"dance_music_program":null,"fitness_room":null,"gym":null,"game_room":null,"indoor_pool":null,"kiln_room":null,"kitchen":null,"locker_room":null,"lounge":null,"multipurpose_room":null,"racketball":null,"rock_climbing_wall":null,":@computed_region_25t2_rbz7":"1118",":@computed_region_x6fk_ihs5":null}},
{"type":"Feature","geometry":{"type":"Point","coordinates":[-76.27129,36.8742]},"properties":{":id":"row-dhp7-6633_qqwf",":version":"rv-gsxc-fz4a~nagp",":created_at":"2026-01-13T16:25:43.144Z",":updated_at":"2026-01-13T16:25:48.755Z","park_name":"Lafayette Dog Park","park_type":"Dog Park","address":"1270 Lafayette Blvd","ward":"2","superward":"6","acres_ert_in_miles":"0.33","special_event_permitting":"No","abc_permitting":"No","fenced_dog_park":"Yes","restrooms":"No","dedicated_parking_on_site":"No","shelters":null,"benches":"Yes","picnic_tables_grills":"No","fenced_park":"Yes","outdoor_basketball_full_court":null,"lighted_basketball_courts":null,"basketball_half_court_only":null,"athletic_field_baseball":null,"athletic_field_lighted":null,"athletic_field_football_soccer":null,"athletic_field_lighted_1":null,"tennis_courts_asphalt_concrete":null,"tennis_courts_clay":null,"lighted_tennis_courts":null,"playground_areas":null,"ada_rubber_surface_playground":null,"swingset":null,"elizabeth_river_trail":null,"amphitheater":null,"walking_path":null,"running_track":null,"disc_golf":null,"batting_cages":null,"dirt_bmx_track":null,"butterfly_garden":null,"sand_volleyball_court":null,"bocce_ball":null,"canoe_kayak_launch":null,"fishing_pier":null,"skate_park":null,"splash_pad":null,"horseshoe_pit":null,"fitness_stations":null,"concrete_asphalt_play_area":null,"volleyball":null,"outdoor_pool":null,"challenge_course":null,"indoor_full_basket_ball_court":null,"art_room":null,"computer_room":null,"dance_music_program":null,"fitness_room":null,"gym":null,"game_room":null,"indoor_pool":null,"kiln_room":null,"kitchen":null,"locker_room":null,"lounge":null,"multipurpose_room":null,"racketball":null,"rock_climbing_wall":null,":@computed_region_25t2_rbz7":"2943",":@computed_region_x6fk_ihs5":"122"}},
{"type":"Feature","geometry":{"type":"Point","coordinates":[-76.26725,36.857]},"properties":{":id":"row-efaw_gdrk_6uix",":version":"rv-d9dz_7xp5-zrgz",":created_at":"2026-01-13T16:25:43.144Z",":updated_at":"2026-01-13T16:25:48.755Z","park_name":"Goff & Maltby Mini Park","park_type":"Neighborhood Active Park","address":"1305 Maltby Ave","ward":"3","superward":"7","acres_ert_in_miles":"0.46","special_event_permitting":"No","abc_permitting":"No","fenced_dog_park":"N/A","restrooms":"No","dedicated_parking_on_site":"No","shelters":null,"benches":"Yes","picnic_tables_grills":"No","fenced_park":"Yes","outdoor_basketball_full_court":null,"lighted_basketball_courts":null,"basketball_half_court_only":null,"athletic_field_baseball":null,"athletic_field_lighted":null,"athletic_field_football_soccer":null,"athletic_field_lighted_1":null,"tennis_courts_asphalt_concrete":null,"tennis_courts_clay":null,"lighted_tennis_courts":null,"playground_areas":"1","ada_rubber_surface_playground":null,"swingset":"1","elizabeth_river_trail":null,"amphitheater":null,"walking_path":null,"running_track":null,"disc_golf":null,"batting_cages":null,"dirt_bmx_track":null,"butterfly_garden":null,"sand_volleyball_court":null,"bocce_ball":null,"canoe_kayak_launch":null,"fishing_pier":null,"skate_park":null,"splash_pad":null,"horseshoe_pit":null,"fitness_stations":null,"concrete_asphalt_play_area":null,"volleyball":null,"outdoor_pool":null,"challenge_course":null,"indoor_full_basket_ball_court":null,"art_room":null,"computer_room":null,"dance_music_program":null,"fitness_room":null,"gym":null,"game_room":null,"indoor_pool":null,"kiln_room":null,"kitchen":null,"locker_room":null,"lounge":null,"multipurpose_room":null,"racketball":null,"rock_climbing_wall":null,":@computed_region_25t2_rbz7":"2943",":@computed_region_x6fk_ihs5":"11"}},
{"type":"Feature","geometry":{"type":"Point","coordinates":[-76.3039,36.89773]},"properties":{":id":"row-hhj2-ib8k~nqaw",":version":"rv-rpr4_tw7d_nsri",":created_at":"2026-01-13T16:25:43.144Z",":updated_at":"2026-01-13T16:25:48.755Z","park_name":"Myrtle Park","park_type":"Passive Greenspace","address":"6125 Myrtle Park","ward":"2","superward":"6","acres_ert_in_miles":"1.03","special_event_permitting":"No","abc_permitting":"No","fenced_dog_park":"N/A","restrooms":"No","dedicated_parking_on_site":"No","shelters":null,"benches":"Yes","picnic_tables_grills":"No","fenced_park":"Yes","outdoor_basketball_full_court":null,"lighted_basketball_courts":null,"basketball_half_court_only":null,"athletic_field_baseball":null,"athletic_field_lighted":null,"athletic_field_football_soccer":null,"athletic_field_lighted_1":null,"tennis_courts_asphalt_concrete":null,"tennis_courts_clay":null,"lighted_tennis_courts":null,"playground_areas":null,"ada_rubber_surface_playground":null,"swingset":null,"elizabeth_river_trail":null,"amphitheater":null,"walking_path":null,"running_track":null,"disc_golf":null,"batting_cages":null,"dirt_bmx_track":null,"butterfly_garden":null,"sand_volleyball_court":null,"bocce_ball":null,"canoe_kayak_launch":null,"fishing_pier":null,"skate_park":null,"splash_pad":null,"horseshoe_pit":null,"fitness_stations":null,"concrete_asphalt_play_area":null,"volleyball":null,"outdoor_pool":null,"challenge_course":null,"indoor_full_basket_ball_court":null,"art_room":null,"computer_room":null,"dance_music_program":null,"fitness_room":null,"gym":null,"game_room":null,"indoor_pool":null,"kiln_room":null,"kitchen":null,"locker_room":null,"lounge":null,"multipurpose_room":null,"racketball":null,"rock_climbing_wall":null,":@computed_region_25t2_rbz7":"2943",":@computed_region_x6fk_ihs5":"49"}},
{"type":"Feature","geometry":{"type":"Point","coordinates":[-76.28843,36.96494]},"properties":{":id":"row-wpqf.27qy_62vp",":version":"rv-w9sk_bp8q_wtzh",":created_at":"2026-01-13T16:25:43.144Z",":updated_at":"2026-01-13T16:25:48.755Z","park_name":"Willoughby Boat Ramp","park_type":"Boat Ramp","address":"1311 Bayville St","ward":"1","superward":"6","acres_ert_in_miles":null,"special_event_permitting":"No","abc_permitting":"No","fenced_dog_park":"N/A","restrooms":"Yes","dedicated_parking_on_site":"Yes","shelters":null,"benches":"No","picnic_tables_grills":"No","fenced_park":"Yes","outdoor_basketball_full_court":null,"lighted_basketball_courts":null,"basketball_half_court_only":null,"athletic_field_baseball":null,"athletic_field_lighted":null,"athletic_field_football_soccer":null,"athletic_field_lighted_1":null,"tennis_courts_asphalt_concrete":null,"tennis_courts_clay":null,"lighted_tennis_courts":null,"playground_areas":null,"ada_rubber_surface_playground":null,"swingset":null,"elizabeth_river_trail":null,"amphitheater":null,"walking_path":null,"running_track":null,"disc_golf":null,"batting_cages":null,"dirt_bmx_track":null,"butterfly_garden":null,"sand_volleyball_court":null,"bocce_ball":null,"canoe_kayak_launch":null,"fishing_pier":null,"skate_park":null,"splash_pad":null,"horseshoe_pit":null,"fitness_stations":null,"concrete_asphalt_play_area":null,"volleyball":null,"outdoor_pool":null,"challenge_course":null,"indoor_full_basket_ball_court":null,"art_room":null,"computer_room":null,"dance_music_program":null,"fitness_room":null,"gym":null,"game_room":null,"indoor_pool":null,"kiln_room":null,"kitchen":null,"locker_room":null,"lounge":null,"multipurpose_room":null,"racketball":null,"rock_climbing_wall":null,":@computed_region_25t2_rbz7":null,":@computed_region_x6fk_ihs5":"98"}},
{"type":"Feature","geometry":{"type":"Point","coordinates":[-76.27426,36.96479]},"properties":{":id":"row-junr_xx35~xefq",":version":"rv-f7pt_9fa7~xvn3",":created_at":"2026-01-13T16:25:43.144Z",":updated_at":"2026-01-13T16:25:48.755Z","park_name":"Captain's Quarters","park_type":"Community Center with Active Park Amenities","address":"800 Little Bay Ave","ward":"1","superward":"6","acres_ert_in_miles":"2.31","special_event_permitting":"No","abc_permitting":"No","fenced_dog_park":"N/A","restrooms":"Yes","dedicated_parking_on_site":"Yes","shelters":null,"benches":"Yes","picnic_tables_grills":"No","fenced_park":"Yes","outdoor_basketball_full_court":null,"lighted_basketball_courts":null,"basketball_half_court_only":null,"athletic_field_baseball":null,"athletic_field_lighted":null,"athletic_field_football_soccer":null,"athletic_field_lighted_1":null,"tennis_courts_asphalt_concrete":null,"tennis_courts_clay":null,"lighted_tennis_courts":null,"playground_areas":"1","ada_rubber_surface_playground":null,"swingset":"1","elizabeth_river_trail":null,"amphitheater":null,"walking_path":null,"running_track":null,"disc_golf":null,"batting_cages":null,"dirt_bmx_track":null,"butterfly_garden":null,"sand_volleyball_court":null,"bocce_ball":null,"canoe_kayak_launch":"✓","fishing_pier":null,"skate_park":null,"splash_pad":null,"horseshoe_pit":null,"fitness_stations":null,"concrete_asphalt_play_area":null,"volleyball":null,"outdoor_pool":null,"challenge_course":null,"indoor_full_basket_ball_court":null,"art_room":null,"computer_room":null,"dance_music_program":null,"fitness_room":null,"gym":null,"game_room":null,"indoor_pool":null,"kiln_room":null,"kitchen":null,"locker_room":null,"lounge":null,"multipurpose_room":"✓","racketball":null,"rock_climbing_wall":null,":@computed_region_25t2_rbz7":null,":@computed_region_x6fk_ihs5":"98"}},
{"type":"Feature","geometry":{"type":"Point","coordinates":[-83.2357,42.35188]},"properties":{":id":"row-wfff.wgr4_8iab",":version":"rv-zne2.3f46~q7ij",":created_at":"2026-01-13T16:25:43.144Z",":updated_at":"2026-01-13T16:25:48.755Z","park_name":"Glenwood Park","park_type":"Neighborhood Active Park","address":"8100 Evergreen Ave","ward":"1","superward":"7","acres_ert_in_miles":"0.7","special_event_permitting":"No","abc_permitting":"No","fenced_dog_park":"N/A","restrooms":"No","dedicated_parking_on_site":"No","shelters":null,"benches":"Yes","picnic_tables_grills":"No","fenced_park":"Yes","outdoor_basketball_full_court":"1","lighted_basketball_courts":null,"basketball_half_court_only":null,"athletic_field_baseball":null,"athletic_field_lighted":null,"athletic_field_football_soccer":null,"athletic_field_lighted_1":null,"tennis_courts_asphalt_concrete":null,"tennis_courts_clay":null,"lighted_tennis_courts":null,"playground_areas":"2","ada_rubber_surface_playground":null,"swingset":"1","elizabeth_river_trail":null,"amphitheater":null,"walking_path":null,"running_track":null,"disc_golf":null,"batting_cages":null,"dirt_bmx_track":null,"butterfly_garden":null,"sand_volleyball_court":null,"bocce_ball":null,"canoe_kayak_launch":null,"fishing_pier":null,"skate_park":null,"splash_pad":null,"horseshoe_pit":null,"fitness_stations":null,"concrete_asphalt_play_area":null,"volleyball":null,"outdoor_pool":null,"challenge_course":null,"indoor_full_basket_ball_court":null,"art_room":null,"computer_room":null,"dance_music_program":null,"fitness_room":null,"gym":null,"game_room":null,"indoor_pool":null,"kiln_room":null,"kitchen":null,"locker_room":null,"lounge":null,"multipurpose_room":null,"racketball":null,"rock_climbing_wall":null,":@computed_region_25t2_rbz7":"1345",":@computed_region_x6fk_ihs5":null}},
{"type":"Feature","geometry":{"type":"Point","coordinates":[-76.22158,36.92528]},"properties":{":id":"row-23h8~zwwu_7z6y",":version":"rv-iiqs~dby3~c7cr",":created_at":"2026-01-13T16:25:43.144Z",":updated_at":"2026-01-13T16:25:48.755Z","park_name":"Tarrallton Park","park_type":"Community Park","address":"2080 Tarrallton Dr","ward":"5","superward":"6","acres_ert_in_miles":"48.42","special_event_permitting":"Yes","abc_permitting":"No","fenced_dog_park":"N/A","restrooms":"Yes","dedicated_parking_on_site":"Yes","shelters":"2","benches":"Yes","picnic_tables_grills":"Yes","fenced_park":"Yes","outdoor_basketball_full_court":"4","lighted_basketball_courts":null,"basketball_half_court_only":null,"athletic_field_baseball":"7","athletic_field_lighted":"3","athletic_field_football_soccer":"5","athletic_field_lighted_1":"1","tennis_courts_asphalt_concrete":"3","tennis_courts_clay":null,"lighted_tennis_courts":"3","playground_areas":"3","ada_rubber_surface_playground":null,"swingset":"2","elizabeth_river_trail":null,"amphitheater":null,"walking_path":null,"running_track":null,"disc_golf":null,"batting_cages":null,"dirt_bmx_track":"✓","butterfly_garden":null,"sand_volleyball_court":null,"bocce_ball":null,"canoe_kayak_launch":null,"fishing_pier":null,"skate_park":null,"splash_pad":null,"horseshoe_pit":null,"fitness_stations":null,"concrete_asphalt_play_area":null,"volleyball":null,"outdoor_pool":null,"challenge_course":null,"indoor_full_basket_ball_court":null,"art_room":null,"computer_room":null,"dance_music_program":null,"fitness_room":null,"gym":null,"game_room":null,"indoor_pool":null,"kiln_room":null,"kitchen":null,"locker_room":null,"lounge":null,"multipurpose_room":null,"racketball":null,"rock_climbing_wall":null,":@computed_region_25t2_rbz7":"2943",":@computed_region_x6fk_ihs5":"80"}},
{"type":"Feature","geometry":{"type":"Point","coordinates":[-76.26769,36.82976]},"properties":{":id":"row-3ux8_42de_bg2b",":version":"rv-pprh_4vca~srs6",":created_at":"2026-01-13T16:25:43.144Z",":updated_at":"2026-01-13T16:25:48.755Z","park_name":"Campostella Center","park_type":"Community Center with Active Park Amenities","address":"1130 Leake St","ward":"4","superward":"7","acres_ert_in_miles":"1.66","special_event_permitting":"No","abc_permitting":"No","fenced_dog_park":"N/A","restrooms":"Yes","dedicated_parking_on_site":"Yes","shelters":null,"benches":"Yes","picnic_tables_grills":"No","fenced_park":"Partial","outdoor_basketball_full_court":"2","lighted_basketball_courts":null,"basketball_half_court_only":null,"athletic_field_baseball":null,"athletic_field_lighted":null,"athletic_field_football_soccer":null,"athletic_field_lighted_1":null,"tennis_courts_asphalt_concrete":null,"tennis_courts_clay":null,"lighted_tennis_courts":null,"playground_areas":"1","ada_rubber_surface_playground":null,"swingset":null,"elizabeth_river_trail":null,"amphitheater":null,"walking_path":null,"running_track":null,"disc_golf":null,"batting_cages":null,"dirt_bmx_track":null,"butterfly_garden":null,"sand_volleyball_court":null,"bocce_ball":null,"canoe_kayak_launch":null,"fishing_pier":null,"skate_park":null,"splash_pad":null,"horseshoe_pit":null,"fitness_stations":null,"concrete_asphalt_play_area":null,"volleyball":null,"outdoor_pool":null,"challenge_course":null,"indoor_full_basket_ball_court":null,"art_room":"✓","computer_room":"✓","dance_music_program":null,"fitness_room":null,"gym":null,"game_room":null,"indoor_pool":null,"kiln_room":null,"kitchen":null,"locker_room":null,"lounge":null,"multipurpose_room":"✓","racketball":null,"rock_climbing_wall":null,":@computed_region_25t2_rbz7":"2943",":@computed_region_x6fk_ihs5":"15"}},
{"type":"Feature","geometry":{"type":"Point","coordinates":[-92.65848,33.21001]},"properties":{":id":"row-mcy2-3hx8-2ny8",":version":"rv-xfzn-x7sy-vxyp",":created_at":"2026-01-13T16:25:43.144Z",":updated_at":"2026-01-13T16:25:48.755Z","park_name":"Botetourt Gardens-South Blocks Medians","park_type":"Passive Greenspace","address":"600-800 Block","ward":"2","superward":"6","acres_ert_in_miles":"2.66","special_event_permitting":"No","abc_permitting":"No","fenced_dog_park":"N/A","restrooms":"No","dedicated_parking_on_site":"No","shelters":null,"benches":"No","picnic_tables_grills":"No","fenced_park":"No","outdoor_basketball_full_court":null,"lighted_basketball_courts":null,"basketball_half_court_only":null,"athletic_field_baseball":null,"athletic_field_lighted":null,"athletic_field_football_soccer":null,"athletic_field_lighted_1":null,"tennis_courts_asphalt_concrete":null,"tennis_courts_clay":null,"lighted_tennis_courts":null,"playground_areas":null,"ada_rubber_surface_playground":null,"swingset":null,"elizabeth_river_trail":null,"amphitheater":null,"walking_path":null,"running_track":null,"disc_golf":null,"batting_cages":null,"dirt_bmx_track":null,"butterfly_garden":null,"sand_volleyball_court":null,"bocce_ball":null,"canoe_kayak_launch":null,"fishing_pier":null,"skate_park":null,"splash_pad":null,"horseshoe_pit":null,"fitness_stations":null,"concrete_asphalt_play_area":null,"volleyball":null,"outdoor_pool":null,"challenge_course":null,"indoor_full_basket_ball_court":null,"art_room":null,"computer_room":null,"dance_music_program":null,"fitness_room":null,"gym":null,"game_room":null,"indoor_pool":null,"kiln_room":null,"kitchen":null,"locker_room":null,"lounge":null,"multipurpose_room":null,"racketball":null,"rock_climbing_wall":null,":@computed_region_25t2_rbz7":"27",":@computed_region_x6fk_ihs5":null}},
{"type":"Feature","geometry":{"type":"Point","coordinates":[-76.26224,36.92367]},"properties":{":id":"row-6efg-qj2t_h5j8",":version":"rv-8q39.rigx-t5zs",":created_at":"2026-01-13T16:25:43.144Z",":updated_at":"2026-01-13T16:25:48.755Z","park_name":"Monticello Village Park","park_type":"Neighborhood Active Park","address":"8075 W Glen Rd","ward":"2","superward":"7","acres_ert_in_miles":"3.52","special_event_permitting":"No","abc_permitting":"No","fenced_dog_park":"N/A","restrooms":"No","dedicated_parking_on_site":"No","shelters":null,"benches":"Yes","picnic_tables_grills":"No","fenced_park":"Yes","outdoor_basketball_full_court":"1","lighted_basketball_courts":null,"basketball_half_court_only":null,"athletic_field_baseball":"1","athletic_field_lighted":null,"athletic_field_football_soccer":"1","athletic_field_lighted_1":null,"tennis_courts_asphalt_concrete":null,"tennis_courts_clay":null,"lighted_tennis_courts":null,"playground_areas":"1","ada_rubber_surface_playground":null,"swingset":"1","elizabeth_river_trail":null,"amphitheater":null,"walking_path":null,"running_track":null,"disc_golf":null,"batting_cages":null,"dirt_bmx_track":null,"butterfly_garden":null,"sand_volleyball_court":null,"bocce_ball":null,"canoe_kayak_launch":null,"fishing_pier":null,"skate_park":null,"splash_pad":null,"horseshoe_pit":null,"fitness_stations":null,"concrete_asphalt_play_area":null,"volleyball":null,"outdoor_pool":null,"challenge_course":null,"indoor_full_basket_ball_court":null,"art_room":null,"computer_room":null,"dance_music_program":null,"fitness_room":null,"gym":null,"game_room":null,"indoor_pool":null,"kiln_room":null,"kitchen":null,"locker_room":null,"lounge":null,"multipurpose_room":null,"racketball":null,"rock_climbing_wall":null,":@computed_region_25t2_rbz7":"2943",":@computed_region_x6fk_ihs5":"58"}},
{"type":"Feature","geometry":{"type":"Point","coordinates":[-76.29683,36.89703]},"properties":{":id":"row-vynd.dimt-t6is",":version":"rv-59az_g24w_ynzm",":created_at":"2026-01-13T16:25:43.144Z",":updated_at":"2026-01-13T16:25:48.755Z","park_name":"Cambridge Park","park_type":"Passive Greenspace","address":"6125 Carroll Place","ward":"2","superward":"6","acres_ert_in_miles":"0.88","special_event_permitting":"No","abc_permitting":"No","fenced_dog_park":"N/A","restrooms":"No","dedicated_parking_on_site":"No","shelters":null,"benches":"No","picnic_tables_grills":"No","fenced_park":"No","outdoor_basketball_full_court":null,"lighted_basketball_courts":null,"basketball_half_court_only":null,"athletic_field_baseball":null,"athletic_field_lighted":null,"athletic_field_football_soccer":null,"athletic_field_lighted_1":null,"tennis_courts_asphalt_concrete":null,"tennis_courts_clay":null,"lighted_tennis_courts":null,"playground_areas":null,"ada_rubber_surface_playground":null,"swingset":null,"elizabeth_river_trail":null,"amphitheater":null,"walking_path":null,"running_track":null,"disc_golf":null,"batting_cages":null,"dirt_bmx_track":null,"butterfly_garden":null,"sand_volleyball_court":null,"bocce_ball":null,"canoe_kayak_launch":null,"fishing_pier":null,"skate_park":null,"splash_pad":null,"horseshoe_pit":null,"fitness_stations":null,"concrete_asphalt_play_area":null,"volleyball":null,"outdoor_pool":null,"challenge_course":null,"indoor_full_basket_ball_court":null,"art_room":null,"computer_room":null,"dance_music_program":null,"fitness_room":null,"gym":null,"game_room":null,"indoor_pool":null,"kiln_room":null,"kitchen":null,"locker_room":null,"lounge":null,"multipurpose_room":null,"racketball":null,"rock_climbing_wall":null,":@computed_region_25t2_rbz7":"2943",":@computed_region_x6fk_ihs5":"49"}},
{"type":"Feature","geometry":{"type":"Point","coordinates":[-118.30129,34.02098]},"properties":{":id":"row-i7ws_z4bc~ymup",":version":"rv-nkns.w6qq_ftqi",":created_at":"2026-01-13T16:25:43.144Z",":updated_at":"2026-01-13T16:25:48.755Z","park_name":"37th Street Park","park_type":"Neighborhood Active Park","address":"1426-1436 W. 37th St","ward":"2","superward":"7","acres_ert_in_miles":"0.44","special_event_permitting":"No","abc_permitting":"No","fenced_dog_park":"N/A","restrooms":"No","dedicated_parking_on_site":"No","shelters":null,"benches":"Yes","picnic_tables_grills":"No","fenced_park":"Yes","outdoor_basketball_full_court":null,"lighted_basketball_courts":null,"basketball_half_court_only":null,"athletic_field_baseball":null,"athletic_field_lighted":null,"athletic_field_football_soccer":null,"athletic_field_lighted_1":null,"tennis_courts_asphalt_concrete":null,"tennis_courts_clay":null,"lighted_tennis_courts":null,"playground_areas":"1","ada_rubber_surface_playground":null,"swingset":"1","elizabeth_river_trail":null,"amphitheater":null,"walking_path":null,"running_track":null,"disc_golf":null,"batting_cages":null,"dirt_bmx_track":null,"butterfly_garden":null,"sand_volleyball_court":null,"bocce_ball":null,"canoe_kayak_launch":null,"fishing_pier":null,"skate_park":null,"splash_pad":null,"horseshoe_pit":null,"fitness_stations":null,"concrete_asphalt_play_area":null,"volleyball":null,"outdoor_pool":null,"challenge_course":null,"indoor_full_basket_ball_court":null,"art_room":null,"computer_room":null,"dance_music_program":null,"fitness_room":null,"gym":null,"game_room":null,"indoor_pool":null,"kiln_room":null,"kitchen":null,"locker_room":null,"lounge":null,"multipurpose_room":null,"racketball":null,"rock_climbing_wall":null,":@computed_region_25t2_rbz7":"1195",":@computed_region_x6fk_ihs5":null}},
{"type":"Feature","geometry":{"type":"Point","coordinates":[-76.21324,36.84517]},"properties":{":id":"row-f2rf.8hwc.j5sx",":version":"rv-6nz2~ittx~b34i",":created_at":"2026-01-13T16:25:43.144Z",":updated_at":"2026-01-13T16:25:48.755Z","park_name":"Poplar Hall Elementary School","park_type":"School Site with Active Park Amenities","address":"5523 Pebble Lane","ward":"4","superward":"7","acres_ert_in_miles":"2.71","special_event_permitting":"No","abc_permitting":"No","fenced_dog_park":"N/A","restrooms":"No","dedicated_parking_on_site":"Yes","shelters":null,"benches":"Yes","picnic_tables_grills":"No","fenced_park":"Yes","outdoor_basketball_full_court":null,"lighted_basketball_courts":null,"basketball_half_court_only":null,"athletic_field_baseball":null,"athletic_field_lighted":null,"athletic_field_football_soccer":null,"athletic_field_lighted_1":null,"tennis_courts_asphalt_concrete":null,"tennis_courts_clay":null,"lighted_tennis_courts":null,"playground_areas":"1","ada_rubber_surface_playground":null,"swingset":null,"elizabeth_river_trail":null,"amphitheater":null,"walking_path":null,"running_track":null,"disc_golf":null,"batting_cages":null,"dirt_bmx_track":null,"butterfly_garden":null,"sand_volleyball_court":null,"bocce_ball":null,"canoe_kayak_launch":null,"fishing_pier":null,"skate_park":null,"splash_pad":null,"horseshoe_pit":null,"fitness_stations":null,"concrete_asphalt_play_area":null,"volleyball":null,"outdoor_pool":null,"challenge_course":null,"indoor_full_basket_ball_court":null,"art_room":null,"computer_room":null,"dance_music_program":null,"fitness_room":null,"gym":null,"game_room":null,"indoor_pool":null,"kiln_room":null,"kitchen":null,"locker_room":null,"lounge":null,"multipurpose_room":null,"racketball":null,"rock_climbing_wall":null,":@computed_region_25t2_rbz7":"2943",":@computed_region_x6fk_ihs5":"74"}},
{"type":"Feature","geometry":{"type":"Point","coordinates":[-121.90452,37.42408]},"properties":{":id":"row-jzp7~eik2-jgh6",":version":"rv-rhv3.5z6d.b76d",":created_at":"2026-01-13T16:25:43.144Z",":updated_at":"2026-01-13T16:25:48.755Z","park_name":"S. Main Street Playground","park_type":"Neighborhood Active Park","address":"324 S. Main St","ward":"4","superward":"7","acres_ert_in_miles":"0.23","special_event_permitting":"No","abc_permitting":"No","fenced_dog_park":"N/A","restrooms":"No","dedicated_parking_on_site":"No","shelters":null,"benches":"Yes","picnic_tables_grills":"No","fenced_park":"Yes","outdoor_basketball_full_court":null,"lighted_basketball_courts":null,"basketball_half_court_only":null,"athletic_field_baseball":null,"athletic_field_lighted":null,"athletic_field_football_soccer":null,"athletic_field_lighted_1":null,"tennis_courts_asphalt_concrete":null,"tennis_courts_clay":null,"lighted_tennis_courts":null,"playground_areas":"1","ada_rubber_surface_playground":null,"swingset":"1","elizabeth_river_trail":null,"amphitheater":null,"walking_path":null,"running_track":null,"disc_golf":null,"batting_cages":null,"dirt_bmx_track":null,"butterfly_garden":null,"sand_volleyball_court":null,"bocce_ball":null,"canoe_kayak_launch":null,"fishing_pier":null,"skate_park":null,"splash_pad":null,"horseshoe_pit":null,"fitness_stations":null,"concrete_asphalt_play_area":null,"volleyball":null,"outdoor_pool":null,"challenge_course":null,"indoor_full_basket_ball_court":null,"art_room":null,"computer_room":null,"dance_music_program":null,"fitness_room":null,"gym":null,"game_room":null,"indoor_pool":null,"kiln_room":null,"kitchen":null,"locker_room":null,"lounge":null,"multipurpose_room":null,"racketball":null,"rock_climbing_wall":null,":@computed_region_25t2_rbz7":"1334",":@computed_region_x6fk_ihs5":null}},
{"type":"Feature","geometry":{"type":"Point","coordinates":[-76.23825,36.85303]},"properties":{":id":"row-y739.uy9m.b8br",":version":"rv-4ikc-xbm5-sxra",":created_at":"2026-01-13T16:25:43.144Z",":updated_at":"2026-01-13T16:25:48.755Z","park_name":"Ingleside Elementary & Ingleside Recreation Center","park_type":"School and Community Center Shared Site With Active Park Amenities","address":"976 Ingleside Road","ward":"4","superward":"7","acres_ert_in_miles":"16.03","special_event_permitting":"No","abc_permitting":"No","fenced_dog_park":"N/A","restrooms":"Yes","dedicated_parking_on_site":"Yes","shelters":null,"benches":"Yes","picnic_tables_grills":"No","fenced_park":"Yes","outdoor_basketball_full_court":"5","lighted_basketball_courts":"4","basketball_half_court_only":null,"athletic_field_baseball":"1","athletic_field_lighted":"1","athletic_field_football_soccer":null,"athletic_field_lighted_1":null,"tennis_courts_asphalt_concrete":null,"tennis_courts_clay":null,"lighted_tennis_courts":null,"playground_areas":"2","ada_rubber_surface_playground":null,"swingset":null,"elizabeth_river_trail":null,"amphitheater":null,"walking_path":null,"running_track":null,"disc_golf":null,"batting_cages":null,"dirt_bmx_track":null,"butterfly_garden":null,"sand_volleyball_court":null,"bocce_ball":null,"canoe_kayak_launch":null,"fishing_pier":null,"skate_park":null,"splash_pad":null,"horseshoe_pit":null,"fitness_stations":null,"concrete_asphalt_play_area":null,"volleyball":null,"outdoor_pool":null,"challenge_course":null,"indoor_full_basket_ball_court":null,"art_room":null,"computer_room":null,"dance_music_program":null,"fitness_room":null,"gym":null,"game_room":"✓","indoor_pool":null,"kiln_room":null,"kitchen":null,"locker_room":null,"lounge":null,"multipurpose_room":"✓","racketball":null,"rock_climbing_wall":null,":@computed_region_25t2_rbz7":"2943",":@computed_region_x6fk_ihs5":"44"}},
{"type":"Feature","geometry":{"type":"Point","coordinates":[-76.25934,36.95487]},"properties":{":id":"row-uygu~qmmu~z3pa",":version":"rv-scp6~em34~ru8p",":created_at":"2026-01-13T16:25:43.144Z",":updated_at":"2026-01-13T16:25:48.755Z","park_name":"Ocean View Elementary School","park_type":"School Site with Active Park Amenities","address":"9501 Mason Creek Rd","ward":"1","superward":"6","acres_ert_in_miles":"26.14","special_event_permitting":"No","abc_permitting":"No","fenced_dog_park":"N/A","restrooms":"No","dedicated_parking_on_site":"Yes","shelters":null,"benches":"Yes","picnic_tables_grills":"No","fenced_park":"Partial","outdoor_basketball_full_court":"4","lighted_basketball_courts":null,"basketball_half_court_only":"4","athletic_field_baseball":"2","athletic_field_lighted":"1","athletic_field_football_soccer":null,"athletic_field_lighted_1":null,"tennis_courts_asphalt_concrete":"2","tennis_courts_clay":null,"lighted_tennis_courts":null,"playground_areas":"1","ada_rubber_surface_playground":null,"swingset":null,"elizabeth_river_trail":null,"amphitheater":null,"walking_path":null,"running_track":null,"disc_golf":null,"batting_cages":null,"dirt_bmx_track":null,"butterfly_garden":null,"sand_volleyball_court":null,"bocce_ball":null,"canoe_kayak_launch":null,"fishing_pier":null,"skate_park":null,"splash_pad":null,"horseshoe_pit":null,"fitness_stations":null,"concrete_asphalt_play_area":null,"volleyball":null,"outdoor_pool":null,"challenge_course":null,"indoor_full_basket_ball_court":null,"art_room":null,"computer_room":null,"dance_music_program":null,"fitness_room":null,"gym":null,"game_room":null,"indoor_pool":null,"kiln_room":null,"kitchen":null,"locker_room":null,"lounge":null,"multipurpose_room":null,"racketball":null,"rock_climbing_wall":null,":@computed_region_25t2_rbz7":"2943",":@computed_region_x6fk_ihs5":"69"}},
{"type":"Feature","geometry":{"type":"Point","coordinates":[-76.29321,36.90847]},"properties":{":id":"row-fp32.b5hq.qyj5",":version":"rv-ha5z.9mju_pifg",":created_at":"2026-01-13T16:25:43.144Z",":updated_at":"2026-01-13T16:25:48.755Z","park_name":"Algonquin Park","park_type":"Passive Greenspace","address":"1058 North Shore Rd","ward":"1","superward":"6","acres_ert_in_miles":"2.2","special_event_permitting":"No","abc_permitting":"No","fenced_dog_park":"N/A","restrooms":"No","dedicated_parking_on_site":"No","shelters":null,"benches":"No","picnic_tables_grills":"No","fenced_park":"No","outdoor_basketball_full_court":null,"lighted_basketball_courts":null,"basketball_half_court_only":null,"athletic_field_baseball":null,"athletic_field_lighted":null,"athletic_field_football_soccer":null,"athletic_field_lighted_1":null,"tennis_courts_asphalt_concrete":null,"tennis_courts_clay":null,"lighted_tennis_courts":null,"playground_areas":null,"ada_rubber_surface_playground":null,"swingset":null,"elizabeth_river_trail":null,"amphitheater":null,"walking_path":null,"running_track":null,"disc_golf":null,"batting_cages":null,"dirt_bmx_track":null,"butterfly_garden":null,"sand_volleyball_court":null,"bocce_ball":null,"canoe_kayak_launch":null,"fishing_pier":null,"skate_park":null,"splash_pad":null,"horseshoe_pit":null,"fitness_stations":null,"concrete_asphalt_play_area":null,"volleyball":null,"outdoor_pool":null,"challenge_course":null,"indoor_full_basket_ball_court":null,"art_room":null,"computer_room":null,"dance_music_program":null,"fitness_room":null,"gym":null,"game_room":null,"indoor_pool":null,"kiln_room":null,"kitchen":null,"locker_room":null,"lounge":null,"multipurpose_room":null,"racketball":null,"rock_climbing_wall":null,":@computed_region_25t2_rbz7":"2943",":@computed_region_x6fk_ihs5":"1"}},
{"type":"Feature","geometry":{"type":"Point","coordinates":[-76.21244,36.92039]},"properties":{":id":"row-mgx4-dnvg_cfeu",":version":"rv-8gts~t8mg~d3a8",":created_at":"2026-01-13T16:25:43.144Z",":updated_at":"2026-01-13T16:25:48.755Z","park_name":"Mona Ave Park","park_type":"Neighborhood Active Park","address":"8230 Mona Ave","ward":"5","superward":"6","acres_ert_in_miles":"0.62","special_event_permitting":"No","abc_permitting":"No","fenced_dog_park":"N/A","restrooms":"No","dedicated_parking_on_site":"No","shelters":null,"benches":"Yes","picnic_tables_grills":"No","fenced_park":"No","outdoor_basketball_full_court":null,"lighted_basketball_courts":null,"basketball_half_court_only":null,"athletic_field_baseball":null,"athletic_field_lighted":null,"athletic_field_football_soccer":null,"athletic_field_lighted_1":null,"tennis_courts_asphalt_concrete":null,"tennis_courts_clay":null,"lighted_tennis_courts":null,"playground_areas":"1","ada_rubber_surface_playground":null,"swingset":"1","elizabeth_river_trail":null,"amphitheater":null,"walking_path":null,"running_track":null,"disc_golf":null,"batting_cages":null,"dirt_bmx_track":null,"butterfly_garden":null,"sand_volleyball_court":null,"bocce_ball":null,"canoe_kayak_launch":null,"fishing_pier":null,"skate_park":null,"splash_pad":null,"horseshoe_pit":null,"fitness_stations":null,"concrete_asphalt_play_area":null,"volleyball":null,"outdoor_pool":null,"challenge_course":null,"indoor_full_basket_ball_court":null,"art_room":null,"computer_room":null,"dance_music_program":null,"fitness_room":null,"gym":null,"game_room":null,"indoor_pool":null,"kiln_room":null,"kitchen":null,"locker_room":null,"lounge":null,"multipurpose_room":null,"racketball":null,"rock_climbing_wall":null,":@computed_region_25t2_rbz7":"2943",":@computed_region_x6fk_ihs5":"80"}},
{"type":"Feature","geometry":{"type":"Point","coordinates":[-76.30515,36.89475]},"properties":{":id":"row-i62e-4s93.zf4r",":version":"rv-ucjk.czfy_uwht",":created_at":"2026-01-13T16:25:43.144Z",":updated_at":"2026-01-13T16:25:48.755Z","park_name":"Virginia Park Median","park_type":"Passive Greenspace","address":"5801 Upper Brandon Place","ward":"2","superward":"6","acres_ert_in_miles":"0.4","special_event_permitting":"No","abc_permitting":"No","fenced_dog_park":"N/A","restrooms":"No","dedicated_parking_on_site":"No","shelters":null,"benches":"Yes","picnic_tables_grills":"No","fenced_park":"No","outdoor_basketball_full_court":null,"lighted_basketball_courts":null,"basketball_half_court_only":null,"athletic_field_baseball":null,"athletic_field_lighted":null,"athletic_field_football_soccer":null,"athletic_field_lighted_1":null,"tennis_courts_asphalt_concrete":null,"tennis_courts_clay":null,"lighted_tennis_courts":null,"playground_areas":null,"ada_rubber_surface_playground":null,"swingset":null,"elizabeth_river_trail":null,"amphitheater":null,"walking_path":null,"running_track":null,"disc_golf":null,"batting_cages":null,"dirt_bmx_track":null,"butterfly_garden":null,"sand_volleyball_court":null,"bocce_ball":null,"canoe_kayak_launch":null,"fishing_pier":null,"skate_park":null,"splash_pad":null,"horseshoe_pit":null,"fitness_stations":null,"concrete_asphalt_play_area":null,"volleyball":null,"outdoor_pool":null,"challenge_course":null,"indoor_full_basket_ball_court":null,"art_room":null,"computer_room":null,"dance_music_program":null,"fitness_room":null,"gym":null,"game_room":null,"indoor_pool":null,"kiln_room":null,"kitchen":null,"locker_room":null,"lounge":null,"multipurpose_room":null,"racketball":null,"rock_climbing_wall":null,":@computed_region_25t2_rbz7":"2943",":@computed_region_x6fk_ihs5":"49"}},
{"type":"Feature","geometry":{"type":"Point","coordinates":[-76.19452,36.92646]},"properties":{":id":"row-7a4a_uhdf_n3cs",":version":"rv-r4mb-5rhu.pm34",":created_at":"2026-01-13T16:25:43.144Z",":updated_at":"2026-01-13T16:25:48.755Z","park_name":"East Ocean View kayak launch","park_type":"Kayak Launch","address":"9520 E. 20th Bay St","ward":"5","superward":"6","acres_ert_in_miles":null,"special_event_permitting":"No","abc_permitting":"No","fenced_dog_park":"N/A","restrooms":"Yes","dedicated_parking_on_site":"Yes","shelters":"3","benches":"Yes","picnic_tables_grills":"Yes","fenced_park":"Yes","outdoor_basketball_full_court":null,"lighted_basketball_courts":null,"basketball_half_court_only":null,"athletic_field_baseball":null,"athletic_field_lighted":null,"athletic_field_football_soccer":null,"athletic_field_lighted_1":null,"tennis_courts_asphalt_concrete":null,"tennis_courts_clay":null,"lighted_tennis_courts":null,"playground_areas":null,"ada_rubber_surface_playground":null,"swingset":null,"elizabeth_river_trail":null,"amphitheater":null,"walking_path":null,"running_track":null,"disc_golf":null,"batting_cages":null,"dirt_bmx_track":null,"butterfly_garden":null,"sand_volleyball_court":null,"bocce_ball":null,"canoe_kayak_launch":"✓","fishing_pier":null,"skate_park":null,"splash_pad":null,"horseshoe_pit":null,"fitness_stations":null,"concrete_asphalt_play_area":null,"volleyball":null,"outdoor_pool":null,"challenge_course":null,"indoor_full_basket_ball_court":null,"art_room":null,"computer_room":null,"dance_music_program":null,"fitness_room":null,"gym":null,"game_room":null,"indoor_pool":null,"kiln_room":null,"kitchen":null,"locker_room":null,"lounge":null,"multipurpose_room":null,"racketball":null,"rock_climbing_wall":null,":@computed_region_25t2_rbz7":"2943",":@computed_region_x6fk_ihs5":"25"}},
{"type":"Feature","geometry":{"type":"Point","coordinates":[-76.26736,36.88201]},"properties":{":id":"row-az2h.937q-9ws2",":version":"rv-jpeq-4mvn.5uq4",":created_at":"2026-01-13T16:25:43.144Z",":updated_at":"2026-01-13T16:25:48.755Z","park_name":"Winona Dog Park","park_type":"Dog Park","address":"3400 Norway Place","ward":"2","superward":"6","acres_ert_in_miles":"1.52","special_event_permitting":"No","abc_permitting":"No","fenced_dog_park":"No","restrooms":"No","dedicated_parking_on_site":"No","shelters":null,"benches":"Yes","picnic_tables_grills":"No","fenced_park":"Partial","outdoor_basketball_full_court":null,"lighted_basketball_courts":null,"basketball_half_court_only":null,"athletic_field_baseball":null,"athletic_field_lighted":null,"athletic_field_football_soccer":null,"athletic_field_lighted_1":null,"tennis_courts_asphalt_concrete":null,"tennis_courts_clay":null,"lighted_tennis_courts":null,"playground_areas":null,"ada_rubber_surface_playground":null,"swingset":null,"elizabeth_river_trail":null,"amphitheater":null,"walking_path":null,"running_track":null,"disc_golf":null,"batting_cages":null,"dirt_bmx_track":null,"butterfly_garden":null,"sand_volleyball_court":null,"bocce_ball":null,"canoe_kayak_launch":null,"fishing_pier":null,"skate_park":null,"splash_pad":null,"horseshoe_pit":null,"fitness_stations":null,"concrete_asphalt_play_area":null,"volleyball":null,"outdoor_pool":null,"challenge_course":null,"indoor_full_basket_ball_court":null,"art_room":null,"computer_room":null,"dance_music_program":null,"fitness_room":null,"gym":null,"game_room":null,"indoor_pool":null,"kiln_room":null,"kitchen":null,"locker_room":null,"lounge":null,"multipurpose_room":null,"racketball":null,"rock_climbing_wall":null,":@computed_region_25t2_rbz7":"2943",":@computed_region_x6fk_ihs5":"122"}},
{"type":"Feature","geometry":{"type":"Point","coordinates":[-76.24405,36.90245]},"properties":{":id":"row-kfk3.ndag~xyx7",":version":"rv-2wu3.hf9t_rvsg",":created_at":"2026-01-13T16:25:43.144Z",":updated_at":"2026-01-13T16:25:48.755Z","park_name":"Coronado School","park_type":"School Site with Active Park Amenities","address":"1025 Widgeon Rd","ward":"3","superward":"7","acres_ert_in_miles":"2.25","special_event_permitting":"No","abc_permitting":"No","fenced_dog_park":"N/A","restrooms":"No","dedicated_parking_on_site":"Yes","shelters":null,"benches":"No","picnic_tables_grills":"No","fenced_park":"Yes","outdoor_basketball_full_court":"2","lighted_basketball_courts":null,"basketball_half_court_only":null,"athletic_field_baseball":null,"athletic_field_lighted":null,"athletic_field_football_soccer":null,"athletic_field_lighted_1":null,"tennis_courts_asphalt_concrete":null,"tennis_courts_clay":null,"lighted_tennis_courts":null,"playground_areas":"1","ada_rubber_surface_playground":null,"swingset":null,"elizabeth_river_trail":null,"amphitheater":null,"walking_path":null,"running_track":null,"disc_golf":null,"batting_cages":null,"dirt_bmx_track":null,"butterfly_garden":null,"sand_volleyball_court":null,"bocce_ball":null,"canoe_kayak_launch":null,"fishing_pier":null,"skate_park":null,"splash_pad":null,"horseshoe_pit":null,"fitness_stations":null,"concrete_asphalt_play_area":null,"volleyball":null,"outdoor_pool":null,"challenge_course":null,"indoor_full_basket_ball_court":null,"art_room":null,"computer_room":null,"dance_music_program":null,"fitness_room":null,"gym":null,"game_room":null,"indoor_pool":null,"kiln_room":null,"kitchen":null,"locker_room":null,"lounge":null,"multipurpose_room":null,"racketball":null,"rock_climbing_wall":null,":@computed_region_25t2_rbz7":"2943",":@computed_region_x6fk_ihs5":"106"}},
{"type":"Feature","geometry":{"type":"Point","coordinates":[-76.22195,36.91193]},"properties":{":id":"row-cuau~94w9-ty68",":version":"rv-aphm.f255-2b8f",":created_at":"2026-01-13T16:25:43.144Z",":updated_at":"2026-01-13T16:25:48.755Z","park_name":"Larrymore Elementary School","park_type":"School Site with Active Park Amenities","address":"7600 Halprin Dr","ward":"5","superward":"6","acres_ert_in_miles":"16.38","special_event_permitting":"No","abc_permitting":"No","fenced_dog_park":"N/A","restrooms":"No","dedicated_parking_on_site":"Yes","shelters":null,"benches":"Yes","picnic_tables_grills":"No","fenced_park":"Yes","outdoor_basketball_full_court":"2","lighted_basketball_courts":null,"basketball_half_court_only":"4","athletic_field_baseball":"2","athletic_field_lighted":null,"athletic_field_football_soccer":"1","athletic_field_lighted_1":null,"tennis_courts_asphalt_concrete":"4","tennis_courts_clay":null,"lighted_tennis_courts":null,"playground_areas":"2","ada_rubber_surface_playground":null,"swingset":null,"elizabeth_river_trail":null,"amphitheater":null,"walking_path":null,"running_track":null,"disc_golf":null,"batting_cages":null,"dirt_bmx_track":null,"butterfly_garden":null,"sand_volleyball_court":null,"bocce_ball":null,"canoe_kayak_launch":null,"fishing_pier":null,"skate_park":null,"splash_pad":null,"horseshoe_pit":null,"fitness_stations":null,"concrete_asphalt_play_area":null,"volleyball":null,"outdoor_pool":null,"challenge_course":null,"indoor_full_basket_ball_court":null,"art_room":null,"computer_room":null,"dance_music_program":null,"fitness_room":null,"gym":null,"game_room":null,"indoor_pool":null,"kiln_room":null,"kitchen":null,"locker_room":null,"lounge":null,"multipurpose_room":null,"racketball":null,"rock_climbing_wall":null,":@computed_region_25t2_rbz7":"2943",":@computed_region_x6fk_ihs5":"50"}},
{"type":"Feature","geometry":null,"properties":{":id":"row-wt8c_xfsx_5hg6",":version":"rv-ycki~9sf3_3m2k",":created_at":"2026-01-13T16:25:43.144Z",":updated_at":"2026-01-13T16:25:48.755Z","park_name":"Ballentine School","park_type":"School Site with Active Park Amenities","address":"2415 Ballantine Ave","ward":"3","superward":"7","acres_ert_in_miles":"10.26","special_event_permitting":"No","abc_permitting":"No","fenced_dog_park":"N/A","restrooms":"No","dedicated_parking_on_site":"Yes","shelters":null,"benches":"Yes","picnic_tables_grills":"Yes","fenced_park":"Yes","outdoor_basketball_full_court":"3","lighted_basketball_courts":null,"basketball_half_court_only":null,"athletic_field_baseball":"1","athletic_field_lighted":null,"athletic_field_football_soccer":null,"athletic_field_lighted_1":null,"tennis_courts_asphalt_concrete":null,"tennis_courts_clay":null,"lighted_tennis_courts":null,"playground_areas":"1","ada_rubber_surface_playground":null,"swingset":null,"elizabeth_river_trail":null,"amphitheater":null,"walking_path":null,"running_track":null,"disc_golf":null,"batting_cages":null,"dirt_bmx_track":null,"butterfly_garden":null,"sand_volleyball_court":null,"bocce_ball":null,"canoe_kayak_launch":null,"fishing_pier":null,"skate_park":null,"splash_pad":null,"horseshoe_pit":null,"fitness_stations":null,"concrete_asphalt_play_area":null,"volleyball":null,"outdoor_pool":null,"challenge_course":null,"indoor_full_basket_ball_court":null,"art_room":null,"computer_room":null,"dance_music_program":null,"fitness_room":null,"gym":null,"game_room":null,"indoor_pool":null,"kiln_room":null,"kitchen":null,"locker_room":null,"lounge":null,"multipurpose_room":null,"racketball":null,"rock_climbing_wall":null,":@computed_region_25t2_rbz7":null,":@computed_region_x6fk_ihs5":null}},
{"type":"Feature","geometry":{"type":"Point","coordinates":[-76.26209,36.95826]},"properties":{":id":"row-p9hg~t8rh.8jzh",":version":"rv-genq~vsnp~cikj",":created_at":"2026-01-13T16:25:43.144Z",":updated_at":"2026-01-13T16:25:48.755Z","park_name":"Willoughby Elementary School","park_type":"School Site with Active Park Amenities","address":"9500 Fourth View St","ward":"1","superward":"6","acres_ert_in_miles":"8.22","special_event_permitting":"No","abc_permitting":"No","fenced_dog_park":"N/A","restrooms":"No","dedicated_parking_on_site":"Yes","shelters":null,"benches":"Yes","picnic_tables_grills":"No","fenced_park":"Yes","outdoor_basketball_full_court":"4","lighted_basketball_courts":null,"basketball_half_court_only":"4","athletic_field_baseball":null,"athletic_field_lighted":null,"athletic_field_football_soccer":"1","athletic_field_lighted_1":null,"tennis_courts_asphalt_concrete":null,"tennis_courts_clay":null,"lighted_tennis_courts":null,"playground_areas":"1","ada_rubber_surface_playground":null,"swingset":null,"elizabeth_river_trail":null,"amphitheater":null,"walking_path":null,"running_track":null,"disc_golf":null,"batting_cages":null,"dirt_bmx_track":null,"butterfly_garden":null,"sand_volleyball_court":null,"bocce_ball":null,"canoe_kayak_launch":null,"fishing_pier":null,"skate_park":null,"splash_pad":null,"horseshoe_pit":null,"fitness_stations":null,"concrete_asphalt_play_area":null,"volleyball":null,"outdoor_pool":null,"challenge_course":null,"indoor_full_basket_ball_court":null,"art_room":null,"computer_room":null,"dance_music_program":null,"fitness_room":null,"gym":null,"game_room":null,"indoor_pool":null,"kiln_room":null,"kitchen":null,"locker_room":null,"lounge":null,"multipurpose_room":null,"racketball":null,"rock_climbing_wall":null,":@computed_region_25t2_rbz7":"2943",":@computed_region_x6fk_ihs5":"128"}},
{"type":"Feature","geometry":null,"properties":{":id":"row-msef~id5y-398e",":version":"rv-anww_3qrv_canx",":created_at":"2026-01-13T16:25:43.144Z",":updated_at":"2026-01-13T16:25:48.755Z","park_name":"Oakmont North Playgrounds","park_type":"Neighborhood Active Park","address":"1305 Oakmont Court(adjacent to)","ward":"3","superward":"7","acres_ert_in_miles":"8.55","special_event_permitting":"No","abc_permitting":"No","fenced_dog_park":"N/A","restrooms":"No","dedicated_parking_on_site":"No","shelters":null,"benches":"No","picnic_tables_grills":"No","fenced_park":"Partial","outdoor_basketball_full_court":"2","lighted_basketball_courts":null,"basketball_half_court_only":"2","athletic_field_baseball":"1","athletic_field_lighted":null,"athletic_field_football_soccer":null,"athletic_field_lighted_1":null,"tennis_courts_asphalt_concrete":null,"tennis_courts_clay":null,"lighted_tennis_courts":null,"playground_areas":"3","ada_rubber_surface_playground":null,"swingset":"1","elizabeth_river_trail":null,"amphitheater":null,"walking_path":null,"running_track":null,"disc_golf":null,"batting_cages":null,"dirt_bmx_track":null,"butterfly_garden":null,"sand_volleyball_court":null,"bocce_ball":null,"canoe_kayak_launch":null,"fishing_pier":null,"skate_park":null,"splash_pad":null,"horseshoe_pit":null,"fitness_stations":null,"concrete_asphalt_play_area":null,"volleyball":null,"outdoor_pool":null,"challenge_course":null,"indoor_full_basket_ball_court":null,"art_room":null,"computer_room":null,"dance_music_program":null,"fitness_room":null,"gym":null,"game_room":null,"indoor_pool":null,"kiln_room":null,"kitchen":null,"locker_room":null,"lounge":null,"multipurpose_room":null,"racketball":null,"rock_climbing_wall":null,":@computed_region_25t2_rbz7":null,":@computed_region_x6fk_ihs5":null}},
{"type":"Feature","geometry":{"type":"Point","coordinates":[-80.29272,25.84786]},"properties":{":id":"row-65sj~h3er_u3r7",":version":"rv-7zix-ztv4~cgsq",":created_at":"2026-01-13T16:25:43.144Z",":updated_at":"2026-01-13T16:25:48.755Z","park_name":"James Monroe Elementary School & Park Place Community Center","park_type":"School and Community Center Shared Site With Active Park Amenities","address":"520 W. 29th St","ward":"2","superward":"7","acres_ert_in_miles":"11.07","special_event_permitting":"No","abc_permitting":"No","fenced_dog_park":"N/A","restrooms":"Yes","dedicated_parking_on_site":"Yes","shelters":null,"benches":"Yes","picnic_tables_grills":"Yes","fenced_park":"Yes","outdoor_basketball_full_court":"4","lighted_basketball_courts":null,"basketball_half_court_only":"3","athletic_field_baseball":null,"athletic_field_lighted":null,"athletic_field_football_soccer":"1","athletic_field_lighted_1":null,"tennis_courts_asphalt_concrete":null,"tennis_courts_clay":null,"lighted_tennis_courts":null,"playground_areas":"2","ada_rubber_surface_playground":null,"swingset":null,"elizabeth_river_trail":null,"amphitheater":null,"walking_path":null,"running_track":null,"disc_golf":null,"batting_cages":null,"dirt_bmx_track":null,"butterfly_garden":null,"sand_volleyball_court":null,"bocce_ball":null,"canoe_kayak_launch":null,"fishing_pier":null,"skate_park":null,"splash_pad":null,"horseshoe_pit":null,"fitness_stations":null,"concrete_asphalt_play_area":null,"volleyball":null,"outdoor_pool":null,"challenge_course":null,"indoor_full_basket_ball_court":"✓","art_room":null,"computer_room":null,"dance_music_program":null,"fitness_room":null,"gym":"✓","game_room":"✓","indoor_pool":null,"kiln_room":null,"kitchen":null,"locker_room":null,"lounge":null,"multipurpose_room":null,"racketball":null,"rock_climbing_wall":null,":@computed_region_25t2_rbz7":"1074",":@computed_region_x6fk_ihs5":null}},
{"type":"Feature","geometry":{"type":"Point","coordinates":[-76.28927,36.85168]},"properties":{":id":"row-xqev-kkjs_6upj",":version":"rv-3swk_vzxx_mu9r",":created_at":"2026-01-13T16:25:43.144Z",":updated_at":"2026-01-13T16:25:48.755Z","park_name":"Downtown Dog Park","park_type":"Dog Park","address":"416 Granby Street","ward":"2","superward":"6","acres_ert_in_miles":"0.06","special_event_permitting":"No","abc_permitting":"No","fenced_dog_park":"Yes","restrooms":"No","dedicated_parking_on_site":"No","shelters":null,"benches":"Yes","picnic_tables_grills":"No","fenced_park":"Yes","outdoor_basketball_full_court":null,"lighted_basketball_courts":null,"basketball_half_court_only":null,"athletic_field_baseball":null,"athletic_field_lighted":null,"athletic_field_football_soccer":null,"athletic_field_lighted_1":null,"tennis_courts_asphalt_concrete":null,"tennis_courts_clay":null,"lighted_tennis_courts":null,"playground_areas":null,"ada_rubber_surface_playground":null,"swingset":null,"elizabeth_river_trail":null,"amphitheater":null,"walking_path":null,"running_track":null,"disc_golf":null,"batting_cages":null,"dirt_bmx_track":null,"butterfly_garden":null,"sand_volleyball_court":null,"bocce_ball":null,"canoe_kayak_launch":null,"fishing_pier":null,"skate_park":null,"splash_pad":null,"horseshoe_pit":null,"fitness_stations":null,"concrete_asphalt_play_area":null,"volleyball":null,"outdoor_pool":null,"challenge_course":null,"indoor_full_basket_ball_court":null,"art_room":null,"computer_room":null,"dance_music_program":null,"fitness_room":null,"gym":null,"game_room":null,"indoor_pool":null,"kiln_room":null,"kitchen":null,"locker_room":null,"lounge":null,"multipurpose_room":null,"racketball":null,"rock_climbing_wall":null,":@computed_region_25t2_rbz7":"2943",":@computed_region_x6fk_ihs5":"22"}},
{"type":"Feature","geometry":{"type":"Point","coordinates":[-76.24452,36.95005]},"properties":{":id":"row-828t-2yur-mxyx",":version":"rv-u9ir_cyif.e3tq",":created_at":"2026-01-13T16:25:43.144Z",":updated_at":"2026-01-13T16:25:48.755Z","park_name":"Community Beach","park_type":"Passive Greenspace","address":"700 E. Ocean View Ave","ward":"5","superward":"6","acres_ert_in_miles":"8.05","special_event_permitting":"No","abc_permitting":"No","fenced_dog_park":"N/A","restrooms":"Yes","dedicated_parking_on_site":"Yes","shelters":"1","benches":"Yes","picnic_tables_grills":"Yes","fenced_park":"No","outdoor_basketball_full_court":"2","lighted_basketball_courts":null,"basketball_half_court_only":null,"athletic_field_baseball":null,"athletic_field_lighted":null,"athletic_field_football_soccer":null,"athletic_field_lighted_1":null,"tennis_courts_asphalt_concrete":null,"tennis_courts_clay":null,"lighted_tennis_courts":null,"playground_areas":"1","ada_rubber_surface_playground":null,"swingset":null,"elizabeth_river_trail":null,"amphitheater":null,"walking_path":null,"running_track":null,"disc_golf":null,"batting_cages":null,"dirt_bmx_track":null,"butterfly_garden":null,"sand_volleyball_court":null,"bocce_ball":null,"canoe_kayak_launch":null,"fishing_pier":null,"skate_park":null,"splash_pad":null,"horseshoe_pit":null,"fitness_stations":null,"concrete_asphalt_play_area":null,"volleyball":null,"outdoor_pool":null,"challenge_course":null,"indoor_full_basket_ball_court":null,"art_room":null,"computer_room":null,"dance_music_program":null,"fitness_room":null,"gym":null,"game_room":null,"indoor_pool":null,"kiln_room":null,"kitchen":null,"locker_room":null,"lounge":null,"multipurpose_room":null,"racketball":null,"rock_climbing_wall":null,":@computed_region_25t2_rbz7":"2943",":@computed_region_x6fk_ihs5":"104"}},
{"type":"Feature","geometry":null,"properties":{":id":"row-kyyp_2riv~ieni",":version":"rv-epph_84zt.uzkc",":created_at":"2026-01-13T16:25:43.144Z",":updated_at":"2026-01-13T16:25:48.755Z","park_name":"Tarrallton Elementary School & Tarrallton Community Center(included with Tarrallton Park)","park_type":"School and Community Center Shared Site With Active Park Amenities","address":"2080 Tarrallton Dr    Acreage Included in Community Parks","ward":"5","superward":"6","acres_ert_in_miles":"48.42","special_event_permitting":"No","abc_permitting":"No","fenced_dog_park":"N/A","restrooms":"Yes","dedicated_parking_on_site":"Yes","shelters":"2","benches":"Yes","picnic_tables_grills":"Yes","fenced_park":"Yes","outdoor_basketball_full_court":null,"lighted_basketball_courts":null,"basketball_half_court_only":null,"athletic_field_baseball":null,"athletic_field_lighted":null,"athletic_field_football_soccer":null,"athletic_field_lighted_1":null,"tennis_courts_asphalt_concrete":null,"tennis_courts_clay":null,"lighted_tennis_courts":null,"playground_areas":null,"ada_rubber_surface_playground":null,"swingset":null,"elizabeth_river_trail":null,"amphitheater":null,"walking_path":null,"running_track":null,"disc_golf":null,"batting_cages":null,"dirt_bmx_track":null,"butterfly_garden":null,"sand_volleyball_court":null,"bocce_ball":null,"canoe_kayak_launch":null,"fishing_pier":null,"skate_park":null,"splash_pad":null,"horseshoe_pit":null,"fitness_stations":null,"concrete_asphalt_play_area":null,"volleyball":null,"outdoor_pool":null,"challenge_course":null,"indoor_full_basket_ball_court":"✓","art_room":null,"computer_room":null,"dance_music_program":null,"fitness_room":null,"gym":"✓","game_room":"✓","indoor_pool":null,"kiln_room":null,"kitchen":"✓","locker_room":"✓","lounge":null,"multipurpose_room":"✓","racketball":null,"rock_climbing_wall":null,":@computed_region_25t2_rbz7":null,":@computed_region_x6fk_ihs5":null}},
{"type":"Feature","geometry":null,"properties":{":id":"row-6874.siev-ydak",":version":"rv-mteb.ybae-8pge",":created_at":"2026-01-13T16:25:43.144Z",":updated_at":"2026-01-13T16:25:48.755Z","park_name":"Hague Dog Park","park_type":"Dog Park","address":"700 Brambleton Ave(listed/included as passive park)","ward":"2","superward":"6","acres_ert_in_miles":"5.21","special_event_permitting":"No","abc_permitting":"No","fenced_dog_park":"N/A","restrooms":"No","dedicated_parking_on_site":"No","shelters":null,"benches":"No","picnic_tables_grills":"No","fenced_park":"No","outdoor_basketball_full_court":null,"lighted_basketball_courts":null,"basketball_half_court_only":null,"athletic_field_baseball":null,"athletic_field_lighted":null,"athletic_field_football_soccer":null,"athletic_field_lighted_1":null,"tennis_courts_asphalt_concrete":null,"tennis_courts_clay":null,"lighted_tennis_courts":null,"playground_areas":null,"ada_rubber_surface_playground":null,"swingset":null,"elizabeth_river_trail":null,"amphitheater":null,"walking_path":null,"running_track":null,"disc_golf":null,"batting_cages":null,"dirt_bmx_track":null,"butterfly_garden":null,"sand_volleyball_court":null,"bocce_ball":null,"canoe_kayak_launch":null,"fishing_pier":null,"skate_park":null,"splash_pad":null,"horseshoe_pit":null,"fitness_stations":null,"concrete_asphalt_play_area":null,"volleyball":null,"outdoor_pool":null,"challenge_course":null,"indoor_full_basket_ball_court":null,"art_room":null,"computer_room":null,"dance_music_program":null,"fitness_room":null,"gym":null,"game_room":null,"indoor_pool":null,"kiln_room":null,"kitchen":null,"locker_room":null,"lounge":null,"multipurpose_room":null,"racketball":null,"rock_climbing_wall":null,":@computed_region_25t2_rbz7":null,":@computed_region_x6fk_ihs5":null}},
{"type":"Feature","geometry":{"type":"Point","coordinates":[-76.28145,36.85465]},"properties":{":id":"row-zgqw_bwjz-nmia",":version":"rv-3wpe.4rkb~vtdu",":created_at":"2026-01-13T16:25:43.144Z",":updated_at":"2026-01-13T16:25:48.755Z","park_name":"P.B. Young, Sr. Elementary School","park_type":"School Site with Active Park Amenities","address":"543 E. Olney Rd","ward":"4","superward":"7","acres_ert_in_miles":"7.78","special_event_permitting":"No","abc_permitting":"No","fenced_dog_park":"N/A","restrooms":"No","dedicated_parking_on_site":"Yes","shelters":null,"benches":"Yes","picnic_tables_grills":"No","fenced_park":"Yes","outdoor_basketball_full_court":null,"lighted_basketball_courts":null,"basketball_half_court_only":null,"athletic_field_baseball":"1","athletic_field_lighted":null,"athletic_field_football_soccer":"1","athletic_field_lighted_1":null,"tennis_courts_asphalt_concrete":null,"tennis_courts_clay":null,"lighted_tennis_courts":null,"playground_areas":"1","ada_rubber_surface_playground":null,"swingset":null,"elizabeth_river_trail":null,"amphitheater":null,"walking_path":null,"running_track":null,"disc_golf":null,"batting_cages":null,"dirt_bmx_track":null,"butterfly_garden":null,"sand_volleyball_court":null,"bocce_ball":null,"canoe_kayak_launch":null,"fishing_pier":null,"skate_park":null,"splash_pad":null,"horseshoe_pit":null,"fitness_stations":null,"concrete_asphalt_play_area":"✓","volleyball":null,"outdoor_pool":null,"challenge_course":null,"indoor_full_basket_ball_court":null,"art_room":null,"computer_room":null,"dance_music_program":null,"fitness_room":null,"gym":null,"game_room":null,"indoor_pool":null,"kiln_room":null,"kitchen":null,"locker_room":null,"lounge":null,"multipurpose_room":null,"racketball":null,"rock_climbing_wall":null,":@computed_region_25t2_rbz7":"2943",":@computed_region_x6fk_ihs5":"100"}},
{"type":"Feature","geometry":{"type":"Point","coordinates":[-76.29345,36.85752]},"properties":{":id":"row-hgbq~y4rn~f5dh",":version":"rv-69fy~rvzi-ewib",":created_at":"2026-01-13T16:25:43.144Z",":updated_at":"2026-01-13T16:25:48.755Z","park_name":"Olney Road Parks","park_type":"Passive Greenspace","address":"300-500 W. Olney Rd","ward":"2","superward":"6","acres_ert_in_miles":"2.66","special_event_permitting":"No","abc_permitting":"No","fenced_dog_park":"N/A","restrooms":"No","dedicated_parking_on_site":"No","shelters":null,"benches":"No","picnic_tables_grills":"No","fenced_park":"Partial","outdoor_basketball_full_court":null,"lighted_basketball_courts":null,"basketball_half_court_only":null,"athletic_field_baseball":null,"athletic_field_lighted":null,"athletic_field_football_soccer":null,"athletic_field_lighted_1":null,"tennis_courts_asphalt_concrete":null,"tennis_courts_clay":null,"lighted_tennis_courts":null,"playground_areas":null,"ada_rubber_surface_playground":null,"swingset":null,"elizabeth_river_trail":null,"amphitheater":null,"walking_path":null,"running_track":null,"disc_golf":null,"batting_cages":null,"dirt_bmx_track":null,"butterfly_garden":null,"sand_volleyball_court":null,"bocce_ball":null,"canoe_kayak_launch":null,"fishing_pier":null,"skate_park":null,"splash_pad":null,"horseshoe_pit":null,"fitness_stations":null,"concrete_asphalt_play_area":null,"volleyball":null,"outdoor_pool":null,"challenge_course":null,"indoor_full_basket_ball_court":null,"art_room":null,"computer_room":null,"dance_music_program":null,"fitness_room":null,"gym":null,"game_room":null,"indoor_pool":null,"kiln_room":null,"kitchen":null,"locker_room":null,"lounge":null,"multipurpose_room":null,"racketball":null,"rock_climbing_wall":null,":@computed_region_25t2_rbz7":"2943",":@computed_region_x6fk_ihs5":"34"}},
{"type":"Feature","geometry":{"type":"Point","coordinates":[-77.4844,37.51465]},"properties":{":id":"row-xyi7~vjbm-3rvy",":version":"rv-zysn.6mxf.rwq3",":created_at":"2026-01-13T16:25:43.144Z",":updated_at":"2026-01-13T16:25:48.755Z","park_name":"Highland Park Veterans Kayak Launch 44th/Colley","park_type":"Kayak Launch","address":"700 W 44th St","ward":"2","superward":"6","acres_ert_in_miles":null,"special_event_permitting":"No","abc_permitting":"No","fenced_dog_park":"N/A","restrooms":"No","dedicated_parking_on_site":"No","shelters":null,"benches":"No","picnic_tables_grills":"No","fenced_park":"Yes","outdoor_basketball_full_court":null,"lighted_basketball_courts":null,"basketball_half_court_only":null,"athletic_field_baseball":null,"athletic_field_lighted":null,"athletic_field_football_soccer":null,"athletic_field_lighted_1":null,"tennis_courts_asphalt_concrete":null,"tennis_courts_clay":null,"lighted_tennis_courts":null,"playground_areas":null,"ada_rubber_surface_playground":null,"swingset":null,"elizabeth_river_trail":null,"amphitheater":null,"walking_path":null,"running_track":null,"disc_golf":null,"batting_cages":null,"dirt_bmx_track":null,"butterfly_garden":null,"sand_volleyball_court":null,"bocce_ball":null,"canoe_kayak_launch":"✓","fishing_pier":null,"skate_park":null,"splash_pad":null,"horseshoe_pit":null,"fitness_stations":null,"concrete_asphalt_play_area":null,"volleyball":null,"outdoor_pool":null,"challenge_course":null,"indoor_full_basket_ball_court":null,"art_room":null,"computer_room":null,"dance_music_program":null,"fitness_room":null,"gym":null,"game_room":null,"indoor_pool":null,"kiln_room":null,"kitchen":null,"locker_room":null,"lounge":null,"multipurpose_room":null,"racketball":null,"rock_climbing_wall":null,":@computed_region_25t2_rbz7":"2947",":@computed_region_x6fk_ihs5":null}},
{"type":"Feature","geometry":{"type":"Point","coordinates":[-76.30936,36.91618]},"properties":{":id":"row-75ry.w2bu-tz74",":version":"rv-gi4t~8yjp~uhgt",":created_at":"2026-01-13T16:25:43.144Z",":updated_at":"2026-01-13T16:25:48.755Z","park_name":"Gleneagles Park","park_type":"Passive Greenspace","address":"1201 Daniel Ave","ward":"1","superward":"6","acres_ert_in_miles":"0.67","special_event_permitting":"No","abc_permitting":"No","fenced_dog_park":"No","restrooms":"No","dedicated_parking_on_site":"No","shelters":null,"benches":"No","picnic_tables_grills":"No","fenced_park":"No","outdoor_basketball_full_court":null,"lighted_basketball_courts":null,"basketball_half_court_only":null,"athletic_field_baseball":null,"athletic_field_lighted":null,"athletic_field_football_soccer":null,"athletic_field_lighted_1":null,"tennis_courts_asphalt_concrete":null,"tennis_courts_clay":null,"lighted_tennis_courts":null,"playground_areas":null,"ada_rubber_surface_playground":null,"swingset":null,"elizabeth_river_trail":null,"amphitheater":null,"walking_path":null,"running_track":null,"disc_golf":null,"batting_cages":null,"dirt_bmx_track":null,"butterfly_garden":null,"sand_volleyball_court":null,"bocce_ball":null,"canoe_kayak_launch":null,"fishing_pier":null,"skate_park":null,"splash_pad":null,"horseshoe_pit":null,"fitness_stations":null,"concrete_asphalt_play_area":null,"volleyball":null,"outdoor_pool":null,"challenge_course":null,"indoor_full_basket_ball_court":null,"art_room":null,"computer_room":null,"dance_music_program":null,"fitness_room":null,"gym":null,"game_room":null,"indoor_pool":null,"kiln_room":null,"kitchen":null,"locker_room":null,"lounge":null,"multipurpose_room":null,"racketball":null,"rock_climbing_wall":null,":@computed_region_25t2_rbz7":"2943",":@computed_region_x6fk_ihs5":"52"}},
{"type":"Feature","geometry":{"type":"Point","coordinates":[-76.21068,36.91159]},"properties":{":id":"row-75dt_ms7q~69vn",":version":"rv-enfj~jnan~gpja",":created_at":"2026-01-13T16:25:43.144Z",":updated_at":"2026-01-13T16:25:48.755Z","park_name":"Azalea Garden Middle School","park_type":"School Site with Active Park Amenities","address":"7721 Azalea Garden Rd","ward":"5","superward":"6","acres_ert_in_miles":"20.73","special_event_permitting":"No","abc_permitting":"No","fenced_dog_park":"N/A","restrooms":"No","dedicated_parking_on_site":"Yes","shelters":null,"benches":"No","picnic_tables_grills":"No","fenced_park":"Yes","outdoor_basketball_full_court":null,"lighted_basketball_courts":null,"basketball_half_court_only":"4","athletic_field_baseball":"1","athletic_field_lighted":"1","athletic_field_football_soccer":"1","athletic_field_lighted_1":"1","tennis_courts_asphalt_concrete":"6","tennis_courts_clay":null,"lighted_tennis_courts":"6","playground_areas":null,"ada_rubber_surface_playground":null,"swingset":null,"elizabeth_river_trail":null,"amphitheater":null,"walking_path":null,"running_track":null,"disc_golf":null,"batting_cages":null,"dirt_bmx_track":null,"butterfly_garden":null,"sand_volleyball_court":null,"bocce_ball":null,"canoe_kayak_launch":null,"fishing_pier":null,"skate_park":null,"splash_pad":null,"horseshoe_pit":null,"fitness_stations":null,"concrete_asphalt_play_area":null,"volleyball":null,"outdoor_pool":null,"challenge_course":null,"indoor_full_basket_ball_court":null,"art_room":null,"computer_room":null,"dance_music_program":null,"fitness_room":null,"gym":null,"game_room":null,"indoor_pool":null,"kiln_room":null,"kitchen":null,"locker_room":null,"lounge":null,"multipurpose_room":null,"racketball":null,"rock_climbing_wall":null,":@computed_region_25t2_rbz7":"2943",":@computed_region_x6fk_ihs5":"24"}},
{"type":"Feature","geometry":{"type":"Point","coordinates":[-80.26174,40.60652]},"properties":{":id":"row-h6x4_z87b_75at",":version":"rv-54ac_sjuy_afte",":created_at":"2026-01-13T16:25:43.144Z",":updated_at":"2026-01-13T16:25:48.755Z","park_name":"Fairlawn Elementary & Fairlawn Recreation Center","park_type":"School and Community Center Shared Site With Active Park Amenities","address":"1132 Wade St","ward":"4","superward":"7","acres_ert_in_miles":"16.87","special_event_permitting":"No","abc_permitting":"No","fenced_dog_park":"N/A","restrooms":"Yes","dedicated_parking_on_site":"Yes","shelters":null,"benches":"Yes","picnic_tables_grills":"No","fenced_park":"Yes","outdoor_basketball_full_court":"3","lighted_basketball_courts":"3","basketball_half_court_only":null,"athletic_field_baseball":"3","athletic_field_lighted":"1","athletic_field_football_soccer":"1","athletic_field_lighted_1":null,"tennis_courts_asphalt_concrete":null,"tennis_courts_clay":null,"lighted_tennis_courts":null,"playground_areas":"3","ada_rubber_surface_playground":null,"swingset":null,"elizabeth_river_trail":null,"amphitheater":null,"walking_path":null,"running_track":null,"disc_golf":null,"batting_cages":null,"dirt_bmx_track":null,"butterfly_garden":null,"sand_volleyball_court":null,"bocce_ball":null,"canoe_kayak_launch":null,"fishing_pier":null,"skate_park":null,"splash_pad":null,"horseshoe_pit":null,"fitness_stations":null,"concrete_asphalt_play_area":null,"volleyball":"✓","outdoor_pool":null,"challenge_course":null,"indoor_full_basket_ball_court":"✓","art_room":null,"computer_room":"✓","dance_music_program":null,"fitness_room":null,"gym":"✓","game_room":"✓","indoor_pool":null,"kiln_room":null,"kitchen":"✓","locker_room":"✓","lounge":null,"multipurpose_room":"✓","racketball":null,"rock_climbing_wall":null,":@computed_region_25t2_rbz7":"725",":@computed_region_x6fk_ihs5":null}},
{"type":"Feature","geometry":{"type":"Point","coordinates":[-76.30565,36.91597]},"properties":{":id":"row-sa6b.2pzs-xypf",":version":"rv-nx34_4bp3_uaha",":created_at":"2026-01-13T16:25:43.144Z",":updated_at":"2026-01-13T16:25:48.755Z","park_name":"Meadowbrook Park","park_type":"Neighborhood Active Park","address":"1625 W Little Creek Road","ward":"1","superward":"6","acres_ert_in_miles":"4.46","special_event_permitting":"No","abc_permitting":"No","fenced_dog_park":"N/A","restrooms":"No","dedicated_parking_on_site":"No","shelters":null,"benches":"Yes","picnic_tables_grills":"No","fenced_park":"Yes","outdoor_basketball_full_court":null,"lighted_basketball_courts":null,"basketball_half_court_only":null,"athletic_field_baseball":null,"athletic_field_lighted":null,"athletic_field_football_soccer":null,"athletic_field_lighted_1":null,"tennis_courts_asphalt_concrete":null,"tennis_courts_clay":null,"lighted_tennis_courts":null,"playground_areas":"1","ada_rubber_surface_playground":null,"swingset":"1","elizabeth_river_trail":null,"amphitheater":null,"walking_path":null,"running_track":null,"disc_golf":null,"batting_cages":null,"dirt_bmx_track":null,"butterfly_garden":null,"sand_volleyball_court":null,"bocce_ball":null,"canoe_kayak_launch":null,"fishing_pier":null,"skate_park":null,"splash_pad":null,"horseshoe_pit":null,"fitness_stations":null,"concrete_asphalt_play_area":null,"volleyball":null,"outdoor_pool":null,"challenge_course":null,"indoor_full_basket_ball_court":null,"art_room":null,"computer_room":null,"dance_music_program":null,"fitness_room":null,"gym":null,"game_room":null,"indoor_pool":null,"kiln_room":null,"kitchen":null,"locker_room":null,"lounge":null,"multipurpose_room":null,"racketball":null,"rock_climbing_wall":null,":@computed_region_25t2_rbz7":"2943",":@computed_region_x6fk_ihs5":"53"}},
{"type":"Feature","geometry":{"type":"Point","coordinates":[-76.2948,36.91493]},"properties":{":id":"row-8pay.hzru_vn96",":version":"rv-5628.ygvz.eb8n",":created_at":"2026-01-13T16:25:43.144Z",":updated_at":"2026-01-13T16:25:48.755Z","park_name":"Titustown Recreation & Visual Arts Center","park_type":"Community Center with Active Park Amenities","address":"7545 Diven St","ward":"1","superward":"7","acres_ert_in_miles":"5.89","special_event_permitting":"No","abc_permitting":"No","fenced_dog_park":"N/A","restrooms":"Yes","dedicated_parking_on_site":"Yes","shelters":null,"benches":"Yes","picnic_tables_grills":"No","fenced_park":"Yes","outdoor_basketball_full_court":null,"lighted_basketball_courts":null,"basketball_half_court_only":null,"athletic_field_baseball":"1","athletic_field_lighted":null,"athletic_field_football_soccer":"1","athletic_field_lighted_1":null,"tennis_courts_asphalt_concrete":null,"tennis_courts_clay":null,"lighted_tennis_courts":null,"playground_areas":"1","ada_rubber_surface_playground":null,"swingset":null,"elizabeth_river_trail":null,"amphitheater":null,"walking_path":null,"running_track":null,"disc_golf":null,"batting_cages":null,"dirt_bmx_track":null,"butterfly_garden":null,"sand_volleyball_court":null,"bocce_ball":null,"canoe_kayak_launch":null,"fishing_pier":null,"skate_park":null,"splash_pad":null,"horseshoe_pit":null,"fitness_stations":null,"concrete_asphalt_play_area":null,"volleyball":"✓","outdoor_pool":null,"challenge_course":null,"indoor_full_basket_ball_court":"✓","art_room":"✓","computer_room":"✓","dance_music_program":null,"fitness_room":"✓","gym":"✓","game_room":"✓","indoor_pool":null,"kiln_room":"✓","kitchen":null,"locker_room":null,"lounge":null,"multipurpose_room":"✓","racketball":null,"rock_climbing_wall":null,":@computed_region_25t2_rbz7":"2943",":@computed_region_x6fk_ihs5":"92"}},
{"type":"Feature","geometry":{"type":"Point","coordinates":[-76.29346,36.87429]},"properties":{":id":"row-ntvs-8ugm~i3sc",":version":"rv-wub8~cidk.ceuu",":created_at":"2026-01-13T16:25:43.144Z",":updated_at":"2026-01-13T16:25:48.755Z","park_name":"Munson Park","park_type":"Neighborhood Active Park","address":"2608 Gosnold Ave","ward":"2","superward":"7","acres_ert_in_miles":"1.02","special_event_permitting":"No","abc_permitting":"No","fenced_dog_park":"N/A","restrooms":"No","dedicated_parking_on_site":"No","shelters":null,"benches":"Yes","picnic_tables_grills":"No","fenced_park":"Yes","outdoor_basketball_full_court":"1","lighted_basketball_courts":null,"basketball_half_court_only":null,"athletic_field_baseball":null,"athletic_field_lighted":null,"athletic_field_football_soccer":null,"athletic_field_lighted_1":null,"tennis_courts_asphalt_concrete":null,"tennis_courts_clay":null,"lighted_tennis_courts":null,"playground_areas":"1","ada_rubber_surface_playground":null,"swingset":"1","elizabeth_river_trail":null,"amphitheater":null,"walking_path":null,"running_track":null,"disc_golf":null,"batting_cages":null,"dirt_bmx_track":null,"butterfly_garden":null,"sand_volleyball_court":null,"bocce_ball":null,"canoe_kayak_launch":null,"fishing_pier":null,"skate_park":null,"splash_pad":null,"horseshoe_pit":null,"fitness_stations":null,"concrete_asphalt_play_area":null,"volleyball":null,"outdoor_pool":null,"challenge_course":null,"indoor_full_basket_ball_court":null,"art_room":null,"computer_room":null,"dance_music_program":null,"fitness_room":null,"gym":null,"game_room":null,"indoor_pool":null,"kiln_room":null,"kitchen":null,"locker_room":null,"lounge":null,"multipurpose_room":null,"racketball":null,"rock_climbing_wall":null,":@computed_region_25t2_rbz7":"2943",":@computed_region_x6fk_ihs5":"46"}},
{"type":"Feature","geometry":{"type":"Point","coordinates":[-76.27428,36.86654]},"properties":{":id":"row-y2n2.wpcw_7kax",":version":"rv-qi4r-ny39_26r6",":created_at":"2026-01-13T16:25:43.144Z",":updated_at":"2026-01-13T16:25:48.755Z","park_name":"Pollard Street Playground","park_type":"Neighborhood Active Park","address":"913 Pollard St","ward":"3","superward":"7","acres_ert_in_miles":"1.34","special_event_permitting":"No","abc_permitting":"No","fenced_dog_park":"N/A","restrooms":"No","dedicated_parking_on_site":"No","shelters":null,"benches":"Yes","picnic_tables_grills":"No","fenced_park":"Yes","outdoor_basketball_full_court":"1","lighted_basketball_courts":null,"basketball_half_court_only":null,"athletic_field_baseball":"1","athletic_field_lighted":null,"athletic_field_football_soccer":null,"athletic_field_lighted_1":null,"tennis_courts_asphalt_concrete":null,"tennis_courts_clay":null,"lighted_tennis_courts":null,"playground_areas":"1","ada_rubber_surface_playground":null,"swingset":"1","elizabeth_river_trail":null,"amphitheater":null,"walking_path":null,"running_track":null,"disc_golf":null,"batting_cages":null,"dirt_bmx_track":null,"butterfly_garden":null,"sand_volleyball_court":null,"bocce_ball":null,"canoe_kayak_launch":null,"fishing_pier":null,"skate_park":null,"splash_pad":null,"horseshoe_pit":null,"fitness_stations":null,"concrete_asphalt_play_area":null,"volleyball":null,"outdoor_pool":null,"challenge_course":null,"indoor_full_basket_ball_court":null,"art_room":null,"computer_room":null,"dance_music_program":null,"fitness_room":null,"gym":null,"game_room":null,"indoor_pool":null,"kiln_room":null,"kitchen":null,"locker_room":null,"lounge":null,"multipurpose_room":null,"racketball":null,"rock_climbing_wall":null,":@computed_region_25t2_rbz7":"2943",":@computed_region_x6fk_ihs5":"51"}},
{"type":"Feature","geometry":{"type":"Point","coordinates":[-80.28018,40.70783]},"properties":{":id":"row-jani_af7n.dgf4",":version":"rv-6gwk_cdgx~9vre",":created_at":"2026-01-13T16:25:43.144Z",":updated_at":"2026-01-13T16:25:48.755Z","park_name":"Stuart Early Childhood Center","park_type":"School Site with Active Park Amenities","address":"446 Virginia Ave","ward":"2","superward":"6","acres_ert_in_miles":"3.15","special_event_permitting":"No","abc_permitting":"No","fenced_dog_park":"N/A","restrooms":"No","dedicated_parking_on_site":"Yes","shelters":null,"benches":"No","picnic_tables_grills":"No","fenced_park":"Yes","outdoor_basketball_full_court":"4","lighted_basketball_courts":null,"basketball_half_court_only":null,"athletic_field_baseball":null,"athletic_field_lighted":null,"athletic_field_football_soccer":null,"athletic_field_lighted_1":null,"tennis_courts_asphalt_concrete":null,"tennis_courts_clay":null,"lighted_tennis_courts":null,"playground_areas":"1","ada_rubber_surface_playground":null,"swingset":null,"elizabeth_river_trail":null,"amphitheater":null,"walking_path":null,"running_track":null,"disc_golf":null,"batting_cages":null,"dirt_bmx_track":null,"butterfly_garden":null,"sand_volleyball_court":null,"bocce_ball":null,"canoe_kayak_launch":null,"fishing_pier":null,"skate_park":null,"splash_pad":null,"horseshoe_pit":null,"fitness_stations":null,"concrete_asphalt_play_area":null,"volleyball":null,"outdoor_pool":null,"challenge_course":null,"indoor_full_basket_ball_court":null,"art_room":null,"computer_room":null,"dance_music_program":null,"fitness_room":null,"gym":null,"game_room":null,"indoor_pool":null,"kiln_room":null,"kitchen":null,"locker_room":null,"lounge":null,"multipurpose_room":null,"racketball":null,"rock_climbing_wall":null,":@computed_region_25t2_rbz7":"725",":@computed_region_x6fk_ihs5":null}},
{"type":"Feature","geometry":{"type":"Point","coordinates":[-97.15366,29.28525]},"properties":{":id":"row-2pqc~ic5u.q99f",":version":"rv-pb2q.kyet-w2cn",":created_at":"2026-01-13T16:25:43.144Z",":updated_at":"2026-01-13T16:25:48.755Z","park_name":"Berkley Dog Park","park_type":"Dog Park","address":"400 Blk. Culpepper St","ward":"4","superward":"7","acres_ert_in_miles":"0.48","special_event_permitting":"No","abc_permitting":"No","fenced_dog_park":"No","restrooms":"No","dedicated_parking_on_site":"Yes","shelters":"1","benches":"Yes","picnic_tables_grills":"No","fenced_park":"Partial","outdoor_basketball_full_court":null,"lighted_basketball_courts":null,"basketball_half_court_only":null,"athletic_field_baseball":null,"athletic_field_lighted":null,"athletic_field_football_soccer":null,"athletic_field_lighted_1":null,"tennis_courts_asphalt_concrete":null,"tennis_courts_clay":null,"lighted_tennis_courts":null,"playground_areas":null,"ada_rubber_surface_playground":null,"swingset":null,"elizabeth_river_trail":null,"amphitheater":null,"walking_path":null,"running_track":null,"disc_golf":null,"batting_cages":null,"dirt_bmx_track":null,"butterfly_garden":null,"sand_volleyball_court":null,"bocce_ball":null,"canoe_kayak_launch":null,"fishing_pier":null,"skate_park":null,"splash_pad":null,"horseshoe_pit":null,"fitness_stations":null,"concrete_asphalt_play_area":null,"volleyball":null,"outdoor_pool":null,"challenge_course":null,"indoor_full_basket_ball_court":null,"art_room":null,"computer_room":null,"dance_music_program":null,"fitness_room":null,"gym":null,"game_room":null,"indoor_pool":null,"kiln_room":null,"kitchen":null,"locker_room":null,"lounge":null,"multipurpose_room":null,"racketball":null,"rock_climbing_wall":null,":@computed_region_25t2_rbz7":"3165",":@computed_region_x6fk_ihs5":null}},
{"type":"Feature","geometry":{"type":"Point","coordinates":[-99.04212,40.33486]},"properties":{":id":"row-e2vz-uadd-uf8t",":version":"rv-uicf-p6fw~q7yp",":created_at":"2026-01-13T16:25:43.144Z",":updated_at":"2026-01-13T16:25:48.755Z","park_name":"Graydon Ave Medians","park_type":"Passive Greenspace","address":"500-700 Block","ward":"2","superward":"6","acres_ert_in_miles":"1.34","special_event_permitting":"No","abc_permitting":"No","fenced_dog_park":"N/A","restrooms":"No","dedicated_parking_on_site":"No","shelters":null,"benches":"No","picnic_tables_grills":"No","fenced_park":"No","outdoor_basketball_full_court":null,"lighted_basketball_courts":null,"basketball_half_court_only":null,"athletic_field_baseball":null,"athletic_field_lighted":null,"athletic_field_football_soccer":null,"athletic_field_lighted_1":null,"tennis_courts_asphalt_concrete":null,"tennis_courts_clay":null,"lighted_tennis_courts":null,"playground_areas":null,"ada_rubber_surface_playground":null,"swingset":null,"elizabeth_river_trail":null,"amphitheater":null,"walking_path":null,"running_track":null,"disc_golf":null,"batting_cages":null,"dirt_bmx_track":null,"butterfly_garden":null,"sand_volleyball_court":null,"bocce_ball":null,"canoe_kayak_launch":null,"fishing_pier":null,"skate_park":null,"splash_pad":null,"horseshoe_pit":null,"fitness_stations":null,"concrete_asphalt_play_area":null,"volleyball":null,"outdoor_pool":null,"challenge_course":null,"indoor_full_basket_ball_court":null,"art_room":null,"computer_room":null,"dance_music_program":null,"fitness_room":null,"gym":null,"game_room":null,"indoor_pool":null,"kiln_room":null,"kitchen":null,"locker_room":null,"lounge":null,"multipurpose_room":null,"racketball":null,"rock_climbing_wall":null,":@computed_region_25t2_rbz7":"2251",":@computed_region_x6fk_ihs5":null}},
{"type":"Feature","geometry":{"type":"Point","coordinates":[-76.78282,36.08242]},"properties":{":id":"row-rfkd.fetv_k26x",":version":"rv-mm9q~rqen-bu3k",":created_at":"2026-01-13T16:25:43.144Z",":updated_at":"2026-01-13T16:25:48.755Z","park_name":"Azalea Little League Fields","park_type":"Neighborhood Active Park","address":"1147 Pineridge Rd","ward":"4","superward":"7","acres_ert_in_miles":"22.12","special_event_permitting":"No","abc_permitting":"No","fenced_dog_park":"N/A","restrooms":"Yes","dedicated_parking_on_site":"Yes","shelters":null,"benches":"Yes","picnic_tables_grills":"No","fenced_park":"Yes","outdoor_basketball_full_court":null,"lighted_basketball_courts":null,"basketball_half_court_only":null,"athletic_field_baseball":"8","athletic_field_lighted":"8","athletic_field_football_soccer":"1","athletic_field_lighted_1":"1","tennis_courts_asphalt_concrete":null,"tennis_courts_clay":null,"lighted_tennis_courts":null,"playground_areas":"1","ada_rubber_surface_playground":null,"swingset":"1","elizabeth_river_trail":null,"amphitheater":null,"walking_path":null,"running_track":null,"disc_golf":null,"batting_cages":"✓","dirt_bmx_track":null,"butterfly_garden":null,"sand_volleyball_court":null,"bocce_ball":null,"canoe_kayak_launch":null,"fishing_pier":null,"skate_park":null,"splash_pad":null,"horseshoe_pit":null,"fitness_stations":null,"concrete_asphalt_play_area":null,"volleyball":null,"outdoor_pool":null,"challenge_course":null,"indoor_full_basket_ball_court":null,"art_room":null,"computer_room":null,"dance_music_program":null,"fitness_room":null,"gym":null,"game_room":null,"indoor_pool":null,"kiln_room":null,"kitchen":null,"locker_room":null,"lounge":null,"multipurpose_room":null,"racketball":null,"rock_climbing_wall":null,":@computed_region_25t2_rbz7":"2230",":@computed_region_x6fk_ihs5":null}},
{"type":"Feature","geometry":null,"properties":{":id":"row-tnb2~g6ps~m7ms",":version":"rv-qd4t_ehg3~83rc",":created_at":"2026-01-13T16:25:43.144Z",":updated_at":"2026-01-13T16:25:48.755Z","park_name":"Lake Whitehurst Boat Ramp","park_type":"Boat Ramp","address":"Near Corner of Shore Dr & Heutte Dr","ward":"5","superward":"7","acres_ert_in_miles":null,"special_event_permitting":"No","abc_permitting":"No","fenced_dog_park":"N/A","restrooms":"No","dedicated_parking_on_site":"Yes","shelters":null,"benches":"No","picnic_tables_grills":"No","fenced_park":"Yes","outdoor_basketball_full_court":null,"lighted_basketball_courts":null,"basketball_half_court_only":null,"athletic_field_baseball":null,"athletic_field_lighted":null,"athletic_field_football_soccer":null,"athletic_field_lighted_1":null,"tennis_courts_asphalt_concrete":null,"tennis_courts_clay":null,"lighted_tennis_courts":null,"playground_areas":null,"ada_rubber_surface_playground":null,"swingset":null,"elizabeth_river_trail":null,"amphitheater":null,"walking_path":null,"running_track":null,"disc_golf":null,"batting_cages":null,"dirt_bmx_track":null,"butterfly_garden":null,"sand_volleyball_court":null,"bocce_ball":null,"canoe_kayak_launch":"✓","fishing_pier":null,"skate_park":null,"splash_pad":null,"horseshoe_pit":null,"fitness_stations":null,"concrete_asphalt_play_area":null,"volleyball":null,"outdoor_pool":null,"challenge_course":null,"indoor_full_basket_ball_court":null,"art_room":null,"computer_room":null,"dance_music_program":null,"fitness_room":null,"gym":null,"game_room":null,"indoor_pool":null,"kiln_room":null,"kitchen":null,"locker_room":null,"lounge":null,"multipurpose_room":null,"racketball":null,"rock_climbing_wall":null,":@computed_region_25t2_rbz7":null,":@computed_region_x6fk_ihs5":null}},
{"type":"Feature","geometry":{"type":"Point","coordinates":[-76.29227,36.84514]},"properties":{":id":"row-2n8r.uq2x-z22a",":version":"rv-nyfh~hwgp.9jv9",":created_at":"2026-01-13T16:25:43.144Z",":updated_at":"2026-01-13T16:25:48.755Z","park_name":"Town Point Park","park_type":"Special Events Park","address":"201 Waterside Drive","ward":"2","superward":"6","acres_ert_in_miles":"9.2","special_event_permitting":"Yes","abc_permitting":"Yes","fenced_dog_park":"N/A","restrooms":"Yes","dedicated_parking_on_site":"No","shelters":null,"benches":"Yes","picnic_tables_grills":"No","fenced_park":"Partial","outdoor_basketball_full_court":null,"lighted_basketball_courts":null,"basketball_half_court_only":null,"athletic_field_baseball":null,"athletic_field_lighted":null,"athletic_field_football_soccer":null,"athletic_field_lighted_1":null,"tennis_courts_asphalt_concrete":null,"tennis_courts_clay":null,"lighted_tennis_courts":null,"playground_areas":null,"ada_rubber_surface_playground":null,"swingset":null,"elizabeth_river_trail":"✓","amphitheater":null,"walking_path":null,"running_track":null,"disc_golf":null,"batting_cages":null,"dirt_bmx_track":null,"butterfly_garden":null,"sand_volleyball_court":null,"bocce_ball":null,"canoe_kayak_launch":null,"fishing_pier":null,"skate_park":null,"splash_pad":null,"horseshoe_pit":null,"fitness_stations":null,"concrete_asphalt_play_area":null,"volleyball":null,"outdoor_pool":null,"challenge_course":null,"indoor_full_basket_ball_court":null,"art_room":null,"computer_room":null,"dance_music_program":null,"fitness_room":null,"gym":null,"game_room":null,"indoor_pool":null,"kiln_room":null,"kitchen":null,"locker_room":null,"lounge":null,"multipurpose_room":null,"racketball":null,"rock_climbing_wall":null,":@computed_region_25t2_rbz7":"2943",":@computed_region_x6fk_ihs5":"22"}},
{"type":"Feature","geometry":{"type":"Point","coordinates":[-76.17503,36.7944]},"properties":{":id":"row-bgm7_cbx8-cyhk",":version":"rv-4kmp_y8cr-g5pp",":created_at":"2026-01-13T16:25:43.144Z",":updated_at":"2026-01-13T16:25:48.755Z","park_name":"Princess Anne Park","park_type":"Neighborhood Active Park","address":"1450 Kempsville Rd","ward":"4","superward":"7","acres_ert_in_miles":"1.72","special_event_permitting":"No","abc_permitting":"No","fenced_dog_park":"N/A","restrooms":"No","dedicated_parking_on_site":"Yes","shelters":"1","benches":"Yes","picnic_tables_grills":"No","fenced_park":"Yes","outdoor_basketball_full_court":"1","lighted_basketball_courts":null,"basketball_half_court_only":null,"athletic_field_baseball":"1","athletic_field_lighted":null,"athletic_field_football_soccer":null,"athletic_field_lighted_1":null,"tennis_courts_asphalt_concrete":null,"tennis_courts_clay":null,"lighted_tennis_courts":null,"playground_areas":"1","ada_rubber_surface_playground":null,"swingset":"1","elizabeth_river_trail":null,"amphitheater":null,"walking_path":null,"running_track":null,"disc_golf":null,"batting_cages":null,"dirt_bmx_track":null,"butterfly_garden":null,"sand_volleyball_court":null,"bocce_ball":null,"canoe_kayak_launch":null,"fishing_pier":null,"skate_park":null,"splash_pad":null,"horseshoe_pit":null,"fitness_stations":null,"concrete_asphalt_play_area":null,"volleyball":null,"outdoor_pool":null,"challenge_course":null,"indoor_full_basket_ball_court":null,"art_room":null,"computer_room":null,"dance_music_program":null,"fitness_room":null,"gym":null,"game_room":null,"indoor_pool":null,"kiln_room":null,"kitchen":null,"locker_room":null,"lounge":null,"multipurpose_room":null,"racketball":null,"rock_climbing_wall":null,":@computed_region_25t2_rbz7":"2951",":@computed_region_x6fk_ihs5":null}},
{"type":"Feature","geometry":{"type":"Point","coordinates":[-76.26596,36.86532]},"properties":{":id":"row-cinx~zfps-ucn7",":version":"rv-swc5.b62m-9h24",":created_at":"2026-01-13T16:25:43.144Z",":updated_at":"2026-01-13T16:25:48.755Z","park_name":"Barraud Park","park_type":"Community Park","address":"2540 Barraud Av","ward":"3","superward":"7","acres_ert_in_miles":"24.53","special_event_permitting":"Yes","abc_permitting":"No","fenced_dog_park":"N/A","restrooms":"Yes","dedicated_parking_on_site":"Yes","shelters":"4","benches":"Yes","picnic_tables_grills":"No","fenced_park":"Yes","outdoor_basketball_full_court":"3","lighted_basketball_courts":null,"basketball_half_court_only":null,"athletic_field_baseball":"1","athletic_field_lighted":"1","athletic_field_football_soccer":"1","athletic_field_lighted_1":null,"tennis_courts_asphalt_concrete":"3","tennis_courts_clay":null,"lighted_tennis_courts":"3","playground_areas":"2","ada_rubber_surface_playground":null,"swingset":"1","elizabeth_river_trail":null,"amphitheater":"✓","walking_path":null,"running_track":null,"disc_golf":null,"batting_cages":null,"dirt_bmx_track":null,"butterfly_garden":null,"sand_volleyball_court":null,"bocce_ball":null,"canoe_kayak_launch":null,"fishing_pier":null,"skate_park":null,"splash_pad":null,"horseshoe_pit":null,"fitness_stations":null,"concrete_asphalt_play_area":null,"volleyball":null,"outdoor_pool":null,"challenge_course":null,"indoor_full_basket_ball_court":null,"art_room":null,"computer_room":null,"dance_music_program":null,"fitness_room":null,"gym":null,"game_room":null,"indoor_pool":null,"kiln_room":null,"kitchen":null,"locker_room":null,"lounge":null,"multipurpose_room":null,"racketball":null,"rock_climbing_wall":null,":@computed_region_25t2_rbz7":"2943",":@computed_region_x6fk_ihs5":"51"}},
{"type":"Feature","geometry":{"type":"Point","coordinates":[-76.29477,36.86479]},"properties":{":id":"row-qmnv-kcfr_8net",":version":"rv-7spx-ngrt.9a6s",":created_at":"2026-01-13T16:25:43.144Z",":updated_at":"2026-01-13T16:25:48.755Z","park_name":"Stockley Garden Dog Park","park_type":"Dog Park","address":"1300 Blk Stockley Gardens","ward":"2","superward":"6","acres_ert_in_miles":"0.61","special_event_permitting":"No","abc_permitting":"No","fenced_dog_park":"Yes","restrooms":"No","dedicated_parking_on_site":"No","shelters":null,"benches":"No","picnic_tables_grills":"No","fenced_park":"Yes","outdoor_basketball_full_court":null,"lighted_basketball_courts":null,"basketball_half_court_only":null,"athletic_field_baseball":null,"athletic_field_lighted":null,"athletic_field_football_soccer":null,"athletic_field_lighted_1":null,"tennis_courts_asphalt_concrete":null,"tennis_courts_clay":null,"lighted_tennis_courts":null,"playground_areas":null,"ada_rubber_surface_playground":null,"swingset":null,"elizabeth_river_trail":null,"amphitheater":null,"walking_path":null,"running_track":null,"disc_golf":null,"batting_cages":null,"dirt_bmx_track":null,"butterfly_garden":null,"sand_volleyball_court":null,"bocce_ball":null,"canoe_kayak_launch":null,"fishing_pier":null,"skate_park":null,"splash_pad":null,"horseshoe_pit":null,"fitness_stations":null,"concrete_asphalt_play_area":null,"volleyball":null,"outdoor_pool":null,"challenge_course":null,"indoor_full_basket_ball_court":null,"art_room":null,"computer_room":null,"dance_music_program":null,"fitness_room":null,"gym":null,"game_room":null,"indoor_pool":null,"kiln_room":null,"kitchen":null,"locker_room":null,"lounge":null,"multipurpose_room":null,"racketball":null,"rock_climbing_wall":null,":@computed_region_25t2_rbz7":"2943",":@computed_region_x6fk_ihs5":"33"}},
{"type":"Feature","geometry":{"type":"Point","coordinates":[-76.30477,36.8685]},"properties":{":id":"row-runx~f3b8_fcep",":version":"rv-5zi6.ztys.bhf3",":created_at":"2026-01-13T16:25:43.144Z",":updated_at":"2026-01-13T16:25:48.755Z","park_name":"W. H. Taylor Elementary School","park_type":"School Site with Active Park Amenities","address":"1122 W. Princess Anne Rd","ward":"2","superward":"6","acres_ert_in_miles":"4.45","special_event_permitting":"No","abc_permitting":"No","fenced_dog_park":"N/A","restrooms":"No","dedicated_parking_on_site":"Yes","shelters":null,"benches":"Yes","picnic_tables_grills":"No","fenced_park":"Yes","outdoor_basketball_full_court":null,"lighted_basketball_courts":null,"basketball_half_court_only":null,"athletic_field_baseball":null,"athletic_field_lighted":null,"athletic_field_football_soccer":"1","athletic_field_lighted_1":null,"tennis_courts_asphalt_concrete":null,"tennis_courts_clay":null,"lighted_tennis_courts":null,"playground_areas":"2","ada_rubber_surface_playground":null,"swingset":null,"elizabeth_river_trail":null,"amphitheater":null,"walking_path":null,"running_track":null,"disc_golf":null,"batting_cages":null,"dirt_bmx_track":null,"butterfly_garden":null,"sand_volleyball_court":null,"bocce_ball":null,"canoe_kayak_launch":null,"fishing_pier":null,"skate_park":null,"splash_pad":null,"horseshoe_pit":null,"fitness_stations":null,"concrete_asphalt_play_area":"✓","volleyball":null,"outdoor_pool":null,"challenge_course":null,"indoor_full_basket_ball_court":null,"art_room":null,"computer_room":null,"dance_music_program":null,"fitness_room":null,"gym":null,"game_room":null,"indoor_pool":null,"kiln_room":null,"kitchen":null,"locker_room":null,"lounge":null,"multipurpose_room":null,"racketball":null,"rock_climbing_wall":null,":@computed_region_25t2_rbz7":"2943",":@computed_region_x6fk_ihs5":"97"}},
{"type":"Feature","geometry":{"type":"Point","coordinates":[-76.27213,36.9426]},"properties":{":id":"row-mqm6~d9u2-nttp",":version":"rv-2b5g.4kbx~hwpv",":created_at":"2026-01-13T16:25:43.144Z",":updated_at":"2026-01-13T16:25:48.755Z","park_name":"Merrimack Landing Recreation Center","park_type":"Community Center with Active Park Amenities","address":"8809 Monitor Way","ward":"1","superward":"5","acres_ert_in_miles":"3.07","special_event_permitting":"No","abc_permitting":"No","fenced_dog_park":"N/A","restrooms":"Yes","dedicated_parking_on_site":"Yes","shelters":null,"benches":"Yes","picnic_tables_grills":"No","fenced_park":"Partial","outdoor_basketball_full_court":"1","lighted_basketball_courts":null,"basketball_half_court_only":null,"athletic_field_baseball":"1","athletic_field_lighted":null,"athletic_field_football_soccer":null,"athletic_field_lighted_1":null,"tennis_courts_asphalt_concrete":null,"tennis_courts_clay":null,"lighted_tennis_courts":null,"playground_areas":"1","ada_rubber_surface_playground":null,"swingset":"1","elizabeth_river_trail":null,"amphitheater":null,"walking_path":null,"running_track":"✓","disc_golf":null,"batting_cages":null,"dirt_bmx_track":null,"butterfly_garden":null,"sand_volleyball_court":null,"bocce_ball":null,"canoe_kayak_launch":null,"fishing_pier":null,"skate_park":null,"splash_pad":null,"horseshoe_pit":null,"fitness_stations":null,"concrete_asphalt_play_area":null,"volleyball":"✓","outdoor_pool":null,"challenge_course":null,"indoor_full_basket_ball_court":"✓","art_room":null,"computer_room":null,"dance_music_program":null,"fitness_room":null,"gym":null,"game_room":"✓","indoor_pool":null,"kiln_room":null,"kitchen":"✓","locker_room":null,"lounge":null,"multipurpose_room":null,"racketball":null,"rock_climbing_wall":null,":@computed_region_25t2_rbz7":"2943",":@computed_region_x6fk_ihs5":"128"}},
{"type":"Feature","geometry":{"type":"Point","coordinates":[-76.30099,36.86661]},"properties":{":id":"row-fbvi.x572-c9x4",":version":"rv-dc75.neca~6kfw",":created_at":"2026-01-13T16:25:43.144Z",":updated_at":"2026-01-13T16:25:48.755Z","park_name":"Yellow Fever Park","park_type":"Passive Greenspace","address":"900 W. Princess Anne Rd","ward":"2","superward":"6","acres_ert_in_miles":"0.46","special_event_permitting":"No","abc_permitting":"No","fenced_dog_park":"N/A","restrooms":"No","dedicated_parking_on_site":"No","shelters":null,"benches":"No","picnic_tables_grills":"No","fenced_park":"No","outdoor_basketball_full_court":null,"lighted_basketball_courts":null,"basketball_half_court_only":null,"athletic_field_baseball":null,"athletic_field_lighted":null,"athletic_field_football_soccer":null,"athletic_field_lighted_1":null,"tennis_courts_asphalt_concrete":null,"tennis_courts_clay":null,"lighted_tennis_courts":null,"playground_areas":null,"ada_rubber_surface_playground":null,"swingset":null,"elizabeth_river_trail":null,"amphitheater":null,"walking_path":null,"running_track":null,"disc_golf":null,"batting_cages":null,"dirt_bmx_track":null,"butterfly_garden":null,"sand_volleyball_court":null,"bocce_ball":null,"canoe_kayak_launch":null,"fishing_pier":null,"skate_park":null,"splash_pad":null,"horseshoe_pit":null,"fitness_stations":null,"concrete_asphalt_play_area":null,"volleyball":null,"outdoor_pool":null,"challenge_course":null,"indoor_full_basket_ball_court":null,"art_room":null,"computer_room":null,"dance_music_program":null,"fitness_room":null,"gym":null,"game_room":null,"indoor_pool":null,"kiln_room":null,"kitchen":null,"locker_room":null,"lounge":null,"multipurpose_room":null,"racketball":null,"rock_climbing_wall":null,":@computed_region_25t2_rbz7":"2943",":@computed_region_x6fk_ihs5":"97"}},
{"type":"Feature","geometry":{"type":"Point","coordinates":[-76.29721,36.85702]},"properties":{":id":"row-zm7z_jmwh_q4i4",":version":"rv-bzsf-kf63.h2c3",":created_at":"2026-01-13T16:25:43.144Z",":updated_at":"2026-01-13T16:25:48.755Z","park_name":"Beechwood Park","park_type":"Passive Greenspace","address":"350 Beechwood Place","ward":"2","superward":"6","acres_ert_in_miles":"0.29","special_event_permitting":"No","abc_permitting":"No","fenced_dog_park":"N/A","restrooms":"No","dedicated_parking_on_site":"No","shelters":null,"benches":"No","picnic_tables_grills":"No","fenced_park":"No","outdoor_basketball_full_court":null,"lighted_basketball_courts":null,"basketball_half_court_only":null,"athletic_field_baseball":null,"athletic_field_lighted":null,"athletic_field_football_soccer":null,"athletic_field_lighted_1":null,"tennis_courts_asphalt_concrete":null,"tennis_courts_clay":null,"lighted_tennis_courts":null,"playground_areas":null,"ada_rubber_surface_playground":null,"swingset":null,"elizabeth_river_trail":null,"amphitheater":null,"walking_path":null,"running_track":null,"disc_golf":null,"batting_cages":null,"dirt_bmx_track":null,"butterfly_garden":null,"sand_volleyball_court":null,"bocce_ball":null,"canoe_kayak_launch":null,"fishing_pier":null,"skate_park":null,"splash_pad":null,"horseshoe_pit":null,"fitness_stations":null,"concrete_asphalt_play_area":null,"volleyball":null,"outdoor_pool":null,"challenge_course":null,"indoor_full_basket_ball_court":null,"art_room":null,"computer_room":null,"dance_music_program":null,"fitness_room":null,"gym":null,"game_room":null,"indoor_pool":null,"kiln_room":null,"kitchen":null,"locker_room":null,"lounge":null,"multipurpose_room":null,"racketball":null,"rock_climbing_wall":null,":@computed_region_25t2_rbz7":"2943",":@computed_region_x6fk_ihs5":"128"}},
{"type":"Feature","geometry":{"type":"Point","coordinates":[-76.26367,36.88842]},"properties":{":id":"row-n5bt-c2h2.8vz7",":version":"rv-gfsb.yrj3-vzgj",":created_at":"2026-01-13T16:25:43.144Z",":updated_at":"2026-01-13T16:25:48.755Z","park_name":"Lakewood Park","park_type":"Community Park","address":"1612 Willow Wood Dr","ward":"2","superward":"6","acres_ert_in_miles":"40.58","special_event_permitting":"No","abc_permitting":"No","fenced_dog_park":"N/A","restrooms":"Yes","dedicated_parking_on_site":"Yes","shelters":"3","benches":"Yes","picnic_tables_grills":"Yes","fenced_park":"Yes","outdoor_basketball_full_court":"1","lighted_basketball_courts":null,"basketball_half_court_only":null,"athletic_field_baseball":"2","athletic_field_lighted":"2","athletic_field_football_soccer":"4","athletic_field_lighted_1":"2","tennis_courts_asphalt_concrete":"9","tennis_courts_clay":null,"lighted_tennis_courts":"9","playground_areas":"1","ada_rubber_surface_playground":null,"swingset":"1","elizabeth_river_trail":null,"amphitheater":null,"walking_path":null,"running_track":null,"disc_golf":null,"batting_cages":null,"dirt_bmx_track":null,"butterfly_garden":null,"sand_volleyball_court":null,"bocce_ball":null,"canoe_kayak_launch":"✓","fishing_pier":null,"skate_park":null,"splash_pad":null,"horseshoe_pit":"✓","fitness_stations":null,"concrete_asphalt_play_area":null,"volleyball":null,"outdoor_pool":null,"challenge_course":null,"indoor_full_basket_ball_court":null,"art_room":null,"computer_room":null,"dance_music_program":"✓","fitness_room":null,"gym":null,"game_room":null,"indoor_pool":null,"kiln_room":null,"kitchen":null,"locker_room":null,"lounge":null,"multipurpose_room":null,"racketball":null,"rock_climbing_wall":null,":@computed_region_25t2_rbz7":"2943",":@computed_region_x6fk_ihs5":"120"}},
{"type":"Feature","geometry":{"type":"Point","coordinates":[-80.30474,25.85525]},"properties":{":id":"row-cczr-thyz_qn8p",":version":"rv-dn8f~54pu_9rdh",":created_at":"2026-01-13T16:25:43.144Z",":updated_at":"2026-01-13T16:25:48.755Z","park_name":"Madison Career Center","park_type":"School Site with Active Park Amenities","address":"1091 W. 37th St","ward":"2","superward":"6","acres_ert_in_miles":"2.93","special_event_permitting":null,"abc_permitting":"No","fenced_dog_park":"No","restrooms":"No","dedicated_parking_on_site":"No","shelters":null,"benches":null,"picnic_tables_grills":null,"fenced_park":null,"outdoor_basketball_full_court":null,"lighted_basketball_courts":null,"basketball_half_court_only":"2","athletic_field_baseball":null,"athletic_field_lighted":null,"athletic_field_football_soccer":null,"athletic_field_lighted_1":null,"tennis_courts_asphalt_concrete":null,"tennis_courts_clay":null,"lighted_tennis_courts":null,"playground_areas":null,"ada_rubber_surface_playground":null,"swingset":null,"elizabeth_river_trail":null,"amphitheater":null,"walking_path":null,"running_track":null,"disc_golf":null,"batting_cages":null,"dirt_bmx_track":null,"butterfly_garden":null,"sand_volleyball_court":null,"bocce_ball":null,"canoe_kayak_launch":null,"fishing_pier":null,"skate_park":null,"splash_pad":null,"horseshoe_pit":null,"fitness_stations":null,"concrete_asphalt_play_area":null,"volleyball":null,"outdoor_pool":null,"challenge_course":null,"indoor_full_basket_ball_court":null,"art_room":null,"computer_room":null,"dance_music_program":null,"fitness_room":null,"gym":null,"game_room":null,"indoor_pool":null,"kiln_room":null,"kitchen":null,"locker_room":null,"lounge":null,"multipurpose_room":null,"racketball":null,"rock_climbing_wall":null,":@computed_region_25t2_rbz7":"1074",":@computed_region_x6fk_ihs5":null}},
{"type":"Feature","geometry":{"type":"Point","coordinates":[-76.27999,36.908]},"properties":{":id":"row-iigb-zduq~edmu",":version":"rv-kywr.stra_bits",":created_at":"2026-01-13T16:25:43.144Z",":updated_at":"2026-01-13T16:25:48.755Z","park_name":"Granby Elementary School","park_type":"School Site with Active Park Amenities","address":"7101 Newport Ave","ward":"1","superward":"6","acres_ert_in_miles":"9.26","special_event_permitting":"No","abc_permitting":"No","fenced_dog_park":"N/A","restrooms":"No","dedicated_parking_on_site":"Yes","shelters":null,"benches":"Yes","picnic_tables_grills":"No","fenced_park":"Yes","outdoor_basketball_full_court":"2","lighted_basketball_courts":null,"basketball_half_court_only":"4","athletic_field_baseball":"1","athletic_field_lighted":null,"athletic_field_football_soccer":null,"athletic_field_lighted_1":null,"tennis_courts_asphalt_concrete":null,"tennis_courts_clay":null,"lighted_tennis_courts":null,"playground_areas":"1","ada_rubber_surface_playground":null,"swingset":null,"elizabeth_river_trail":null,"amphitheater":null,"walking_path":null,"running_track":null,"disc_golf":null,"batting_cages":null,"dirt_bmx_track":null,"butterfly_garden":null,"sand_volleyball_court":null,"bocce_ball":null,"canoe_kayak_launch":null,"fishing_pier":null,"skate_park":null,"splash_pad":null,"horseshoe_pit":null,"fitness_stations":null,"concrete_asphalt_play_area":null,"volleyball":null,"outdoor_pool":null,"challenge_course":null,"indoor_full_basket_ball_court":null,"art_room":null,"computer_room":null,"dance_music_program":null,"fitness_room":null,"gym":null,"game_room":null,"indoor_pool":null,"kiln_room":null,"kitchen":null,"locker_room":null,"lounge":null,"multipurpose_room":null,"racketball":null,"rock_climbing_wall":null,":@computed_region_25t2_rbz7":"2943",":@computed_region_x6fk_ihs5":"128"}},
{"type":"Feature","geometry":{"type":"Point","coordinates":[-76.26284,36.88378]},"properties":{":id":"row-ewe7_t4km.4kvn",":version":"rv-qctx-u7kc-wpqr",":created_at":"2026-01-13T16:25:43.144Z",":updated_at":"2026-01-13T16:25:48.755Z","park_name":"Academy for Discovery at Lakewood","park_type":"School Site with Active Park Amenities","address":"1701 Alsace Ave","ward":"2","superward":"6","acres_ert_in_miles":"14.18","special_event_permitting":"No","abc_permitting":"No","fenced_dog_park":"N/A","restrooms":"No","dedicated_parking_on_site":"Yes","shelters":null,"benches":"Yes","picnic_tables_grills":"No","fenced_park":"Yes","outdoor_basketball_full_court":"4","lighted_basketball_courts":null,"basketball_half_court_only":null,"athletic_field_baseball":null,"athletic_field_lighted":null,"athletic_field_football_soccer":"1","athletic_field_lighted_1":null,"tennis_courts_asphalt_concrete":"6","tennis_courts_clay":null,"lighted_tennis_courts":null,"playground_areas":"1","ada_rubber_surface_playground":null,"swingset":null,"elizabeth_river_trail":null,"amphitheater":null,"walking_path":null,"running_track":null,"disc_golf":null,"batting_cages":null,"dirt_bmx_track":null,"butterfly_garden":null,"sand_volleyball_court":null,"bocce_ball":null,"canoe_kayak_launch":null,"fishing_pier":null,"skate_park":null,"splash_pad":null,"horseshoe_pit":null,"fitness_stations":null,"concrete_asphalt_play_area":null,"volleyball":null,"outdoor_pool":null,"challenge_course":null,"indoor_full_basket_ball_court":null,"art_room":null,"computer_room":null,"dance_music_program":null,"fitness_room":null,"gym":null,"game_room":null,"indoor_pool":null,"kiln_room":null,"kitchen":null,"locker_room":null,"lounge":null,"multipurpose_room":null,"racketball":null,"rock_climbing_wall":null,":@computed_region_25t2_rbz7":"2943",":@computed_region_x6fk_ihs5":"122"}},
{"type":"Feature","geometry":{"type":"Point","coordinates":[-76.4109,36.97586]},"properties":{":id":"row-84m7.8j26_fu9n",":version":"rv-hz75_g63g~suej",":created_at":"2026-01-13T16:25:43.144Z",":updated_at":"2026-01-13T16:25:48.755Z","park_name":"Jacox Elementary School","park_type":"School Site with Active Park Amenities","address":"1300 Marshall Ave","ward":"3","superward":"7","acres_ert_in_miles":"11.31","special_event_permitting":"No","abc_permitting":"No","fenced_dog_park":"N/A","restrooms":"No","dedicated_parking_on_site":"Yes","shelters":null,"benches":"Yes","picnic_tables_grills":"No","fenced_park":"Yes","outdoor_basketball_full_court":"4","lighted_basketball_courts":null,"basketball_half_court_only":"2","athletic_field_baseball":"1","athletic_field_lighted":"1","athletic_field_football_soccer":"1","athletic_field_lighted_1":"1","tennis_courts_asphalt_concrete":null,"tennis_courts_clay":null,"lighted_tennis_courts":null,"playground_areas":"1","ada_rubber_surface_playground":null,"swingset":null,"elizabeth_river_trail":null,"amphitheater":null,"walking_path":null,"running_track":null,"disc_golf":null,"batting_cages":null,"dirt_bmx_track":null,"butterfly_garden":null,"sand_volleyball_court":null,"bocce_ball":null,"canoe_kayak_launch":null,"fishing_pier":null,"skate_park":null,"splash_pad":null,"horseshoe_pit":null,"fitness_stations":null,"concrete_asphalt_play_area":null,"volleyball":null,"outdoor_pool":null,"challenge_course":null,"indoor_full_basket_ball_court":null,"art_room":null,"computer_room":null,"dance_music_program":null,"fitness_room":null,"gym":null,"game_room":null,"indoor_pool":null,"kiln_room":null,"kitchen":null,"locker_room":null,"lounge":null,"multipurpose_room":null,"racketball":null,"rock_climbing_wall":null,":@computed_region_25t2_rbz7":"2942",":@computed_region_x6fk_ihs5":null}},
{"type":"Feature","geometry":{"type":"Point","coordinates":[-83.80308,36.85103]},"properties":{":id":"row-yqtp.y6jy_7q5h",":version":"rv-8q5y.v4f7.5gis",":created_at":"2026-01-13T16:25:43.144Z",":updated_at":"2026-01-13T16:25:48.755Z","park_name":"Rosemont Middle School","park_type":"School Site with Active Park Amenities","address":"1330 Branch Rd","ward":"3","superward":"7","acres_ert_in_miles":"24.53","special_event_permitting":"No","abc_permitting":"No","fenced_dog_park":"N/A","restrooms":"No","dedicated_parking_on_site":"No","shelters":null,"benches":"Yes","picnic_tables_grills":"No","fenced_park":"No","outdoor_basketball_full_court":"1","lighted_basketball_courts":null,"basketball_half_court_only":"2","athletic_field_baseball":"1","athletic_field_lighted":"1","athletic_field_football_soccer":"1","athletic_field_lighted_1":null,"tennis_courts_asphalt_concrete":"5","tennis_courts_clay":null,"lighted_tennis_courts":null,"playground_areas":"1","ada_rubber_surface_playground":null,"swingset":null,"elizabeth_river_trail":null,"amphitheater":null,"walking_path":null,"running_track":null,"disc_golf":null,"batting_cages":null,"dirt_bmx_track":null,"butterfly_garden":null,"sand_volleyball_court":null,"bocce_ball":null,"canoe_kayak_launch":null,"fishing_pier":null,"skate_park":null,"splash_pad":null,"horseshoe_pit":null,"fitness_stations":null,"concrete_asphalt_play_area":null,"volleyball":null,"outdoor_pool":null,"challenge_course":null,"indoor_full_basket_ball_court":null,"art_room":null,"computer_room":null,"dance_music_program":null,"fitness_room":null,"gym":null,"game_room":null,"indoor_pool":null,"kiln_room":null,"kitchen":null,"locker_room":null,"lounge":null,"multipurpose_room":null,"racketball":null,"rock_climbing_wall":null,":@computed_region_25t2_rbz7":"1331",":@computed_region_x6fk_ihs5":null}},
{"type":"Feature","geometry":{"type":"Point","coordinates":[-78.81641,42.94444]},"properties":{":id":"row-bksu-f8u7~hy9y",":version":"rv-pxa6.r5kp_z4n6",":created_at":"2026-01-13T16:25:43.144Z",":updated_at":"2026-01-13T16:25:48.755Z","park_name":"Ghent Elementary School","park_type":"School Site with Active Park Amenities","address":"200 Shirley Ave","ward":"2","superward":"6","acres_ert_in_miles":"13.47","special_event_permitting":"No","abc_permitting":"No","fenced_dog_park":"N/A","restrooms":"No","dedicated_parking_on_site":"Yes","shelters":null,"benches":"Yes","picnic_tables_grills":"No","fenced_park":"Partial","outdoor_basketball_full_court":"4","lighted_basketball_courts":null,"basketball_half_court_only":null,"athletic_field_baseball":"1","athletic_field_lighted":null,"athletic_field_football_soccer":"1","athletic_field_lighted_1":null,"tennis_courts_asphalt_concrete":null,"tennis_courts_clay":null,"lighted_tennis_courts":null,"playground_areas":"1","ada_rubber_surface_playground":null,"swingset":null,"elizabeth_river_trail":null,"amphitheater":null,"walking_path":null,"running_track":null,"disc_golf":null,"batting_cages":null,"dirt_bmx_track":null,"butterfly_garden":null,"sand_volleyball_court":null,"bocce_ball":null,"canoe_kayak_launch":null,"fishing_pier":null,"skate_park":null,"splash_pad":null,"horseshoe_pit":null,"fitness_stations":null,"concrete_asphalt_play_area":null,"volleyball":null,"outdoor_pool":null,"challenge_course":null,"indoor_full_basket_ball_court":null,"art_room":null,"computer_room":null,"dance_music_program":null,"fitness_room":null,"gym":null,"game_room":null,"indoor_pool":null,"kiln_room":null,"kitchen":null,"locker_room":null,"lounge":null,"multipurpose_room":null,"racketball":null,"rock_climbing_wall":null,":@computed_region_25t2_rbz7":"2041",":@computed_region_x6fk_ihs5":null}},
{"type":"Feature","geometry":{"type":"Point","coordinates":[-76.29388,36.85285]},"properties":{":id":"row-jt8p~7exb-h98z",":version":"rv-i2ch~imr3.cngb",":created_at":"2026-01-13T16:25:43.144Z",":updated_at":"2026-01-13T16:25:48.755Z","park_name":"Freemason Playground","park_type":"Neighborhood Active Park","address":"312 W. Bute","ward":"2","superward":"6","acres_ert_in_miles":"0.06","special_event_permitting":"No","abc_permitting":"No","fenced_dog_park":"N/A","restrooms":"No","dedicated_parking_on_site":"No","shelters":null,"benches":"Yes","picnic_tables_grills":"No","fenced_park":"Yes","outdoor_basketball_full_court":null,"lighted_basketball_courts":null,"basketball_half_court_only":null,"athletic_field_baseball":null,"athletic_field_lighted":null,"athletic_field_football_soccer":null,"athletic_field_lighted_1":null,"tennis_courts_asphalt_concrete":null,"tennis_courts_clay":null,"lighted_tennis_courts":null,"playground_areas":"1","ada_rubber_surface_playground":"1","swingset":null,"elizabeth_river_trail":null,"amphitheater":null,"walking_path":null,"running_track":null,"disc_golf":null,"batting_cages":null,"dirt_bmx_track":null,"butterfly_garden":null,"sand_volleyball_court":null,"bocce_ball":null,"canoe_kayak_launch":null,"fishing_pier":null,"skate_park":null,"splash_pad":null,"horseshoe_pit":null,"fitness_stations":null,"concrete_asphalt_play_area":null,"volleyball":null,"outdoor_pool":null,"challenge_course":null,"indoor_full_basket_ball_court":null,"art_room":null,"computer_room":null,"dance_music_program":null,"fitness_room":null,"gym":null,"game_room":null,"indoor_pool":null,"kiln_room":null,"kitchen":null,"locker_room":null,"lounge":null,"multipurpose_room":null,"racketball":null,"rock_climbing_wall":null,":@computed_region_25t2_rbz7":"2943",":@computed_region_x6fk_ihs5":"32"}},
{"type":"Feature","geometry":{"type":"Point","coordinates":[-76.25746,36.95665]},"properties":{":id":"row-p2uu.7zuy_m8ai",":version":"rv-fan6-xc42.ryap",":created_at":"2026-01-13T16:25:43.144Z",":updated_at":"2026-01-13T16:25:48.755Z","park_name":"Monkey Bottom Park","park_type":"Neighborhood Active Park","address":"9625 Mason Creek Road","ward":"1","superward":"6","acres_ert_in_miles":"9.1","special_event_permitting":"No","abc_permitting":"No","fenced_dog_park":"N/A","restrooms":"No","dedicated_parking_on_site":"No","shelters":null,"benches":"No","picnic_tables_grills":"No","fenced_park":"Partial","outdoor_basketball_full_court":null,"lighted_basketball_courts":null,"basketball_half_court_only":null,"athletic_field_baseball":null,"athletic_field_lighted":null,"athletic_field_football_soccer":null,"athletic_field_lighted_1":null,"tennis_courts_asphalt_concrete":null,"tennis_courts_clay":null,"lighted_tennis_courts":null,"playground_areas":"1","ada_rubber_surface_playground":null,"swingset":"1","elizabeth_river_trail":null,"amphitheater":null,"walking_path":null,"running_track":null,"disc_golf":null,"batting_cages":null,"dirt_bmx_track":null,"butterfly_garden":null,"sand_volleyball_court":null,"bocce_ball":null,"canoe_kayak_launch":null,"fishing_pier":null,"skate_park":null,"splash_pad":null,"horseshoe_pit":null,"fitness_stations":null,"concrete_asphalt_play_area":null,"volleyball":null,"outdoor_pool":null,"challenge_course":null,"indoor_full_basket_ball_court":null,"art_room":null,"computer_room":null,"dance_music_program":null,"fitness_room":null,"gym":null,"game_room":null,"indoor_pool":null,"kiln_room":null,"kitchen":null,"locker_room":null,"lounge":null,"multipurpose_room":null,"racketball":null,"rock_climbing_wall":null,":@computed_region_25t2_rbz7":"2943",":@computed_region_x6fk_ihs5":"69"}},
{"type":"Feature","geometry":{"type":"Point","coordinates":[-85.49334,38.75266]},"properties":{":id":"row-4hx8_mc66_micg",":version":"rv-qdmt-mcfi_ice6",":created_at":"2026-01-13T16:25:43.144Z",":updated_at":"2026-01-13T16:25:48.755Z","park_name":"Poplar Halls Medians","park_type":"Passive Greenspace","address":"5400-5600 Block","ward":"4","superward":"7","acres_ert_in_miles":"2.52","special_event_permitting":"No","abc_permitting":"No","fenced_dog_park":"N/A","restrooms":"No","dedicated_parking_on_site":"No","shelters":null,"benches":"No","picnic_tables_grills":"No","fenced_park":"No","outdoor_basketball_full_court":null,"lighted_basketball_courts":null,"basketball_half_court_only":null,"athletic_field_baseball":null,"athletic_field_lighted":null,"athletic_field_football_soccer":null,"athletic_field_lighted_1":null,"tennis_courts_asphalt_concrete":null,"tennis_courts_clay":null,"lighted_tennis_courts":null,"playground_areas":null,"ada_rubber_surface_playground":null,"swingset":null,"elizabeth_river_trail":null,"amphitheater":null,"walking_path":null,"running_track":null,"disc_golf":null,"batting_cages":null,"dirt_bmx_track":null,"butterfly_garden":null,"sand_volleyball_court":null,"bocce_ball":null,"canoe_kayak_launch":null,"fishing_pier":null,"skate_park":null,"splash_pad":null,"horseshoe_pit":null,"fitness_stations":null,"concrete_asphalt_play_area":null,"volleyball":null,"outdoor_pool":null,"challenge_course":null,"indoor_full_basket_ball_court":null,"art_room":null,"computer_room":null,"dance_music_program":null,"fitness_room":null,"gym":null,"game_room":null,"indoor_pool":null,"kiln_room":null,"kitchen":null,"locker_room":null,"lounge":null,"multipurpose_room":null,"racketball":null,"rock_climbing_wall":null,":@computed_region_25t2_rbz7":"1898",":@computed_region_x6fk_ihs5":null}},
{"type":"Feature","geometry":{"type":"Point","coordinates":[-74.22567,40.72231]},"properties":{":id":"row-q8hu_yyzf.n7w2",":version":"rv-djqr-endf.px95",":created_at":"2026-01-13T16:25:43.144Z",":updated_at":"2026-01-13T16:25:48.755Z","park_name":"Maple Avenue Playground","park_type":"Neighborhood Active Park","address":"176 Maple Avenue","ward":"1","superward":"6","acres_ert_in_miles":"0.65","special_event_permitting":"No","abc_permitting":"No","fenced_dog_park":"N/A","restrooms":"No","dedicated_parking_on_site":"No","shelters":null,"benches":"Yes","picnic_tables_grills":"No","fenced_park":"No","outdoor_basketball_full_court":null,"lighted_basketball_courts":null,"basketball_half_court_only":null,"athletic_field_baseball":null,"athletic_field_lighted":null,"athletic_field_football_soccer":null,"athletic_field_lighted_1":null,"tennis_courts_asphalt_concrete":null,"tennis_courts_clay":null,"lighted_tennis_courts":null,"playground_areas":"1","ada_rubber_surface_playground":null,"swingset":null,"elizabeth_river_trail":null,"amphitheater":null,"walking_path":null,"running_track":null,"disc_golf":null,"batting_cages":null,"dirt_bmx_track":null,"butterfly_garden":null,"sand_volleyball_court":null,"bocce_ball":null,"canoe_kayak_launch":null,"fishing_pier":null,"skate_park":null,"splash_pad":null,"horseshoe_pit":null,"fitness_stations":null,"concrete_asphalt_play_area":null,"volleyball":null,"outdoor_pool":null,"challenge_course":null,"indoor_full_basket_ball_court":null,"art_room":null,"computer_room":null,"dance_music_program":null,"fitness_room":null,"gym":null,"game_room":null,"indoor_pool":null,"kiln_room":null,"kitchen":null,"locker_room":null,"lounge":null,"multipurpose_room":null,"racketball":null,"rock_climbing_wall":null,":@computed_region_25t2_rbz7":"2486",":@computed_region_x6fk_ihs5":null}},
{"type":"Feature","geometry":{"type":"Point","coordinates":[-76.27915,36.89035]},"properties":{":id":"row-9jgd.cmdj~79qx",":version":"rv-vsve-v95f.vbji",":created_at":"2026-01-13T16:25:43.144Z",":updated_at":"2026-01-13T16:25:48.755Z","park_name":"Granby Street Park","park_type":"Passive Greenspace","address":"5499 Granby Street","ward":"2","superward":"6","acres_ert_in_miles":"0.8","special_event_permitting":"No","abc_permitting":"No","fenced_dog_park":"N/A","restrooms":"No","dedicated_parking_on_site":"No","shelters":null,"benches":"Yes","picnic_tables_grills":"No","fenced_park":"No","outdoor_basketball_full_court":null,"lighted_basketball_courts":null,"basketball_half_court_only":null,"athletic_field_baseball":null,"athletic_field_lighted":null,"athletic_field_football_soccer":null,"athletic_field_lighted_1":null,"tennis_courts_asphalt_concrete":null,"tennis_courts_clay":null,"lighted_tennis_courts":null,"playground_areas":null,"ada_rubber_surface_playground":null,"swingset":null,"elizabeth_river_trail":null,"amphitheater":null,"walking_path":null,"running_track":null,"disc_golf":null,"batting_cages":null,"dirt_bmx_track":null,"butterfly_garden":null,"sand_volleyball_court":null,"bocce_ball":null,"canoe_kayak_launch":null,"fishing_pier":null,"skate_park":null,"splash_pad":null,"horseshoe_pit":null,"fitness_stations":null,"concrete_asphalt_play_area":null,"volleyball":null,"outdoor_pool":null,"challenge_course":null,"indoor_full_basket_ball_court":null,"art_room":null,"computer_room":null,"dance_music_program":null,"fitness_room":null,"gym":null,"game_room":null,"indoor_pool":null,"kiln_room":null,"kitchen":null,"locker_room":null,"lounge":null,"multipurpose_room":null,"racketball":null,"rock_climbing_wall":null,":@computed_region_25t2_rbz7":"2943",":@computed_region_x6fk_ihs5":"115"}},
{"type":"Feature","geometry":{"type":"Point","coordinates":[-76.07631,36.84366]},"properties":{":id":"row-96gn.afwy_99k6",":version":"rv-vjs8-f74w~peyn",":created_at":"2026-01-13T16:25:43.144Z",":updated_at":"2026-01-13T16:25:48.755Z","park_name":"Broad Creek Park","park_type":"Passive Greenspace","address":"3000 Virginia Beach Blvd","ward":"3","superward":"7","acres_ert_in_miles":"6.18","special_event_permitting":"No","abc_permitting":"No","fenced_dog_park":"N/A","restrooms":"No","dedicated_parking_on_site":"No","shelters":null,"benches":"Yes","picnic_tables_grills":"No","fenced_park":"No","outdoor_basketball_full_court":null,"lighted_basketball_courts":null,"basketball_half_court_only":null,"athletic_field_baseball":null,"athletic_field_lighted":null,"athletic_field_football_soccer":null,"athletic_field_lighted_1":null,"tennis_courts_asphalt_concrete":null,"tennis_courts_clay":null,"lighted_tennis_courts":null,"playground_areas":null,"ada_rubber_surface_playground":null,"swingset":null,"elizabeth_river_trail":null,"amphitheater":null,"walking_path":"✓","running_track":null,"disc_golf":null,"batting_cages":null,"dirt_bmx_track":null,"butterfly_garden":null,"sand_volleyball_court":null,"bocce_ball":null,"canoe_kayak_launch":null,"fishing_pier":null,"skate_park":null,"splash_pad":null,"horseshoe_pit":null,"fitness_stations":null,"concrete_asphalt_play_area":null,"volleyball":null,"outdoor_pool":null,"challenge_course":null,"indoor_full_basket_ball_court":null,"art_room":null,"computer_room":null,"dance_music_program":null,"fitness_room":null,"gym":null,"game_room":null,"indoor_pool":null,"kiln_room":null,"kitchen":null,"locker_room":null,"lounge":null,"multipurpose_room":null,"racketball":null,"rock_climbing_wall":null,":@computed_region_25t2_rbz7":"2951",":@computed_region_x6fk_ihs5":null}},
{"type":"Feature","geometry":{"type":"Point","coordinates":[-76.25258,36.95541]},"properties":{":id":"row-y9kz_cx4s~qe5k",":version":"rv-hkuv~wah5_cuc3",":created_at":"2026-01-13T16:25:43.144Z",":updated_at":"2026-01-13T16:25:48.755Z","park_name":"Ocean View Beach Park","park_type":"Special Events Park","address":"162 W Ocean View Ave","ward":"5","superward":"6","acres_ert_in_miles":"6.68","special_event_permitting":"Yes","abc_permitting":"Yes","fenced_dog_park":"N/A","restrooms":"Yes","dedicated_parking_on_site":"Yes","shelters":"1","benches":"No","picnic_tables_grills":"No","fenced_park":"Partial","outdoor_basketball_full_court":null,"lighted_basketball_courts":null,"basketball_half_court_only":null,"athletic_field_baseball":null,"athletic_field_lighted":null,"athletic_field_football_soccer":null,"athletic_field_lighted_1":null,"tennis_courts_asphalt_concrete":null,"tennis_courts_clay":null,"lighted_tennis_courts":null,"playground_areas":null,"ada_rubber_surface_playground":null,"swingset":null,"elizabeth_river_trail":null,"amphitheater":null,"walking_path":null,"running_track":null,"disc_golf":null,"batting_cages":null,"dirt_bmx_track":null,"butterfly_garden":null,"sand_volleyball_court":null,"bocce_ball":null,"canoe_kayak_launch":null,"fishing_pier":null,"skate_park":null,"splash_pad":null,"horseshoe_pit":null,"fitness_stations":null,"concrete_asphalt_play_area":null,"volleyball":null,"outdoor_pool":null,"challenge_course":null,"indoor_full_basket_ball_court":null,"art_room":null,"computer_room":null,"dance_music_program":null,"fitness_room":null,"gym":null,"game_room":null,"indoor_pool":null,"kiln_room":null,"kitchen":null,"locker_room":null,"lounge":null,"multipurpose_room":null,"racketball":null,"rock_climbing_wall":null,":@computed_region_25t2_rbz7":"2943",":@computed_region_x6fk_ihs5":"69"}},
{"type":"Feature","geometry":{"type":"Point","coordinates":[-93.20749,45.57006]},"properties":{":id":"row-vcmz_a9v8~d25x",":version":"rv-7885~6ngu-vb2i",":created_at":"2026-01-13T16:25:43.144Z",":updated_at":"2026-01-13T16:25:48.755Z","park_name":"Willow Wood Drive/Norway Place Open Space","park_type":"Passive Greenspace","address":"1401 Willow Wood Drive","ward":"2","superward":"6","acres_ert_in_miles":"9.6","special_event_permitting":"No","abc_permitting":"No","fenced_dog_park":"N/A","restrooms":"No","dedicated_parking_on_site":"No","shelters":null,"benches":"No","picnic_tables_grills":"No","fenced_park":"No","outdoor_basketball_full_court":null,"lighted_basketball_courts":null,"basketball_half_court_only":null,"athletic_field_baseball":null,"athletic_field_lighted":null,"athletic_field_football_soccer":null,"athletic_field_lighted_1":null,"tennis_courts_asphalt_concrete":null,"tennis_courts_clay":null,"lighted_tennis_courts":null,"playground_areas":null,"ada_rubber_surface_playground":null,"swingset":null,"elizabeth_river_trail":null,"amphitheater":null,"walking_path":null,"running_track":null,"disc_golf":null,"batting_cages":null,"dirt_bmx_track":null,"butterfly_garden":null,"sand_volleyball_court":null,"bocce_ball":null,"canoe_kayak_launch":null,"fishing_pier":null,"skate_park":null,"splash_pad":null,"horseshoe_pit":null,"fitness_stations":null,"concrete_asphalt_play_area":null,"volleyball":null,"outdoor_pool":null,"challenge_course":null,"indoor_full_basket_ball_court":null,"art_room":null,"computer_room":null,"dance_music_program":null,"fitness_room":null,"gym":null,"game_room":null,"indoor_pool":null,"kiln_room":null,"kitchen":null,"locker_room":null,"lounge":null,"multipurpose_room":null,"racketball":null,"rock_climbing_wall":null,":@computed_region_25t2_rbz7":"376",":@computed_region_x6fk_ihs5":null}},
{"type":"Feature","geometry":{"type":"Point","coordinates":[-93.96143,44.13771]},"properties":{":id":"row-kazx-pjir_cnmb",":version":"rv-dicy-hqqc_w6yh",":created_at":"2026-01-13T16:25:43.144Z",":updated_at":"2026-01-13T16:25:48.755Z","park_name":"Stockley Garden-North Blocks","park_type":"Passive Greenspace","address":"1200 & 1400 Block","ward":"2","superward":"6","acres_ert_in_miles":"1.14","special_event_permitting":"No","abc_permitting":"No","fenced_dog_park":"N/A","restrooms":"No","dedicated_parking_on_site":"No","shelters":null,"benches":"No","picnic_tables_grills":"No","fenced_park":"No","outdoor_basketball_full_court":null,"lighted_basketball_courts":null,"basketball_half_court_only":null,"athletic_field_baseball":null,"athletic_field_lighted":null,"athletic_field_football_soccer":null,"athletic_field_lighted_1":null,"tennis_courts_asphalt_concrete":null,"tennis_courts_clay":null,"lighted_tennis_courts":null,"playground_areas":null,"ada_rubber_surface_playground":null,"swingset":null,"elizabeth_river_trail":null,"amphitheater":null,"walking_path":null,"running_track":null,"disc_golf":null,"batting_cages":null,"dirt_bmx_track":null,"butterfly_garden":null,"sand_volleyball_court":null,"bocce_ball":null,"canoe_kayak_launch":null,"fishing_pier":null,"skate_park":null,"splash_pad":null,"horseshoe_pit":null,"fitness_stations":null,"concrete_asphalt_play_area":null,"volleyball":null,"outdoor_pool":null,"challenge_course":null,"indoor_full_basket_ball_court":null,"art_room":null,"computer_room":null,"dance_music_program":null,"fitness_room":null,"gym":null,"game_room":null,"indoor_pool":null,"kiln_room":null,"kitchen":null,"locker_room":null,"lounge":null,"multipurpose_room":null,"racketball":null,"rock_climbing_wall":null,":@computed_region_25t2_rbz7":"1351",":@computed_region_x6fk_ihs5":null}},
{"type":"Feature","geometry":{"type":"Point","coordinates":[-76.28207,36.87857]},"properties":{":id":"row-bsgd~e2zr_42jp",":version":"rv-gyt6-v26f~pr47",":created_at":"2026-01-13T16:25:43.144Z",":updated_at":"2026-01-13T16:25:48.755Z","park_name":"Virginia Zoological Park","park_type":"Fee Based Open Space","address":"3500 Granby St","ward":"2","superward":"7","acres_ert_in_miles":"60","special_event_permitting":"No","abc_permitting":"No","fenced_dog_park":"N/A","restrooms":"Yes","dedicated_parking_on_site":"Yes","shelters":null,"benches":"Yes","picnic_tables_grills":"No","fenced_park":"Yes","outdoor_basketball_full_court":null,"lighted_basketball_courts":null,"basketball_half_court_only":null,"athletic_field_baseball":null,"athletic_field_lighted":null,"athletic_field_football_soccer":null,"athletic_field_lighted_1":null,"tennis_courts_asphalt_concrete":null,"tennis_courts_clay":null,"lighted_tennis_courts":null,"playground_areas":null,"ada_rubber_surface_playground":null,"swingset":null,"elizabeth_river_trail":null,"amphitheater":null,"walking_path":null,"running_track":null,"disc_golf":null,"batting_cages":null,"dirt_bmx_track":null,"butterfly_garden":null,"sand_volleyball_court":null,"bocce_ball":null,"canoe_kayak_launch":null,"fishing_pier":null,"skate_park":null,"splash_pad":null,"horseshoe_pit":null,"fitness_stations":null,"concrete_asphalt_play_area":null,"volleyball":null,"outdoor_pool":null,"challenge_course":null,"indoor_full_basket_ball_court":null,"art_room":null,"computer_room":null,"dance_music_program":null,"fitness_room":null,"gym":null,"game_room":null,"indoor_pool":null,"kiln_room":null,"kitchen":null,"locker_room":null,"lounge":null,"multipurpose_room":null,"racketball":null,"rock_climbing_wall":null,":@computed_region_25t2_rbz7":"2943",":@computed_region_x6fk_ihs5":"72"}},
{"type":"Feature","geometry":{"type":"Point","coordinates":[-76.30911,36.87117]},"properties":{":id":"row-tpjt.f68a.fuu5",":version":"rv-222v.zbt2-fxdh",":created_at":"2026-01-13T16:25:43.144Z",":updated_at":"2026-01-13T16:25:48.755Z","park_name":"Westover Memorial Park","park_type":"Neighborhood Active Park","address":"1424 Westover Ave","ward":"2","superward":"6","acres_ert_in_miles":"0.3","special_event_permitting":"No","abc_permitting":"No","fenced_dog_park":"N/A","restrooms":"No","dedicated_parking_on_site":"No","shelters":null,"benches":"Yes","picnic_tables_grills":"No","fenced_park":"Yes","outdoor_basketball_full_court":null,"lighted_basketball_courts":null,"basketball_half_court_only":null,"athletic_field_baseball":null,"athletic_field_lighted":null,"athletic_field_football_soccer":null,"athletic_field_lighted_1":null,"tennis_courts_asphalt_concrete":null,"tennis_courts_clay":null,"lighted_tennis_courts":null,"playground_areas":"1","ada_rubber_surface_playground":null,"swingset":null,"elizabeth_river_trail":null,"amphitheater":null,"walking_path":null,"running_track":null,"disc_golf":null,"batting_cages":null,"dirt_bmx_track":null,"butterfly_garden":null,"sand_volleyball_court":null,"bocce_ball":null,"canoe_kayak_launch":null,"fishing_pier":null,"skate_park":null,"splash_pad":null,"horseshoe_pit":null,"fitness_stations":null,"concrete_asphalt_play_area":null,"volleyball":null,"outdoor_pool":null,"challenge_course":null,"indoor_full_basket_ball_court":null,"art_room":null,"computer_room":null,"dance_music_program":null,"fitness_room":null,"gym":null,"game_room":null,"indoor_pool":null,"kiln_room":null,"kitchen":null,"locker_room":null,"lounge":null,"multipurpose_room":null,"racketball":null,"rock_climbing_wall":null,":@computed_region_25t2_rbz7":"2943",":@computed_region_x6fk_ihs5":"97"}},
{"type":"Feature","geometry":{"type":"Point","coordinates":[-76.27498,36.85921]},"properties":{":id":"row-drm6-w6qy-giss",":version":"rv-t4vj~vysm-bx38",":created_at":"2026-01-13T16:25:43.144Z",":updated_at":"2026-01-13T16:25:48.755Z","park_name":"Huntersville Community Center","park_type":"Community Center with Active Park Amenities","address":"830 Goff St","ward":"4","superward":"7","acres_ert_in_miles":"10.95","special_event_permitting":"No","abc_permitting":"No","fenced_dog_park":"N/A","restrooms":"Yes","dedicated_parking_on_site":"Yes","shelters":"1","benches":"Yes","picnic_tables_grills":"No","fenced_park":"Yes","outdoor_basketball_full_court":null,"lighted_basketball_courts":null,"basketball_half_court_only":null,"athletic_field_baseball":null,"athletic_field_lighted":null,"athletic_field_football_soccer":"1","athletic_field_lighted_1":"1","tennis_courts_asphalt_concrete":"2","tennis_courts_clay":null,"lighted_tennis_courts":null,"playground_areas":"2","ada_rubber_surface_playground":null,"swingset":null,"elizabeth_river_trail":null,"amphitheater":null,"walking_path":null,"running_track":null,"disc_golf":null,"batting_cages":null,"dirt_bmx_track":null,"butterfly_garden":null,"sand_volleyball_court":null,"bocce_ball":null,"canoe_kayak_launch":null,"fishing_pier":null,"skate_park":null,"splash_pad":null,"horseshoe_pit":null,"fitness_stations":null,"concrete_asphalt_play_area":null,"volleyball":null,"outdoor_pool":null,"challenge_course":null,"indoor_full_basket_ball_court":null,"art_room":null,"computer_room":"✓","dance_music_program":null,"fitness_room":null,"gym":"✓","game_room":"✓","indoor_pool":"✓","kiln_room":null,"kitchen":"✓","locker_room":null,"lounge":null,"multipurpose_room":"✓","racketball":null,"rock_climbing_wall":null,":@computed_region_25t2_rbz7":"2943",":@computed_region_x6fk_ihs5":"42"}},
{"type":"Feature","geometry":{"type":"Point","coordinates":[-78.09944,34.99727]},"properties":{":id":"row-hhpb.2r2d_ysk3",":version":"rv-kr5d-cpwz.twgm",":created_at":"2026-01-13T16:25:43.144Z",":updated_at":"2026-01-13T16:25:48.755Z","park_name":"Freemason Green","park_type":"Passive Greenspace","address":"255 College Cross (median across street)","ward":"2","superward":"6","acres_ert_in_miles":"0.32","special_event_permitting":"No","abc_permitting":"No","fenced_dog_park":"N/A","restrooms":"No","dedicated_parking_on_site":"No","shelters":null,"benches":"No","picnic_tables_grills":"No","fenced_park":"No","outdoor_basketball_full_court":null,"lighted_basketball_courts":null,"basketball_half_court_only":null,"athletic_field_baseball":null,"athletic_field_lighted":null,"athletic_field_football_soccer":null,"athletic_field_lighted_1":null,"tennis_courts_asphalt_concrete":null,"tennis_courts_clay":null,"lighted_tennis_courts":null,"playground_areas":null,"ada_rubber_surface_playground":null,"swingset":null,"elizabeth_river_trail":null,"amphitheater":null,"walking_path":null,"running_track":null,"disc_golf":null,"batting_cages":null,"dirt_bmx_track":null,"butterfly_garden":null,"sand_volleyball_court":null,"bocce_ball":null,"canoe_kayak_launch":null,"fishing_pier":null,"skate_park":null,"splash_pad":null,"horseshoe_pit":null,"fitness_stations":null,"concrete_asphalt_play_area":null,"volleyball":null,"outdoor_pool":null,"challenge_course":null,"indoor_full_basket_ball_court":null,"art_room":null,"computer_room":null,"dance_music_program":null,"fitness_room":null,"gym":null,"game_room":null,"indoor_pool":null,"kiln_room":null,"kitchen":null,"locker_room":null,"lounge":null,"multipurpose_room":null,"racketball":null,"rock_climbing_wall":null,":@computed_region_25t2_rbz7":"2335",":@computed_region_x6fk_ihs5":null}},
{"type":"Feature","geometry":{"type":"Point","coordinates":[-76.28478,36.88127]},"properties":{":id":"row-xbmt.kncp-f3ux",":version":"rv-24jq-akpv_g6w6",":created_at":"2026-01-13T16:25:43.144Z",":updated_at":"2026-01-13T16:25:48.755Z","park_name":"Colonial Greenway","park_type":"Neighborhood Active Park","address":"3901 Llewellyn Ave","ward":"2","superward":"7","acres_ert_in_miles":"3.11","special_event_permitting":"No","abc_permitting":"No","fenced_dog_park":"N/A","restrooms":"No","dedicated_parking_on_site":"No","shelters":null,"benches":"Yes","picnic_tables_grills":"No","fenced_park":"Partial","outdoor_basketball_full_court":null,"lighted_basketball_courts":null,"basketball_half_court_only":null,"athletic_field_baseball":null,"athletic_field_lighted":null,"athletic_field_football_soccer":null,"athletic_field_lighted_1":null,"tennis_courts_asphalt_concrete":null,"tennis_courts_clay":null,"lighted_tennis_courts":null,"playground_areas":"1","ada_rubber_surface_playground":null,"swingset":"1","elizabeth_river_trail":null,"amphitheater":null,"walking_path":"✓","running_track":null,"disc_golf":null,"batting_cages":null,"dirt_bmx_track":null,"butterfly_garden":null,"sand_volleyball_court":null,"bocce_ball":null,"canoe_kayak_launch":null,"fishing_pier":null,"skate_park":null,"splash_pad":null,"horseshoe_pit":null,"fitness_stations":null,"concrete_asphalt_play_area":null,"volleyball":null,"outdoor_pool":null,"challenge_course":null,"indoor_full_basket_ball_court":null,"art_room":null,"computer_room":null,"dance_music_program":null,"fitness_room":null,"gym":null,"game_room":null,"indoor_pool":null,"kiln_room":null,"kitchen":null,"locker_room":null,"lounge":null,"multipurpose_room":null,"racketball":null,"rock_climbing_wall":null,":@computed_region_25t2_rbz7":"2943",":@computed_region_x6fk_ihs5":"19"}},
{"type":"Feature","geometry":{"type":"Point","coordinates":[-76.2636,36.91595]},"properties":{":id":"row-hifc-ut5n~6m78",":version":"rv-3xm3~ga6e~3rp5",":created_at":"2026-01-13T16:25:43.144Z",":updated_at":"2026-01-13T16:25:48.755Z","park_name":"Kaboom Playground-aka Denby Playground","park_type":"Neighborhood Active Park","address":"352 San Antonio Blvd","ward":"2","superward":"7","acres_ert_in_miles":"0.09","special_event_permitting":"No","abc_permitting":"No","fenced_dog_park":"N/A","restrooms":"No","dedicated_parking_on_site":"No","shelters":null,"benches":"Yes","picnic_tables_grills":"No","fenced_park":"Yes","outdoor_basketball_full_court":null,"lighted_basketball_courts":null,"basketball_half_court_only":null,"athletic_field_baseball":null,"athletic_field_lighted":null,"athletic_field_football_soccer":null,"athletic_field_lighted_1":null,"tennis_courts_asphalt_concrete":null,"tennis_courts_clay":null,"lighted_tennis_courts":null,"playground_areas":"1","ada_rubber_surface_playground":null,"swingset":"1","elizabeth_river_trail":null,"amphitheater":null,"walking_path":null,"running_track":null,"disc_golf":null,"batting_cages":null,"dirt_bmx_track":null,"butterfly_garden":null,"sand_volleyball_court":null,"bocce_ball":null,"canoe_kayak_launch":null,"fishing_pier":null,"skate_park":null,"splash_pad":null,"horseshoe_pit":null,"fitness_stations":null,"concrete_asphalt_play_area":null,"volleyball":null,"outdoor_pool":null,"challenge_course":null,"indoor_full_basket_ball_court":null,"art_room":null,"computer_room":null,"dance_music_program":null,"fitness_room":null,"gym":null,"game_room":null,"indoor_pool":null,"kiln_room":null,"kitchen":null,"locker_room":null,"lounge":null,"multipurpose_room":null,"racketball":null,"rock_climbing_wall":null,":@computed_region_25t2_rbz7":"2943",":@computed_region_x6fk_ihs5":"119"}},
{"type":"Feature","geometry":{"type":"Point","coordinates":[-76.22983,36.9016]},"properties":{":id":"row-4piq-32yz.hmf2",":version":"rv-nhdt.e3wx.dybq",":created_at":"2026-01-13T16:25:43.144Z",":updated_at":"2026-01-13T16:25:48.755Z","park_name":"Tanners Creek","park_type":"Neighborhood Active Park","address":"6700 E Tanner Creek Dr","ward":"3","superward":"7","acres_ert_in_miles":"4.94","special_event_permitting":"No","abc_permitting":"No","fenced_dog_park":"N/A","restrooms":"No","dedicated_parking_on_site":"No","shelters":null,"benches":"No","picnic_tables_grills":"No","fenced_park":"No","outdoor_basketball_full_court":null,"lighted_basketball_courts":null,"basketball_half_court_only":null,"athletic_field_baseball":null,"athletic_field_lighted":null,"athletic_field_football_soccer":null,"athletic_field_lighted_1":null,"tennis_courts_asphalt_concrete":null,"tennis_courts_clay":null,"lighted_tennis_courts":null,"playground_areas":null,"ada_rubber_surface_playground":null,"swingset":null,"elizabeth_river_trail":null,"amphitheater":null,"walking_path":null,"running_track":null,"disc_golf":null,"batting_cages":null,"dirt_bmx_track":null,"butterfly_garden":null,"sand_volleyball_court":null,"bocce_ball":null,"canoe_kayak_launch":null,"fishing_pier":null,"skate_park":null,"splash_pad":null,"horseshoe_pit":null,"fitness_stations":null,"concrete_asphalt_play_area":null,"volleyball":null,"outdoor_pool":null,"challenge_course":null,"indoor_full_basket_ball_court":null,"art_room":null,"computer_room":null,"dance_music_program":null,"fitness_room":null,"gym":null,"game_room":null,"indoor_pool":null,"kiln_room":null,"kitchen":null,"locker_room":null,"lounge":null,"multipurpose_room":null,"racketball":null,"rock_climbing_wall":null,":@computed_region_25t2_rbz7":"2943",":@computed_region_x6fk_ihs5":"87"}},
{"type":"Feature","geometry":{"type":"Point","coordinates":[-76.21105,36.93458]},"properties":{":id":"row-xmez-qngc-9wkb",":version":"rv-7bvw_6dc4.iy8h",":created_at":"2026-01-13T16:25:43.144Z",":updated_at":"2026-01-13T16:25:48.755Z","park_name":"Bay Oaks Park","park_type":"Community Park","address":"3rd-5th Bay Streets / Ocean View Ave","ward":"5","superward":"6","acres_ert_in_miles":"12","special_event_permitting":"Yes","abc_permitting":"No","fenced_dog_park":"N/A","restrooms":"No","dedicated_parking_on_site":"Yes","shelters":"6","benches":"Yes","picnic_tables_grills":"No","fenced_park":"No","outdoor_basketball_full_court":null,"lighted_basketball_courts":null,"basketball_half_court_only":null,"athletic_field_baseball":null,"athletic_field_lighted":null,"athletic_field_football_soccer":null,"athletic_field_lighted_1":null,"tennis_courts_asphalt_concrete":null,"tennis_courts_clay":null,"lighted_tennis_courts":null,"playground_areas":"2","ada_rubber_surface_playground":null,"swingset":null,"elizabeth_river_trail":null,"amphitheater":null,"walking_path":"✓","running_track":null,"disc_golf":null,"batting_cages":null,"dirt_bmx_track":null,"butterfly_garden":null,"sand_volleyball_court":null,"bocce_ball":null,"canoe_kayak_launch":null,"fishing_pier":null,"skate_park":null,"splash_pad":null,"horseshoe_pit":null,"fitness_stations":"✓","concrete_asphalt_play_area":null,"volleyball":null,"outdoor_pool":null,"challenge_course":null,"indoor_full_basket_ball_court":null,"art_room":null,"computer_room":null,"dance_music_program":null,"fitness_room":null,"gym":null,"game_room":null,"indoor_pool":null,"kiln_room":null,"kitchen":null,"locker_room":null,"lounge":null,"multipurpose_room":null,"racketball":null,"rock_climbing_wall":null,":@computed_region_25t2_rbz7":"2943",":@computed_region_x6fk_ihs5":"25"}},
{"type":"Feature","geometry":{"type":"Point","coordinates":[-76.25128,36.84489]},"properties":{":id":"row-t4jp~mwck~sc3r",":version":"rv-nami-k6sd_6qjd",":created_at":"2026-01-13T16:25:43.144Z",":updated_at":"2026-01-13T16:25:48.755Z","park_name":"Chesterfield Elementary & Chesterfield Pool","park_type":"School and Community Center Shared Site With Active Park Amenities","address":"2915 Westminster Ave","ward":"4","superward":"7","acres_ert_in_miles":"13.44","special_event_permitting":"No","abc_permitting":"No","fenced_dog_park":"N/A","restrooms":"Yes","dedicated_parking_on_site":"Yes","shelters":null,"benches":"Yes","picnic_tables_grills":"No","fenced_park":"Yes","outdoor_basketball_full_court":"6","lighted_basketball_courts":"6","basketball_half_court_only":"4","athletic_field_baseball":"1","athletic_field_lighted":null,"athletic_field_football_soccer":null,"athletic_field_lighted_1":null,"tennis_courts_asphalt_concrete":null,"tennis_courts_clay":null,"lighted_tennis_courts":null,"playground_areas":null,"ada_rubber_surface_playground":null,"swingset":null,"elizabeth_river_trail":null,"amphitheater":null,"walking_path":null,"running_track":null,"disc_golf":null,"batting_cages":null,"dirt_bmx_track":null,"butterfly_garden":null,"sand_volleyball_court":null,"bocce_ball":null,"canoe_kayak_launch":null,"fishing_pier":null,"skate_park":null,"splash_pad":null,"horseshoe_pit":null,"fitness_stations":null,"concrete_asphalt_play_area":null,"volleyball":null,"outdoor_pool":"✓","challenge_course":null,"indoor_full_basket_ball_court":null,"art_room":null,"computer_room":null,"dance_music_program":null,"fitness_room":null,"gym":null,"game_room":null,"indoor_pool":null,"kiln_room":null,"kitchen":null,"locker_room":null,"lounge":null,"multipurpose_room":null,"racketball":null,"rock_climbing_wall":null,":@computed_region_25t2_rbz7":"2943",":@computed_region_x6fk_ihs5":"17"}},
{"type":"Feature","geometry":null,"properties":{":id":"row-entg~g65d-ej2y",":version":"rv-tdt6.7yym_nx6i",":created_at":"2026-01-13T16:25:43.144Z",":updated_at":"2026-01-13T16:25:48.755Z","park_name":"Larrymore Lawns Open Space","park_type":"Passive Greenspace","address":"Corner of Halprin Dr & Winn Ln","ward":"5","superward":"6","acres_ert_in_miles":"2.88","special_event_permitting":"No","abc_permitting":"No","fenced_dog_park":"N/A","restrooms":"No","dedicated_parking_on_site":"No","shelters":null,"benches":"No","picnic_tables_grills":"No","fenced_park":"Partial","outdoor_basketball_full_court":null,"lighted_basketball_courts":null,"basketball_half_court_only":null,"athletic_field_baseball":null,"athletic_field_lighted":null,"athletic_field_football_soccer":null,"athletic_field_lighted_1":null,"tennis_courts_asphalt_concrete":null,"tennis_courts_clay":null,"lighted_tennis_courts":null,"playground_areas":null,"ada_rubber_surface_playground":null,"swingset":null,"elizabeth_river_trail":null,"amphitheater":null,"walking_path":null,"running_track":null,"disc_golf":null,"batting_cages":null,"dirt_bmx_track":null,"butterfly_garden":null,"sand_volleyball_court":null,"bocce_ball":null,"canoe_kayak_launch":null,"fishing_pier":null,"skate_park":null,"splash_pad":null,"horseshoe_pit":null,"fitness_stations":null,"concrete_asphalt_play_area":null,"volleyball":null,"outdoor_pool":null,"challenge_course":null,"indoor_full_basket_ball_court":null,"art_room":null,"computer_room":null,"dance_music_program":null,"fitness_room":null,"gym":null,"game_room":null,"indoor_pool":null,"kiln_room":null,"kitchen":null,"locker_room":null,"lounge":null,"multipurpose_room":null,"racketball":null,"rock_climbing_wall":null,":@computed_region_25t2_rbz7":null,":@computed_region_x6fk_ihs5":null}},
{"type":"Feature","geometry":null,"properties":{":id":"row-b7bf~4pmf~pvzm",":version":"rv-3c7m-gu24.5jub",":created_at":"2026-01-13T16:25:43.144Z",":updated_at":"2026-01-13T16:25:48.755Z","park_name":"Ashby Street Park","park_type":"Neighborhood Active Park","address":"5416 Ashby St (across street from)","ward":"4","superward":"7","acres_ert_in_miles":"0.33","special_event_permitting":"No","abc_permitting":"No","fenced_dog_park":"N/A","restrooms":"No","dedicated_parking_on_site":"No","shelters":null,"benches":"No","picnic_tables_grills":"No","fenced_park":"Partial","outdoor_basketball_full_court":null,"lighted_basketball_courts":null,"basketball_half_court_only":"1","athletic_field_baseball":null,"athletic_field_lighted":null,"athletic_field_football_soccer":null,"athletic_field_lighted_1":null,"tennis_courts_asphalt_concrete":null,"tennis_courts_clay":null,"lighted_tennis_courts":null,"playground_areas":"1","ada_rubber_surface_playground":null,"swingset":"1","elizabeth_river_trail":null,"amphitheater":null,"walking_path":null,"running_track":null,"disc_golf":null,"batting_cages":null,"dirt_bmx_track":null,"butterfly_garden":null,"sand_volleyball_court":null,"bocce_ball":null,"canoe_kayak_launch":null,"fishing_pier":null,"skate_park":null,"splash_pad":null,"horseshoe_pit":null,"fitness_stations":null,"concrete_asphalt_play_area":null,"volleyball":null,"outdoor_pool":null,"challenge_course":null,"indoor_full_basket_ball_court":null,"art_room":null,"computer_room":null,"dance_music_program":null,"fitness_room":null,"gym":null,"game_room":null,"indoor_pool":null,"kiln_room":null,"kitchen":null,"locker_room":null,"lounge":null,"multipurpose_room":null,"racketball":null,"rock_climbing_wall":null,":@computed_region_25t2_rbz7":null,":@computed_region_x6fk_ihs5":null}},
{"type":"Feature","geometry":{"type":"Point","coordinates":[-74.22567,40.72231]},"properties":{":id":"row-5j6z-wkzu-3dn5",":version":"rv-ceen-ng8a_m7mn",":created_at":"2026-01-13T16:25:43.144Z",":updated_at":"2026-01-13T16:25:48.755Z","park_name":"Maple Avenue Dog Park","park_type":"Dog Park","address":"176 Maple Avenue","ward":"1","superward":"6","acres_ert_in_miles":"0.38","special_event_permitting":"No","abc_permitting":"No","fenced_dog_park":"Yes","restrooms":"No","dedicated_parking_on_site":"No","shelters":null,"benches":"Yes","picnic_tables_grills":"No","fenced_park":"Yes","outdoor_basketball_full_court":null,"lighted_basketball_courts":null,"basketball_half_court_only":null,"athletic_field_baseball":null,"athletic_field_lighted":null,"athletic_field_football_soccer":null,"athletic_field_lighted_1":null,"tennis_courts_asphalt_concrete":null,"tennis_courts_clay":null,"lighted_tennis_courts":null,"playground_areas":null,"ada_rubber_surface_playground":null,"swingset":null,"elizabeth_river_trail":null,"amphitheater":null,"walking_path":null,"running_track":null,"disc_golf":null,"batting_cages":null,"dirt_bmx_track":null,"butterfly_garden":null,"sand_volleyball_court":null,"bocce_ball":null,"canoe_kayak_launch":null,"fishing_pier":null,"skate_park":null,"splash_pad":null,"horseshoe_pit":null,"fitness_stations":null,"concrete_asphalt_play_area":null,"volleyball":null,"outdoor_pool":null,"challenge_course":null,"indoor_full_basket_ball_court":null,"art_room":null,"computer_room":null,"dance_music_program":null,"fitness_room":null,"gym":null,"game_room":null,"indoor_pool":null,"kiln_room":null,"kitchen":null,"locker_room":null,"lounge":null,"multipurpose_room":null,"racketball":null,"rock_climbing_wall":null,":@computed_region_25t2_rbz7":"2486",":@computed_region_x6fk_ihs5":null}},
{"type":"Feature","geometry":{"type":"Point","coordinates":[-76.28007,36.85314]},"properties":{":id":"row-rs4e_gka8.2w4q",":version":"rv-s2ws~vrr9-5kaf",":created_at":"2026-01-13T16:25:43.144Z",":updated_at":"2026-01-13T16:25:48.755Z","park_name":"Hague ParK","park_type":"Passive Greenspace","address":"700 Brambleton Ave","ward":"2","superward":"6","acres_ert_in_miles":"5.21","special_event_permitting":"No","abc_permitting":"No","fenced_dog_park":"No","restrooms":"No","dedicated_parking_on_site":"No","shelters":null,"benches":"No","picnic_tables_grills":"No","fenced_park":"No","outdoor_basketball_full_court":null,"lighted_basketball_courts":null,"basketball_half_court_only":null,"athletic_field_baseball":null,"athletic_field_lighted":null,"athletic_field_football_soccer":null,"athletic_field_lighted_1":null,"tennis_courts_asphalt_concrete":null,"tennis_courts_clay":null,"lighted_tennis_courts":null,"playground_areas":null,"ada_rubber_surface_playground":null,"swingset":null,"elizabeth_river_trail":null,"amphitheater":null,"walking_path":null,"running_track":null,"disc_golf":null,"batting_cages":null,"dirt_bmx_track":null,"butterfly_garden":null,"sand_volleyball_court":null,"bocce_ball":null,"canoe_kayak_launch":null,"fishing_pier":null,"skate_park":null,"splash_pad":null,"horseshoe_pit":null,"fitness_stations":null,"concrete_asphalt_play_area":null,"volleyball":null,"outdoor_pool":null,"challenge_course":null,"indoor_full_basket_ball_court":null,"art_room":null,"computer_room":null,"dance_music_program":null,"fitness_room":null,"gym":null,"game_room":null,"indoor_pool":null,"kiln_room":null,"kitchen":null,"locker_room":null,"lounge":null,"multipurpose_room":null,"racketball":null,"rock_climbing_wall":null,":@computed_region_25t2_rbz7":"2943",":@computed_region_x6fk_ihs5":"128"}},
{"type":"Feature","geometry":{"type":"Point","coordinates":[-76.25915,36.85477]},"properties":{":id":"row-izi7_65ii-xvgk",":version":"rv-riua.nm6w-ptyh",":created_at":"2026-01-13T16:25:43.144Z",":updated_at":"2026-01-13T16:25:48.755Z","park_name":"Dreamkeepers Academy","park_type":"School Site with Active Park Amenities","address":"2600 E. Princess Anne Rd","ward":"3","superward":"7","acres_ert_in_miles":"4.91","special_event_permitting":"No","abc_permitting":"No","fenced_dog_park":"N/A","restrooms":"No","dedicated_parking_on_site":"Yes","shelters":null,"benches":"No","picnic_tables_grills":"No","fenced_park":"Yes","outdoor_basketball_full_court":"4","lighted_basketball_courts":null,"basketball_half_court_only":null,"athletic_field_baseball":null,"athletic_field_lighted":null,"athletic_field_football_soccer":null,"athletic_field_lighted_1":null,"tennis_courts_asphalt_concrete":null,"tennis_courts_clay":null,"lighted_tennis_courts":null,"playground_areas":"1","ada_rubber_surface_playground":null,"swingset":null,"elizabeth_river_trail":null,"amphitheater":null,"walking_path":null,"running_track":null,"disc_golf":null,"batting_cages":null,"dirt_bmx_track":null,"butterfly_garden":null,"sand_volleyball_court":null,"bocce_ball":null,"canoe_kayak_launch":null,"fishing_pier":null,"skate_park":null,"splash_pad":null,"horseshoe_pit":null,"fitness_stations":null,"concrete_asphalt_play_area":null,"volleyball":null,"outdoor_pool":null,"challenge_course":null,"indoor_full_basket_ball_court":null,"art_room":null,"computer_room":null,"dance_music_program":null,"fitness_room":null,"gym":null,"game_room":null,"indoor_pool":null,"kiln_room":null,"kitchen":null,"locker_room":null,"lounge":null,"multipurpose_room":null,"racketball":null,"rock_climbing_wall":null,":@computed_region_25t2_rbz7":"2943",":@computed_region_x6fk_ihs5":"128"}},
{"type":"Feature","geometry":{"type":"Point","coordinates":[-76.30565,36.91597]},"properties":{":id":"row-scca_cmyy~5aap",":version":"rv-y52z~9wmd~qmvy",":created_at":"2026-01-13T16:25:43.144Z",":updated_at":"2026-01-13T16:25:48.755Z","park_name":"Meadowbrook Dog Park","park_type":"Dog Park","address":"1625 W Little Creek Road","ward":"1","superward":"6","acres_ert_in_miles":"0.75","special_event_permitting":"No","abc_permitting":"No","fenced_dog_park":"Yes","restrooms":"No","dedicated_parking_on_site":"No","shelters":null,"benches":"Yes","picnic_tables_grills":"No","fenced_park":"No","outdoor_basketball_full_court":null,"lighted_basketball_courts":null,"basketball_half_court_only":null,"athletic_field_baseball":null,"athletic_field_lighted":null,"athletic_field_football_soccer":null,"athletic_field_lighted_1":null,"tennis_courts_asphalt_concrete":null,"tennis_courts_clay":null,"lighted_tennis_courts":null,"playground_areas":null,"ada_rubber_surface_playground":null,"swingset":null,"elizabeth_river_trail":null,"amphitheater":null,"walking_path":null,"running_track":null,"disc_golf":null,"batting_cages":null,"dirt_bmx_track":null,"butterfly_garden":null,"sand_volleyball_court":null,"bocce_ball":null,"canoe_kayak_launch":null,"fishing_pier":null,"skate_park":null,"splash_pad":null,"horseshoe_pit":null,"fitness_stations":null,"concrete_asphalt_play_area":null,"volleyball":null,"outdoor_pool":null,"challenge_course":null,"indoor_full_basket_ball_court":null,"art_room":null,"computer_room":null,"dance_music_program":null,"fitness_room":null,"gym":null,"game_room":null,"indoor_pool":null,"kiln_room":null,"kitchen":null,"locker_room":null,"lounge":null,"multipurpose_room":null,"racketball":null,"rock_climbing_wall":null,":@computed_region_25t2_rbz7":"2943",":@computed_region_x6fk_ihs5":"53"}},
{"type":"Feature","geometry":{"type":"Point","coordinates":[-76.20905,36.91722]},"properties":{":id":"row-wqrz~vgce_9ccv",":version":"rv-z5x9~kcck~wbg6",":created_at":"2026-01-13T16:25:43.144Z",":updated_at":"2026-01-13T16:25:48.755Z","park_name":"Little Creek Elementary & Primary School","park_type":"School Site with Active Park Amenities","address":"7900 Tarpon Pl","ward":"5","superward":"6","acres_ert_in_miles":"16.86","special_event_permitting":"No","abc_permitting":"No","fenced_dog_park":"N/A","restrooms":"No","dedicated_parking_on_site":"Yes","shelters":null,"benches":"Yes","picnic_tables_grills":"No","fenced_park":"Yes","outdoor_basketball_full_court":"4","lighted_basketball_courts":null,"basketball_half_court_only":"4","athletic_field_baseball":null,"athletic_field_lighted":null,"athletic_field_football_soccer":"1","athletic_field_lighted_1":"1","tennis_courts_asphalt_concrete":"1","tennis_courts_clay":null,"lighted_tennis_courts":null,"playground_areas":"1","ada_rubber_surface_playground":null,"swingset":null,"elizabeth_river_trail":null,"amphitheater":null,"walking_path":null,"running_track":null,"disc_golf":null,"batting_cages":null,"dirt_bmx_track":null,"butterfly_garden":null,"sand_volleyball_court":null,"bocce_ball":null,"canoe_kayak_launch":null,"fishing_pier":null,"skate_park":null,"splash_pad":null,"horseshoe_pit":null,"fitness_stations":null,"concrete_asphalt_play_area":null,"volleyball":null,"outdoor_pool":null,"challenge_course":null,"indoor_full_basket_ball_court":null,"art_room":null,"computer_room":null,"dance_music_program":null,"fitness_room":null,"gym":null,"game_room":null,"indoor_pool":null,"kiln_room":null,"kitchen":null,"locker_room":null,"lounge":null,"multipurpose_room":null,"racketball":null,"rock_climbing_wall":null,":@computed_region_25t2_rbz7":"2943",":@computed_region_x6fk_ihs5":"62"}},
{"type":"Feature","geometry":{"type":"Point","coordinates":[-76.27557,36.83024]},"properties":{":id":"row-ja55_teq6-2usu",":version":"rv-ds6j_3ssp_yrtg",":created_at":"2026-01-13T16:25:43.144Z",":updated_at":"2026-01-13T16:25:48.755Z","park_name":"Craig Street Playground","park_type":"Neighborhood Active Park","address":"425 Craig St","ward":"4","superward":"7","acres_ert_in_miles":"1.03","special_event_permitting":"No","abc_permitting":"No","fenced_dog_park":"N/A","restrooms":"No","dedicated_parking_on_site":"No","shelters":null,"benches":"No","picnic_tables_grills":"No","fenced_park":"Partial","outdoor_basketball_full_court":null,"lighted_basketball_courts":null,"basketball_half_court_only":null,"athletic_field_baseball":null,"athletic_field_lighted":null,"athletic_field_football_soccer":null,"athletic_field_lighted_1":null,"tennis_courts_asphalt_concrete":null,"tennis_courts_clay":null,"lighted_tennis_courts":null,"playground_areas":"1","ada_rubber_surface_playground":null,"swingset":"1","elizabeth_river_trail":null,"amphitheater":null,"walking_path":null,"running_track":null,"disc_golf":null,"batting_cages":null,"dirt_bmx_track":null,"butterfly_garden":null,"sand_volleyball_court":null,"bocce_ball":null,"canoe_kayak_launch":null,"fishing_pier":null,"skate_park":null,"splash_pad":null,"horseshoe_pit":null,"fitness_stations":null,"concrete_asphalt_play_area":null,"volleyball":null,"outdoor_pool":null,"challenge_course":null,"indoor_full_basket_ball_court":null,"art_room":null,"computer_room":null,"dance_music_program":null,"fitness_room":null,"gym":null,"game_room":null,"indoor_pool":null,"kiln_room":null,"kitchen":null,"locker_room":null,"lounge":null,"multipurpose_room":null,"racketball":null,"rock_climbing_wall":null,":@computed_region_25t2_rbz7":"2943",":@computed_region_x6fk_ihs5":"4"}},
{"type":"Feature","geometry":{"type":"Point","coordinates":[-76.30342,36.86545]},"properties":{":id":"row-petu.skhn~9sg2",":version":"rv-v5pi~exzq~rfh9",":created_at":"2026-01-13T16:25:43.144Z",":updated_at":"2026-01-13T16:25:48.755Z","park_name":"Greenway Court Park","park_type":"Passive Greenspace","address":"930 Greenway Court","ward":"2","superward":"6","acres_ert_in_miles":"0.58","special_event_permitting":"No","abc_permitting":"No","fenced_dog_park":"N/A","restrooms":"No","dedicated_parking_on_site":"No","shelters":null,"benches":"Yes","picnic_tables_grills":"No","fenced_park":"No","outdoor_basketball_full_court":null,"lighted_basketball_courts":null,"basketball_half_court_only":null,"athletic_field_baseball":null,"athletic_field_lighted":null,"athletic_field_football_soccer":null,"athletic_field_lighted_1":null,"tennis_courts_asphalt_concrete":null,"tennis_courts_clay":null,"lighted_tennis_courts":null,"playground_areas":null,"ada_rubber_surface_playground":null,"swingset":"1","elizabeth_river_trail":null,"amphitheater":null,"walking_path":null,"running_track":null,"disc_golf":null,"batting_cages":null,"dirt_bmx_track":null,"butterfly_garden":null,"sand_volleyball_court":null,"bocce_ball":null,"canoe_kayak_launch":null,"fishing_pier":null,"skate_park":null,"splash_pad":null,"horseshoe_pit":null,"fitness_stations":null,"concrete_asphalt_play_area":null,"volleyball":null,"outdoor_pool":null,"challenge_course":null,"indoor_full_basket_ball_court":null,"art_room":null,"computer_room":null,"dance_music_program":null,"fitness_room":null,"gym":null,"game_room":null,"indoor_pool":null,"kiln_room":null,"kitchen":null,"locker_room":null,"lounge":null,"multipurpose_room":null,"racketball":null,"rock_climbing_wall":null,":@computed_region_25t2_rbz7":"2943",":@computed_region_x6fk_ihs5":"97"}},
{"type":"Feature","geometry":{"type":"Point","coordinates":[-76.27062,36.86842]},"properties":{":id":"row-znfj-2f7z~nmea",":version":"rv-fvqy-bauw_errf",":created_at":"2026-01-13T16:25:43.144Z",":updated_at":"2026-01-13T16:25:48.755Z","park_name":"Lindenwood Elementary School","park_type":"School Site with Active Park Amenities","address":"2700 Ludlow St","ward":"3","superward":"7","acres_ert_in_miles":"8.72","special_event_permitting":"No","abc_permitting":"No","fenced_dog_park":"N/A","restrooms":"No","dedicated_parking_on_site":"Yes","shelters":null,"benches":"Yes","picnic_tables_grills":"No","fenced_park":"Yes","outdoor_basketball_full_court":"4","lighted_basketball_courts":null,"basketball_half_court_only":null,"athletic_field_baseball":null,"athletic_field_lighted":null,"athletic_field_football_soccer":"1","athletic_field_lighted_1":null,"tennis_courts_asphalt_concrete":null,"tennis_courts_clay":null,"lighted_tennis_courts":null,"playground_areas":"1","ada_rubber_surface_playground":null,"swingset":null,"elizabeth_river_trail":null,"amphitheater":null,"walking_path":null,"running_track":null,"disc_golf":null,"batting_cages":null,"dirt_bmx_track":null,"butterfly_garden":null,"sand_volleyball_court":null,"bocce_ball":null,"canoe_kayak_launch":null,"fishing_pier":null,"skate_park":null,"splash_pad":null,"horseshoe_pit":null,"fitness_stations":null,"concrete_asphalt_play_area":null,"volleyball":null,"outdoor_pool":null,"challenge_course":null,"indoor_full_basket_ball_court":null,"art_room":null,"computer_room":null,"dance_music_program":null,"fitness_room":null,"gym":null,"game_room":null,"indoor_pool":null,"kiln_room":null,"kitchen":null,"locker_room":null,"lounge":null,"multipurpose_room":null,"racketball":null,"rock_climbing_wall":null,":@computed_region_25t2_rbz7":"2943",":@computed_region_x6fk_ihs5":"51"}},
{"type":"Feature","geometry":{"type":"Point","coordinates":[-120.82904,37.59766]},"properties":{":id":"row-cwdj-ifzi_jumm",":version":"rv-6fv2~j4i6.ft6c",":created_at":"2026-01-13T16:25:43.144Z",":updated_at":"2026-01-13T16:25:48.755Z","park_name":"Southside Aquatic Center","park_type":"Community Center with Active Park Amenities","address":"2300 Berkely Ave","ward":"4","superward":"7","acres_ert_in_miles":"10.33","special_event_permitting":"No","abc_permitting":"No","fenced_dog_park":"N/A","restrooms":"Yes","dedicated_parking_on_site":"Yes","shelters":null,"benches":"No","picnic_tables_grills":"No","fenced_park":"No","outdoor_basketball_full_court":null,"lighted_basketball_courts":null,"basketball_half_court_only":null,"athletic_field_baseball":null,"athletic_field_lighted":null,"athletic_field_football_soccer":null,"athletic_field_lighted_1":null,"tennis_courts_asphalt_concrete":null,"tennis_courts_clay":null,"lighted_tennis_courts":null,"playground_areas":null,"ada_rubber_surface_playground":null,"swingset":null,"elizabeth_river_trail":null,"amphitheater":null,"walking_path":null,"running_track":null,"disc_golf":null,"batting_cages":null,"dirt_bmx_track":null,"butterfly_garden":null,"sand_volleyball_court":null,"bocce_ball":null,"canoe_kayak_launch":null,"fishing_pier":null,"skate_park":null,"splash_pad":null,"horseshoe_pit":null,"fitness_stations":null,"concrete_asphalt_play_area":null,"volleyball":null,"outdoor_pool":null,"challenge_course":null,"indoor_full_basket_ball_court":null,"art_room":null,"computer_room":null,"dance_music_program":null,"fitness_room":null,"gym":null,"game_room":null,"indoor_pool":"✓","kiln_room":null,"kitchen":null,"locker_room":"✓","lounge":null,"multipurpose_room":"✓","racketball":null,"rock_climbing_wall":null,":@computed_region_25t2_rbz7":"1340",":@computed_region_x6fk_ihs5":null}},
{"type":"Feature","geometry":{"type":"Point","coordinates":[-80.40595,37.15118]},"properties":{":id":"row-6vj9_mwsr-cbsu",":version":"rv-9b4g.sa74~itn9",":created_at":"2026-01-13T16:25:43.144Z",":updated_at":"2026-01-13T16:25:48.755Z","park_name":"Stockley Garden-South Blocks","park_type":"Passive Greenspace","address":"500-800 Block","ward":"2","superward":"6","acres_ert_in_miles":"2.04","special_event_permitting":"No","abc_permitting":"No","fenced_dog_park":"N/A","restrooms":"No","dedicated_parking_on_site":"No","shelters":null,"benches":"No","picnic_tables_grills":"No","fenced_park":"Yes","outdoor_basketball_full_court":null,"lighted_basketball_courts":null,"basketball_half_court_only":null,"athletic_field_baseball":null,"athletic_field_lighted":null,"athletic_field_football_soccer":null,"athletic_field_lighted_1":null,"tennis_courts_asphalt_concrete":null,"tennis_courts_clay":null,"lighted_tennis_courts":null,"playground_areas":null,"ada_rubber_surface_playground":null,"swingset":null,"elizabeth_river_trail":null,"amphitheater":null,"walking_path":null,"running_track":null,"disc_golf":null,"batting_cages":null,"dirt_bmx_track":null,"butterfly_garden":null,"sand_volleyball_court":null,"bocce_ball":null,"canoe_kayak_launch":null,"fishing_pier":null,"skate_park":null,"splash_pad":null,"horseshoe_pit":null,"fitness_stations":null,"concrete_asphalt_play_area":null,"volleyball":null,"outdoor_pool":null,"challenge_course":null,"indoor_full_basket_ball_court":null,"art_room":null,"computer_room":null,"dance_music_program":null,"fitness_room":null,"gym":null,"game_room":null,"indoor_pool":null,"kiln_room":null,"kitchen":null,"locker_room":null,"lounge":null,"multipurpose_room":null,"racketball":null,"rock_climbing_wall":null,":@computed_region_25t2_rbz7":"917",":@computed_region_x6fk_ihs5":null}},
{"type":"Feature","geometry":{"type":"Point","coordinates":[-76.28902,36.84674]},"properties":{":id":"row-wvxp~mfvi_ww6f",":version":"rv-58ck~bhzg_dqme",":created_at":"2026-01-13T16:25:43.144Z",":updated_at":"2026-01-13T16:25:48.755Z","park_name":"MacArthur Memorial Plaza","park_type":"Passive Greenspace","address":"404 E. Plume St","ward":"2","superward":"6","acres_ert_in_miles":"1.97","special_event_permitting":"No","abc_permitting":"No","fenced_dog_park":"N/A","restrooms":"No","dedicated_parking_on_site":"No","shelters":null,"benches":"Yes","picnic_tables_grills":"No","fenced_park":"Yes","outdoor_basketball_full_court":null,"lighted_basketball_courts":null,"basketball_half_court_only":null,"athletic_field_baseball":null,"athletic_field_lighted":null,"athletic_field_football_soccer":null,"athletic_field_lighted_1":null,"tennis_courts_asphalt_concrete":null,"tennis_courts_clay":null,"lighted_tennis_courts":null,"playground_areas":null,"ada_rubber_surface_playground":null,"swingset":null,"elizabeth_river_trail":null,"amphitheater":null,"walking_path":null,"running_track":null,"disc_golf":null,"batting_cages":null,"dirt_bmx_track":null,"butterfly_garden":null,"sand_volleyball_court":null,"bocce_ball":null,"canoe_kayak_launch":null,"fishing_pier":null,"skate_park":null,"splash_pad":null,"horseshoe_pit":null,"fitness_stations":null,"concrete_asphalt_play_area":null,"volleyball":null,"outdoor_pool":null,"challenge_course":null,"indoor_full_basket_ball_court":null,"art_room":null,"computer_room":null,"dance_music_program":null,"fitness_room":null,"gym":null,"game_room":null,"indoor_pool":null,"kiln_room":null,"kitchen":null,"locker_room":null,"lounge":null,"multipurpose_room":null,"racketball":null,"rock_climbing_wall":null,":@computed_region_25t2_rbz7":"2943",":@computed_region_x6fk_ihs5":"22"}},
{"type":"Feature","geometry":{"type":"Point","coordinates":[-76.25886,36.93436]},"properties":{":id":"row-px87~2wy3~7tkf",":version":"rv-z8ef~2eaz_ehig",":created_at":"2026-01-13T16:25:43.144Z",":updated_at":"2026-01-13T16:25:48.755Z","park_name":"Northside Middle School, Mary Calcott ES & Norfolk Therapeutic Recreation Center","park_type":"School and Community Center Shared Site With Active Park Amenities","address":"180 E. Evans St","ward":"1","superward":"6","acres_ert_in_miles":"23.85","special_event_permitting":"No","abc_permitting":"No","fenced_dog_park":"N/A","restrooms":"Yes","dedicated_parking_on_site":"Yes","shelters":null,"benches":"Yes","picnic_tables_grills":"No","fenced_park":"Yes","outdoor_basketball_full_court":"6","lighted_basketball_courts":null,"basketball_half_court_only":null,"athletic_field_baseball":"2","athletic_field_lighted":"1","athletic_field_football_soccer":"1","athletic_field_lighted_1":null,"tennis_courts_asphalt_concrete":"6","tennis_courts_clay":null,"lighted_tennis_courts":null,"playground_areas":"2","ada_rubber_surface_playground":"1","swingset":null,"elizabeth_river_trail":null,"amphitheater":null,"walking_path":null,"running_track":null,"disc_golf":null,"batting_cages":null,"dirt_bmx_track":null,"butterfly_garden":null,"sand_volleyball_court":null,"bocce_ball":null,"canoe_kayak_launch":null,"fishing_pier":null,"skate_park":null,"splash_pad":null,"horseshoe_pit":null,"fitness_stations":null,"concrete_asphalt_play_area":null,"volleyball":null,"outdoor_pool":null,"challenge_course":null,"indoor_full_basket_ball_court":null,"art_room":null,"computer_room":null,"dance_music_program":null,"fitness_room":null,"gym":null,"game_room":null,"indoor_pool":null,"kiln_room":null,"kitchen":null,"locker_room":null,"lounge":null,"multipurpose_room":null,"racketball":null,"rock_climbing_wall":null,":@computed_region_25t2_rbz7":"2943",":@computed_region_x6fk_ihs5":"101"}},
{"type":"Feature","geometry":{"type":"Point","coordinates":[-76.30362,36.87881]},"properties":{":id":"row-mn5a_7ant-af59",":version":"rv-mj6n_chns.5i3e",":created_at":"2026-01-13T16:25:43.144Z",":updated_at":"2026-01-13T16:25:48.755Z","park_name":"Madison Career Center","park_type":"School Site with Active Park Amenities","address":"3700 Bowden Ferry Road","ward":"2","superward":"7","acres_ert_in_miles":"2.93","special_event_permitting":"No","abc_permitting":"No","fenced_dog_park":"N/A","restrooms":"No","dedicated_parking_on_site":"Yes","shelters":null,"benches":"No","picnic_tables_grills":"No","fenced_park":"Yes","outdoor_basketball_full_court":"2","lighted_basketball_courts":null,"basketball_half_court_only":null,"athletic_field_baseball":null,"athletic_field_lighted":null,"athletic_field_football_soccer":null,"athletic_field_lighted_1":null,"tennis_courts_asphalt_concrete":null,"tennis_courts_clay":null,"lighted_tennis_courts":null,"playground_areas":null,"ada_rubber_surface_playground":null,"swingset":null,"elizabeth_river_trail":null,"amphitheater":null,"walking_path":null,"running_track":null,"disc_golf":null,"batting_cages":null,"dirt_bmx_track":null,"butterfly_garden":null,"sand_volleyball_court":null,"bocce_ball":null,"canoe_kayak_launch":null,"fishing_pier":null,"skate_park":null,"splash_pad":null,"horseshoe_pit":null,"fitness_stations":null,"concrete_asphalt_play_area":null,"volleyball":null,"outdoor_pool":null,"challenge_course":null,"indoor_full_basket_ball_court":null,"art_room":null,"computer_room":null,"dance_music_program":null,"fitness_room":null,"gym":null,"game_room":null,"indoor_pool":null,"kiln_room":null,"kitchen":null,"locker_room":null,"lounge":null,"multipurpose_room":null,"racketball":null,"rock_climbing_wall":null,":@computed_region_25t2_rbz7":"2943",":@computed_region_x6fk_ihs5":"48"}},
{"type":"Feature","geometry":{"type":"Point","coordinates":[-76.26824,36.90527]},"properties":{":id":"row-upec~w6uj.m42i",":version":"rv-3jr5-wfgp.xc68",":created_at":"2026-01-13T16:25:43.144Z",":updated_at":"2026-01-13T16:25:48.755Z","park_name":"Suburban Park Elementary School","park_type":"School Site with Active Park Amenities","address":"310 Thole St","ward":"2","superward":"6","acres_ert_in_miles":"10.61","special_event_permitting":"No","abc_permitting":"No","fenced_dog_park":"N/A","restrooms":"Yes","dedicated_parking_on_site":"Yes","shelters":null,"benches":"Yes","picnic_tables_grills":"No","fenced_park":"Yes","outdoor_basketball_full_court":"4","lighted_basketball_courts":null,"basketball_half_court_only":null,"athletic_field_baseball":null,"athletic_field_lighted":null,"athletic_field_football_soccer":"1","athletic_field_lighted_1":null,"tennis_courts_asphalt_concrete":null,"tennis_courts_clay":null,"lighted_tennis_courts":null,"playground_areas":"2","ada_rubber_surface_playground":null,"swingset":null,"elizabeth_river_trail":null,"amphitheater":null,"walking_path":null,"running_track":null,"disc_golf":null,"batting_cages":null,"dirt_bmx_track":null,"butterfly_garden":null,"sand_volleyball_court":null,"bocce_ball":null,"canoe_kayak_launch":null,"fishing_pier":null,"skate_park":null,"splash_pad":null,"horseshoe_pit":null,"fitness_stations":null,"concrete_asphalt_play_area":null,"volleyball":null,"outdoor_pool":null,"challenge_course":null,"indoor_full_basket_ball_court":null,"art_room":null,"computer_room":null,"dance_music_program":null,"fitness_room":null,"gym":null,"game_room":null,"indoor_pool":null,"kiln_room":null,"kitchen":null,"locker_room":null,"lounge":null,"multipurpose_room":null,"racketball":null,"rock_climbing_wall":null,":@computed_region_25t2_rbz7":"2943",":@computed_region_x6fk_ihs5":"127"}},
{"type":"Feature","geometry":null,"properties":{":id":"row-e6zt~t38w_af59",":version":"rv-3hgs_9vz6-wg98",":created_at":"2026-01-13T16:25:43.144Z",":updated_at":"2026-01-13T16:25:48.755Z","park_name":"Gleneagle Dog Park","park_type":"Dog Park","address":"1201 Daniel Ave(listed/included as passive park)","ward":"1","superward":"6","acres_ert_in_miles":"0.67","special_event_permitting":"No","abc_permitting":"No","fenced_dog_park":"No","restrooms":"No","dedicated_parking_on_site":"No","shelters":null,"benches":"No","picnic_tables_grills":"No","fenced_park":"No","outdoor_basketball_full_court":null,"lighted_basketball_courts":null,"basketball_half_court_only":null,"athletic_field_baseball":null,"athletic_field_lighted":null,"athletic_field_football_soccer":null,"athletic_field_lighted_1":null,"tennis_courts_asphalt_concrete":null,"tennis_courts_clay":null,"lighted_tennis_courts":null,"playground_areas":null,"ada_rubber_surface_playground":null,"swingset":null,"elizabeth_river_trail":null,"amphitheater":null,"walking_path":null,"running_track":null,"disc_golf":null,"batting_cages":null,"dirt_bmx_track":null,"butterfly_garden":null,"sand_volleyball_court":null,"bocce_ball":null,"canoe_kayak_launch":null,"fishing_pier":null,"skate_park":null,"splash_pad":null,"horseshoe_pit":null,"fitness_stations":null,"concrete_asphalt_play_area":null,"volleyball":null,"outdoor_pool":null,"challenge_course":null,"indoor_full_basket_ball_court":null,"art_room":null,"computer_room":null,"dance_music_program":null,"fitness_room":null,"gym":null,"game_room":null,"indoor_pool":null,"kiln_room":null,"kitchen":null,"locker_room":null,"lounge":null,"multipurpose_room":null,"racketball":null,"rock_climbing_wall":null,":@computed_region_25t2_rbz7":null,":@computed_region_x6fk_ihs5":null}},
{"type":"Feature","geometry":{"type":"Point","coordinates":[-76.21697,36.86916]},"properties":{":id":"row-7cpm-5af7.pkg4",":version":"rv-cbxm.uv8b-wz5d",":created_at":"2026-01-13T16:25:43.144Z",":updated_at":"2026-01-13T16:25:48.755Z","park_name":"River Oaks Park","park_type":"Neighborhood Active Park","address":"5392 Roslyn Dr","ward":"4","superward":"7","acres_ert_in_miles":"1.44","special_event_permitting":"No","abc_permitting":"No","fenced_dog_park":"N/A","restrooms":"No","dedicated_parking_on_site":"Yes","shelters":null,"benches":"Yes","picnic_tables_grills":"No","fenced_park":"No","outdoor_basketball_full_court":null,"lighted_basketball_courts":null,"basketball_half_court_only":null,"athletic_field_baseball":null,"athletic_field_lighted":null,"athletic_field_football_soccer":null,"athletic_field_lighted_1":null,"tennis_courts_asphalt_concrete":null,"tennis_courts_clay":null,"lighted_tennis_courts":null,"playground_areas":"1","ada_rubber_surface_playground":null,"swingset":"1","elizabeth_river_trail":null,"amphitheater":null,"walking_path":null,"running_track":null,"disc_golf":null,"batting_cages":null,"dirt_bmx_track":null,"butterfly_garden":null,"sand_volleyball_court":null,"bocce_ball":null,"canoe_kayak_launch":null,"fishing_pier":null,"skate_park":null,"splash_pad":null,"horseshoe_pit":null,"fitness_stations":null,"concrete_asphalt_play_area":"✓","volleyball":null,"outdoor_pool":null,"challenge_course":null,"indoor_full_basket_ball_court":null,"art_room":null,"computer_room":null,"dance_music_program":null,"fitness_room":null,"gym":null,"game_room":null,"indoor_pool":null,"kiln_room":null,"kitchen":null,"locker_room":null,"lounge":null,"multipurpose_room":null,"racketball":null,"rock_climbing_wall":null,":@computed_region_25t2_rbz7":"2943",":@computed_region_x6fk_ihs5":"76"}},
{"type":"Feature","geometry":{"type":"Point","coordinates":[-76.21721,36.84269]},"properties":{":id":"row-igcx.tgbf~zfdy",":version":"rv-22w5~7kg5_hza6",":created_at":"2026-01-13T16:25:43.144Z",":updated_at":"2026-01-13T16:25:48.755Z","park_name":"Poplar Hall Park","park_type":"Community Park","address":"101 N Military Hwy","ward":"4","superward":"7","acres_ert_in_miles":"17.55","special_event_permitting":"No","abc_permitting":"No","fenced_dog_park":"N/A","restrooms":"No","dedicated_parking_on_site":"Yes","shelters":"1","benches":"Yes","picnic_tables_grills":"No","fenced_park":"Yes","outdoor_basketball_full_court":"4","lighted_basketball_courts":null,"basketball_half_court_only":null,"athletic_field_baseball":"2","athletic_field_lighted":"2","athletic_field_football_soccer":null,"athletic_field_lighted_1":null,"tennis_courts_asphalt_concrete":null,"tennis_courts_clay":null,"lighted_tennis_courts":null,"playground_areas":"1","ada_rubber_surface_playground":null,"swingset":"1","elizabeth_river_trail":null,"amphitheater":null,"walking_path":"✓","running_track":null,"disc_golf":"✓","batting_cages":null,"dirt_bmx_track":null,"butterfly_garden":null,"sand_volleyball_court":null,"bocce_ball":null,"canoe_kayak_launch":"✓","fishing_pier":null,"skate_park":null,"splash_pad":null,"horseshoe_pit":null,"fitness_stations":null,"concrete_asphalt_play_area":null,"volleyball":null,"outdoor_pool":null,"challenge_course":null,"indoor_full_basket_ball_court":null,"art_room":null,"computer_room":null,"dance_music_program":null,"fitness_room":null,"gym":null,"game_room":null,"indoor_pool":null,"kiln_room":null,"kitchen":null,"locker_room":null,"lounge":null,"multipurpose_room":null,"racketball":null,"rock_climbing_wall":null,":@computed_region_25t2_rbz7":"2943",":@computed_region_x6fk_ihs5":"74"}},
{"type":"Feature","geometry":{"type":"Point","coordinates":[-76.31254,36.91309]},"properties":{":id":"row-dq8d~aivk.nzty",":version":"rv-nhey_y6xf_su4s",":created_at":"2026-01-13T16:25:43.144Z",":updated_at":"2026-01-13T16:25:48.755Z","park_name":"Hermitage Museum Playground","park_type":"Neighborhood Active Park","address":"7637 North Shore Rd","ward":"1","superward":"6","acres_ert_in_miles":"0.88","special_event_permitting":"No","abc_permitting":"No","fenced_dog_park":"N/A","restrooms":"No","dedicated_parking_on_site":"No","shelters":null,"benches":"Yes","picnic_tables_grills":"No","fenced_park":"Yes","outdoor_basketball_full_court":null,"lighted_basketball_courts":null,"basketball_half_court_only":null,"athletic_field_baseball":null,"athletic_field_lighted":null,"athletic_field_football_soccer":null,"athletic_field_lighted_1":null,"tennis_courts_asphalt_concrete":null,"tennis_courts_clay":null,"lighted_tennis_courts":null,"playground_areas":"1","ada_rubber_surface_playground":null,"swingset":"1","elizabeth_river_trail":"✓","amphitheater":null,"walking_path":"✓","running_track":null,"disc_golf":null,"batting_cages":null,"dirt_bmx_track":null,"butterfly_garden":null,"sand_volleyball_court":null,"bocce_ball":null,"canoe_kayak_launch":null,"fishing_pier":null,"skate_park":null,"splash_pad":null,"horseshoe_pit":null,"fitness_stations":null,"concrete_asphalt_play_area":null,"volleyball":null,"outdoor_pool":null,"challenge_course":null,"indoor_full_basket_ball_court":null,"art_room":null,"computer_room":null,"dance_music_program":null,"fitness_room":null,"gym":null,"game_room":null,"indoor_pool":null,"kiln_room":null,"kitchen":null,"locker_room":null,"lounge":null,"multipurpose_room":null,"racketball":null,"rock_climbing_wall":null,":@computed_region_25t2_rbz7":"2943",":@computed_region_x6fk_ihs5":"52"}},
{"type":"Feature","geometry":{"type":"Point","coordinates":[-72.19723,44.81106]},"properties":{":id":"row-n93s-3ivi.vyzb",":version":"rv-39xu-yukr.w9jv",":created_at":"2026-01-13T16:25:43.144Z",":updated_at":"2026-01-13T16:25:48.755Z","park_name":"Maintained Beach Front","park_type":"Beach","address":"Willoughby to East Beach","ward":"15","superward":"6","acres_ert_in_miles":"104.7","special_event_permitting":"No","abc_permitting":"No","fenced_dog_park":"N/A","restrooms":"Yes","dedicated_parking_on_site":"Yes","shelters":null,"benches":"Yes","picnic_tables_grills":"Yes","fenced_park":"No","outdoor_basketball_full_court":null,"lighted_basketball_courts":null,"basketball_half_court_only":null,"athletic_field_baseball":null,"athletic_field_lighted":null,"athletic_field_football_soccer":null,"athletic_field_lighted_1":null,"tennis_courts_asphalt_concrete":null,"tennis_courts_clay":null,"lighted_tennis_courts":null,"playground_areas":null,"ada_rubber_surface_playground":null,"swingset":null,"elizabeth_river_trail":null,"amphitheater":null,"walking_path":null,"running_track":null,"disc_golf":null,"batting_cages":null,"dirt_bmx_track":null,"butterfly_garden":null,"sand_volleyball_court":null,"bocce_ball":null,"canoe_kayak_launch":null,"fishing_pier":null,"skate_park":null,"splash_pad":null,"horseshoe_pit":null,"fitness_stations":null,"concrete_asphalt_play_area":null,"volleyball":null,"outdoor_pool":null,"challenge_course":null,"indoor_full_basket_ball_court":null,"art_room":null,"computer_room":null,"dance_music_program":null,"fitness_room":null,"gym":null,"game_room":null,"indoor_pool":null,"kiln_room":null,"kitchen":null,"locker_room":null,"lounge":null,"multipurpose_room":null,"racketball":null,"rock_climbing_wall":null,":@computed_region_25t2_rbz7":"3215",":@computed_region_x6fk_ihs5":null}},
{"type":"Feature","geometry":{"type":"Point","coordinates":[-76.28207,36.87857]},"properties":{":id":"row-md8j.7udq_u29t",":version":"rv-theh_f4zt~xmvi",":created_at":"2026-01-13T16:25:43.144Z",":updated_at":"2026-01-13T16:25:48.755Z","park_name":"Lafayette Park","park_type":"Community Park","address":"3500 Granby St","ward":"2","superward":"7","acres_ert_in_miles":"32.43","special_event_permitting":"Yes","abc_permitting":"No","fenced_dog_park":"N/A","restrooms":"Yes","dedicated_parking_on_site":"Yes","shelters":"3","benches":"Yes","picnic_tables_grills":"Yes","fenced_park":"Yes","outdoor_basketball_full_court":"2","lighted_basketball_courts":null,"basketball_half_court_only":null,"athletic_field_baseball":"1","athletic_field_lighted":null,"athletic_field_football_soccer":"2","athletic_field_lighted_1":null,"tennis_courts_asphalt_concrete":"4","tennis_courts_clay":null,"lighted_tennis_courts":"4","playground_areas":"2","ada_rubber_surface_playground":null,"swingset":"2","elizabeth_river_trail":null,"amphitheater":null,"walking_path":"✓","running_track":null,"disc_golf":"✓","batting_cages":null,"dirt_bmx_track":null,"butterfly_garden":null,"sand_volleyball_court":null,"bocce_ball":null,"canoe_kayak_launch":null,"fishing_pier":null,"skate_park":null,"splash_pad":null,"horseshoe_pit":null,"fitness_stations":null,"concrete_asphalt_play_area":null,"volleyball":null,"outdoor_pool":null,"challenge_course":"✓","indoor_full_basket_ball_court":null,"art_room":null,"computer_room":null,"dance_music_program":null,"fitness_room":null,"gym":null,"game_room":null,"indoor_pool":null,"kiln_room":null,"kitchen":null,"locker_room":null,"lounge":null,"multipurpose_room":null,"racketball":null,"rock_climbing_wall":null,":@computed_region_25t2_rbz7":"2943",":@computed_region_x6fk_ihs5":"72"}},
{"type":"Feature","geometry":{"type":"Point","coordinates":[-76.27823,36.91144]},"properties":{":id":"row-p5b2~x8mq_hua7",":version":"rv-giai_4xec_9a9m",":created_at":"2026-01-13T16:25:43.144Z",":updated_at":"2026-01-13T16:25:48.755Z","park_name":"Norfolk Fitness and Wellness Center","park_type":"Community Center with Active Park Amenities","address":"7300 Newport Ave","ward":"1","superward":"6","acres_ert_in_miles":"16.1","special_event_permitting":"No","abc_permitting":"No","fenced_dog_park":"N/A","restrooms":"Yes","dedicated_parking_on_site":"Yes","shelters":null,"benches":"Yes","picnic_tables_grills":"No","fenced_park":"Yes","outdoor_basketball_full_court":null,"lighted_basketball_courts":null,"basketball_half_court_only":null,"athletic_field_baseball":"2","athletic_field_lighted":null,"athletic_field_football_soccer":"1","athletic_field_lighted_1":null,"tennis_courts_asphalt_concrete":"4","tennis_courts_clay":null,"lighted_tennis_courts":null,"playground_areas":"1","ada_rubber_surface_playground":null,"swingset":null,"elizabeth_river_trail":null,"amphitheater":null,"walking_path":null,"running_track":null,"disc_golf":null,"batting_cages":null,"dirt_bmx_track":null,"butterfly_garden":null,"sand_volleyball_court":null,"bocce_ball":null,"canoe_kayak_launch":null,"fishing_pier":null,"skate_park":null,"splash_pad":null,"horseshoe_pit":null,"fitness_stations":null,"concrete_asphalt_play_area":null,"volleyball":null,"outdoor_pool":"✓","challenge_course":null,"indoor_full_basket_ball_court":"✓","art_room":null,"computer_room":"✓","dance_music_program":"✓","fitness_room":"✓","gym":"✓","game_room":null,"indoor_pool":null,"kiln_room":null,"kitchen":null,"locker_room":"✓","lounge":"✓","multipurpose_room":"✓","racketball":"✓","rock_climbing_wall":null,":@computed_region_25t2_rbz7":"2943",":@computed_region_x6fk_ihs5":"128"}},
{"type":"Feature","geometry":{"type":"Point","coordinates":[-76.25835,36.95865]},"properties":{":id":"row-3rsc.b2sm~ptcx",":version":"rv-vamm~zdx7-9ajw",":created_at":"2026-01-13T16:25:43.144Z",":updated_at":"2026-01-13T16:25:48.755Z","park_name":"Sarah Constance Park","park_type":"Passive Greenspace","address":"324 W. Ocean View Ave","ward":"5","superward":"6","acres_ert_in_miles":"8.94","special_event_permitting":"No","abc_permitting":"No","fenced_dog_park":"N/A","restrooms":"Yes","dedicated_parking_on_site":"Yes","shelters":"1","benches":"No","picnic_tables_grills":"Yes","fenced_park":"No","outdoor_basketball_full_court":null,"lighted_basketball_courts":null,"basketball_half_court_only":null,"athletic_field_baseball":null,"athletic_field_lighted":null,"athletic_field_football_soccer":null,"athletic_field_lighted_1":null,"tennis_courts_asphalt_concrete":null,"tennis_courts_clay":null,"lighted_tennis_courts":null,"playground_areas":null,"ada_rubber_surface_playground":null,"swingset":null,"elizabeth_river_trail":null,"amphitheater":null,"walking_path":null,"running_track":null,"disc_golf":null,"batting_cages":null,"dirt_bmx_track":null,"butterfly_garden":null,"sand_volleyball_court":null,"bocce_ball":null,"canoe_kayak_launch":null,"fishing_pier":null,"skate_park":null,"splash_pad":null,"horseshoe_pit":null,"fitness_stations":null,"concrete_asphalt_play_area":null,"volleyball":null,"outdoor_pool":null,"challenge_course":null,"indoor_full_basket_ball_court":null,"art_room":null,"computer_room":null,"dance_music_program":null,"fitness_room":null,"gym":null,"game_room":null,"indoor_pool":null,"kiln_room":null,"kitchen":null,"locker_room":null,"lounge":null,"multipurpose_room":null,"racketball":null,"rock_climbing_wall":null,":@computed_region_25t2_rbz7":"2943",":@computed_region_x6fk_ihs5":"69"}},
{"type":"Feature","geometry":{"type":"Point","coordinates":[-76.23797,36.87652]},"properties":{":id":"row-yf6a_kpak.uas3",":version":"rv-gpee~ipcs~nqt2",":created_at":"2026-01-13T16:25:43.144Z",":updated_at":"2026-01-13T16:25:48.755Z","park_name":"Sherwood Forest Elementary School & Sherwood Forest Community Center","park_type":"School and Community Center Shared Site With Active Park Amenities","address":"3035 Sherwood Forest Lane","ward":"3","superward":"7","acres_ert_in_miles":"11.44","special_event_permitting":"No","abc_permitting":"No","fenced_dog_park":"N/A","restrooms":"Yes","dedicated_parking_on_site":"Yes","shelters":null,"benches":"Yes","picnic_tables_grills":"No","fenced_park":"Yes","outdoor_basketball_full_court":"4","lighted_basketball_courts":null,"basketball_half_court_only":null,"athletic_field_baseball":"1","athletic_field_lighted":"1","athletic_field_football_soccer":"1","athletic_field_lighted_1":null,"tennis_courts_asphalt_concrete":null,"tennis_courts_clay":null,"lighted_tennis_courts":null,"playground_areas":"2","ada_rubber_surface_playground":null,"swingset":null,"elizabeth_river_trail":null,"amphitheater":null,"walking_path":null,"running_track":null,"disc_golf":null,"batting_cages":null,"dirt_bmx_track":null,"butterfly_garden":null,"sand_volleyball_court":null,"bocce_ball":null,"canoe_kayak_launch":null,"fishing_pier":null,"skate_park":null,"splash_pad":null,"horseshoe_pit":null,"fitness_stations":null,"concrete_asphalt_play_area":null,"volleyball":null,"outdoor_pool":null,"challenge_course":null,"indoor_full_basket_ball_court":null,"art_room":null,"computer_room":null,"dance_music_program":null,"fitness_room":null,"gym":null,"game_room":null,"indoor_pool":null,"kiln_room":null,"kitchen":null,"locker_room":null,"lounge":null,"multipurpose_room":null,"racketball":null,"rock_climbing_wall":null,":@computed_region_25t2_rbz7":"2943",":@computed_region_x6fk_ihs5":"28"}},
{"type":"Feature","geometry":{"type":"Point","coordinates":[-76.30588,36.88939]},"properties":{":id":"row-iwqu~7ha7-cyyt",":version":"rv-hc5b-j22w_88dn",":created_at":"2026-01-13T16:25:43.144Z",":updated_at":"2026-01-13T16:25:48.755Z","park_name":"Bluestone Playground","park_type":"Neighborhood Active Park","address":"5209 Bluestone Ave","ward":"2","superward":"6","acres_ert_in_miles":"1.22","special_event_permitting":"No","abc_permitting":"No","fenced_dog_park":"N/A","restrooms":"No","dedicated_parking_on_site":"No","shelters":null,"benches":"Yes","picnic_tables_grills":"No","fenced_park":"Yes","outdoor_basketball_full_court":null,"lighted_basketball_courts":null,"basketball_half_court_only":null,"athletic_field_baseball":null,"athletic_field_lighted":null,"athletic_field_football_soccer":null,"athletic_field_lighted_1":null,"tennis_courts_asphalt_concrete":null,"tennis_courts_clay":null,"lighted_tennis_courts":null,"playground_areas":"1","ada_rubber_surface_playground":null,"swingset":"1","elizabeth_river_trail":null,"amphitheater":null,"walking_path":null,"running_track":null,"disc_golf":null,"batting_cages":null,"dirt_bmx_track":null,"butterfly_garden":"✓","sand_volleyball_court":null,"bocce_ball":null,"canoe_kayak_launch":null,"fishing_pier":null,"skate_park":null,"splash_pad":null,"horseshoe_pit":null,"fitness_stations":null,"concrete_asphalt_play_area":null,"volleyball":null,"outdoor_pool":null,"challenge_course":null,"indoor_full_basket_ball_court":null,"art_room":null,"computer_room":null,"dance_music_program":null,"fitness_room":null,"gym":null,"game_room":null,"indoor_pool":null,"kiln_room":null,"kitchen":null,"locker_room":null,"lounge":null,"multipurpose_room":null,"racketball":null,"rock_climbing_wall":null,":@computed_region_25t2_rbz7":"2943",":@computed_region_x6fk_ihs5":"49"}},
{"type":"Feature","geometry":null,"properties":{":id":"row-ecda-2ktx_9j6x",":version":"rv-evbv.fpx8.k9b8",":created_at":"2026-01-13T16:25:43.144Z",":updated_at":"2026-01-13T16:25:48.755Z","park_name":"Brambleton Dog Park","park_type":"Dog Park","address":"1306 Corprew Ave(across street from)","ward":"3","superward":"7","acres_ert_in_miles":"4.33","special_event_permitting":"No","abc_permitting":"No","fenced_dog_park":"No","restrooms":"No","dedicated_parking_on_site":"No","shelters":null,"benches":"No","picnic_tables_grills":"No","fenced_park":"No","outdoor_basketball_full_court":null,"lighted_basketball_courts":null,"basketball_half_court_only":null,"athletic_field_baseball":null,"athletic_field_lighted":null,"athletic_field_football_soccer":null,"athletic_field_lighted_1":null,"tennis_courts_asphalt_concrete":null,"tennis_courts_clay":null,"lighted_tennis_courts":null,"playground_areas":null,"ada_rubber_surface_playground":null,"swingset":null,"elizabeth_river_trail":null,"amphitheater":null,"walking_path":null,"running_track":null,"disc_golf":null,"batting_cages":null,"dirt_bmx_track":null,"butterfly_garden":null,"sand_volleyball_court":null,"bocce_ball":null,"canoe_kayak_launch":null,"fishing_pier":null,"skate_park":null,"splash_pad":null,"horseshoe_pit":null,"fitness_stations":null,"concrete_asphalt_play_area":null,"volleyball":null,"outdoor_pool":null,"challenge_course":null,"indoor_full_basket_ball_court":null,"art_room":null,"computer_room":null,"dance_music_program":null,"fitness_room":null,"gym":null,"game_room":null,"indoor_pool":null,"kiln_room":null,"kitchen":null,"locker_room":null,"lounge":null,"multipurpose_room":null,"racketball":null,"rock_climbing_wall":null,":@computed_region_25t2_rbz7":null,":@computed_region_x6fk_ihs5":null}},
{"type":"Feature","geometry":{"type":"Point","coordinates":[-76.28843,36.8771]},"properties":{":id":"row-em7a.qwnq~3raq",":version":"rv-4wx3~2mn3_7brb",":created_at":"2026-01-13T16:25:43.144Z",":updated_at":"2026-01-13T16:25:48.755Z","park_name":"Colonial Avenue Park","park_type":"Passive Greenspace","address":"3300 Colonial Ave","ward":"2","superward":"7","acres_ert_in_miles":"1.06","special_event_permitting":"No","abc_permitting":"No","fenced_dog_park":"N/A","restrooms":"No","dedicated_parking_on_site":"No","shelters":null,"benches":"Yes","picnic_tables_grills":"No","fenced_park":"Yes","outdoor_basketball_full_court":null,"lighted_basketball_courts":null,"basketball_half_court_only":null,"athletic_field_baseball":null,"athletic_field_lighted":null,"athletic_field_football_soccer":null,"athletic_field_lighted_1":null,"tennis_courts_asphalt_concrete":null,"tennis_courts_clay":null,"lighted_tennis_courts":null,"playground_areas":null,"ada_rubber_surface_playground":null,"swingset":null,"elizabeth_river_trail":null,"amphitheater":null,"walking_path":null,"running_track":null,"disc_golf":null,"batting_cages":null,"dirt_bmx_track":null,"butterfly_garden":null,"sand_volleyball_court":null,"bocce_ball":null,"canoe_kayak_launch":"✓","fishing_pier":null,"skate_park":null,"splash_pad":null,"horseshoe_pit":null,"fitness_stations":null,"concrete_asphalt_play_area":null,"volleyball":null,"outdoor_pool":null,"challenge_course":null,"indoor_full_basket_ball_court":null,"art_room":null,"computer_room":null,"dance_music_program":null,"fitness_room":null,"gym":null,"game_room":null,"indoor_pool":null,"kiln_room":null,"kitchen":null,"locker_room":null,"lounge":null,"multipurpose_room":null,"racketball":null,"rock_climbing_wall":null,":@computed_region_25t2_rbz7":"2943",":@computed_region_x6fk_ihs5":"72"}},
{"type":"Feature","geometry":{"type":"Point","coordinates":[-76.24168,36.89406]},"properties":{":id":"row-qhus~u759_wrrd",":version":"rv-tvfp-bmkd.6xw5",":created_at":"2026-01-13T16:25:43.144Z",":updated_at":"2026-01-13T16:25:48.755Z","park_name":"Norview Middle School","park_type":"School Site with Active Park Amenities","address":"6325 Sewells Point Rd","ward":"3","superward":"7","acres_ert_in_miles":"17.23","special_event_permitting":"No","abc_permitting":"No","fenced_dog_park":"N/A","restrooms":"No","dedicated_parking_on_site":"No","shelters":null,"benches":"No","picnic_tables_grills":"No","fenced_park":"Yes","outdoor_basketball_full_court":"4","lighted_basketball_courts":null,"basketball_half_court_only":null,"athletic_field_baseball":"1","athletic_field_lighted":null,"athletic_field_football_soccer":"1","athletic_field_lighted_1":null,"tennis_courts_asphalt_concrete":"6","tennis_courts_clay":null,"lighted_tennis_courts":null,"playground_areas":null,"ada_rubber_surface_playground":null,"swingset":null,"elizabeth_river_trail":null,"amphitheater":null,"walking_path":null,"running_track":null,"disc_golf":null,"batting_cages":null,"dirt_bmx_track":null,"butterfly_garden":null,"sand_volleyball_court":null,"bocce_ball":null,"canoe_kayak_launch":null,"fishing_pier":null,"skate_park":null,"splash_pad":null,"horseshoe_pit":null,"fitness_stations":null,"concrete_asphalt_play_area":null,"volleyball":null,"outdoor_pool":null,"challenge_course":null,"indoor_full_basket_ball_court":null,"art_room":null,"computer_room":null,"dance_music_program":null,"fitness_room":null,"gym":null,"game_room":null,"indoor_pool":null,"kiln_room":null,"kitchen":null,"locker_room":null,"lounge":null,"multipurpose_room":null,"racketball":null,"rock_climbing_wall":null,":@computed_region_25t2_rbz7":"2943",":@computed_region_x6fk_ihs5":"81"}},
{"type":"Feature","geometry":{"type":"Point","coordinates":[-79.80051,36.06808]},"properties":{":id":"row-eikv~5esq~5n6c",":version":"rv-htsg_wdku-bumq",":created_at":"2026-01-13T16:25:43.144Z",":updated_at":"2026-01-13T16:25:48.755Z","park_name":"Berkley Park","park_type":"Neighborhood Active Park","address":"706 Walker Ave","ward":"4","superward":"7","acres_ert_in_miles":"5.8","special_event_permitting":"No","abc_permitting":"No","fenced_dog_park":"N/A","restrooms":"No","dedicated_parking_on_site":"No","shelters":null,"benches":"Yes","picnic_tables_grills":"Yes","fenced_park":"Yes","outdoor_basketball_full_court":"1","lighted_basketball_courts":"1","basketball_half_court_only":null,"athletic_field_baseball":"1","athletic_field_lighted":"1","athletic_field_football_soccer":"1","athletic_field_lighted_1":"1","tennis_courts_asphalt_concrete":"1","tennis_courts_clay":null,"lighted_tennis_courts":null,"playground_areas":"1","ada_rubber_surface_playground":null,"swingset":"2","elizabeth_river_trail":null,"amphitheater":null,"walking_path":null,"running_track":null,"disc_golf":null,"batting_cages":null,"dirt_bmx_track":null,"butterfly_garden":null,"sand_volleyball_court":null,"bocce_ball":null,"canoe_kayak_launch":null,"fishing_pier":null,"skate_park":null,"splash_pad":null,"horseshoe_pit":null,"fitness_stations":null,"concrete_asphalt_play_area":null,"volleyball":null,"outdoor_pool":null,"challenge_course":null,"indoor_full_basket_ball_court":null,"art_room":null,"computer_room":null,"dance_music_program":null,"fitness_room":null,"gym":null,"game_room":null,"indoor_pool":null,"kiln_room":null,"kitchen":null,"locker_room":null,"lounge":null,"multipurpose_room":null,"racketball":null,"rock_climbing_wall":null,":@computed_region_25t2_rbz7":"643",":@computed_region_x6fk_ihs5":null}},
{"type":"Feature","geometry":{"type":"Point","coordinates":[-76.29422,36.84898]},"properties":{":id":"row-bvic.kqqn~xmwm",":version":"rv-rats-kwee-t2u7",":created_at":"2026-01-13T16:25:43.144Z",":updated_at":"2026-01-13T16:25:48.755Z","park_name":"Wisconsin Plaza","park_type":"Passive Greenspace","address":"235 Brooke Ave","ward":"2","superward":"6","acres_ert_in_miles":"1.13","special_event_permitting":"No","abc_permitting":"No","fenced_dog_park":"N/A","restrooms":"No","dedicated_parking_on_site":"No","shelters":null,"benches":"Yes","picnic_tables_grills":"No","fenced_park":"No","outdoor_basketball_full_court":null,"lighted_basketball_courts":null,"basketball_half_court_only":null,"athletic_field_baseball":null,"athletic_field_lighted":null,"athletic_field_football_soccer":null,"athletic_field_lighted_1":null,"tennis_courts_asphalt_concrete":null,"tennis_courts_clay":null,"lighted_tennis_courts":null,"playground_areas":null,"ada_rubber_surface_playground":null,"swingset":null,"elizabeth_river_trail":null,"amphitheater":null,"walking_path":null,"running_track":null,"disc_golf":null,"batting_cages":null,"dirt_bmx_track":null,"butterfly_garden":null,"sand_volleyball_court":null,"bocce_ball":null,"canoe_kayak_launch":null,"fishing_pier":null,"skate_park":null,"splash_pad":null,"horseshoe_pit":null,"fitness_stations":null,"concrete_asphalt_play_area":null,"volleyball":null,"outdoor_pool":null,"challenge_course":null,"indoor_full_basket_ball_court":null,"art_room":null,"computer_room":null,"dance_music_program":null,"fitness_room":null,"gym":null,"game_room":null,"indoor_pool":null,"kiln_room":null,"kitchen":null,"locker_room":null,"lounge":null,"multipurpose_room":null,"racketball":null,"rock_climbing_wall":null,":@computed_region_25t2_rbz7":"2943",":@computed_region_x6fk_ihs5":"32"}},
{"type":"Feature","geometry":{"type":"Point","coordinates":[-76.19313,36.87745]},"properties":{":id":"row-a58g~sjfj_8h9r",":version":"rv-yvrw.fhee-9t3c",":created_at":"2026-01-13T16:25:43.144Z",":updated_at":"2026-01-13T16:25:48.755Z","park_name":"Linear Park at Outlet Mall","park_type":"Passive Greenspace","address":"6286 Northampton Blvd","ward":"4","superward":"6","acres_ert_in_miles":"54.67","special_event_permitting":"No","abc_permitting":"No","fenced_dog_park":"N/A","restrooms":"Yes","dedicated_parking_on_site":"Yes","shelters":null,"benches":"Yes","picnic_tables_grills":"No","fenced_park":"No","outdoor_basketball_full_court":null,"lighted_basketball_courts":null,"basketball_half_court_only":null,"athletic_field_baseball":null,"athletic_field_lighted":null,"athletic_field_football_soccer":null,"athletic_field_lighted_1":null,"tennis_courts_asphalt_concrete":null,"tennis_courts_clay":null,"lighted_tennis_courts":null,"playground_areas":null,"ada_rubber_surface_playground":null,"swingset":null,"elizabeth_river_trail":null,"amphitheater":null,"walking_path":"✓","running_track":null,"disc_golf":null,"batting_cages":null,"dirt_bmx_track":null,"butterfly_garden":null,"sand_volleyball_court":null,"bocce_ball":null,"canoe_kayak_launch":null,"fishing_pier":null,"skate_park":null,"splash_pad":null,"horseshoe_pit":null,"fitness_stations":null,"concrete_asphalt_play_area":null,"volleyball":null,"outdoor_pool":null,"challenge_course":null,"indoor_full_basket_ball_court":null,"art_room":null,"computer_room":null,"dance_music_program":null,"fitness_room":null,"gym":null,"game_room":null,"indoor_pool":null,"kiln_room":null,"kitchen":null,"locker_room":null,"lounge":null,"multipurpose_room":null,"racketball":null,"rock_climbing_wall":null,":@computed_region_25t2_rbz7":"2943",":@computed_region_x6fk_ihs5":"128"}},
{"type":"Feature","geometry":{"type":"Point","coordinates":[-76.24437,36.94601]},"properties":{":id":"row-rdev_gs22.keiy",":version":"rv-a64v.8pxv~32sb",":created_at":"2026-01-13T16:25:43.144Z",":updated_at":"2026-01-13T16:25:48.755Z","park_name":"Lake Modoc","park_type":"Passive Greenspace","address":"9510 Chesapeake Blvd","ward":"5","superward":"6","acres_ert_in_miles":"2.11","special_event_permitting":"No","abc_permitting":"No","fenced_dog_park":"N/A","restrooms":"No","dedicated_parking_on_site":"No","shelters":null,"benches":"No","picnic_tables_grills":"No","fenced_park":"No","outdoor_basketball_full_court":null,"lighted_basketball_courts":null,"basketball_half_court_only":null,"athletic_field_baseball":null,"athletic_field_lighted":null,"athletic_field_football_soccer":null,"athletic_field_lighted_1":null,"tennis_courts_asphalt_concrete":null,"tennis_courts_clay":null,"lighted_tennis_courts":null,"playground_areas":null,"ada_rubber_surface_playground":null,"swingset":null,"elizabeth_river_trail":null,"amphitheater":null,"walking_path":null,"running_track":null,"disc_golf":null,"batting_cages":null,"dirt_bmx_track":null,"butterfly_garden":null,"sand_volleyball_court":null,"bocce_ball":null,"canoe_kayak_launch":null,"fishing_pier":null,"skate_park":null,"splash_pad":null,"horseshoe_pit":null,"fitness_stations":null,"concrete_asphalt_play_area":null,"volleyball":null,"outdoor_pool":null,"challenge_course":null,"indoor_full_basket_ball_court":null,"art_room":null,"computer_room":null,"dance_music_program":null,"fitness_room":null,"gym":null,"game_room":null,"indoor_pool":null,"kiln_room":null,"kitchen":null,"locker_room":null,"lounge":null,"multipurpose_room":null,"racketball":null,"rock_climbing_wall":null,":@computed_region_25t2_rbz7":"2943",":@computed_region_x6fk_ihs5":"103"}},
{"type":"Feature","geometry":{"type":"Point","coordinates":[-76.25956,36.8547]},"properties":{":id":"row-k2yj_sk6p.uv97",":version":"rv-msit~vj59.kdpm",":created_at":"2026-01-13T16:25:43.144Z",":updated_at":"2026-01-13T16:25:48.755Z","park_name":"Richard Bowling Park Elementary School","park_type":"School Site with Active Park Amenities","address":"2561 E. Princess Anne Rd","ward":"3","superward":"7","acres_ert_in_miles":"12","special_event_permitting":"No","abc_permitting":"No","fenced_dog_park":"N/A","restrooms":"No","dedicated_parking_on_site":"Yes","shelters":null,"benches":"Yes","picnic_tables_grills":"No","fenced_park":"Yes","outdoor_basketball_full_court":"4","lighted_basketball_courts":null,"basketball_half_court_only":null,"athletic_field_baseball":null,"athletic_field_lighted":null,"athletic_field_football_soccer":"1","athletic_field_lighted_1":null,"tennis_courts_asphalt_concrete":null,"tennis_courts_clay":null,"lighted_tennis_courts":null,"playground_areas":"1","ada_rubber_surface_playground":null,"swingset":"1","elizabeth_river_trail":null,"amphitheater":null,"walking_path":null,"running_track":null,"disc_golf":null,"batting_cages":null,"dirt_bmx_track":null,"butterfly_garden":null,"sand_volleyball_court":null,"bocce_ball":null,"canoe_kayak_launch":null,"fishing_pier":null,"skate_park":null,"splash_pad":null,"horseshoe_pit":null,"fitness_stations":null,"concrete_asphalt_play_area":null,"volleyball":null,"outdoor_pool":null,"challenge_course":null,"indoor_full_basket_ball_court":null,"art_room":null,"computer_room":null,"dance_music_program":null,"fitness_room":null,"gym":null,"game_room":null,"indoor_pool":null,"kiln_room":null,"kitchen":null,"locker_room":null,"lounge":null,"multipurpose_room":null,"racketball":null,"rock_climbing_wall":null,":@computed_region_25t2_rbz7":"2943",":@computed_region_x6fk_ihs5":"8"}},
{"type":"Feature","geometry":{"type":"Point","coordinates":[-76.29652,36.86835]},"properties":{":id":"row-auz3.n76f-t5cm",":version":"rv-epww~5zus_qxku",":created_at":"2026-01-13T16:25:43.144Z",":updated_at":"2026-01-13T16:25:48.755Z","park_name":"James Blair Middle School","park_type":"School Site with Active Park Amenities","address":"730 Spotswood Ave","ward":"2","superward":"6","acres_ert_in_miles":"7.5","special_event_permitting":"No","abc_permitting":"No","fenced_dog_park":"N/A","restrooms":"No","dedicated_parking_on_site":"Yes","shelters":null,"benches":"Yes","picnic_tables_grills":"No","fenced_park":"Yes","outdoor_basketball_full_court":null,"lighted_basketball_courts":null,"basketball_half_court_only":null,"athletic_field_baseball":null,"athletic_field_lighted":null,"athletic_field_football_soccer":"1","athletic_field_lighted_1":null,"tennis_courts_asphalt_concrete":"4","tennis_courts_clay":null,"lighted_tennis_courts":null,"playground_areas":null,"ada_rubber_surface_playground":null,"swingset":null,"elizabeth_river_trail":null,"amphitheater":null,"walking_path":null,"running_track":null,"disc_golf":null,"batting_cages":null,"dirt_bmx_track":null,"butterfly_garden":null,"sand_volleyball_court":null,"bocce_ball":null,"canoe_kayak_launch":null,"fishing_pier":null,"skate_park":null,"splash_pad":null,"horseshoe_pit":null,"fitness_stations":null,"concrete_asphalt_play_area":null,"volleyball":null,"outdoor_pool":null,"challenge_course":null,"indoor_full_basket_ball_court":null,"art_room":null,"computer_room":null,"dance_music_program":null,"fitness_room":null,"gym":null,"game_room":null,"indoor_pool":null,"kiln_room":null,"kitchen":null,"locker_room":null,"lounge":null,"multipurpose_room":null,"racketball":null,"rock_climbing_wall":null,":@computed_region_25t2_rbz7":"2943",":@computed_region_x6fk_ihs5":"33"}},
{"type":"Feature","geometry":{"type":"Point","coordinates":[-76.30782,36.86755]},"properties":{":id":"row-ai4j_zwgt.bf65",":version":"rv-69pw-aemi-7pqt",":created_at":"2026-01-13T16:25:43.144Z",":updated_at":"2026-01-13T16:25:48.755Z","park_name":"Fergis Reid Tennis Courts","park_type":"Neighborhood Active Park","address":"915 Orapax Ave","ward":"2","superward":"6","acres_ert_in_miles":"2.31","special_event_permitting":"No","abc_permitting":"No","fenced_dog_park":"N/A","restrooms":"Yes","dedicated_parking_on_site":"Yes","shelters":null,"benches":"Yes","picnic_tables_grills":"No","fenced_park":"Yes","outdoor_basketball_full_court":null,"lighted_basketball_courts":null,"basketball_half_court_only":null,"athletic_field_baseball":null,"athletic_field_lighted":null,"athletic_field_football_soccer":null,"athletic_field_lighted_1":null,"tennis_courts_asphalt_concrete":"3","tennis_courts_clay":"5","lighted_tennis_courts":null,"playground_areas":null,"ada_rubber_surface_playground":null,"swingset":null,"elizabeth_river_trail":"✓","amphitheater":null,"walking_path":null,"running_track":null,"disc_golf":null,"batting_cages":null,"dirt_bmx_track":null,"butterfly_garden":null,"sand_volleyball_court":null,"bocce_ball":null,"canoe_kayak_launch":null,"fishing_pier":null,"skate_park":null,"splash_pad":null,"horseshoe_pit":null,"fitness_stations":null,"concrete_asphalt_play_area":null,"volleyball":null,"outdoor_pool":null,"challenge_course":null,"indoor_full_basket_ball_court":null,"art_room":null,"computer_room":null,"dance_music_program":null,"fitness_room":null,"gym":null,"game_room":null,"indoor_pool":null,"kiln_room":null,"kitchen":null,"locker_room":null,"lounge":null,"multipurpose_room":null,"racketball":null,"rock_climbing_wall":null,":@computed_region_25t2_rbz7":"2943",":@computed_region_x6fk_ihs5":"97"}},
{"type":"Feature","geometry":{"type":"Point","coordinates":[-76.25134,36.94239]},"properties":{":id":"row-cgps_3iw7.xebi",":version":"rv-43b3-89sv~f4kr",":created_at":"2026-01-13T16:25:43.144Z",":updated_at":"2026-01-13T16:25:48.755Z","park_name":"Oceanair Elementary School","park_type":"School Site with Active Park Amenities","address":"600 Dudley Ave","ward":"5","superward":"6","acres_ert_in_miles":"19.46","special_event_permitting":"No","abc_permitting":"No","fenced_dog_park":"N/A","restrooms":"No","dedicated_parking_on_site":"Yes","shelters":null,"benches":"Yes","picnic_tables_grills":"No","fenced_park":"Partial","outdoor_basketball_full_court":"4","lighted_basketball_courts":null,"basketball_half_court_only":null,"athletic_field_baseball":"3","athletic_field_lighted":null,"athletic_field_football_soccer":null,"athletic_field_lighted_1":null,"tennis_courts_asphalt_concrete":null,"tennis_courts_clay":null,"lighted_tennis_courts":null,"playground_areas":"2","ada_rubber_surface_playground":null,"swingset":null,"elizabeth_river_trail":null,"amphitheater":null,"walking_path":null,"running_track":null,"disc_golf":null,"batting_cages":null,"dirt_bmx_track":null,"butterfly_garden":null,"sand_volleyball_court":null,"bocce_ball":null,"canoe_kayak_launch":null,"fishing_pier":null,"skate_park":null,"splash_pad":null,"horseshoe_pit":null,"fitness_stations":null,"concrete_asphalt_play_area":null,"volleyball":null,"outdoor_pool":null,"challenge_course":null,"indoor_full_basket_ball_court":null,"art_room":null,"computer_room":null,"dance_music_program":null,"fitness_room":null,"gym":null,"game_room":null,"indoor_pool":null,"kiln_room":null,"kitchen":null,"locker_room":null,"lounge":null,"multipurpose_room":null,"racketball":null,"rock_climbing_wall":null,":@computed_region_25t2_rbz7":"2943",":@computed_region_x6fk_ihs5":"101"}},
{"type":"Feature","geometry":{"type":"Point","coordinates":[-77.59191,43.15105]},"properties":{":id":"row-eqkw-jj2i.u7vu",":version":"rv-6wjn-2is3_w39e",":created_at":"2026-01-13T16:25:43.144Z",":updated_at":"2026-01-13T16:25:48.755Z","park_name":"Norfolk Boxing Center  - Harbor Park","park_type":"Community Center","address":"150 Park Ave","ward":"4","superward":"7","acres_ert_in_miles":null,"special_event_permitting":"No","abc_permitting":"No","fenced_dog_park":"N/A","restrooms":"Yes","dedicated_parking_on_site":"Yes","shelters":null,"benches":"No","picnic_tables_grills":"No","fenced_park":"Yes","outdoor_basketball_full_court":null,"lighted_basketball_courts":null,"basketball_half_court_only":null,"athletic_field_baseball":null,"athletic_field_lighted":null,"athletic_field_football_soccer":null,"athletic_field_lighted_1":null,"tennis_courts_asphalt_concrete":null,"tennis_courts_clay":null,"lighted_tennis_courts":null,"playground_areas":null,"ada_rubber_surface_playground":null,"swingset":null,"elizabeth_river_trail":null,"amphitheater":null,"walking_path":null,"running_track":null,"disc_golf":null,"batting_cages":null,"dirt_bmx_track":null,"butterfly_garden":null,"sand_volleyball_court":null,"bocce_ball":null,"canoe_kayak_launch":null,"fishing_pier":null,"skate_park":null,"splash_pad":null,"horseshoe_pit":null,"fitness_stations":null,"concrete_asphalt_play_area":null,"volleyball":null,"outdoor_pool":null,"challenge_course":null,"indoor_full_basket_ball_court":null,"art_room":null,"computer_room":"✓","dance_music_program":null,"fitness_room":"✓","gym":"✓","game_room":null,"indoor_pool":null,"kiln_room":null,"kitchen":"✓","locker_room":null,"lounge":"✓","multipurpose_room":null,"racketball":null,"rock_climbing_wall":null,":@computed_region_25t2_rbz7":"2093",":@computed_region_x6fk_ihs5":null}},
{"type":"Feature","geometry":{"type":"Point","coordinates":[-76.26211,36.89983]},"properties":{":id":"row-6hpk~bjr6~jvxm",":version":"rv-erin~6a5u-nmyr",":created_at":"2026-01-13T16:25:43.144Z",":updated_at":"2026-01-13T16:25:48.755Z","park_name":"Roland Park Playground","park_type":"Neighborhood Active Park","address":"598 Summers Dr","ward":"2","superward":"6","acres_ert_in_miles":"0.47","special_event_permitting":"No","abc_permitting":"No","fenced_dog_park":"N/A","restrooms":"No","dedicated_parking_on_site":"No","shelters":null,"benches":"Yes","picnic_tables_grills":"Yes","fenced_park":"Yes","outdoor_basketball_full_court":null,"lighted_basketball_courts":null,"basketball_half_court_only":null,"athletic_field_baseball":null,"athletic_field_lighted":null,"athletic_field_football_soccer":null,"athletic_field_lighted_1":null,"tennis_courts_asphalt_concrete":null,"tennis_courts_clay":null,"lighted_tennis_courts":null,"playground_areas":"1","ada_rubber_surface_playground":null,"swingset":"1","elizabeth_river_trail":null,"amphitheater":null,"walking_path":null,"running_track":null,"disc_golf":null,"batting_cages":null,"dirt_bmx_track":null,"butterfly_garden":null,"sand_volleyball_court":null,"bocce_ball":null,"canoe_kayak_launch":null,"fishing_pier":null,"skate_park":null,"splash_pad":null,"horseshoe_pit":null,"fitness_stations":null,"concrete_asphalt_play_area":null,"volleyball":null,"outdoor_pool":null,"challenge_course":null,"indoor_full_basket_ball_court":null,"art_room":null,"computer_room":null,"dance_music_program":null,"fitness_room":null,"gym":null,"game_room":null,"indoor_pool":null,"kiln_room":null,"kitchen":null,"locker_room":null,"lounge":null,"multipurpose_room":null,"racketball":null,"rock_climbing_wall":null,":@computed_region_25t2_rbz7":"2943",":@computed_region_x6fk_ihs5":"79"}},
{"type":"Feature","geometry":{"type":"Point","coordinates":[-122.02089,36.98333]},"properties":{":id":"row-3xuy~6uyg.hhzu",":version":"rv-2uhz-mczi.t334",":created_at":"2026-01-13T16:25:43.144Z",":updated_at":"2026-01-13T16:25:48.755Z","park_name":"Ruffner Middle School","park_type":"School Site with Active Park Amenities","address":"610 May Ave","ward":"4","superward":"7","acres_ert_in_miles":"11.06","special_event_permitting":"No","abc_permitting":"No","fenced_dog_park":"N/A","restrooms":"No","dedicated_parking_on_site":"Yes","shelters":null,"benches":"No","picnic_tables_grills":"No","fenced_park":"Yes","outdoor_basketball_full_court":"4","lighted_basketball_courts":null,"basketball_half_court_only":null,"athletic_field_baseball":"1","athletic_field_lighted":null,"athletic_field_football_soccer":"1","athletic_field_lighted_1":null,"tennis_courts_asphalt_concrete":"6","tennis_courts_clay":null,"lighted_tennis_courts":null,"playground_areas":null,"ada_rubber_surface_playground":null,"swingset":null,"elizabeth_river_trail":null,"amphitheater":null,"walking_path":null,"running_track":null,"disc_golf":null,"batting_cages":null,"dirt_bmx_track":null,"butterfly_garden":null,"sand_volleyball_court":null,"bocce_ball":null,"canoe_kayak_launch":null,"fishing_pier":null,"skate_park":null,"splash_pad":null,"horseshoe_pit":null,"fitness_stations":null,"concrete_asphalt_play_area":null,"volleyball":null,"outdoor_pool":null,"challenge_course":null,"indoor_full_basket_ball_court":null,"art_room":null,"computer_room":null,"dance_music_program":null,"fitness_room":null,"gym":null,"game_room":null,"indoor_pool":null,"kiln_room":null,"kitchen":null,"locker_room":null,"lounge":null,"multipurpose_room":null,"racketball":null,"rock_climbing_wall":null,":@computed_region_25t2_rbz7":"1335",":@computed_region_x6fk_ihs5":null}},
{"type":"Feature","geometry":{"type":"Point","coordinates":[-76.26039,36.86631]},"properties":{":id":"row-mqe9_dwyn_mw42",":version":"rv-nayq-j338~c924",":created_at":"2026-01-13T16:25:43.144Z",":updated_at":"2026-01-13T16:25:48.755Z","park_name":"Tait Terrace Dog Park","park_type":"Dog Park","address":"2717 Tait Terrace","ward":"3","superward":"7","acres_ert_in_miles":"0.8","special_event_permitting":"No","abc_permitting":"No","fenced_dog_park":"Yes","restrooms":"No","dedicated_parking_on_site":"No","shelters":null,"benches":"Yes","picnic_tables_grills":"No","fenced_park":"Yes","outdoor_basketball_full_court":null,"lighted_basketball_courts":null,"basketball_half_court_only":null,"athletic_field_baseball":null,"athletic_field_lighted":null,"athletic_field_football_soccer":null,"athletic_field_lighted_1":null,"tennis_courts_asphalt_concrete":null,"tennis_courts_clay":null,"lighted_tennis_courts":null,"playground_areas":null,"ada_rubber_surface_playground":null,"swingset":null,"elizabeth_river_trail":null,"amphitheater":null,"walking_path":null,"running_track":null,"disc_golf":null,"batting_cages":null,"dirt_bmx_track":null,"butterfly_garden":null,"sand_volleyball_court":null,"bocce_ball":null,"canoe_kayak_launch":null,"fishing_pier":null,"skate_park":null,"splash_pad":null,"horseshoe_pit":null,"fitness_stations":null,"concrete_asphalt_play_area":null,"volleyball":null,"outdoor_pool":null,"challenge_course":null,"indoor_full_basket_ball_court":null,"art_room":null,"computer_room":null,"dance_music_program":null,"fitness_room":null,"gym":null,"game_room":null,"indoor_pool":null,"kiln_room":null,"kitchen":null,"locker_room":null,"lounge":null,"multipurpose_room":null,"racketball":null,"rock_climbing_wall":null,":@computed_region_25t2_rbz7":"2943",":@computed_region_x6fk_ihs5":"3"}},
{"type":"Feature","geometry":{"type":"Point","coordinates":[-76.23334,36.90057]},"properties":{":id":"row-hnu3.auhw.dch3",":version":"rv-gcgj.cvmq~brzd",":created_at":"2026-01-13T16:25:43.144Z",":updated_at":"2026-01-13T16:25:48.755Z","park_name":"Tanners Creek Elementary School","park_type":"School Site with Active Park Amenities","address":"1335 Longdale Dr","ward":"3","superward":"7","acres_ert_in_miles":"8.04","special_event_permitting":"No","abc_permitting":"No","fenced_dog_park":"N/A","restrooms":"Yes","dedicated_parking_on_site":"No","shelters":null,"benches":"Yes","picnic_tables_grills":"No","fenced_park":"Yes","outdoor_basketball_full_court":"4","lighted_basketball_courts":null,"basketball_half_court_only":null,"athletic_field_baseball":null,"athletic_field_lighted":null,"athletic_field_football_soccer":null,"athletic_field_lighted_1":null,"tennis_courts_asphalt_concrete":null,"tennis_courts_clay":null,"lighted_tennis_courts":null,"playground_areas":"2","ada_rubber_surface_playground":null,"swingset":null,"elizabeth_river_trail":null,"amphitheater":null,"walking_path":"✓","running_track":null,"disc_golf":null,"batting_cages":null,"dirt_bmx_track":null,"butterfly_garden":null,"sand_volleyball_court":null,"bocce_ball":null,"canoe_kayak_launch":null,"fishing_pier":null,"skate_park":null,"splash_pad":null,"horseshoe_pit":null,"fitness_stations":null,"concrete_asphalt_play_area":null,"volleyball":null,"outdoor_pool":null,"challenge_course":null,"indoor_full_basket_ball_court":null,"art_room":null,"computer_room":null,"dance_music_program":null,"fitness_room":null,"gym":null,"game_room":null,"indoor_pool":null,"kiln_room":null,"kitchen":null,"locker_room":null,"lounge":null,"multipurpose_room":null,"racketball":null,"rock_climbing_wall":null,":@computed_region_25t2_rbz7":"2943",":@computed_region_x6fk_ihs5":"87"}},
{"type":"Feature","geometry":{"type":"Point","coordinates":[-76.26672,36.88811]},"properties":{":id":"row-ejnj-xspx_vtb4",":version":"rv-9xhw-9abv-6rzi",":created_at":"2026-01-13T16:25:43.144Z",":updated_at":"2026-01-13T16:25:48.755Z","park_name":"Willard Model School","park_type":"School Site with Active Park Amenities","address":"1511 Willow Wood Dr","ward":"2","superward":"6","acres_ert_in_miles":"15.67","special_event_permitting":"No","abc_permitting":"No","fenced_dog_park":"N/A","restrooms":"No","dedicated_parking_on_site":"Yes","shelters":null,"benches":"Yes","picnic_tables_grills":"No","fenced_park":"No","outdoor_basketball_full_court":"1","lighted_basketball_courts":null,"basketball_half_court_only":null,"athletic_field_baseball":"1","athletic_field_lighted":null,"athletic_field_football_soccer":"1","athletic_field_lighted_1":null,"tennis_courts_asphalt_concrete":null,"tennis_courts_clay":null,"lighted_tennis_courts":null,"playground_areas":"1","ada_rubber_surface_playground":null,"swingset":null,"elizabeth_river_trail":null,"amphitheater":null,"walking_path":null,"running_track":null,"disc_golf":null,"batting_cages":null,"dirt_bmx_track":null,"butterfly_garden":null,"sand_volleyball_court":null,"bocce_ball":null,"canoe_kayak_launch":null,"fishing_pier":null,"skate_park":null,"splash_pad":null,"horseshoe_pit":null,"fitness_stations":null,"concrete_asphalt_play_area":"✓","volleyball":null,"outdoor_pool":null,"challenge_course":null,"indoor_full_basket_ball_court":null,"art_room":null,"computer_room":null,"dance_music_program":null,"fitness_room":null,"gym":null,"game_room":null,"indoor_pool":null,"kiln_room":null,"kitchen":null,"locker_room":null,"lounge":null,"multipurpose_room":null,"racketball":null,"rock_climbing_wall":null,":@computed_region_25t2_rbz7":"2943",":@computed_region_x6fk_ihs5":"120"}},
{"type":"Feature","geometry":{"type":"Point","coordinates":[-73.78131,42.64144]},"properties":{":id":"row-58pu_vtg8~h27z",":version":"rv-xmf3~sgvv-v2yh",":created_at":"2026-01-13T16:25:43.144Z",":updated_at":"2026-01-13T16:25:48.755Z","park_name":"Colonial Greenway Dog Park","park_type":"Dog Park","address":"405 Delaware Ave","ward":"2","superward":"6","acres_ert_in_miles":"0.43","special_event_permitting":"No","abc_permitting":"No","fenced_dog_park":"Yes","restrooms":"No","dedicated_parking_on_site":"No","shelters":null,"benches":"Yes","picnic_tables_grills":"No","fenced_park":"Yes","outdoor_basketball_full_court":null,"lighted_basketball_courts":null,"basketball_half_court_only":null,"athletic_field_baseball":null,"athletic_field_lighted":null,"athletic_field_football_soccer":null,"athletic_field_lighted_1":null,"tennis_courts_asphalt_concrete":null,"tennis_courts_clay":null,"lighted_tennis_courts":null,"playground_areas":null,"ada_rubber_surface_playground":null,"swingset":null,"elizabeth_river_trail":null,"amphitheater":null,"walking_path":null,"running_track":null,"disc_golf":null,"batting_cages":null,"dirt_bmx_track":null,"butterfly_garden":null,"sand_volleyball_court":null,"bocce_ball":null,"canoe_kayak_launch":null,"fishing_pier":null,"skate_park":null,"splash_pad":null,"horseshoe_pit":null,"fitness_stations":null,"concrete_asphalt_play_area":null,"volleyball":null,"outdoor_pool":null,"challenge_course":null,"indoor_full_basket_ball_court":null,"art_room":null,"computer_room":null,"dance_music_program":null,"fitness_room":null,"gym":null,"game_room":null,"indoor_pool":null,"kiln_room":null,"kitchen":null,"locker_room":null,"lounge":null,"multipurpose_room":null,"racketball":null,"rock_climbing_wall":null,":@computed_region_25t2_rbz7":"2030",":@computed_region_x6fk_ihs5":null}},
{"type":"Feature","geometry":{"type":"Point","coordinates":[-76.27724,36.90651]},"properties":{":id":"row-nv6x-u3vc-gxbk",":version":"rv-5amz_s77p.4iji",":created_at":"2026-01-13T16:25:43.144Z",":updated_at":"2026-01-13T16:25:48.755Z","park_name":"Granby High School","park_type":"School Site with Active Park Amenities","address":"7101 Granby St","ward":"1","superward":"6","acres_ert_in_miles":"21.88","special_event_permitting":"No","abc_permitting":"No","fenced_dog_park":"N/A","restrooms":"No","dedicated_parking_on_site":"Yes","shelters":null,"benches":"Yes","picnic_tables_grills":"No","fenced_park":"Yes","outdoor_basketball_full_court":null,"lighted_basketball_courts":null,"basketball_half_court_only":null,"athletic_field_baseball":"1","athletic_field_lighted":"1","athletic_field_football_soccer":null,"athletic_field_lighted_1":null,"tennis_courts_asphalt_concrete":"6","tennis_courts_clay":null,"lighted_tennis_courts":null,"playground_areas":null,"ada_rubber_surface_playground":null,"swingset":null,"elizabeth_river_trail":null,"amphitheater":null,"walking_path":null,"running_track":null,"disc_golf":null,"batting_cages":null,"dirt_bmx_track":null,"butterfly_garden":null,"sand_volleyball_court":null,"bocce_ball":null,"canoe_kayak_launch":null,"fishing_pier":null,"skate_park":null,"splash_pad":null,"horseshoe_pit":null,"fitness_stations":null,"concrete_asphalt_play_area":null,"volleyball":null,"outdoor_pool":null,"challenge_course":null,"indoor_full_basket_ball_court":null,"art_room":null,"computer_room":null,"dance_music_program":null,"fitness_room":null,"gym":null,"game_room":null,"indoor_pool":null,"kiln_room":null,"kitchen":null,"locker_room":null,"lounge":null,"multipurpose_room":null,"racketball":null,"rock_climbing_wall":null,":@computed_region_25t2_rbz7":"2943",":@computed_region_x6fk_ihs5":"128"}},
{"type":"Feature","geometry":{"type":"Point","coordinates":[-76.23878,36.89722]},"properties":{":id":"row-nizq.kbum-534e",":version":"rv-wvj4-67qs-3qfu",":created_at":"2026-01-13T16:25:43.144Z",":updated_at":"2026-01-13T16:25:48.755Z","park_name":"Norview Elementary & Norview Community Center","park_type":"School and Community Center Shared Site With Active Park Amenities","address":"6401 Chesapeake Blvd","ward":"3","superward":"7","acres_ert_in_miles":"10.5","special_event_permitting":"No","abc_permitting":"No","fenced_dog_park":"N/A","restrooms":"Yes","dedicated_parking_on_site":"Yes","shelters":null,"benches":"Yes","picnic_tables_grills":"No","fenced_park":"Yes","outdoor_basketball_full_court":"2","lighted_basketball_courts":null,"basketball_half_court_only":"2","athletic_field_baseball":null,"athletic_field_lighted":null,"athletic_field_football_soccer":"1","athletic_field_lighted_1":null,"tennis_courts_asphalt_concrete":null,"tennis_courts_clay":null,"lighted_tennis_courts":null,"playground_areas":"1","ada_rubber_surface_playground":"1","swingset":"1","elizabeth_river_trail":null,"amphitheater":null,"walking_path":null,"running_track":null,"disc_golf":null,"batting_cages":null,"dirt_bmx_track":null,"butterfly_garden":null,"sand_volleyball_court":null,"bocce_ball":null,"canoe_kayak_launch":null,"fishing_pier":null,"skate_park":null,"splash_pad":"✓","horseshoe_pit":null,"fitness_stations":null,"concrete_asphalt_play_area":null,"volleyball":null,"outdoor_pool":null,"challenge_course":null,"indoor_full_basket_ball_court":"✓","art_room":"✓","computer_room":"✓","dance_music_program":"✓","fitness_room":"✓","gym":"✓","game_room":"✓","indoor_pool":null,"kiln_room":null,"kitchen":"✓","locker_room":"✓","lounge":null,"multipurpose_room":"✓","racketball":null,"rock_climbing_wall":null,":@computed_region_25t2_rbz7":"2943",":@computed_region_x6fk_ihs5":"128"}},
{"type":"Feature","geometry":{"type":"Point","coordinates":[-76.24759,36.93]},"properties":{":id":"row-7jmf_yguf-2vp3",":version":"rv-b74t_mc5t~vm4j",":created_at":"2026-01-13T16:25:43.144Z",":updated_at":"2026-01-13T16:25:48.755Z","park_name":"Hyde Park","park_type":"Neighborhood Active Park","address":"555 Austin St","ward":"5","superward":"6","acres_ert_in_miles":"0.62","special_event_permitting":"No","abc_permitting":"No","fenced_dog_park":"N/A","restrooms":"No","dedicated_parking_on_site":"No","shelters":null,"benches":"Yes","picnic_tables_grills":"No","fenced_park":"No","outdoor_basketball_full_court":null,"lighted_basketball_courts":null,"basketball_half_court_only":null,"athletic_field_baseball":null,"athletic_field_lighted":null,"athletic_field_football_soccer":null,"athletic_field_lighted_1":null,"tennis_courts_asphalt_concrete":null,"tennis_courts_clay":null,"lighted_tennis_courts":null,"playground_areas":null,"ada_rubber_surface_playground":null,"swingset":null,"elizabeth_river_trail":null,"amphitheater":null,"walking_path":null,"running_track":null,"disc_golf":null,"batting_cages":null,"dirt_bmx_track":null,"butterfly_garden":null,"sand_volleyball_court":null,"bocce_ball":null,"canoe_kayak_launch":null,"fishing_pier":null,"skate_park":null,"splash_pad":null,"horseshoe_pit":null,"fitness_stations":null,"concrete_asphalt_play_area":"✓","volleyball":null,"outdoor_pool":null,"challenge_course":null,"indoor_full_basket_ball_court":null,"art_room":null,"computer_room":null,"dance_music_program":null,"fitness_room":null,"gym":null,"game_room":null,"indoor_pool":null,"kiln_room":null,"kitchen":null,"locker_room":null,"lounge":null,"multipurpose_room":null,"racketball":null,"rock_climbing_wall":null,":@computed_region_25t2_rbz7":"2943",":@computed_region_x6fk_ihs5":"126"}},
{"type":"Feature","geometry":{"type":"Point","coordinates":[-83.75012,42.27013]},"properties":{":id":"row-h2b7~bfh8.8ye8",":version":"rv-gq7m.ac75-kqak",":created_at":"2026-01-13T16:25:43.144Z",":updated_at":"2026-01-13T16:25:48.755Z","park_name":"St. Helena Elementary School & Berkley Community Center","park_type":"School and Community Center Shared Site With Active Park Amenities","address":"903 S. Main St","ward":"4","superward":"7","acres_ert_in_miles":"11","special_event_permitting":"No","abc_permitting":"No","fenced_dog_park":"N/A","restrooms":"Yes","dedicated_parking_on_site":"Yes","shelters":null,"benches":"No","picnic_tables_grills":"Yes","fenced_park":"No","outdoor_basketball_full_court":"4","lighted_basketball_courts":null,"basketball_half_court_only":null,"athletic_field_baseball":"1","athletic_field_lighted":"1","athletic_field_football_soccer":null,"athletic_field_lighted_1":null,"tennis_courts_asphalt_concrete":"2","tennis_courts_clay":null,"lighted_tennis_courts":null,"playground_areas":"1","ada_rubber_surface_playground":null,"swingset":"1","elizabeth_river_trail":null,"amphitheater":null,"walking_path":null,"running_track":null,"disc_golf":null,"batting_cages":null,"dirt_bmx_track":null,"butterfly_garden":null,"sand_volleyball_court":null,"bocce_ball":null,"canoe_kayak_launch":null,"fishing_pier":null,"skate_park":null,"splash_pad":null,"horseshoe_pit":null,"fitness_stations":null,"concrete_asphalt_play_area":null,"volleyball":"✓","outdoor_pool":null,"challenge_course":null,"indoor_full_basket_ball_court":"✓","art_room":null,"computer_room":"✓","dance_music_program":null,"fitness_room":"✓","gym":"✓","game_room":"✓","indoor_pool":null,"kiln_room":null,"kitchen":null,"locker_room":"✓","lounge":null,"multipurpose_room":null,"racketball":null,"rock_climbing_wall":null,":@computed_region_25t2_rbz7":"366",":@computed_region_x6fk_ihs5":null}},
{"type":"Feature","geometry":{"type":"Point","coordinates":[-76.24058,36.87038]},"properties":{":id":"row-wpjs-47j2~rnrx",":version":"rv-kvb7.yapf~ajr9",":created_at":"2026-01-13T16:25:43.144Z",":updated_at":"2026-01-13T16:25:48.755Z","park_name":"Coleman Place Elementary School","park_type":"School Site with Active Park Amenities","address":"2445 Palmyra St","ward":"3","superward":"7","acres_ert_in_miles":"9.32","special_event_permitting":"No","abc_permitting":"No","fenced_dog_park":"N/A","restrooms":"No","dedicated_parking_on_site":"Yes","shelters":null,"benches":"No","picnic_tables_grills":"No","fenced_park":"Yes","outdoor_basketball_full_court":null,"lighted_basketball_courts":null,"basketball_half_court_only":null,"athletic_field_baseball":null,"athletic_field_lighted":null,"athletic_field_football_soccer":"2","athletic_field_lighted_1":null,"tennis_courts_asphalt_concrete":null,"tennis_courts_clay":null,"lighted_tennis_courts":null,"playground_areas":"2","ada_rubber_surface_playground":null,"swingset":null,"elizabeth_river_trail":null,"amphitheater":null,"walking_path":null,"running_track":"✓","disc_golf":null,"batting_cages":null,"dirt_bmx_track":null,"butterfly_garden":null,"sand_volleyball_court":null,"bocce_ball":null,"canoe_kayak_launch":null,"fishing_pier":null,"skate_park":null,"splash_pad":null,"horseshoe_pit":null,"fitness_stations":null,"concrete_asphalt_play_area":"✓","volleyball":null,"outdoor_pool":null,"challenge_course":null,"indoor_full_basket_ball_court":null,"art_room":null,"computer_room":null,"dance_music_program":null,"fitness_room":null,"gym":null,"game_room":null,"indoor_pool":null,"kiln_room":null,"kitchen":null,"locker_room":null,"lounge":null,"multipurpose_room":null,"racketball":null,"rock_climbing_wall":null,":@computed_region_25t2_rbz7":"2943",":@computed_region_x6fk_ihs5":"18"}},
{"type":"Feature","geometry":{"type":"Point","coordinates":[-123.08363,45.21867]},"properties":{":id":"row-itae-kny7.c9z2",":version":"rv-h9qj~ftfr-4zbz",":created_at":"2026-01-13T16:25:43.144Z",":updated_at":"2026-01-13T16:25:48.755Z","park_name":"Martin Luther King Memorial Plaza","park_type":"Passive Greenspace","address":"701 Church st","ward":"4","superward":"7","acres_ert_in_miles":"0.36","special_event_permitting":"No","abc_permitting":"No","fenced_dog_park":"N/A","restrooms":"No","dedicated_parking_on_site":"Yes","shelters":null,"benches":"Yes","picnic_tables_grills":"No","fenced_park":"Partial","outdoor_basketball_full_court":null,"lighted_basketball_courts":null,"basketball_half_court_only":null,"athletic_field_baseball":null,"athletic_field_lighted":null,"athletic_field_football_soccer":null,"athletic_field_lighted_1":null,"tennis_courts_asphalt_concrete":null,"tennis_courts_clay":null,"lighted_tennis_courts":null,"playground_areas":null,"ada_rubber_surface_playground":null,"swingset":null,"elizabeth_river_trail":null,"amphitheater":null,"walking_path":null,"running_track":null,"disc_golf":null,"batting_cages":null,"dirt_bmx_track":null,"butterfly_garden":null,"sand_volleyball_court":null,"bocce_ball":null,"canoe_kayak_launch":null,"fishing_pier":null,"skate_park":null,"splash_pad":null,"horseshoe_pit":null,"fitness_stations":null,"concrete_asphalt_play_area":null,"volleyball":null,"outdoor_pool":null,"challenge_course":null,"indoor_full_basket_ball_court":null,"art_room":null,"computer_room":null,"dance_music_program":null,"fitness_room":null,"gym":null,"game_room":null,"indoor_pool":null,"kiln_room":null,"kitchen":null,"locker_room":null,"lounge":null,"multipurpose_room":null,"racketball":null,"rock_climbing_wall":null,":@computed_region_25t2_rbz7":"2453",":@computed_region_x6fk_ihs5":null}},
{"type":"Feature","geometry":null,"properties":{":id":"row-7iu8.bniw.mz6f",":version":"rv-cush_9a2b~i8ya",":created_at":"2026-01-13T16:25:43.144Z",":updated_at":"2026-01-13T16:25:48.755Z","park_name":"Redgate Playground","park_type":"Neighborhood Active Park","address":"Adjacent to 935 Redgate Ave","ward":"2","superward":"6","acres_ert_in_miles":"0.54","special_event_permitting":"No","abc_permitting":"No","fenced_dog_park":"N/A","restrooms":"No","dedicated_parking_on_site":"No","shelters":null,"benches":"Yes","picnic_tables_grills":"No","fenced_park":"Yes","outdoor_basketball_full_court":null,"lighted_basketball_courts":null,"basketball_half_court_only":null,"athletic_field_baseball":null,"athletic_field_lighted":null,"athletic_field_football_soccer":null,"athletic_field_lighted_1":null,"tennis_courts_asphalt_concrete":null,"tennis_courts_clay":null,"lighted_tennis_courts":null,"playground_areas":"1","ada_rubber_surface_playground":null,"swingset":"1","elizabeth_river_trail":"✓","amphitheater":null,"walking_path":null,"running_track":null,"disc_golf":null,"batting_cages":null,"dirt_bmx_track":null,"butterfly_garden":null,"sand_volleyball_court":null,"bocce_ball":null,"canoe_kayak_launch":null,"fishing_pier":null,"skate_park":null,"splash_pad":null,"horseshoe_pit":null,"fitness_stations":null,"concrete_asphalt_play_area":null,"volleyball":null,"outdoor_pool":null,"challenge_course":null,"indoor_full_basket_ball_court":null,"art_room":null,"computer_room":null,"dance_music_program":null,"fitness_room":null,"gym":null,"game_room":null,"indoor_pool":null,"kiln_room":null,"kitchen":null,"locker_room":null,"lounge":null,"multipurpose_room":null,"racketball":null,"rock_climbing_wall":null,":@computed_region_25t2_rbz7":null,":@computed_region_x6fk_ihs5":null}},
{"type":"Feature","geometry":null,"properties":{":id":"row-wu2h.7g3a~v9i6",":version":"rv-9zut.xemq_ia6b",":created_at":"2026-01-13T16:25:43.144Z",":updated_at":"2026-01-13T16:25:48.755Z","park_name":"Elizabeth River Trail","park_type":"Hike & Bike Trail","address":null,"ward":"24","superward":"67","acres_ert_in_miles":"10.5","special_event_permitting":"No","abc_permitting":"No","fenced_dog_park":"N/A","restrooms":"No","dedicated_parking_on_site":"No","shelters":null,"benches":"No","picnic_tables_grills":"No","fenced_park":"No","outdoor_basketball_full_court":null,"lighted_basketball_courts":null,"basketball_half_court_only":null,"athletic_field_baseball":null,"athletic_field_lighted":null,"athletic_field_football_soccer":null,"athletic_field_lighted_1":null,"tennis_courts_asphalt_concrete":null,"tennis_courts_clay":null,"lighted_tennis_courts":null,"playground_areas":null,"ada_rubber_surface_playground":null,"swingset":null,"elizabeth_river_trail":"✓","amphitheater":null,"walking_path":"✓","running_track":null,"disc_golf":null,"batting_cages":null,"dirt_bmx_track":null,"butterfly_garden":null,"sand_volleyball_court":null,"bocce_ball":null,"canoe_kayak_launch":null,"fishing_pier":null,"skate_park":null,"splash_pad":null,"horseshoe_pit":null,"fitness_stations":null,"concrete_asphalt_play_area":null,"volleyball":null,"outdoor_pool":null,"challenge_course":null,"indoor_full_basket_ball_court":null,"art_room":null,"computer_room":null,"dance_music_program":null,"fitness_room":null,"gym":null,"game_room":null,"indoor_pool":null,"kiln_room":null,"kitchen":null,"locker_room":null,"lounge":null,"multipurpose_room":null,"racketball":null,"rock_climbing_wall":null,":@computed_region_25t2_rbz7":null,":@computed_region_x6fk_ihs5":null}},
{"type":"Feature","geometry":{"type":"Point","coordinates":[-76.28382,36.8835]},"properties":{":id":"row-jpgp.cedg.uxxe",":version":"rv-u325~pipk.wngz",":created_at":"2026-01-13T16:25:43.144Z",":updated_at":"2026-01-13T16:25:48.755Z","park_name":"Haven Creek Boat Ramp / Kayak Launch","park_type":"Boat Ramp / Kayak Launch","address":"4001 Llewellyn Ave","ward":"2","superward":"6","acres_ert_in_miles":null,"special_event_permitting":"No","abc_permitting":"No","fenced_dog_park":"N/A","restrooms":"No","dedicated_parking_on_site":"Yes","shelters":null,"benches":"No","picnic_tables_grills":"No","fenced_park":"No","outdoor_basketball_full_court":null,"lighted_basketball_courts":null,"basketball_half_court_only":null,"athletic_field_baseball":null,"athletic_field_lighted":null,"athletic_field_football_soccer":null,"athletic_field_lighted_1":null,"tennis_courts_asphalt_concrete":null,"tennis_courts_clay":null,"lighted_tennis_courts":null,"playground_areas":null,"ada_rubber_surface_playground":null,"swingset":null,"elizabeth_river_trail":null,"amphitheater":null,"walking_path":null,"running_track":null,"disc_golf":null,"batting_cages":null,"dirt_bmx_track":null,"butterfly_garden":null,"sand_volleyball_court":null,"bocce_ball":null,"canoe_kayak_launch":"✓","fishing_pier":null,"skate_park":null,"splash_pad":null,"horseshoe_pit":null,"fitness_stations":null,"concrete_asphalt_play_area":null,"volleyball":null,"outdoor_pool":null,"challenge_course":null,"indoor_full_basket_ball_court":null,"art_room":null,"computer_room":null,"dance_music_program":null,"fitness_room":null,"gym":null,"game_room":null,"indoor_pool":null,"kiln_room":null,"kitchen":null,"locker_room":null,"lounge":null,"multipurpose_room":null,"racketball":null,"rock_climbing_wall":null,":@computed_region_25t2_rbz7":"2943",":@computed_region_x6fk_ihs5":"19"}},
{"type":"Feature","geometry":{"type":"Point","coordinates":[-88.14254,41.99877]},"properties":{":id":"row-yrx3.3ihk-sm5j",":version":"rv-28id-fiek_v9mb",":created_at":"2026-01-13T16:25:43.144Z",":updated_at":"2026-01-13T16:25:48.755Z","park_name":"Berkley Campostella Eary Childhood Ctr. & Diggs Town Center","park_type":"School and Community Center Shared Site With Active Park Amenities","address":"1530 Cypress Ave","ward":"4","superward":"7","acres_ert_in_miles":"9.21","special_event_permitting":"No","abc_permitting":"No","fenced_dog_park":"N/A","restrooms":"Yes","dedicated_parking_on_site":"Yes","shelters":null,"benches":"Yes","picnic_tables_grills":"No","fenced_park":"Yes","outdoor_basketball_full_court":"4","lighted_basketball_courts":null,"basketball_half_court_only":null,"athletic_field_baseball":"1","athletic_field_lighted":null,"athletic_field_football_soccer":null,"athletic_field_lighted_1":null,"tennis_courts_asphalt_concrete":null,"tennis_courts_clay":null,"lighted_tennis_courts":null,"playground_areas":"1","ada_rubber_surface_playground":null,"swingset":"1","elizabeth_river_trail":null,"amphitheater":null,"walking_path":null,"running_track":null,"disc_golf":null,"batting_cages":null,"dirt_bmx_track":null,"butterfly_garden":null,"sand_volleyball_court":null,"bocce_ball":null,"canoe_kayak_launch":null,"fishing_pier":null,"skate_park":null,"splash_pad":null,"horseshoe_pit":null,"fitness_stations":null,"concrete_asphalt_play_area":null,"volleyball":null,"outdoor_pool":null,"challenge_course":null,"indoor_full_basket_ball_court":null,"art_room":null,"computer_room":null,"dance_music_program":null,"fitness_room":null,"gym":null,"game_room":null,"indoor_pool":null,"kiln_room":null,"kitchen":null,"locker_room":null,"lounge":null,"multipurpose_room":null,"racketball":null,"rock_climbing_wall":null,":@computed_region_25t2_rbz7":"1863",":@computed_region_x6fk_ihs5":null}},
{"type":"Feature","geometry":{"type":"Point","coordinates":[-76.24694,36.84819]},"properties":{":id":"row-9xbw~hxnt~dbgg",":version":"rv-g29b_68tc.d56f",":created_at":"2026-01-13T16:25:43.144Z",":updated_at":"2026-01-13T16:25:48.755Z","park_name":"Stone Bridge Park","park_type":"Passive Greenspace","address":"3126 S. Stone Bridge Dr","ward":"4","superward":"7","acres_ert_in_miles":"0.64","special_event_permitting":"No","abc_permitting":"No","fenced_dog_park":"N/A","restrooms":"No","dedicated_parking_on_site":"No","shelters":null,"benches":"Yes","picnic_tables_grills":"No","fenced_park":"No","outdoor_basketball_full_court":null,"lighted_basketball_courts":null,"basketball_half_court_only":null,"athletic_field_baseball":null,"athletic_field_lighted":null,"athletic_field_football_soccer":null,"athletic_field_lighted_1":null,"tennis_courts_asphalt_concrete":null,"tennis_courts_clay":null,"lighted_tennis_courts":null,"playground_areas":null,"ada_rubber_surface_playground":null,"swingset":null,"elizabeth_river_trail":null,"amphitheater":null,"walking_path":null,"running_track":null,"disc_golf":null,"batting_cages":null,"dirt_bmx_track":null,"butterfly_garden":null,"sand_volleyball_court":null,"bocce_ball":null,"canoe_kayak_launch":null,"fishing_pier":null,"skate_park":null,"splash_pad":null,"horseshoe_pit":null,"fitness_stations":null,"concrete_asphalt_play_area":null,"volleyball":null,"outdoor_pool":null,"challenge_course":null,"indoor_full_basket_ball_court":null,"art_room":null,"computer_room":null,"dance_music_program":null,"fitness_room":null,"gym":null,"game_room":null,"indoor_pool":null,"kiln_room":null,"kitchen":null,"locker_room":null,"lounge":null,"multipurpose_room":null,"racketball":null,"rock_climbing_wall":null,":@computed_region_25t2_rbz7":"2943",":@computed_region_x6fk_ihs5":"88"}},
{"type":"Feature","geometry":{"type":"Point","coordinates":[-76.30265,36.89107]},"properties":{":id":"row-nz2s_wjx4.sudd",":version":"rv-jhbf-tz7k.9p9h",":created_at":"2026-01-13T16:25:43.144Z",":updated_at":"2026-01-13T16:25:48.755Z","park_name":"Larchmont Elementary & Larchmont Recreation Center","park_type":"School and Community Center Shared Site With Active Park Amenities","address":"1167 Bolling Ave","ward":"2","superward":"6","acres_ert_in_miles":"18.98","special_event_permitting":"No","abc_permitting":"No","fenced_dog_park":"N/A","restrooms":"Yes","dedicated_parking_on_site":"Yes","shelters":null,"benches":"Yes","picnic_tables_grills":"No","fenced_park":"Yes","outdoor_basketball_full_court":"4","lighted_basketball_courts":null,"basketball_half_court_only":"1","athletic_field_baseball":"1","athletic_field_lighted":null,"athletic_field_football_soccer":"3","athletic_field_lighted_1":null,"tennis_courts_asphalt_concrete":"6","tennis_courts_clay":null,"lighted_tennis_courts":null,"playground_areas":"2","ada_rubber_surface_playground":null,"swingset":"1","elizabeth_river_trail":null,"amphitheater":null,"walking_path":null,"running_track":null,"disc_golf":null,"batting_cages":null,"dirt_bmx_track":null,"butterfly_garden":null,"sand_volleyball_court":null,"bocce_ball":null,"canoe_kayak_launch":null,"fishing_pier":null,"skate_park":null,"splash_pad":null,"horseshoe_pit":null,"fitness_stations":null,"concrete_asphalt_play_area":null,"volleyball":null,"outdoor_pool":null,"challenge_course":null,"indoor_full_basket_ball_court":null,"art_room":null,"computer_room":null,"dance_music_program":null,"fitness_room":null,"gym":null,"game_room":null,"indoor_pool":null,"kiln_room":null,"kitchen":null,"locker_room":null,"lounge":null,"multipurpose_room":null,"racketball":null,"rock_climbing_wall":null,":@computed_region_25t2_rbz7":"2943",":@computed_region_x6fk_ihs5":"49"}},
{"type":"Feature","geometry":{"type":"Point","coordinates":[-76.27815,36.85075]},"properties":{":id":"row-aax6-5znw-i7ih",":version":"rv-idae~egr6-psr3",":created_at":"2026-01-13T16:25:43.144Z",":updated_at":"2026-01-13T16:25:48.755Z","park_name":"Tidewater Park Elementary School","park_type":"School Site with Active Park Amenities","address":"1045 E. Brambleton Ave","ward":"4","superward":"7","acres_ert_in_miles":"7.73","special_event_permitting":"No","abc_permitting":"No","fenced_dog_park":"N/A","restrooms":"No","dedicated_parking_on_site":"Yes","shelters":null,"benches":"No","picnic_tables_grills":"No","fenced_park":"Yes","outdoor_basketball_full_court":"4","lighted_basketball_courts":"4","basketball_half_court_only":null,"athletic_field_baseball":"1","athletic_field_lighted":"1","athletic_field_football_soccer":"1","athletic_field_lighted_1":"1","tennis_courts_asphalt_concrete":null,"tennis_courts_clay":null,"lighted_tennis_courts":null,"playground_areas":"1","ada_rubber_surface_playground":null,"swingset":null,"elizabeth_river_trail":null,"amphitheater":null,"walking_path":null,"running_track":null,"disc_golf":null,"batting_cages":null,"dirt_bmx_track":null,"butterfly_garden":null,"sand_volleyball_court":null,"bocce_ball":null,"canoe_kayak_launch":null,"fishing_pier":null,"skate_park":null,"splash_pad":null,"horseshoe_pit":null,"fitness_stations":null,"concrete_asphalt_play_area":null,"volleyball":null,"outdoor_pool":null,"challenge_course":null,"indoor_full_basket_ball_court":null,"art_room":null,"computer_room":null,"dance_music_program":null,"fitness_room":null,"gym":null,"game_room":null,"indoor_pool":null,"kiln_room":null,"kitchen":null,"locker_room":null,"lounge":null,"multipurpose_room":null,"racketball":null,"rock_climbing_wall":null,":@computed_region_25t2_rbz7":"2943",":@computed_region_x6fk_ihs5":"128"}},
{"type":"Feature","geometry":{"type":"Point","coordinates":[-76.24845,36.94821]},"properties":{":id":"row-yqrj-f5qw-hcie",":version":"rv-9gx6_hwnb~isei",":created_at":"2026-01-13T16:25:43.144Z",":updated_at":"2026-01-13T16:25:48.755Z","park_name":"Ocean View Golf Course","park_type":"Fee Based Open Space","address":"9548 Norfolk Ave","ward":"5","superward":"6","acres_ert_in_miles":"106.22","special_event_permitting":"No","abc_permitting":"No","fenced_dog_park":"N/A","restrooms":"Yes","dedicated_parking_on_site":"Yes","shelters":null,"benches":"No","picnic_tables_grills":"No","fenced_park":"No","outdoor_basketball_full_court":null,"lighted_basketball_courts":null,"basketball_half_court_only":null,"athletic_field_baseball":null,"athletic_field_lighted":null,"athletic_field_football_soccer":null,"athletic_field_lighted_1":null,"tennis_courts_asphalt_concrete":null,"tennis_courts_clay":null,"lighted_tennis_courts":null,"playground_areas":null,"ada_rubber_surface_playground":null,"swingset":null,"elizabeth_river_trail":null,"amphitheater":null,"walking_path":null,"running_track":null,"disc_golf":null,"batting_cages":null,"dirt_bmx_track":null,"butterfly_garden":null,"sand_volleyball_court":null,"bocce_ball":null,"canoe_kayak_launch":null,"fishing_pier":null,"skate_park":null,"splash_pad":null,"horseshoe_pit":null,"fitness_stations":null,"concrete_asphalt_play_area":null,"volleyball":null,"outdoor_pool":null,"challenge_course":null,"indoor_full_basket_ball_court":null,"art_room":null,"computer_room":null,"dance_music_program":null,"fitness_room":null,"gym":null,"game_room":null,"indoor_pool":null,"kiln_room":null,"kitchen":null,"locker_room":null,"lounge":null,"multipurpose_room":null,"racketball":null,"rock_climbing_wall":null,":@computed_region_25t2_rbz7":"2943",":@computed_region_x6fk_ihs5":"102"}},
{"type":"Feature","geometry":{"type":"Point","coordinates":[-76.29856,36.8597]},"properties":{":id":"row-nzhm.9q4v_hrar",":version":"rv-sy2c.d3br~qm3z",":created_at":"2026-01-13T16:25:43.144Z",":updated_at":"2026-01-13T16:25:48.755Z","park_name":"Stone Park","park_type":"Passive Greenspace","address":"601 W. Olney Rd","ward":"2","superward":"6","acres_ert_in_miles":"0.34","special_event_permitting":"No","abc_permitting":"No","fenced_dog_park":"N/A","restrooms":"No","dedicated_parking_on_site":"No","shelters":null,"benches":"Yes","picnic_tables_grills":"No","fenced_park":"No","outdoor_basketball_full_court":null,"lighted_basketball_courts":null,"basketball_half_court_only":null,"athletic_field_baseball":null,"athletic_field_lighted":null,"athletic_field_football_soccer":null,"athletic_field_lighted_1":null,"tennis_courts_asphalt_concrete":null,"tennis_courts_clay":null,"lighted_tennis_courts":null,"playground_areas":null,"ada_rubber_surface_playground":null,"swingset":null,"elizabeth_river_trail":null,"amphitheater":null,"walking_path":null,"running_track":null,"disc_golf":null,"batting_cages":null,"dirt_bmx_track":null,"butterfly_garden":null,"sand_volleyball_court":null,"bocce_ball":null,"canoe_kayak_launch":null,"fishing_pier":null,"skate_park":null,"splash_pad":null,"horseshoe_pit":null,"fitness_stations":null,"concrete_asphalt_play_area":null,"volleyball":null,"outdoor_pool":null,"challenge_course":null,"indoor_full_basket_ball_court":null,"art_room":null,"computer_room":null,"dance_music_program":null,"fitness_room":null,"gym":null,"game_room":null,"indoor_pool":null,"kiln_room":null,"kitchen":null,"locker_room":null,"lounge":null,"multipurpose_room":null,"racketball":null,"rock_climbing_wall":null,":@computed_region_25t2_rbz7":"2943",":@computed_region_x6fk_ihs5":"33"}},
{"type":"Feature","geometry":{"type":"Point","coordinates":[-74.42569,43.11632]},"properties":{":id":"row-r34u-mzzw-jix2",":version":"rv-zehd_yeqa.tf58",":created_at":"2026-01-13T16:25:43.144Z",":updated_at":"2026-01-13T16:25:48.755Z","park_name":"North Shore Rd Playground","park_type":"Neighborhood Active Park","address":"451 North Shore Rd","ward":"1","superward":"6","acres_ert_in_miles":"0.72","special_event_permitting":"No","abc_permitting":"No","fenced_dog_park":"N/A","restrooms":"No","dedicated_parking_on_site":"No","shelters":null,"benches":"Yes","picnic_tables_grills":"No","fenced_park":"Yes","outdoor_basketball_full_court":null,"lighted_basketball_courts":null,"basketball_half_court_only":null,"athletic_field_baseball":null,"athletic_field_lighted":null,"athletic_field_football_soccer":null,"athletic_field_lighted_1":null,"tennis_courts_asphalt_concrete":null,"tennis_courts_clay":null,"lighted_tennis_courts":null,"playground_areas":"1","ada_rubber_surface_playground":null,"swingset":"1","elizabeth_river_trail":null,"amphitheater":null,"walking_path":null,"running_track":null,"disc_golf":null,"batting_cages":null,"dirt_bmx_track":null,"butterfly_garden":null,"sand_volleyball_court":null,"bocce_ball":null,"canoe_kayak_launch":null,"fishing_pier":null,"skate_park":null,"splash_pad":null,"horseshoe_pit":null,"fitness_stations":null,"concrete_asphalt_play_area":null,"volleyball":null,"outdoor_pool":null,"challenge_course":null,"indoor_full_basket_ball_court":null,"art_room":null,"computer_room":null,"dance_music_program":null,"fitness_room":null,"gym":null,"game_room":null,"indoor_pool":null,"kiln_room":null,"kitchen":null,"locker_room":null,"lounge":null,"multipurpose_room":null,"racketball":null,"rock_climbing_wall":null,":@computed_region_25t2_rbz7":"2085",":@computed_region_x6fk_ihs5":null}},
{"type":"Feature","geometry":{"type":"Point","coordinates":[-76.19544,36.84096]},"properties":{":id":"row-3bzg-8v9z.gyhv",":version":"rv-933p.3h3d.ewjb",":created_at":"2026-01-13T16:25:43.144Z",":updated_at":"2026-01-13T16:25:48.755Z","park_name":"Easton Pre-School","park_type":"School Site with Active Park Amenities","address":"6045 Curlew Dr","ward":"4","superward":"7","acres_ert_in_miles":"10.33","special_event_permitting":"No","abc_permitting":"No","fenced_dog_park":"N/A","restrooms":"No","dedicated_parking_on_site":"Yes","shelters":null,"benches":"Yes","picnic_tables_grills":"No","fenced_park":"Partial","outdoor_basketball_full_court":"2","lighted_basketball_courts":null,"basketball_half_court_only":null,"athletic_field_baseball":"2","athletic_field_lighted":null,"athletic_field_football_soccer":"1","athletic_field_lighted_1":null,"tennis_courts_asphalt_concrete":null,"tennis_courts_clay":null,"lighted_tennis_courts":null,"playground_areas":"1","ada_rubber_surface_playground":null,"swingset":null,"elizabeth_river_trail":null,"amphitheater":null,"walking_path":null,"running_track":null,"disc_golf":null,"batting_cages":null,"dirt_bmx_track":null,"butterfly_garden":null,"sand_volleyball_court":null,"bocce_ball":null,"canoe_kayak_launch":null,"fishing_pier":null,"skate_park":null,"splash_pad":null,"horseshoe_pit":null,"fitness_stations":null,"concrete_asphalt_play_area":null,"volleyball":null,"outdoor_pool":null,"challenge_course":null,"indoor_full_basket_ball_court":null,"art_room":null,"computer_room":null,"dance_music_program":null,"fitness_room":null,"gym":null,"game_room":null,"indoor_pool":null,"kiln_room":null,"kitchen":null,"locker_room":null,"lounge":null,"multipurpose_room":null,"racketball":null,"rock_climbing_wall":null,":@computed_region_25t2_rbz7":"2943",":@computed_region_x6fk_ihs5":"26"}},
{"type":"Feature","geometry":{"type":"Point","coordinates":[-76.26161,36.87078]},"properties":{":id":"row-pp4s~pnzs.6x27",":version":"rv-k5y3_rj78~veyi",":created_at":"2026-01-13T16:25:43.144Z",":updated_at":"2026-01-13T16:25:48.755Z","park_name":"Shoop Park","park_type":"Neighborhood Active Park","address":"2400 Shoop Ave","ward":"3","superward":"7","acres_ert_in_miles":"5.49","special_event_permitting":"No","abc_permitting":"No","fenced_dog_park":"N/A","restrooms":"No","dedicated_parking_on_site":"No","shelters":"4","benches":"Yes","picnic_tables_grills":"Yes","fenced_park":"Yes","outdoor_basketball_full_court":"3","lighted_basketball_courts":null,"basketball_half_court_only":null,"athletic_field_baseball":null,"athletic_field_lighted":null,"athletic_field_football_soccer":"1","athletic_field_lighted_1":null,"tennis_courts_asphalt_concrete":null,"tennis_courts_clay":null,"lighted_tennis_courts":null,"playground_areas":"1","ada_rubber_surface_playground":null,"swingset":"1","elizabeth_river_trail":null,"amphitheater":null,"walking_path":"✓","running_track":null,"disc_golf":null,"batting_cages":null,"dirt_bmx_track":null,"butterfly_garden":null,"sand_volleyball_court":"✓","bocce_ball":null,"canoe_kayak_launch":null,"fishing_pier":null,"skate_park":null,"splash_pad":"✓","horseshoe_pit":"✓","fitness_stations":"✓","concrete_asphalt_play_area":null,"volleyball":"✓","outdoor_pool":null,"challenge_course":null,"indoor_full_basket_ball_court":null,"art_room":null,"computer_room":null,"dance_music_program":null,"fitness_room":null,"gym":null,"game_room":null,"indoor_pool":null,"kiln_room":null,"kitchen":null,"locker_room":null,"lounge":null,"multipurpose_room":null,"racketball":null,"rock_climbing_wall":null,":@computed_region_25t2_rbz7":"2943",":@computed_region_x6fk_ihs5":"29"}},
{"type":"Feature","geometry":{"type":"Point","coordinates":[-76.26598,36.85297]},"properties":{":id":"row-8v88_jin3_spm3",":version":"rv-kzed.xwji~gtnc",":created_at":"2026-01-13T16:25:43.144Z",":updated_at":"2026-01-13T16:25:48.755Z","park_name":"Booker T. Washington High School","park_type":"School Site with Active Park Amenities","address":"1111 Park Ave","ward":"3","superward":"7","acres_ert_in_miles":"27.42","special_event_permitting":"No","abc_permitting":"No","fenced_dog_park":"N/A","restrooms":"No","dedicated_parking_on_site":"Yes","shelters":null,"benches":"Yes","picnic_tables_grills":"No","fenced_park":"Yes","outdoor_basketball_full_court":null,"lighted_basketball_courts":null,"basketball_half_court_only":null,"athletic_field_baseball":"2","athletic_field_lighted":null,"athletic_field_football_soccer":"1","athletic_field_lighted_1":"1","tennis_courts_asphalt_concrete":"8","tennis_courts_clay":null,"lighted_tennis_courts":"7","playground_areas":null,"ada_rubber_surface_playground":null,"swingset":null,"elizabeth_river_trail":null,"amphitheater":null,"walking_path":null,"running_track":null,"disc_golf":null,"batting_cages":null,"dirt_bmx_track":null,"butterfly_garden":null,"sand_volleyball_court":null,"bocce_ball":null,"canoe_kayak_launch":null,"fishing_pier":null,"skate_park":null,"splash_pad":null,"horseshoe_pit":null,"fitness_stations":null,"concrete_asphalt_play_area":null,"volleyball":null,"outdoor_pool":null,"challenge_course":null,"indoor_full_basket_ball_court":null,"art_room":null,"computer_room":null,"dance_music_program":null,"fitness_room":null,"gym":null,"game_room":null,"indoor_pool":null,"kiln_room":null,"kitchen":null,"locker_room":null,"lounge":null,"multipurpose_room":null,"racketball":null,"rock_climbing_wall":null,":@computed_region_25t2_rbz7":"2943",":@computed_region_x6fk_ihs5":"128"}},
{"type":"Feature","geometry":{"type":"Point","coordinates":[-76.25543,36.85628]},"properties":{":id":"row-3cgu-u5mr~4ji5",":version":"rv-8w5w_fdjq_ct87",":created_at":"2026-01-13T16:25:43.144Z",":updated_at":"2026-01-13T16:25:48.755Z","park_name":"Triangle Park","park_type":"Passive Greenspace","address":"Corner of Princess Anne Rd & Norchester Ave","ward":"3","superward":"7","acres_ert_in_miles":"2.5","special_event_permitting":"No","abc_permitting":"No","fenced_dog_park":"No","restrooms":"No","dedicated_parking_on_site":"No","shelters":null,"benches":"Yes","picnic_tables_grills":"No","fenced_park":"No","outdoor_basketball_full_court":null,"lighted_basketball_courts":null,"basketball_half_court_only":null,"athletic_field_baseball":null,"athletic_field_lighted":null,"athletic_field_football_soccer":null,"athletic_field_lighted_1":null,"tennis_courts_asphalt_concrete":null,"tennis_courts_clay":null,"lighted_tennis_courts":null,"playground_areas":null,"ada_rubber_surface_playground":null,"swingset":null,"elizabeth_river_trail":null,"amphitheater":null,"walking_path":"✓","running_track":null,"disc_golf":null,"batting_cages":null,"dirt_bmx_track":null,"butterfly_garden":null,"sand_volleyball_court":null,"bocce_ball":null,"canoe_kayak_launch":null,"fishing_pier":null,"skate_park":null,"splash_pad":null,"horseshoe_pit":null,"fitness_stations":null,"concrete_asphalt_play_area":null,"volleyball":null,"outdoor_pool":null,"challenge_course":null,"indoor_full_basket_ball_court":null,"art_room":null,"computer_room":null,"dance_music_program":null,"fitness_room":null,"gym":null,"game_room":null,"indoor_pool":null,"kiln_room":null,"kitchen":null,"locker_room":null,"lounge":null,"multipurpose_room":null,"racketball":null,"rock_climbing_wall":null,":@computed_region_25t2_rbz7":"2943",":@computed_region_x6fk_ihs5":"8"}},
{"type":"Feature","geometry":{"type":"Point","coordinates":[-76.22584,36.87579]},"properties":{":id":"row-7hfa_jdze.yh6q",":version":"rv-d7ee~haww.mabz",":created_at":"2026-01-13T16:25:43.144Z",":updated_at":"2026-01-13T16:25:48.755Z","park_name":"North Foxhall Playground","park_type":"Neighborhood Active Park","address":"2651 Bartin St","ward":"4","superward":"7","acres_ert_in_miles":"1.96","special_event_permitting":"No","abc_permitting":"No","fenced_dog_park":"N/A","restrooms":"No","dedicated_parking_on_site":"No","shelters":null,"benches":"Yes","picnic_tables_grills":"No","fenced_park":"Yes","outdoor_basketball_full_court":null,"lighted_basketball_courts":null,"basketball_half_court_only":null,"athletic_field_baseball":"1","athletic_field_lighted":null,"athletic_field_football_soccer":"1","athletic_field_lighted_1":null,"tennis_courts_asphalt_concrete":null,"tennis_courts_clay":null,"lighted_tennis_courts":null,"playground_areas":"1","ada_rubber_surface_playground":null,"swingset":"1","elizabeth_river_trail":null,"amphitheater":null,"walking_path":null,"running_track":null,"disc_golf":null,"batting_cages":null,"dirt_bmx_track":null,"butterfly_garden":null,"sand_volleyball_court":null,"bocce_ball":null,"canoe_kayak_launch":null,"fishing_pier":null,"skate_park":null,"splash_pad":null,"horseshoe_pit":null,"fitness_stations":null,"concrete_asphalt_play_area":null,"volleyball":null,"outdoor_pool":null,"challenge_course":null,"indoor_full_basket_ball_court":null,"art_room":null,"computer_room":null,"dance_music_program":null,"fitness_room":null,"gym":null,"game_room":null,"indoor_pool":null,"kiln_room":null,"kitchen":null,"locker_room":null,"lounge":null,"multipurpose_room":null,"racketball":null,"rock_climbing_wall":null,":@computed_region_25t2_rbz7":"2943",":@computed_region_x6fk_ihs5":"31"}},
{"type":"Feature","geometry":{"type":"Point","coordinates":[-76.20424,36.87002]},"properties":{":id":"row-dsy9-refg.hprk",":version":"rv-h7gs-m52t-s4mv",":created_at":"2026-01-13T16:25:43.144Z",":updated_at":"2026-01-13T16:25:48.755Z","park_name":"Lake Taylor Middle & High School","park_type":"School Site with Active Park Amenities","address":"1380 Kempsville Rd","ward":"4","superward":"7","acres_ert_in_miles":"112.97","special_event_permitting":"No","abc_permitting":"No","fenced_dog_park":"N/A","restrooms":"No","dedicated_parking_on_site":"Yes","shelters":null,"benches":"Yes","picnic_tables_grills":"No","fenced_park":"Yes","outdoor_basketball_full_court":"2","lighted_basketball_courts":null,"basketball_half_court_only":null,"athletic_field_baseball":"3","athletic_field_lighted":"3","athletic_field_football_soccer":"16","athletic_field_lighted_1":"1","tennis_courts_asphalt_concrete":"8","tennis_courts_clay":null,"lighted_tennis_courts":"8","playground_areas":null,"ada_rubber_surface_playground":null,"swingset":null,"elizabeth_river_trail":null,"amphitheater":null,"walking_path":null,"running_track":"✓","disc_golf":null,"batting_cages":null,"dirt_bmx_track":null,"butterfly_garden":null,"sand_volleyball_court":null,"bocce_ball":null,"canoe_kayak_launch":null,"fishing_pier":null,"skate_park":null,"splash_pad":null,"horseshoe_pit":null,"fitness_stations":null,"concrete_asphalt_play_area":null,"volleyball":null,"outdoor_pool":null,"challenge_course":null,"indoor_full_basket_ball_court":null,"art_room":null,"computer_room":null,"dance_music_program":null,"fitness_room":null,"gym":null,"game_room":null,"indoor_pool":null,"kiln_room":null,"kitchen":null,"locker_room":null,"lounge":null,"multipurpose_room":null,"racketball":null,"rock_climbing_wall":null,":@computed_region_25t2_rbz7":"2943",":@computed_region_x6fk_ihs5":"128"}},
{"type":"Feature","geometry":{"type":"Point","coordinates":[-93.96143,44.13771]},"properties":{":id":"row-wp85-dfnv~cu9z",":version":"rv-jzi5-8jex~cggt",":created_at":"2026-01-13T16:25:43.144Z",":updated_at":"2026-01-13T16:25:48.755Z","park_name":"Botetourt Gardens-North Blocks Medians","park_type":"Passive Greenspace","address":"1200-1300 Block","ward":"2","superward":"6","acres_ert_in_miles":"2.13","special_event_permitting":"No","abc_permitting":"No","fenced_dog_park":"N/A","restrooms":"No","dedicated_parking_on_site":"No","shelters":null,"benches":"No","picnic_tables_grills":"No","fenced_park":"No","outdoor_basketball_full_court":null,"lighted_basketball_courts":null,"basketball_half_court_only":null,"athletic_field_baseball":null,"athletic_field_lighted":null,"athletic_field_football_soccer":null,"athletic_field_lighted_1":null,"tennis_courts_asphalt_concrete":null,"tennis_courts_clay":null,"lighted_tennis_courts":null,"playground_areas":null,"ada_rubber_surface_playground":null,"swingset":null,"elizabeth_river_trail":null,"amphitheater":null,"walking_path":null,"running_track":null,"disc_golf":null,"batting_cages":null,"dirt_bmx_track":null,"butterfly_garden":null,"sand_volleyball_court":null,"bocce_ball":null,"canoe_kayak_launch":null,"fishing_pier":null,"skate_park":null,"splash_pad":null,"horseshoe_pit":null,"fitness_stations":null,"concrete_asphalt_play_area":null,"volleyball":null,"outdoor_pool":null,"challenge_course":null,"indoor_full_basket_ball_court":null,"art_room":null,"computer_room":null,"dance_music_program":null,"fitness_room":null,"gym":null,"game_room":null,"indoor_pool":null,"kiln_room":null,"kitchen":null,"locker_room":null,"lounge":null,"multipurpose_room":null,"racketball":null,"rock_climbing_wall":null,":@computed_region_25t2_rbz7":"1351",":@computed_region_x6fk_ihs5":null}},
{"type":"Feature","geometry":{"type":"Point","coordinates":[-76.23455,36.93488]},"properties":{":id":"row-g3gi.mjpp-x34q",":version":"rv-k9yu~wncq.md4b",":created_at":"2026-01-13T16:25:43.144Z",":updated_at":"2026-01-13T16:25:48.755Z","park_name":"Bayview Elementary & Bayview Recreation Center","park_type":"School and Community Center Shared Site With Active Park Amenities","address":"1434 E Bayview Blvd / 8613 Willow Terrace","ward":"5","superward":"6","acres_ert_in_miles":"9.9","special_event_permitting":"No","abc_permitting":"No","fenced_dog_park":"N/A","restrooms":"Yes","dedicated_parking_on_site":"Yes","shelters":null,"benches":"Yes","picnic_tables_grills":"No","fenced_park":"Yes","outdoor_basketball_full_court":null,"lighted_basketball_courts":null,"basketball_half_court_only":null,"athletic_field_baseball":"1","athletic_field_lighted":null,"athletic_field_football_soccer":"1","athletic_field_lighted_1":null,"tennis_courts_asphalt_concrete":null,"tennis_courts_clay":null,"lighted_tennis_courts":null,"playground_areas":"2","ada_rubber_surface_playground":null,"swingset":null,"elizabeth_river_trail":null,"amphitheater":null,"walking_path":null,"running_track":null,"disc_golf":null,"batting_cages":null,"dirt_bmx_track":null,"butterfly_garden":null,"sand_volleyball_court":null,"bocce_ball":null,"canoe_kayak_launch":null,"fishing_pier":null,"skate_park":null,"splash_pad":null,"horseshoe_pit":null,"fitness_stations":null,"concrete_asphalt_play_area":"✓","volleyball":"✓","outdoor_pool":null,"challenge_course":null,"indoor_full_basket_ball_court":"✓","art_room":null,"computer_room":null,"dance_music_program":null,"fitness_room":"✓","gym":"✓","game_room":"✓","indoor_pool":null,"kiln_room":null,"kitchen":"✓","locker_room":"✓","lounge":null,"multipurpose_room":"✓","racketball":null,"rock_climbing_wall":null,":@computed_region_25t2_rbz7":"2943",":@computed_region_x6fk_ihs5":"103"}},
{"type":"Feature","geometry":{"type":"Point","coordinates":[-76.27343,36.86413]},"properties":{":id":"row-y7rm~27hn-yn2z",":version":"rv-vepc.i4eu-z9mk",":created_at":"2026-01-13T16:25:43.144Z",":updated_at":"2026-01-13T16:25:48.755Z","park_name":"Sutton Street Mini Park","park_type":"Passive Greenspace","address":"947 Sutton Street","ward":"4","superward":"7","acres_ert_in_miles":"0.12","special_event_permitting":"No","abc_permitting":"No","fenced_dog_park":"N/A","restrooms":"No","dedicated_parking_on_site":"No","shelters":null,"benches":"No","picnic_tables_grills":"No","fenced_park":"Yes","outdoor_basketball_full_court":null,"lighted_basketball_courts":null,"basketball_half_court_only":null,"athletic_field_baseball":null,"athletic_field_lighted":null,"athletic_field_football_soccer":null,"athletic_field_lighted_1":null,"tennis_courts_asphalt_concrete":null,"tennis_courts_clay":null,"lighted_tennis_courts":null,"playground_areas":null,"ada_rubber_surface_playground":null,"swingset":null,"elizabeth_river_trail":null,"amphitheater":null,"walking_path":null,"running_track":null,"disc_golf":null,"batting_cages":null,"dirt_bmx_track":null,"butterfly_garden":null,"sand_volleyball_court":null,"bocce_ball":null,"canoe_kayak_launch":null,"fishing_pier":null,"skate_park":null,"splash_pad":null,"horseshoe_pit":null,"fitness_stations":null,"concrete_asphalt_play_area":null,"volleyball":null,"outdoor_pool":null,"challenge_course":null,"indoor_full_basket_ball_court":null,"art_room":null,"computer_room":null,"dance_music_program":null,"fitness_room":null,"gym":null,"game_room":null,"indoor_pool":null,"kiln_room":null,"kitchen":null,"locker_room":null,"lounge":null,"multipurpose_room":null,"racketball":null,"rock_climbing_wall":null,":@computed_region_25t2_rbz7":"2943",":@computed_region_x6fk_ihs5":"70"}},
{"type":"Feature","geometry":{"type":"Point","coordinates":[-76.30335,36.87283]},"properties":{":id":"row-34ew.rsdy~wq7f",":version":"rv-u6dy_jkzi~rysq",":created_at":"2026-01-13T16:25:43.144Z",":updated_at":"2026-01-13T16:25:48.755Z","park_name":"Jeff Robertson Park (formerly Bluebird Park)","park_type":"Neighborhood Active Park","address":"1220 Azalea Ct","ward":"2","superward":"6","acres_ert_in_miles":"10.08","special_event_permitting":"No","abc_permitting":"No","fenced_dog_park":"N/A","restrooms":"No","dedicated_parking_on_site":"Yes","shelters":null,"benches":"Yes","picnic_tables_grills":"No","fenced_park":"Partial","outdoor_basketball_full_court":null,"lighted_basketball_courts":null,"basketball_half_court_only":null,"athletic_field_baseball":"1","athletic_field_lighted":null,"athletic_field_football_soccer":"1","athletic_field_lighted_1":null,"tennis_courts_asphalt_concrete":null,"tennis_courts_clay":null,"lighted_tennis_courts":null,"playground_areas":null,"ada_rubber_surface_playground":null,"swingset":null,"elizabeth_river_trail":"✓","amphitheater":null,"walking_path":"✓","running_track":null,"disc_golf":null,"batting_cages":null,"dirt_bmx_track":null,"butterfly_garden":null,"sand_volleyball_court":null,"bocce_ball":null,"canoe_kayak_launch":null,"fishing_pier":null,"skate_park":null,"splash_pad":null,"horseshoe_pit":null,"fitness_stations":null,"concrete_asphalt_play_area":null,"volleyball":null,"outdoor_pool":null,"challenge_course":null,"indoor_full_basket_ball_court":null,"art_room":null,"computer_room":null,"dance_music_program":null,"fitness_room":null,"gym":null,"game_room":null,"indoor_pool":null,"kiln_room":null,"kitchen":null,"locker_room":null,"lounge":null,"multipurpose_room":null,"racketball":null,"rock_climbing_wall":null,":@computed_region_25t2_rbz7":"2943",":@computed_region_x6fk_ihs5":"97"}},
{"type":"Feature","geometry":{"type":"Point","coordinates":[-76.2989,36.86195]},"properties":{":id":"row-jt9b_z5tr-iuyp",":version":"rv-62hw~evke_9k5x",":created_at":"2026-01-13T16:25:43.144Z",":updated_at":"2026-01-13T16:25:48.755Z","park_name":"Raleigh Avenue Playground","park_type":"Neighborhood Active Park","address":"635 Raleigh Ave","ward":"2","superward":"6","acres_ert_in_miles":"1","special_event_permitting":"No","abc_permitting":"No","fenced_dog_park":"N/A","restrooms":"No","dedicated_parking_on_site":"No","shelters":null,"benches":"Yes","picnic_tables_grills":"No","fenced_park":"Yes","outdoor_basketball_full_court":null,"lighted_basketball_courts":null,"basketball_half_court_only":null,"athletic_field_baseball":null,"athletic_field_lighted":null,"athletic_field_football_soccer":null,"athletic_field_lighted_1":null,"tennis_courts_asphalt_concrete":null,"tennis_courts_clay":null,"lighted_tennis_courts":null,"playground_areas":"2","ada_rubber_surface_playground":null,"swingset":"1","elizabeth_river_trail":null,"amphitheater":null,"walking_path":null,"running_track":null,"disc_golf":null,"batting_cages":null,"dirt_bmx_track":null,"butterfly_garden":null,"sand_volleyball_court":"✓","bocce_ball":null,"canoe_kayak_launch":null,"fishing_pier":null,"skate_park":null,"splash_pad":null,"horseshoe_pit":null,"fitness_stations":null,"concrete_asphalt_play_area":null,"volleyball":"✓","outdoor_pool":null,"challenge_course":null,"indoor_full_basket_ball_court":null,"art_room":null,"computer_room":null,"dance_music_program":null,"fitness_room":null,"gym":null,"game_room":null,"indoor_pool":null,"kiln_room":null,"kitchen":null,"locker_room":null,"lounge":null,"multipurpose_room":null,"racketball":null,"rock_climbing_wall":null,":@computed_region_25t2_rbz7":"2943",":@computed_region_x6fk_ihs5":"33"}},
{"type":"Feature","geometry":{"type":"Point","coordinates":[-76.26117,36.8295]},"properties":{":id":"row-ch4e_pcue~54d8",":version":"rv-recr_adf2.6vks",":created_at":"2026-01-13T16:25:43.144Z",":updated_at":"2026-01-13T16:25:48.755Z","park_name":"Campostella STEM Elementary School","park_type":"School Site with Active Park Amenities","address":"1106 Campostella Rd","ward":"4","superward":"7","acres_ert_in_miles":"17.83","special_event_permitting":"No","abc_permitting":"No","fenced_dog_park":"N/A","restrooms":"No","dedicated_parking_on_site":"Yes","shelters":null,"benches":"Yes","picnic_tables_grills":"No","fenced_park":"Yes","outdoor_basketball_full_court":null,"lighted_basketball_courts":null,"basketball_half_court_only":null,"athletic_field_baseball":"1","athletic_field_lighted":null,"athletic_field_football_soccer":null,"athletic_field_lighted_1":null,"tennis_courts_asphalt_concrete":null,"tennis_courts_clay":null,"lighted_tennis_courts":null,"playground_areas":"1","ada_rubber_surface_playground":null,"swingset":null,"elizabeth_river_trail":null,"amphitheater":null,"walking_path":null,"running_track":null,"disc_golf":null,"batting_cages":null,"dirt_bmx_track":null,"butterfly_garden":null,"sand_volleyball_court":null,"bocce_ball":null,"canoe_kayak_launch":null,"fishing_pier":null,"skate_park":null,"splash_pad":null,"horseshoe_pit":null,"fitness_stations":null,"concrete_asphalt_play_area":null,"volleyball":null,"outdoor_pool":null,"challenge_course":null,"indoor_full_basket_ball_court":null,"art_room":null,"computer_room":null,"dance_music_program":null,"fitness_room":null,"gym":null,"game_room":null,"indoor_pool":null,"kiln_room":null,"kitchen":null,"locker_room":null,"lounge":null,"multipurpose_room":null,"racketball":null,"rock_climbing_wall":null,":@computed_region_25t2_rbz7":"2943",":@computed_region_x6fk_ihs5":"128"}},
{"type":"Feature","geometry":null,"properties":{":id":"row-2qsq_5aqg-7the",":version":"rv-itw8~4ggw~rehg",":created_at":"2026-01-13T16:25:43.144Z",":updated_at":"2026-01-13T16:25:48.755Z","park_name":"Cambridge Crescent Dog Park","park_type":"Dog Park","address":"6125 Carroll Place(listed/included as passive park)","ward":"2","superward":"6","acres_ert_in_miles":"0.88","special_event_permitting":"No","abc_permitting":"No","fenced_dog_park":"No","restrooms":"No","dedicated_parking_on_site":"No","shelters":null,"benches":"No","picnic_tables_grills":"No","fenced_park":"No","outdoor_basketball_full_court":null,"lighted_basketball_courts":null,"basketball_half_court_only":null,"athletic_field_baseball":null,"athletic_field_lighted":null,"athletic_field_football_soccer":null,"athletic_field_lighted_1":null,"tennis_courts_asphalt_concrete":null,"tennis_courts_clay":null,"lighted_tennis_courts":null,"playground_areas":null,"ada_rubber_surface_playground":null,"swingset":null,"elizabeth_river_trail":null,"amphitheater":null,"walking_path":null,"running_track":null,"disc_golf":null,"batting_cages":null,"dirt_bmx_track":null,"butterfly_garden":null,"sand_volleyball_court":null,"bocce_ball":null,"canoe_kayak_launch":null,"fishing_pier":null,"skate_park":null,"splash_pad":null,"horseshoe_pit":null,"fitness_stations":null,"concrete_asphalt_play_area":null,"volleyball":null,"outdoor_pool":null,"challenge_course":null,"indoor_full_basket_ball_court":null,"art_room":null,"computer_room":null,"dance_music_program":null,"fitness_room":null,"gym":null,"game_room":null,"indoor_pool":null,"kiln_room":null,"kitchen":null,"locker_room":null,"lounge":null,"multipurpose_room":null,"racketball":null,"rock_climbing_wall":null,":@computed_region_25t2_rbz7":null,":@computed_region_x6fk_ihs5":null}},
{"type":"Feature","geometry":{"type":"Point","coordinates":[-76.27129,36.8742]},"properties":{":id":"row-9gak~vpay~mygx",":version":"rv-xvut_t5pv.dpcn",":created_at":"2026-01-13T16:25:43.144Z",":updated_at":"2026-01-13T16:25:48.755Z","park_name":"Lafayette Residence Park","park_type":"Neighborhood Active Park","address":"1270 Lafayette  Blvd","ward":"2","superward":"6","acres_ert_in_miles":"0.86","special_event_permitting":"No","abc_permitting":"No","fenced_dog_park":"N/A","restrooms":"No","dedicated_parking_on_site":"No","shelters":null,"benches":"Yes","picnic_tables_grills":"No","fenced_park":"Yes","outdoor_basketball_full_court":null,"lighted_basketball_courts":null,"basketball_half_court_only":null,"athletic_field_baseball":null,"athletic_field_lighted":null,"athletic_field_football_soccer":null,"athletic_field_lighted_1":null,"tennis_courts_asphalt_concrete":null,"tennis_courts_clay":null,"lighted_tennis_courts":null,"playground_areas":"1","ada_rubber_surface_playground":null,"swingset":"1","elizabeth_river_trail":null,"amphitheater":null,"walking_path":null,"running_track":null,"disc_golf":null,"batting_cages":null,"dirt_bmx_track":null,"butterfly_garden":null,"sand_volleyball_court":null,"bocce_ball":null,"canoe_kayak_launch":null,"fishing_pier":null,"skate_park":null,"splash_pad":null,"horseshoe_pit":null,"fitness_stations":null,"concrete_asphalt_play_area":null,"volleyball":null,"outdoor_pool":null,"challenge_course":null,"indoor_full_basket_ball_court":null,"art_room":null,"computer_room":null,"dance_music_program":null,"fitness_room":null,"gym":null,"game_room":null,"indoor_pool":null,"kiln_room":null,"kitchen":null,"locker_room":null,"lounge":null,"multipurpose_room":null,"racketball":null,"rock_climbing_wall":null,":@computed_region_25t2_rbz7":"2943",":@computed_region_x6fk_ihs5":"122"}},
{"type":"Feature","geometry":{"type":"Point","coordinates":[-71.43339,41.78738]},"properties":{":id":"row-85h5.h3u5_6g2r",":version":"rv-idh2-7nem~dv2m",":created_at":"2026-01-13T16:25:43.144Z",":updated_at":"2026-01-13T16:25:48.755Z","park_name":"Reservoir Avenue Mini Park","park_type":"Neighborhood Active Park","address":"401 Reservoir Ave","ward":"4","superward":"7","acres_ert_in_miles":"0.24","special_event_permitting":"No","abc_permitting":"No","fenced_dog_park":"N/A","restrooms":"No","dedicated_parking_on_site":"No","shelters":null,"benches":"No","picnic_tables_grills":"No","fenced_park":"No","outdoor_basketball_full_court":null,"lighted_basketball_courts":null,"basketball_half_court_only":null,"athletic_field_baseball":null,"athletic_field_lighted":null,"athletic_field_football_soccer":null,"athletic_field_lighted_1":null,"tennis_courts_asphalt_concrete":null,"tennis_courts_clay":null,"lighted_tennis_courts":null,"playground_areas":"1","ada_rubber_surface_playground":null,"swingset":"1","elizabeth_river_trail":null,"amphitheater":null,"walking_path":null,"running_track":null,"disc_golf":null,"batting_cages":null,"dirt_bmx_track":null,"butterfly_garden":null,"sand_volleyball_court":null,"bocce_ball":null,"canoe_kayak_launch":null,"fishing_pier":null,"skate_park":null,"splash_pad":null,"horseshoe_pit":null,"fitness_stations":null,"concrete_asphalt_play_area":null,"volleyball":null,"outdoor_pool":null,"challenge_course":null,"indoor_full_basket_ball_court":null,"art_room":null,"computer_room":null,"dance_music_program":null,"fitness_room":null,"gym":null,"game_room":null,"indoor_pool":null,"kiln_room":null,"kitchen":null,"locker_room":null,"lounge":null,"multipurpose_room":null,"racketball":null,"rock_climbing_wall":null,":@computed_region_25t2_rbz7":"2660",":@computed_region_x6fk_ihs5":null}},
{"type":"Feature","geometry":{"type":"Point","coordinates":[-76.25372,36.91676]},"properties":{":id":"row-tib3-ns9x-u3fq",":version":"rv-cbps-69ub-pwpa",":created_at":"2026-01-13T16:25:43.144Z",":updated_at":"2026-01-13T16:25:48.755Z","park_name":"Crossroads Elementary & Crossroads Recreation Center","park_type":"School and Community Center Shared Site With Active Park Amenities","address":"7920 Tidewater Dr","ward":"5","superward":"6","acres_ert_in_miles":"9.93","special_event_permitting":"No","abc_permitting":"No","fenced_dog_park":"N/A","restrooms":"Yes","dedicated_parking_on_site":"Yes","shelters":null,"benches":"No","picnic_tables_grills":"No","fenced_park":"Yes","outdoor_basketball_full_court":null,"lighted_basketball_courts":null,"basketball_half_court_only":null,"athletic_field_baseball":"1","athletic_field_lighted":null,"athletic_field_football_soccer":null,"athletic_field_lighted_1":null,"tennis_courts_asphalt_concrete":null,"tennis_courts_clay":null,"lighted_tennis_courts":null,"playground_areas":"1","ada_rubber_surface_playground":"1","swingset":null,"elizabeth_river_trail":null,"amphitheater":null,"walking_path":null,"running_track":null,"disc_golf":null,"batting_cages":null,"dirt_bmx_track":null,"butterfly_garden":null,"sand_volleyball_court":null,"bocce_ball":null,"canoe_kayak_launch":null,"fishing_pier":null,"skate_park":null,"splash_pad":null,"horseshoe_pit":null,"fitness_stations":null,"concrete_asphalt_play_area":null,"volleyball":null,"outdoor_pool":null,"challenge_course":null,"indoor_full_basket_ball_court":null,"art_room":null,"computer_room":null,"dance_music_program":null,"fitness_room":null,"gym":null,"game_room":null,"indoor_pool":null,"kiln_room":null,"kitchen":null,"locker_room":null,"lounge":null,"multipurpose_room":null,"racketball":null,"rock_climbing_wall":null,":@computed_region_25t2_rbz7":"2943",":@computed_region_x6fk_ihs5":"126"}},
{"type":"Feature","geometry":{"type":"Point","coordinates":[-76.21271,36.89113]},"properties":{":id":"row-3e25.pm4d-hicb",":version":"rv-9kbz_avvy~b2pa",":created_at":"2026-01-13T16:25:43.144Z",":updated_at":"2026-01-13T16:25:48.755Z","park_name":"Azalea Acres Playground","park_type":"Neighborhood Active Park","address":"5860 Townley Ave","ward":"4","superward":"7","acres_ert_in_miles":"5.31","special_event_permitting":"No","abc_permitting":"No","fenced_dog_park":"N/A","restrooms":"No","dedicated_parking_on_site":"No","shelters":null,"benches":"No","picnic_tables_grills":"No","fenced_park":"Partial","outdoor_basketball_full_court":"1","lighted_basketball_courts":null,"basketball_half_court_only":null,"athletic_field_baseball":null,"athletic_field_lighted":null,"athletic_field_football_soccer":null,"athletic_field_lighted_1":null,"tennis_courts_asphalt_concrete":"1","tennis_courts_clay":null,"lighted_tennis_courts":null,"playground_areas":"1","ada_rubber_surface_playground":null,"swingset":"1","elizabeth_river_trail":null,"amphitheater":null,"walking_path":null,"running_track":null,"disc_golf":null,"batting_cages":null,"dirt_bmx_track":null,"butterfly_garden":null,"sand_volleyball_court":null,"bocce_ball":null,"canoe_kayak_launch":null,"fishing_pier":null,"skate_park":null,"splash_pad":null,"horseshoe_pit":null,"fitness_stations":null,"concrete_asphalt_play_area":null,"volleyball":null,"outdoor_pool":null,"challenge_course":null,"indoor_full_basket_ball_court":null,"art_room":null,"computer_room":null,"dance_music_program":null,"fitness_room":null,"gym":null,"game_room":null,"indoor_pool":null,"kiln_room":null,"kitchen":null,"locker_room":null,"lounge":null,"multipurpose_room":null,"racketball":null,"rock_climbing_wall":null,":@computed_region_25t2_rbz7":"2943",":@computed_region_x6fk_ihs5":"125"}},
{"type":"Feature","geometry":{"type":"Point","coordinates":[-76.21582,36.89756]},"properties":{":id":"row-4j25~ihbp~4vri",":version":"rv-n8uj.fn7t~nwkv",":created_at":"2026-01-13T16:25:43.144Z",":updated_at":"2026-01-13T16:25:48.755Z","park_name":"Airport Gateway","park_type":"Passive Greenspace","address":"1936 Norview Ave","ward":"4","superward":"6","acres_ert_in_miles":"10.96","special_event_permitting":"No","abc_permitting":"No","fenced_dog_park":"N/A","restrooms":"No","dedicated_parking_on_site":"No","shelters":null,"benches":"No","picnic_tables_grills":"No","fenced_park":"Partial","outdoor_basketball_full_court":null,"lighted_basketball_courts":null,"basketball_half_court_only":null,"athletic_field_baseball":null,"athletic_field_lighted":null,"athletic_field_football_soccer":null,"athletic_field_lighted_1":null,"tennis_courts_asphalt_concrete":null,"tennis_courts_clay":null,"lighted_tennis_courts":null,"playground_areas":null,"ada_rubber_surface_playground":null,"swingset":null,"elizabeth_river_trail":null,"amphitheater":null,"walking_path":null,"running_track":null,"disc_golf":null,"batting_cages":null,"dirt_bmx_track":null,"butterfly_garden":null,"sand_volleyball_court":null,"bocce_ball":null,"canoe_kayak_launch":null,"fishing_pier":null,"skate_park":null,"splash_pad":null,"horseshoe_pit":null,"fitness_stations":null,"concrete_asphalt_play_area":null,"volleyball":null,"outdoor_pool":null,"challenge_course":null,"indoor_full_basket_ball_court":null,"art_room":null,"computer_room":null,"dance_music_program":null,"fitness_room":null,"gym":null,"game_room":null,"indoor_pool":null,"kiln_room":null,"kitchen":null,"locker_room":null,"lounge":null,"multipurpose_room":null,"racketball":null,"rock_climbing_wall":null,":@computed_region_25t2_rbz7":"2943",":@computed_region_x6fk_ihs5":"10"}},
{"type":"Feature","geometry":{"type":"Point","coordinates":[-76.31504,36.92223]},"properties":{":id":"row-gf3f_jkwc~kiyy",":version":"rv-2umf~9ihu~w95f",":created_at":"2026-01-13T16:25:43.144Z",":updated_at":"2026-01-13T16:25:48.755Z","park_name":"Sewells Point Elementary School","park_type":"School Site with Active Park Amenities","address":"7928 Hampton Blvd","ward":"1","superward":"7","acres_ert_in_miles":"8.94","special_event_permitting":"No","abc_permitting":"No","fenced_dog_park":"N/A","restrooms":"No","dedicated_parking_on_site":"Yes","shelters":null,"benches":"Yes","picnic_tables_grills":"No","fenced_park":"Yes","outdoor_basketball_full_court":"4","lighted_basketball_courts":null,"basketball_half_court_only":"2","athletic_field_baseball":"1","athletic_field_lighted":null,"athletic_field_football_soccer":null,"athletic_field_lighted_1":null,"tennis_courts_asphalt_concrete":null,"tennis_courts_clay":null,"lighted_tennis_courts":null,"playground_areas":"1","ada_rubber_surface_playground":null,"swingset":null,"elizabeth_river_trail":null,"amphitheater":null,"walking_path":null,"running_track":null,"disc_golf":null,"batting_cages":null,"dirt_bmx_track":null,"butterfly_garden":null,"sand_volleyball_court":null,"bocce_ball":null,"canoe_kayak_launch":null,"fishing_pier":null,"skate_park":null,"splash_pad":null,"horseshoe_pit":null,"fitness_stations":null,"concrete_asphalt_play_area":null,"volleyball":null,"outdoor_pool":null,"challenge_course":null,"indoor_full_basket_ball_court":null,"art_room":null,"computer_room":null,"dance_music_program":null,"fitness_room":null,"gym":null,"game_room":null,"indoor_pool":null,"kiln_room":null,"kitchen":null,"locker_room":null,"lounge":null,"multipurpose_room":null,"racketball":null,"rock_climbing_wall":null,":@computed_region_25t2_rbz7":"2943",":@computed_region_x6fk_ihs5":"128"}},
{"type":"Feature","geometry":{"type":"Point","coordinates":[-76.25531,36.84909]},"properties":{":id":"row-pnug.rg5i_qrfc",":version":"rv-jikb-j5kn_zxkf",":created_at":"2026-01-13T16:25:43.144Z",":updated_at":"2026-01-13T16:25:48.755Z","park_name":"Middletown Arch","park_type":"Passive Greenspace","address":"2724 Park Crescent","ward":"4","superward":"7","acres_ert_in_miles":"0.6","special_event_permitting":"No","abc_permitting":"No","fenced_dog_park":"N/A","restrooms":"No","dedicated_parking_on_site":"No","shelters":null,"benches":"Yes","picnic_tables_grills":"No","fenced_park":"Yes","outdoor_basketball_full_court":null,"lighted_basketball_courts":null,"basketball_half_court_only":null,"athletic_field_baseball":null,"athletic_field_lighted":null,"athletic_field_football_soccer":null,"athletic_field_lighted_1":null,"tennis_courts_asphalt_concrete":null,"tennis_courts_clay":null,"lighted_tennis_courts":null,"playground_areas":null,"ada_rubber_surface_playground":null,"swingset":null,"elizabeth_river_trail":null,"amphitheater":null,"walking_path":null,"running_track":null,"disc_golf":null,"batting_cages":null,"dirt_bmx_track":null,"butterfly_garden":null,"sand_volleyball_court":null,"bocce_ball":null,"canoe_kayak_launch":null,"fishing_pier":null,"skate_park":null,"splash_pad":null,"horseshoe_pit":null,"fitness_stations":null,"concrete_asphalt_play_area":null,"volleyball":null,"outdoor_pool":null,"challenge_course":null,"indoor_full_basket_ball_court":null,"art_room":null,"computer_room":null,"dance_music_program":null,"fitness_room":null,"gym":null,"game_room":null,"indoor_pool":null,"kiln_room":null,"kitchen":null,"locker_room":null,"lounge":null,"multipurpose_room":null,"racketball":null,"rock_climbing_wall":null,":@computed_region_25t2_rbz7":"2943",":@computed_region_x6fk_ihs5":"56"}},
{"type":"Feature","geometry":{"type":"Point","coordinates":[-76.25571,36.92678]},"properties":{":id":"row-c992.mbyc.bwfz",":version":"rv-gdwg~iwn4~pgfw",":created_at":"2026-01-13T16:25:43.144Z",":updated_at":"2026-01-13T16:25:48.755Z","park_name":"Northside Park","park_type":"Community Park","address":"8401 Tidewater Dr","ward":"2","superward":"7","acres_ert_in_miles":"62.26","special_event_permitting":"No","abc_permitting":"No","fenced_dog_park":"N/A","restrooms":"Yes","dedicated_parking_on_site":"Yes","shelters":"5","benches":"Yes","picnic_tables_grills":"Yes","fenced_park":"Yes","outdoor_basketball_full_court":"2","lighted_basketball_courts":null,"basketball_half_court_only":null,"athletic_field_baseball":"3","athletic_field_lighted":"3","athletic_field_football_soccer":null,"athletic_field_lighted_1":null,"tennis_courts_asphalt_concrete":"7","tennis_courts_clay":null,"lighted_tennis_courts":"7","playground_areas":"2","ada_rubber_surface_playground":null,"swingset":"2","elizabeth_river_trail":null,"amphitheater":null,"walking_path":"✓","running_track":null,"disc_golf":null,"batting_cages":null,"dirt_bmx_track":"✓","butterfly_garden":null,"sand_volleyball_court":null,"bocce_ball":null,"canoe_kayak_launch":null,"fishing_pier":null,"skate_park":"✓","splash_pad":null,"horseshoe_pit":null,"fitness_stations":null,"concrete_asphalt_play_area":null,"volleyball":null,"outdoor_pool":null,"challenge_course":null,"indoor_full_basket_ball_court":null,"art_room":null,"computer_room":null,"dance_music_program":null,"fitness_room":null,"gym":null,"game_room":null,"indoor_pool":"✓","kiln_room":null,"kitchen":null,"locker_room":null,"lounge":null,"multipurpose_room":null,"racketball":null,"rock_climbing_wall":null,":@computed_region_25t2_rbz7":"2943",":@computed_region_x6fk_ihs5":"119"}},
{"type":"Feature","geometry":{"type":"Point","coordinates":[-76.28859,36.8467]},"properties":{":id":"row-8ywq_ug53.39i7",":version":"rv-pe7v_wced_7u2d",":created_at":"2026-01-13T16:25:43.144Z",":updated_at":"2026-01-13T16:25:48.755Z","park_name":"Plume Fountain","park_type":"Passive Greenspace","address":"435 E. Plume St","ward":"2","superward":"6","acres_ert_in_miles":"0.56","special_event_permitting":"No","abc_permitting":"No","fenced_dog_park":"N/A","restrooms":"No","dedicated_parking_on_site":"No","shelters":null,"benches":"Yes","picnic_tables_grills":"No","fenced_park":"No","outdoor_basketball_full_court":null,"lighted_basketball_courts":null,"basketball_half_court_only":null,"athletic_field_baseball":null,"athletic_field_lighted":null,"athletic_field_football_soccer":null,"athletic_field_lighted_1":null,"tennis_courts_asphalt_concrete":null,"tennis_courts_clay":null,"lighted_tennis_courts":null,"playground_areas":null,"ada_rubber_surface_playground":null,"swingset":null,"elizabeth_river_trail":null,"amphitheater":null,"walking_path":null,"running_track":null,"disc_golf":null,"batting_cages":null,"dirt_bmx_track":null,"butterfly_garden":null,"sand_volleyball_court":null,"bocce_ball":null,"canoe_kayak_launch":null,"fishing_pier":null,"skate_park":null,"splash_pad":null,"horseshoe_pit":null,"fitness_stations":null,"concrete_asphalt_play_area":null,"volleyball":null,"outdoor_pool":null,"challenge_course":null,"indoor_full_basket_ball_court":null,"art_room":null,"computer_room":null,"dance_music_program":null,"fitness_room":null,"gym":null,"game_room":null,"indoor_pool":null,"kiln_room":null,"kitchen":null,"locker_room":null,"lounge":null,"multipurpose_room":null,"racketball":null,"rock_climbing_wall":null,":@computed_region_25t2_rbz7":"2943",":@computed_region_x6fk_ihs5":"22"}},
{"type":"Feature","geometry":{"type":"Point","coordinates":[-76.23954,36.90033]},"properties":{":id":"row-mgqj~59dy_t3bw",":version":"rv-mguy~674h_es79",":created_at":"2026-01-13T16:25:43.144Z",":updated_at":"2026-01-13T16:25:48.755Z","park_name":"Norview High School","park_type":"School Site with Active Park Amenities","address":"6501 Chesapeake Blvd","ward":"3","superward":"7","acres_ert_in_miles":"30.81","special_event_permitting":"No","abc_permitting":"No","fenced_dog_park":"N/A","restrooms":"No","dedicated_parking_on_site":"No","shelters":null,"benches":"No","picnic_tables_grills":"No","fenced_park":"Yes","outdoor_basketball_full_court":null,"lighted_basketball_courts":null,"basketball_half_court_only":null,"athletic_field_baseball":"2","athletic_field_lighted":null,"athletic_field_football_soccer":"2","athletic_field_lighted_1":"1","tennis_courts_asphalt_concrete":"6","tennis_courts_clay":null,"lighted_tennis_courts":"6","playground_areas":null,"ada_rubber_surface_playground":null,"swingset":null,"elizabeth_river_trail":null,"amphitheater":null,"walking_path":null,"running_track":null,"disc_golf":null,"batting_cages":null,"dirt_bmx_track":null,"butterfly_garden":null,"sand_volleyball_court":null,"bocce_ball":null,"canoe_kayak_launch":null,"fishing_pier":null,"skate_park":null,"splash_pad":null,"horseshoe_pit":null,"fitness_stations":null,"concrete_asphalt_play_area":null,"volleyball":null,"outdoor_pool":null,"challenge_course":null,"indoor_full_basket_ball_court":null,"art_room":null,"computer_room":null,"dance_music_program":null,"fitness_room":null,"gym":null,"game_room":null,"indoor_pool":null,"kiln_room":null,"kitchen":null,"locker_room":null,"lounge":null,"multipurpose_room":null,"racketball":null,"rock_climbing_wall":null,":@computed_region_25t2_rbz7":"2943",":@computed_region_x6fk_ihs5":"128"}}
] }
