{ "type": "FeatureCollection", "features": [
{"type":"Feature","geometry":{"type":"Point","coordinates":[-76.202461,36.904313]},"properties":{":id":"row-4j3m_dzzm.n9ca",":version":"rv-yki8.guh3.8b5a",":created_at":"2022-09-29T19:44:54.244Z",":updated_at":"2022-09-29T19:45:01.409Z","artwork_name":"Intertwine","street_address":"6700 Azalea Garden Road","location":"Norfolk Botanical Garden","artist":"Mark Grieve and Ilana Spector","hometown":"Virginia Beach, VA","media":"stainless steel","category":"Sculpture","credit":"Norfolk Arts","y_coordinate":"36.904313","x_coordinate":"-76.202461","weblink":{"url":"https://norfolkarts.net/artwork/intertwine-2/"},"installation_date":"5/31/2016","budget":"$150,000",":@computed_region_x6fk_ihs5":"128",":@computed_region_b3ci_nw94":"128",":@computed_region_38t5_wna6":"128",":@computed_region_25t2_rbz7":"2943"}},
{"type":"Feature","geometry":{"type":"Point","coordinates":[-76.28334862,36.860051]},"properties":{":id":"row-ysgs-5dj6~djvx",":version":"rv-d4g5~hx7r_jqzd",":created_at":"2022-09-29T19:44:54.244Z",":updated_at":"2022-09-29T19:45:01.409Z","artwork_name":"Recording Angel","street_address":"238 East Princess Anne Blvd.","location":"Elmwood Cemetery - Couper family plot","artist":"William Couper","hometown":"Richmond, VA","media":"Bronze on granite","category":"Sculpture","credit":"Private Owner","y_coordinate":"36.860051","x_coordinate":"-76.28334862","weblink":{"url":"https://www.norfolksocietyforcemeteryconservation.org/"},"installation_date":"UNK","budget":"UNK",":@computed_region_x6fk_ihs5":"128",":@computed_region_b3ci_nw94":"128",":@computed_region_38t5_wna6":"128",":@computed_region_25t2_rbz7":"2943"}},
{"type":"Feature","geometry":{"type":"Point","coordinates":[-76.2836669,36.8316917]},"properties":{":id":"row-jz9y.wmqw~ti46",":version":"rv-29vx~je7y_ztfj",":created_at":"2022-09-29T19:44:54.244Z",":updated_at":"2022-09-29T19:45:01.409Z","artwork_name":"Fun in the Sun","street_address":"89 West Liberty Street","location":"Berkley Swimming Pool","artist":"Mariela Haga","hometown":"Newport News, VA","media":"latex and acrylic paint on mdo","category":"Mural","credit":"Norfolk Arts","y_coordinate":"36.8316917","x_coordinate":"-76.2836669","weblink":{"url":"https://norfolkarts.net/artwork/fun-in-the-sun/"},"installation_date":"7/1/2015","budget":"$10,000",":@computed_region_x6fk_ihs5":"4",":@computed_region_b3ci_nw94":"4",":@computed_region_38t5_wna6":"4",":@computed_region_25t2_rbz7":"2943"}},
{"type":"Feature","geometry":{"type":"Point","coordinates":[-76.283322,36.855907]},"properties":{":id":"row-2uza.h9vg_ssdq",":version":"rv-md96-54uv.c994",":created_at":"2022-09-29T19:44:54.244Z",":updated_at":"2022-09-29T19:45:01.409Z","artwork_name":"Young Terrace Community","street_address":"804 Whitaker Lane","location":"Young Terrace Community Center","artist":"Stefon Penn","hometown":"Eugene, OR","media":"latex paint on MDO board","category":"Mural","credit":"Norfolk Arts","y_coordinate":"36.855907","x_coordinate":"-76.283322","weblink":{"url":"https://norfolkarts.net/artwork/be-active/"},"installation_date":"11/1/2017","budget":"UNK",":@computed_region_x6fk_ihs5":"100",":@computed_region_b3ci_nw94":"100",":@computed_region_38t5_wna6":"100",":@computed_region_25t2_rbz7":"2943"}},
{"type":"Feature","geometry":{"type":"Point","coordinates":[-76.278042,36.844006]},"properties":{":id":"row-zbu2-d7n4-8fhh",":version":"rv-5qv4~sjgz_hxri",":created_at":"2022-09-29T19:44:54.244Z",":updated_at":"2022-09-29T19:45:01.409Z","artwork_name":"Ship Shell","street_address":"280 Park Ave.","location":"Amtrak Station","artist":"rhiza A + D","hometown":"Norfolk, VA","media":"cor ten steel","category":"Sculpture","credit":"Norfolk Arts","y_coordinate":"36.844006","x_coordinate":"-76.278042","weblink":{"url":"https://norfolkarts.net/artwork/harboring-histories/"},"installation_date":"2/28/2015","budget":"$66,666",":@computed_region_x6fk_ihs5":"128",":@computed_region_b3ci_nw94":"128",":@computed_region_38t5_wna6":"128",":@computed_region_25t2_rbz7":"2943"}},
{"type":"Feature","geometry":{"type":"Point","coordinates":[-76.202461,36.904313]},"properties":{":id":"row-94sk-8gsa.yjc5",":version":"rv-mfxr~yuiv.bw3q",":created_at":"2022-09-29T19:44:54.244Z",":updated_at":"2022-09-29T19:45:01.409Z","artwork_name":"Phidias","street_address":"6700 Azalea Garden Road","location":"Norfolk Botanical Garden","artist":"Moses Ezekiel","hometown":"UNK","media":"Marble","category":"Sculpture","credit":"Norfolk Botanical Garden","y_coordinate":"36.904313","x_coordinate":"-76.202461","weblink":{"url":"https://norfolkbotanicalgarden.org/explore/art-in-the-garden/"},"installation_date":"10/1/2016","budget":"UNK",":@computed_region_x6fk_ihs5":"128",":@computed_region_b3ci_nw94":"128",":@computed_region_38t5_wna6":"128",":@computed_region_25t2_rbz7":"2943"}},
{"type":"Feature","geometry":{"type":"Point","coordinates":[-76.278042,36.844006]},"properties":{":id":"row-7cr4.82g7.zv7z",":version":"rv-t5wa-hxaq.tzvg",":created_at":"2022-09-29T19:44:54.244Z",":updated_at":"2022-09-29T19:45:01.409Z","artwork_name":"Play Ball","street_address":"Park Ave near Holt Street","location":"Harbor Park Station","artist":"John Rudel","hometown":"Ashville, NC","media":"glass etching","category":"Installation","credit":"Norfolk Arts","y_coordinate":"36.844006","x_coordinate":"-76.278042","weblink":{"url":"https://norfolkarts.net/artwork/play-ball/"},"installation_date":"8/20/2011","budget":"$10,000",":@computed_region_x6fk_ihs5":"128",":@computed_region_b3ci_nw94":"128",":@computed_region_38t5_wna6":"128",":@computed_region_25t2_rbz7":"2943"}},
{"type":"Feature","geometry":{"type":"Point","coordinates":[-76.2890229,36.8511639]},"properties":{":id":"row-xv3u.8t3v.ze7a",":version":"rv-f8w6.q8pn~dr7d",":created_at":"2022-09-29T19:44:54.244Z",":updated_at":"2022-09-29T19:45:01.409Z","artwork_name":"Summer in the City","street_address":"401 Granby St.","location":"Granby Municipal Building","artist":"Vikki Norris","hometown":"UNK","media":"Acrylic","category":"Mural","credit":"Norfolk Arts","y_coordinate":"36.8511639","x_coordinate":"-76.2890229","weblink":{"url":"https://norfolkarts.net/artwork/summer-in-the-city/"},"installation_date":"6/30/2009","budget":"$10,000",":@computed_region_x6fk_ihs5":"22",":@computed_region_b3ci_nw94":"26",":@computed_region_38t5_wna6":"26",":@computed_region_25t2_rbz7":"2943"}},
{"type":"Feature","geometry":{"type":"Point","coordinates":[-76.2910525,36.8509931]},"properties":{":id":"row-stm6_86kb-e52t",":version":"rv-k9fg_bkwz~fenn",":created_at":"2022-09-29T19:44:54.244Z",":updated_at":"2022-09-29T19:45:01.409Z","artwork_name":"Good Fortune Garage","street_address":"161 West Freemason Street","location":"Freemason Garage","artist":"Cassandra Akers","hometown":"Norfolk, VA","media":"sealed latex paint","category":"Mural","credit":"Norfolk Arts","y_coordinate":"36.8509931","x_coordinate":"-76.2910525","weblink":{"url":"https://norfolkarts.net/artwork/good-fortune-garage-2/"},"installation_date":"6/30/2018","budget":"$10,000",":@computed_region_x6fk_ihs5":"22",":@computed_region_b3ci_nw94":"26",":@computed_region_38t5_wna6":"26",":@computed_region_25t2_rbz7":"2943"}},
{"type":"Feature","geometry":{"type":"Point","coordinates":[-76.28845783,36.857029]},"properties":{":id":"row-aqkm~wcps-38hf",":version":"rv-ynvy_n6vz.ba7t",":created_at":"2022-09-29T19:44:54.244Z",":updated_at":"2022-09-29T19:45:01.409Z","artwork_name":"Modern Day Hieroglyphics","street_address":"Magazine Lane","location":"NEON District","artist":"Asa Jackson","hometown":"Portland, OR","media":"latex","category":"Mural","credit":"Downtown Norfolk Council","y_coordinate":"36.857029","x_coordinate":"-76.28845783","weblink":{"url":"http://neonnfk.com/public-art/modern-day-hieroglyphics/"},"installation_date":"2015","budget":"UNK",":@computed_region_x6fk_ihs5":"22",":@computed_region_b3ci_nw94":"26",":@computed_region_38t5_wna6":"26",":@computed_region_25t2_rbz7":"2943"}},
{"type":"Feature","geometry":{"type":"Point","coordinates":[-76.2564435,36.8562383]},"properties":{":id":"row-rjtp-zkhf~j9jw",":version":"rv-5tn3.uhjv_rtjm",":created_at":"2022-09-29T19:44:54.244Z",":updated_at":"2022-09-29T19:45:01.409Z","artwork_name":"Life Drawing: Phoenix Rising","street_address":"2700 Princess Anne Road","location":"Richard Bowling Elementary","artist":"Marc Archambault","hometown":"New York, NY","media":"stone","category":"Mural","credit":"Norfolk Arts","y_coordinate":"36.8562383","x_coordinate":"-76.2564435","weblink":{"url":"https://norfolkarts.net/artwork/life-drawing-phoenix/"},"installation_date":"10/29/2018","budget":"$30,000",":@computed_region_x6fk_ihs5":"78",":@computed_region_b3ci_nw94":"55",":@computed_region_38t5_wna6":"55",":@computed_region_25t2_rbz7":"2943"}},
{"type":"Feature","geometry":{"type":"Point","coordinates":[-76.290324,36.84669996]},"properties":{":id":"row-y2t7_dysr-mc79",":version":"rv-ct7k~hmhk~ecyf",":created_at":"2022-09-29T19:44:54.244Z",":updated_at":"2022-09-29T19:45:01.409Z","artwork_name":"Curious Kids","street_address":"235 E. Plume Street 23510","location":"Slover Library Room #640","artist":"David Joyce","hometown":"Norfolk, VA","media":"Digital Photography","category":"Photography","credit":"City of Norfolk","y_coordinate":"36.84669996","x_coordinate":"-76.290324","weblink":{"url":"http://www.sloverlibrary.com/"},"installation_date":"UNK","budget":"UNK",":@computed_region_x6fk_ihs5":"22",":@computed_region_b3ci_nw94":"26",":@computed_region_38t5_wna6":"26",":@computed_region_25t2_rbz7":"2943"}},
{"type":"Feature","geometry":{"type":"Point","coordinates":[-76.202461,36.904313]},"properties":{":id":"row-4gmm.5vnm-qz67",":version":"rv-yjqc_peyh_35x2",":created_at":"2022-09-29T19:44:54.244Z",":updated_at":"2022-09-29T19:45:01.409Z","artwork_name":"Murillo","street_address":"6700 Azalea Garden Road","location":"Norfolk Botanical Gardens","artist":"Moses Ezekiel","hometown":"US","media":"Marble","category":"Sculpture","credit":"Norfolk Botanical Garden","y_coordinate":"36.904313","x_coordinate":"-76.202461","weblink":{"url":"https://norfolkbotanicalgarden.org/explore/art-in-the-garden/"},"installation_date":"10/1/2016","budget":"UNK",":@computed_region_x6fk_ihs5":"128",":@computed_region_b3ci_nw94":"128",":@computed_region_38t5_wna6":"128",":@computed_region_25t2_rbz7":"2943"}},
{"type":"Feature","geometry":{"type":"Point","coordinates":[-76.29218754,36.855727]},"properties":{":id":"row-syak.smjj_4skn",":version":"rv-kqxf_j4rf-ajhf",":created_at":"2022-09-29T19:44:54.244Z",":updated_at":"2022-09-29T19:45:01.409Z","artwork_name":"Anchor","street_address":"1 Memorial Place","location":"Chrysler Museum","artist":"anonymous","hometown":"Norfolk, VA","media":"Iron","category":"Artifact","credit":"Chrysler Museum","y_coordinate":"36.855727","x_coordinate":"-76.29218754","weblink":{"url":"https://chrysler.emuseum.com/objects/18840/anchor?ctx=22e1511c-8881-4d08-8ed1-afa96728ddb8&idx=0"},"installation_date":"1/1/1820","budget":"UNK",":@computed_region_x6fk_ihs5":"128",":@computed_region_b3ci_nw94":"128",":@computed_region_38t5_wna6":"128",":@computed_region_25t2_rbz7":"2943"}},
{"type":"Feature","geometry":{"type":"Point","coordinates":[-76.202461,36.904313]},"properties":{":id":"row-wsby.zgqt-btm6",":version":"rv-9pgb~tdsi-jcjm",":created_at":"2022-09-29T19:44:54.244Z",":updated_at":"2022-09-29T19:45:01.409Z","artwork_name":"DaVinci","street_address":"6700 Azalea Garden Road","location":"Norfolk Botanical Gardens","artist":"Moses Ezekiel","hometown":"Accomack County, VA","media":"Marble","category":"Sculpture","credit":"Norfolk Botanical Garden","y_coordinate":"36.904313","x_coordinate":"-76.202461","weblink":{"url":"https://norfolkbotanicalgarden.org/explore/art-in-the-garden/"},"installation_date":"10/1/2016","budget":"UNK",":@computed_region_x6fk_ihs5":"128",":@computed_region_b3ci_nw94":"128",":@computed_region_38t5_wna6":"128",":@computed_region_25t2_rbz7":"2943"}},
{"type":"Feature","geometry":{"type":"Point","coordinates":[-76.30448018,36.86890145]},"properties":{":id":"row-7p7g~wtta~c5aw",":version":"rv-jr3b.ptci_ggb5",":created_at":"2022-09-29T19:44:54.244Z",":updated_at":"2022-09-29T19:45:01.409Z","artwork_name":"General George Washington","street_address":"1122 West Princess Anne Road","location":"Taylor Elementary School","artist":"PP & Brothers Caproni","hometown":"Seattle, WA","media":"Painted cast plaster","category":"Sculpture","credit":"Norfolk Public Schools","y_coordinate":"36.86890145","x_coordinate":"-76.30448018","weblink":{"url":"https://www.npsk12.com/domain/1417"},"installation_date":"UNK","budget":"UNK",":@computed_region_x6fk_ihs5":"97",":@computed_region_b3ci_nw94":"98",":@computed_region_38t5_wna6":"98",":@computed_region_25t2_rbz7":"2943"}},
{"type":"Feature","geometry":{"type":"Point","coordinates":[-76.2907801,36.8452812]},"properties":{":id":"row-hkv7~5qjx.5xi9",":version":"rv-z2ck_yzjc-hna3",":created_at":"2022-09-29T19:44:54.244Z",":updated_at":"2022-09-29T19:45:01.409Z","artwork_name":"Elizabeth River Festival","street_address":"50 Martin's Lane","location":"Waterside Parking Garage","artist":"Crystal Warlitner","hometown":"UNK","media":"mixed media, wood and paper relief on  panel","category":"Mural","credit":"Norfolk Arts","y_coordinate":"36.8452812","x_coordinate":"-76.2907801","weblink":{"url":"https://norfolkarts.net/artwork/elizabeth-river-festival/"},"installation_date":"6/30/2009","budget":"$10,000",":@computed_region_x6fk_ihs5":"22",":@computed_region_b3ci_nw94":"26",":@computed_region_38t5_wna6":"26",":@computed_region_25t2_rbz7":"2943"}},
{"type":"Feature","geometry":{"type":"Point","coordinates":[-76.29264043,36.84670576]},"properties":{":id":"row-etr3-uac4~8tur",":version":"rv-6g58~nihs-ddve",":created_at":"2022-09-29T19:44:54.244Z",":updated_at":"2022-09-29T19:45:01.409Z","artwork_name":"Battleship Wisconsin","street_address":"110 West Main","location":"Town Point Parking Garage","artist":"NSU Graphic Design Class","hometown":"Richmond, VA","media":"commercial printed vinyl adhesive","category":"Mural","credit":"Norfolk Arts","y_coordinate":"36.84670576","x_coordinate":"-76.29264043","weblink":{"url":"https://www.downtownnorfolk.org/go/town-point-garage"},"installation_date":"UNK","budget":"UNK",":@computed_region_x6fk_ihs5":"22",":@computed_region_b3ci_nw94":"26",":@computed_region_38t5_wna6":"26",":@computed_region_25t2_rbz7":"2943"}},
{"type":"Feature","geometry":{"type":"Point","coordinates":[-76.2829493,36.8459974]},"properties":{":id":"row-bxc6-77jg.de9j",":version":"rv-maz8_cj5y~3aud",":created_at":"2022-09-29T19:44:54.244Z",":updated_at":"2022-09-29T19:45:01.409Z","artwork_name":"The Flame of Liberty","street_address":"810 Union Street","location":"City Hall Plaza","artist":"Bill Wagner","hometown":"Birmingham, AL","media":"Stainless steel","category":"Sculpture","credit":"City of Norfolk","y_coordinate":"36.8459974","x_coordinate":"-76.2829493","weblink":{"url":"https://norfolkarts.net/artwork/flame-of-liberty/"},"installation_date":"7/4/1976","budget":"UNK",":@computed_region_x6fk_ihs5":"128",":@computed_region_b3ci_nw94":"128",":@computed_region_38t5_wna6":"128",":@computed_region_25t2_rbz7":"2943"}},
{"type":"Feature","geometry":{"type":"Point","coordinates":[-76.285939,36.8525231]},"properties":{":id":"row-zqfe~gmbp_cuet",":version":"rv-k8fa.v3tk-ahk3",":created_at":"2022-09-29T19:44:54.244Z",":updated_at":"2022-09-29T19:45:01.409Z","artwork_name":"Celebration","street_address":"201 East Brambleton Ave","location":"Scope Parking Garage","artist":"Solomon Isekeije","hometown":"Hampton, VA","media":"epoxy, resin and paint","category":"Mural","credit":"Norfolk Arts","y_coordinate":"36.8525231","x_coordinate":"-76.285939","weblink":{"url":"https://norfolkarts.net/artwork/celebration/"},"installation_date":"6/30/2009","budget":"$10,000",":@computed_region_x6fk_ihs5":"22",":@computed_region_b3ci_nw94":"26",":@computed_region_38t5_wna6":"26",":@computed_region_25t2_rbz7":"2943"}},
{"type":"Feature","geometry":{"type":"Point","coordinates":[-76.202461,36.904313]},"properties":{":id":"row-8cs4_upgn.bmnk",":version":"rv-9db3~cxrt.p5py",":created_at":"2022-09-29T19:44:54.244Z",":updated_at":"2022-09-29T19:45:01.409Z","artwork_name":"Virgin and Child","street_address":"6700 Azalea Garden Road","location":"Norfolk Botanical Garden","artist":"Amleto Cataldi","hometown":"Richmond, VA","media":"Marble","category":"Sculpture","credit":"Norfolk Botanical Garden","y_coordinate":"36.904313","x_coordinate":"-76.202461","weblink":{"url":"https://norfolkbotanicalgarden.org/explore/art-in-the-garden/"},"installation_date":"UNK","budget":"UNK",":@computed_region_x6fk_ihs5":"128",":@computed_region_b3ci_nw94":"128",":@computed_region_38t5_wna6":"128",":@computed_region_25t2_rbz7":"2943"}},
{"type":"Feature","geometry":{"type":"Point","coordinates":[-76.2436129,36.9128928]},"properties":{":id":"row-h2ne.i9wh.fbuh",":version":"rv-yptw_wpp3~exhw",":created_at":"2022-09-29T19:44:54.244Z",":updated_at":"2022-09-29T19:45:01.409Z","artwork_name":"Traverse","street_address":"7607 Evelyn T. Butts Ave","location":"Evelyn Butts Bus Transfer Site","artist":"Jenna Rodriguez","hometown":"Brooklyn, NY","media":"PVC plastic and latex on MDO board","category":"Mural","credit":"Norfolk Arts","y_coordinate":"36.9128928","x_coordinate":"-76.2436129","weblink":{"url":"https://norfolkarts.net/artwork/traverse/"},"installation_date":"11/1/2017","budget":"$10,000",":@computed_region_x6fk_ihs5":"68",":@computed_region_b3ci_nw94":"74",":@computed_region_38t5_wna6":"74",":@computed_region_25t2_rbz7":"2943"}},
{"type":"Feature","geometry":{"type":"Point","coordinates":[-76.202461,36.904313]},"properties":{":id":"row-eivz.2nzr.xfzi",":version":"rv-stuu_p8yj~hrx3",":created_at":"2022-09-29T19:44:54.244Z",":updated_at":"2022-09-29T19:45:01.409Z","artwork_name":"Rembrandt","street_address":"6700 Azalea Garden Road","location":"Norfolk Botanical Garden","artist":"Moses Ezekiel","hometown":"Italy","media":"Marble","category":"Sculpture","credit":"Norfolk Botanical Garden","y_coordinate":"36.904313","x_coordinate":"-76.202461","weblink":{"url":"https://norfolkbotanicalgarden.org/explore/art-in-the-garden/"},"installation_date":"10/1/2016","budget":"UNK",":@computed_region_x6fk_ihs5":"128",":@computed_region_b3ci_nw94":"128",":@computed_region_38t5_wna6":"128",":@computed_region_25t2_rbz7":"2943"}},
{"type":"Feature","geometry":{"type":"Point","coordinates":[-76.3035708,36.8604506]},"properties":{":id":"row-y2i4-b8fd~gn5q",":version":"rv-fkzq-2eq7_kjhk",":created_at":"2022-09-29T19:44:54.244Z",":updated_at":"2022-09-29T19:45:01.409Z","artwork_name":"Getting on your Optic Nerve","street_address":"Brambleton and Colley Ave","location":"EVMS light rail station","artist":"Clay McGlamory","hometown":"Norfolk, VA","media":"silkscreen design adhered onto glass","category":"Installation","credit":"Norfolk Arts","y_coordinate":"36.8604506","x_coordinate":"-76.3035708","weblink":{"url":"https://norfolkarts.net/artwork/getting-on-your-optic-nerve/"},"installation_date":"8/31/2011","budget":"$10,000",":@computed_region_x6fk_ihs5":"33",":@computed_region_b3ci_nw94":"38",":@computed_region_38t5_wna6":"38",":@computed_region_25t2_rbz7":"2943"}},
{"type":"Feature","geometry":{"type":"Point","coordinates":[-76.290324,36.84669996]},"properties":{":id":"row-i78m~ss7t~khae",":version":"rv-r48r~9t9j_bexe",":created_at":"2022-09-29T19:44:54.244Z",":updated_at":"2022-09-29T19:45:01.409Z","artwork_name":"Woman","street_address":"208 East Plume Street","location":"Slover Library Room #640","artist":"David Joyce","hometown":"Newport News, VA","media":"Digital Photography","category":"Photography","credit":"City of Norfolk","y_coordinate":"36.84669996","x_coordinate":"-76.290324","weblink":{"url":"http://www.sloverlibrary.com/"},"installation_date":"UNK","budget":"UNK",":@computed_region_x6fk_ihs5":"22",":@computed_region_b3ci_nw94":"26",":@computed_region_38t5_wna6":"26",":@computed_region_25t2_rbz7":"2943"}},
{"type":"Feature","geometry":{"type":"Point","coordinates":[-76.2888133,36.8446183]},"properties":{":id":"row-qp3i~w3eb~p4i5",":version":"rv-ufcn.v9bg~68ze",":created_at":"2022-09-29T19:44:54.244Z",":updated_at":"2022-09-29T19:45:01.409Z","artwork_name":"Leading Edge","street_address":"1 Commercial Plaza","location":"Downtown Norfolk","artist":"John Safer","hometown":"Minneapolis, MN","media":"stainless steel on granite pedestal","category":"Sculpture","credit":"Norfolk Redevelopment and Housing Authority","y_coordinate":"36.8446183","x_coordinate":"-76.2888133","weblink":{"url":"https://norfolkarts.net/artwork/leading-edge/"},"installation_date":"1/1/1989","budget":"UNK",":@computed_region_x6fk_ihs5":"22",":@computed_region_b3ci_nw94":"26",":@computed_region_38t5_wna6":"26",":@computed_region_25t2_rbz7":"2943"}},
{"type":"Feature","geometry":{"type":"Point","coordinates":[-76.2736292,36.9127344]},"properties":{":id":"row-3vd7_aykr_6fpw",":version":"rv-n6db~fhua-grma",":created_at":"2022-09-29T19:44:54.244Z",":updated_at":"2022-09-29T19:45:01.409Z","artwork_name":"Wards Corner Gateway","street_address":"7347 Granby Street","location":"Wards Corner median","artist":"Gordon Huether and Partners","hometown":"Eugene, OR","media":"stainless steel","category":"Sculpture","credit":"Norfolk Arts","y_coordinate":"36.9127344","x_coordinate":"-76.2736292","weblink":{"url":"https://norfolkarts.net/artwork/wards-corner-gateway/"},"installation_date":"4/30/2015","budget":"$150,000",":@computed_region_x6fk_ihs5":null,":@computed_region_b3ci_nw94":null,":@computed_region_38t5_wna6":null,":@computed_region_25t2_rbz7":"2943"}},
{"type":"Feature","geometry":{"type":"Point","coordinates":[-76.2513672,36.9182422]},"properties":{":id":"row-4r42~cfn3_rpum",":version":"rv-yhmu-26dn-ykvn",":created_at":"2022-09-29T19:44:54.244Z",":updated_at":"2022-09-29T19:45:01.409Z","artwork_name":"Metamorphosis","street_address":"7920 Tidewater Drive","location":"Crossroads Elementary","artist":"Wopo Holup","hometown":"Southampton, NY","media":"bronze inlaid in terrazzo\ngold and silver leaf over cast foam","category":"Installation","credit":"Norfolk Arts","y_coordinate":"36.9182422","x_coordinate":"-76.2513672","weblink":{"url":"https://norfolkarts.net/artwork/metamorphosis/"},"installation_date":"6/1/2010","budget":"$104,000",":@computed_region_x6fk_ihs5":"126",":@computed_region_b3ci_nw94":"126",":@computed_region_38t5_wna6":"126",":@computed_region_25t2_rbz7":"2943"}},
{"type":"Feature","geometry":{"type":"Point","coordinates":[-76.262085,36.8480161]},"properties":{":id":"row-ucma-ts9j-345j",":version":"rv-x6zx~fv5b.y9ph",":created_at":"2022-09-29T19:44:54.244Z",":updated_at":"2022-09-29T19:45:01.409Z","artwork_name":"Norfolk State Inspiration","street_address":"E Brambleton Ave. (btwn Park Ave. & Interstate 264), Norfolk, VA 23504","location":"NSU Light Rail Station","artist":"Shin Gray Studio","hometown":"Chesapeake, VA","media":"glass mosaic, sandblasting","category":"Installation","credit":"Norfolk Arts","y_coordinate":"36.8480161","x_coordinate":"-76.262085","weblink":{"url":"https://norfolkarts.net/artwork/excellence-courage/"},"installation_date":"8/31/2011","budget":"$10,000",":@computed_region_x6fk_ihs5":"128",":@computed_region_b3ci_nw94":"128",":@computed_region_38t5_wna6":"128",":@computed_region_25t2_rbz7":"2943"}},
{"type":"Feature","geometry":{"type":"Point","coordinates":[-76.2891832,36.8558792]},"properties":{":id":"row-8sdh-5ucz-gqt6",":version":"rv-egne-abxx_j6yj",":created_at":"2022-09-29T19:44:54.244Z",":updated_at":"2022-09-29T19:45:01.409Z","artwork_name":"Upper Blush","street_address":"142 W. Olney Rd.","location":"NEON District","artist":"Matthew Geller","hometown":"Portland, Or","media":"steel and rain garden","category":"Installation","credit":"Norfolk Arts","y_coordinate":"36.8558792","x_coordinate":"-76.2891832","weblink":{"url":"https://norfolkarts.net/artwork/upper-blush/"},"installation_date":"10/20/2017","budget":"$121,000",":@computed_region_x6fk_ihs5":"22",":@computed_region_b3ci_nw94":"26",":@computed_region_38t5_wna6":"26",":@computed_region_25t2_rbz7":"2943"}},
{"type":"Feature","geometry":{"type":"Point","coordinates":[-76.202461,36.904313]},"properties":{":id":"row-k9qq_bmu5-hmqd",":version":"rv-tf96-wkqs~g33w",":created_at":"2022-09-29T19:44:54.244Z",":updated_at":"2022-09-29T19:45:01.409Z","artwork_name":"Canova","street_address":"6700 Azalea Garden Road","location":"Norfolk Botanical Gardens","artist":"Moses Ezekiel","hometown":"Virginia Beach, VA","media":"Marble","category":"Sculpture","credit":"Norfolk Botanical Garden","y_coordinate":"36.904313","x_coordinate":"-76.202461","weblink":{"url":"https://norfolkbotanicalgarden.org/explore/art-in-the-garden/"},"installation_date":"10/1/2016","budget":"UNK",":@computed_region_x6fk_ihs5":"128",":@computed_region_b3ci_nw94":"128",":@computed_region_38t5_wna6":"128",":@computed_region_25t2_rbz7":"2943"}},
{"type":"Feature","geometry":{"type":"Point","coordinates":[-76.2946195,36.8458112]},"properties":{":id":"row-59in-hk53-m5e5",":version":"rv-dmzq-mwaq-yhy9",":created_at":"2022-09-29T19:44:54.244Z",":updated_at":"2022-09-29T19:45:01.409Z","artwork_name":"Waterwork","street_address":"1 Waterside Drive","location":"Otter Berth Entrance to Town Point Park","artist":"Stephen Farley","hometown":"Norfolk, VA","media":"Glazed ceramic tiles mounted within steel frames","category":"Installation","credit":"Norfolk Arts","y_coordinate":"36.8458112","x_coordinate":"-76.2946195","weblink":{"url":"https://norfolkarts.net/artwork/12160/"},"installation_date":"UNK","budget":"$75,000",":@computed_region_x6fk_ihs5":"128",":@computed_region_b3ci_nw94":"128",":@computed_region_38t5_wna6":"128",":@computed_region_25t2_rbz7":"2943"}},
{"type":"Feature","geometry":{"type":"Point","coordinates":[-76.2566989,36.9287422]},"properties":{":id":"row-rir4~ftx4-zkst",":version":"rv-5qiu.8we7_6zhx",":created_at":"2022-09-29T19:44:54.244Z",":updated_at":"2022-09-29T19:45:01.409Z","artwork_name":"Skate Trees and Leaf Benches","street_address":"8400 Tidewater Drive","location":"Northside Park","artist":"Christopher Fennell","hometown":"Norfolk, VA","media":"steel","category":"Sculpture","credit":"Norfolk Arts","y_coordinate":"36.9287422","x_coordinate":"-76.2566989","weblink":{"url":"https://norfolkarts.net/artwork/skate-trees-and-leaf-benches/"},"installation_date":"11/30/2012","budget":"$76,000",":@computed_region_x6fk_ihs5":"128",":@computed_region_b3ci_nw94":"128",":@computed_region_38t5_wna6":"128",":@computed_region_25t2_rbz7":"2943"}},
{"type":"Feature","geometry":{"type":"Point","coordinates":[-76.2876448,36.8513262]},"properties":{":id":"row-57re.r9x4~j277",":version":"rv-3uz3.xv3m-9u8y",":created_at":"2022-09-29T19:44:54.244Z",":updated_at":"2022-09-29T19:45:01.409Z","artwork_name":"Shore Lines","street_address":"441 Bank Street","location":"Bank Street Garage","artist":"Juan Jimeniz","hometown":"Austin, TX","media":"PVC board","category":"Wall Relief","credit":"Norfolk Arts","y_coordinate":"36.8513262","x_coordinate":"-76.2876448","weblink":{"url":"https://norfolkarts.net/artwork/shore-lines/"},"installation_date":"6/30/2016","budget":"$10,000",":@computed_region_x6fk_ihs5":"22",":@computed_region_b3ci_nw94":"26",":@computed_region_38t5_wna6":"26",":@computed_region_25t2_rbz7":"2943"}},
{"type":"Feature","geometry":{"type":"Point","coordinates":[-76.2595807,36.8301633]},"properties":{":id":"row-fcpi~cweb-3krm",":version":"rv-2w3m_7qdk-bwzu",":created_at":"2022-09-29T19:44:54.244Z",":updated_at":"2022-09-29T19:45:01.409Z","artwork_name":"Life Drawing: The Tiny Kingdom","street_address":"1106 Campostella Road","location":"Southside STEM Academy","artist":"Marc Archambault","hometown":"Kennesaw, GA","media":"stone","category":"Mural","credit":"Norfolk Arts","y_coordinate":"36.8301633","x_coordinate":"-76.2595807","weblink":{"url":"https://norfolkarts.net/artwork/life-drawing-the-tiny-kingdom/"},"installation_date":"2/19/2019","budget":"$30,000",":@computed_region_x6fk_ihs5":"128",":@computed_region_b3ci_nw94":"128",":@computed_region_38t5_wna6":"128",":@computed_region_25t2_rbz7":"2943"}},
{"type":"Feature","geometry":{"type":"Point","coordinates":[-76.278042,36.844006]},"properties":{":id":"row-yzes-hs4r_4nbe",":version":"rv-kjnc~2bwq.af5j",":created_at":"2022-09-29T19:44:54.244Z",":updated_at":"2022-09-29T19:45:01.409Z","artwork_name":"The Fighters","street_address":"150 Park Ave","location":"Harbor Park Boxing Center","artist":"Kelley Yang","hometown":"Virginia Beach, VA","media":"collage on board","category":"Mural","credit":"Norfolk Arts","y_coordinate":"36.844006","x_coordinate":"-76.278042","weblink":{"url":"https://norfolkarts.net/artwork/the-fighters/"},"installation_date":"8/31/2012","budget":"$10,000",":@computed_region_x6fk_ihs5":"128",":@computed_region_b3ci_nw94":"128",":@computed_region_38t5_wna6":"128",":@computed_region_25t2_rbz7":"2943"}},
{"type":"Feature","geometry":{"type":"Point","coordinates":[-76.202461,36.904313]},"properties":{":id":"row-tfrj-27f2.2dau",":version":"rv-rjsv_s6qi~7nnc",":created_at":"2022-09-29T19:44:54.244Z",":updated_at":"2022-09-29T19:45:01.409Z","artwork_name":"Summer: Thistle","street_address":"6700 Azalea Garden Road","location":"Norfolk Botanical Gardens","artist":"Unknown","hometown":"UNK","media":"Marble","category":"Sculpture","credit":"Norfolk Botanical Garden","y_coordinate":"36.904313","x_coordinate":"-76.202461","weblink":{"url":"https://norfolkbotanicalgarden.org/explore/art-in-the-garden/"},"installation_date":"UNK","budget":"UNK",":@computed_region_x6fk_ihs5":"128",":@computed_region_b3ci_nw94":"128",":@computed_region_38t5_wna6":"128",":@computed_region_25t2_rbz7":"2943"}},
{"type":"Feature","geometry":{"type":"Point","coordinates":[-76.2892825,36.8465063]},"properties":{":id":"row-vbj9-q57v~irdp",":version":"rv-n79v.zwed~uxmb",":created_at":"2022-09-29T19:44:54.244Z",":updated_at":"2022-09-29T19:45:01.409Z","artwork_name":"Fathoms of Freedom mural","street_address":"130  Bank St.","location":"Fountain Park Garage","artist":"Christopher Kozak","hometown":"Eugene, OR","media":"Latex Paint with tin relief","category":"Mural","credit":"Norfolk Arts","y_coordinate":"36.8465063","x_coordinate":"-76.2892825","weblink":{"url":"https://norfolkarts.net/artwork/fathoms-of-freedom/"},"installation_date":"10/6/2017","budget":"$10,000",":@computed_region_x6fk_ihs5":"22",":@computed_region_b3ci_nw94":"26",":@computed_region_38t5_wna6":"26",":@computed_region_25t2_rbz7":"2943"}},
{"type":"Feature","geometry":{"type":"Point","coordinates":[-76.290324,36.84669996]},"properties":{":id":"row-7ytu-5333-z7ew",":version":"rv-z3rz~t356_sg8q",":created_at":"2022-09-29T19:44:54.244Z",":updated_at":"2022-09-29T19:45:01.409Z","artwork_name":"Father & Son","street_address":"208 E. Plume Street","location":"Slover Library lower level outside elevator","artist":"David Joyce","hometown":"Portland, OR","media":"Digital Photography","category":"Photography","credit":"City of Norfolk","y_coordinate":"36.84669996","x_coordinate":"-76.290324","weblink":{"url":"http://www.sloverlibrary.com/"},"installation_date":"UNK","budget":"UNK",":@computed_region_x6fk_ihs5":"22",":@computed_region_b3ci_nw94":"26",":@computed_region_38t5_wna6":"26",":@computed_region_25t2_rbz7":"2943"}},
{"type":"Feature","geometry":{"type":"Point","coordinates":[-76.202461,36.904313]},"properties":{":id":"row-y2qv_nc8d-igqj",":version":"rv-tx66.36gn_unbb",":created_at":"2022-09-29T19:44:54.244Z",":updated_at":"2022-09-29T19:45:01.409Z","artwork_name":"Angelo (aka Michelangelo)","street_address":"6700 Azalea Garden Road","location":"Norfolk Botanical Gardens","artist":"Moses Ezekiel","hometown":"Eugene, OR","media":"carved marble","category":"Sculpture","credit":"Norfolk Botanical Garden","y_coordinate":"36.904313","x_coordinate":"-76.202461","weblink":{"url":"https://norfolkbotanicalgarden.org/explore/art-in-the-garden/"},"installation_date":"10/1/2016","budget":"UNK",":@computed_region_x6fk_ihs5":"128",":@computed_region_b3ci_nw94":"128",":@computed_region_38t5_wna6":"128",":@computed_region_25t2_rbz7":"2943"}},
{"type":"Feature","geometry":{"type":"Point","coordinates":[-76.202461,36.904313]},"properties":{":id":"row-5nye.miev~q5a8",":version":"rv-c3hf.3tds~esjg",":created_at":"2022-09-29T19:44:54.244Z",":updated_at":"2022-09-29T19:45:01.409Z","artwork_name":"Hunters Heron","street_address":"6700 Azalea Garden Road","location":"Norfolk Botanical Gardens","artist":"David H. Turner","hometown":"Virginia Beach, VA","media":"Bronze","category":"Sculpture","credit":"Norfolk Botanical Garden","y_coordinate":"36.904313","x_coordinate":"-76.202461","weblink":{"url":"https://norfolkbotanicalgarden.org/explore/art-in-the-garden/"},"installation_date":"10/19/1966","budget":"UNK",":@computed_region_x6fk_ihs5":"128",":@computed_region_b3ci_nw94":"128",":@computed_region_38t5_wna6":"128",":@computed_region_25t2_rbz7":"2943"}},
{"type":"Feature","geometry":{"type":"Point","coordinates":[-76.283669,36.864383]},"properties":{":id":"row-3p24-i9wt-7iys",":version":"rv-tmxm_y7uq~czgp",":created_at":"2022-09-29T19:44:54.244Z",":updated_at":"2022-09-29T19:45:01.409Z","artwork_name":"Open Up the Doors","street_address":"509 E. 18th Street","location":"HRT Bus Maintenance Faciltiy","artist":"Pete Beeman","hometown":"Norfolk, VA","media":"Electronics, Metal","category":"Sculpture","credit":"Norfolk Arts","y_coordinate":"36.864383","x_coordinate":"-76.283669","weblink":{"url":"https://norfolkarts.net/artwork/open-up-the-doors/"},"installation_date":"10/31/2012","budget":"$75,000",":@computed_region_x6fk_ihs5":"128",":@computed_region_b3ci_nw94":"128",":@computed_region_38t5_wna6":"128",":@computed_region_25t2_rbz7":"2943"}},
{"type":"Feature","geometry":{"type":"Point","coordinates":[-76.290324,36.84669996]},"properties":{":id":"row-k8uy_ntjb~9jte",":version":"rv-jc7x-xcry~fyts",":created_at":"2022-09-29T19:44:54.244Z",":updated_at":"2022-09-29T19:45:01.409Z","artwork_name":"High School Students","street_address":"208 E Plume St 23510","location":"Slover Library Room #640","artist":"David Joyce","hometown":"Boston, MA","media":"Digital photography","category":"Photography","credit":"City of Norfolk","y_coordinate":"36.84669996","x_coordinate":"-76.290324","weblink":{"url":"http://www.sloverlibrary.com/"},"installation_date":"UNK","budget":"UNK",":@computed_region_x6fk_ihs5":"22",":@computed_region_b3ci_nw94":"26",":@computed_region_38t5_wna6":"26",":@computed_region_25t2_rbz7":"2943"}},
{"type":"Feature","geometry":{"type":"Point","coordinates":[-76.202461,36.904313]},"properties":{":id":"row-6cgy-g7mz_jxak",":version":"rv-fwjp_nbhp-kshx",":created_at":"2022-09-29T19:44:54.244Z",":updated_at":"2022-09-29T19:45:01.409Z","artwork_name":"Breaking Ground","street_address":"6700 Azalea Garden Road","location":"Botanical Garden","artist":"Kathleen Farrell","hometown":"Richmond, VA","media":"bronze","category":"Sculpture","credit":"Norfolk Botanical Garden","y_coordinate":"36.904313","x_coordinate":"-76.202461","weblink":{"url":"https://norfolkbotanicalgarden.org/explore/art-in-the-garden/"},"installation_date":"4/4/2018","budget":"UNK",":@computed_region_x6fk_ihs5":"128",":@computed_region_b3ci_nw94":"128",":@computed_region_38t5_wna6":"128",":@computed_region_25t2_rbz7":"2943"}},
{"type":"Feature","geometry":{"type":"Point","coordinates":[-76.293885,36.853569]},"properties":{":id":"row-wbak-73k8.4dc5",":version":"rv-pjtu_ucp3-5xui",":created_at":"2022-09-29T19:44:54.244Z",":updated_at":"2022-09-29T19:45:01.409Z","artwork_name":"Freemason in Primary","street_address":"York Street at Brambleton","location":"York Street Light Rail Station","artist":"Crys Warlitner","hometown":"Marble, CO","media":"Paint etched into glass","category":"Installation","credit":"Norfolk Arts","y_coordinate":"36.853569","x_coordinate":"-76.293885","weblink":{"url":"https://norfolkarts.net/artwork/freemason-composition-in-primary/"},"installation_date":"8/31/2019","budget":"$10,000",":@computed_region_x6fk_ihs5":"128",":@computed_region_b3ci_nw94":"128",":@computed_region_38t5_wna6":"128",":@computed_region_25t2_rbz7":"2943"}},
{"type":"Feature","geometry":{"type":"Point","coordinates":[-76.28924259,36.85448861]},"properties":{":id":"row-v5vu_ftqk.7xms",":version":"rv-3hit_5bgu~fbvt",":created_at":"2022-09-29T19:44:54.244Z",":updated_at":"2022-09-29T19:45:01.409Z","artwork_name":"New Energy Norfolk","street_address":"114 W Brambleton Avenue","location":"Norfolk Arts District","artist":"Rick Nickel and Clay McGlamory","hometown":"Eugene, OR","media":null,"category":"Mural","credit":"Downtown Norfolk Council","y_coordinate":"36.85448861","x_coordinate":"-76.28924259","weblink":{"url":"http://neonnfk.com/public-art/new-energy-of-norfolk/"},"installation_date":"2015","budget":"UNK",":@computed_region_x6fk_ihs5":"22",":@computed_region_b3ci_nw94":"26",":@computed_region_38t5_wna6":"26",":@computed_region_25t2_rbz7":"2943"}},
{"type":"Feature","geometry":{"type":"Point","coordinates":[-76.213126,36.84146]},"properties":{":id":"row-cfge-jy27~iwh9",":version":"rv-hxpc_dbgq-3ccr",":created_at":"2022-09-29T19:44:54.244Z",":updated_at":"2022-09-29T19:45:01.409Z","artwork_name":"Trillium Patches","street_address":"Military Highway at I-264","location":"Military Highway light rail station","artist":"Jack Mackie","hometown":"Portsmouth, VA","media":"mosaic tile","category":"Pavement Medallion","credit":"Norfolk Arts","y_coordinate":"36.84146","x_coordinate":"-76.213126","weblink":{"url":"https://norfolkarts.net/artwork/trillium-patch/"},"installation_date":"8/31/2011","budget":"$10,000",":@computed_region_x6fk_ihs5":"128",":@computed_region_b3ci_nw94":"128",":@computed_region_38t5_wna6":"128",":@computed_region_25t2_rbz7":"2943"}},
{"type":"Feature","geometry":{"type":"Point","coordinates":[-76.2404275,36.8967386]},"properties":{":id":"row-efe3.wwmx-g8b9",":version":"rv-uvyz_j95d~5s3p",":created_at":"2022-09-29T19:44:54.244Z",":updated_at":"2022-09-29T19:45:01.409Z","artwork_name":"Space Explorations","street_address":"819 Granby","location":"Exotic Homes","artist":"John Hickey and James Akers","hometown":"Washington, DC","media":"latex and neon","category":"Mural","credit":"Downtown Norfolk Council","y_coordinate":"36.8967386","x_coordinate":"-76.2404275","weblink":{"url":"http://neonnfk.com/public-art/space-explorations/"},"installation_date":"1/1/2015","budget":"UNK",":@computed_region_x6fk_ihs5":"128",":@computed_region_b3ci_nw94":"128",":@computed_region_38t5_wna6":"128",":@computed_region_25t2_rbz7":"2943"}},
{"type":"Feature","geometry":{"type":"Point","coordinates":[-76.277465,36.9115371]},"properties":{":id":"row-tr7s~5sbd-947m",":version":"rv-aqr5_9d84-njwf",":created_at":"2022-09-29T19:44:54.244Z",":updated_at":"2022-09-29T19:45:01.409Z","artwork_name":"6 Poot","street_address":"7300 Newport Ave","location":"Norfolk Fitness and Wellness Center","artist":"Anton Bakker","hometown":"Norfolk, VA","media":"Painted metal","category":"Sculpture","credit":"Norfolk Arts","y_coordinate":"36.9115371","x_coordinate":"-76.277465","weblink":{"url":"https://norfolkarts.net/artwork/six-poot-fractal-tree/"},"installation_date":"8/31/2015","budget":"$12,000 Donation to City",":@computed_region_x6fk_ihs5":"128",":@computed_region_b3ci_nw94":"128",":@computed_region_38t5_wna6":"128",":@computed_region_25t2_rbz7":"2943"}},
{"type":"Feature","geometry":{"type":"Point","coordinates":[-76.190226,36.8410953]},"properties":{":id":"row-ppu7~9tph.kppw",":version":"rv-siwb-hmn4.bhtf",":created_at":"2022-09-29T19:44:54.244Z",":updated_at":"2022-09-29T19:45:01.409Z","artwork_name":"Easton Trees as Seen From the train at the End of the Line","street_address":"Newtown Rd. (at Curlew Dr.), Norfolk, VA 23502","location":"Newtown Road Station","artist":"Anne Bosquet","hometown":"Norfolk, VA","media":"glass etching","category":"Installation","credit":"Norfolk Arts","y_coordinate":"36.8410953","x_coordinate":"-76.190226","weblink":{"url":"https://norfolkarts.net/artwork/easton-trees-as-seen-from-the-train-at-the-end-of-the-line/"},"installation_date":"8/31/2011","budget":"$10,000",":@computed_region_x6fk_ihs5":"26",":@computed_region_b3ci_nw94":"33",":@computed_region_38t5_wna6":"33",":@computed_region_25t2_rbz7":"2943"}},
{"type":"Feature","geometry":{"type":"Point","coordinates":[-76.202461,36.904313]},"properties":{":id":"row-tq36-hmub.ihp7",":version":"rv-x4uk~waiz~2m2h",":created_at":"2022-09-29T19:44:54.244Z",":updated_at":"2022-09-29T19:45:01.409Z","artwork_name":"Autumn: Grape","street_address":"6700 Azalea Garden Road","location":"Norfolk Botanical Gardens","artist":"Unknown","hometown":"Los Angeles, CA","media":"Marble","category":"Sculpture","credit":"Norfolk Botanical Garden","y_coordinate":"36.904313","x_coordinate":"-76.202461","weblink":{"url":"https://norfolkbotanicalgarden.org/explore/art-in-the-garden/"},"installation_date":"UNK","budget":"UNK",":@computed_region_x6fk_ihs5":"128",":@computed_region_b3ci_nw94":"128",":@computed_region_38t5_wna6":"128",":@computed_region_25t2_rbz7":"2943"}},
{"type":"Feature","geometry":{"type":"Point","coordinates":[-76.2874909,36.8439517]},"properties":{":id":"row-3big~egna_vkgb",":version":"rv-46w3.2sgb~3nkh",":created_at":"2022-09-29T19:44:54.244Z",":updated_at":"2022-09-29T19:45:01.409Z","artwork_name":"Whaling Wall","street_address":"999 Waterside Drive","location":"Dominion Towers Parking Garage","artist":"Wyland","hometown":"Richmond, VA","media":"paint on brick","category":"Mural","credit":"Private Developer","y_coordinate":"36.8439517","x_coordinate":"-76.2874909","weblink":{"url":"https://norfolkarts.net/artwork/humpbacks-off-the-virginia-coast/"},"installation_date":"8/23/1993","budget":"UNK",":@computed_region_x6fk_ihs5":"128",":@computed_region_b3ci_nw94":"128",":@computed_region_38t5_wna6":"128",":@computed_region_25t2_rbz7":"2943"}},
{"type":"Feature","geometry":{"type":"Point","coordinates":[-76.29149087,36.856766]},"properties":{":id":"row-ubr9~g7rd-8qm2",":version":"rv-u8x2~22ut-tmmd",":created_at":"2022-09-29T19:44:54.244Z",":updated_at":"2022-09-29T19:45:01.409Z","artwork_name":"Bloom","street_address":"801 Boush St.","location":"NEON Arts District","artist":"Carl Medley III and Charles Rasputin","hometown":"UNK","media":"latex and aerosol","category":"Mural","credit":"Downtown Norfolk Council","y_coordinate":"36.856766","x_coordinate":"-76.29149087","weblink":{"url":"https://neonnfk.com/public-art/bloom/"},"installation_date":"7/13/2015","budget":"UNK",":@computed_region_x6fk_ihs5":"128",":@computed_region_b3ci_nw94":"128",":@computed_region_38t5_wna6":"128",":@computed_region_25t2_rbz7":"2943"}},
{"type":"Feature","geometry":{"type":"Point","coordinates":[-76.202461,36.904313]},"properties":{":id":"row-enhw-qs7n-jb2m",":version":"rv-ef79.mgam_asqe",":created_at":"2022-09-29T19:44:54.244Z",":updated_at":"2022-09-29T19:45:01.409Z","artwork_name":"Ducks","street_address":"6700 Azalea Garden Road","location":"Norfolk Botanical Gardens","artist":"David & William Turner","hometown":"San Francisco, CA","media":"cast bronze","category":"Sculpture","credit":"Norfolk Botanical Garden","y_coordinate":"36.904313","x_coordinate":"-76.202461","weblink":{"url":"https://norfolkbotanicalgarden.org/explore/art-in-the-garden/"},"installation_date":"9/7/2000","budget":"UNK",":@computed_region_x6fk_ihs5":"128",":@computed_region_b3ci_nw94":"128",":@computed_region_38t5_wna6":"128",":@computed_region_25t2_rbz7":"2943"}},
{"type":"Feature","geometry":{"type":"Point","coordinates":[-76.2897034,36.847259]},"properties":{":id":"row-hf4j-cv3c.4sgf",":version":"rv-dys3~pcdh-2tib",":created_at":"2022-09-29T19:44:54.244Z",":updated_at":"2022-09-29T19:45:01.409Z","artwork_name":"MetalMatisse","street_address":"301 E City Hall Ave","location":"MacArthur Square","artist":"Electroland","hometown":"St Petersburg, FL","media":"Electropolished stainless steel, Metal, Light, Sound","category":"Sculpture","credit":"Norfolk Arts","y_coordinate":"36.847259","x_coordinate":"-76.2897034","weblink":{"url":"https://norfolkarts.net/artwork/metalmatisse/"},"installation_date":"5/18/2013","budget":"$300,000",":@computed_region_x6fk_ihs5":"22",":@computed_region_b3ci_nw94":"26",":@computed_region_38t5_wna6":"26",":@computed_region_25t2_rbz7":"2943"}},
{"type":"Feature","geometry":{"type":"Point","coordinates":[-76.29226,36.85567415]},"properties":{":id":"row-dmkg-m3uc~fu8j",":version":"rv-9yb4-6m6h-rym2",":created_at":"2022-09-29T19:44:54.244Z",":updated_at":"2022-09-29T19:45:01.409Z","artwork_name":"Big Six","street_address":"1 Memorial Place","location":"Chrysler Museum","artist":"Tony Rosenthal","hometown":"Eugene, OR","media":"Steel","category":"Sculpture","credit":"Chrysler Museum","y_coordinate":"36.85567415","x_coordinate":"-76.29226","weblink":{"url":"https://chrysler.emuseum.com/objects/12384/big-six?ctx=f3ff7935-74a8-4d27-afaa-0362679ffb36&idx=0"},"installation_date":"1/1/1975","budget":"UNK",":@computed_region_x6fk_ihs5":"128",":@computed_region_b3ci_nw94":"128",":@computed_region_38t5_wna6":"128",":@computed_region_25t2_rbz7":"2943"}},
{"type":"Feature","geometry":{"type":"Point","coordinates":[-76.2888998,36.8546041]},"properties":{":id":"row-4cb4.mihq_r5bm",":version":"rv-w5aa~7h3q.hccz",":created_at":"2022-09-29T19:44:54.244Z",":updated_at":"2022-09-29T19:45:01.409Z","artwork_name":"NFK/ARTS","street_address":"711 Granby Street","location":"Arts District","artist":"Elliott Addesso","hometown":"Norfolk, VA","media":"latex and acrylic on sign board","category":"Mural","credit":"Norfolk Arts","y_coordinate":"36.8546041","x_coordinate":"-76.2888998","weblink":{"url":"https://norfolkarts.net/artwork/nfk-arts/"},"installation_date":"6/30/2013","budget":"UNK",":@computed_region_x6fk_ihs5":"22",":@computed_region_b3ci_nw94":"26",":@computed_region_38t5_wna6":"26",":@computed_region_25t2_rbz7":"2943"}},
{"type":"Feature","geometry":{"type":"Point","coordinates":[-76.2509107,36.9546116]},"properties":{":id":"row-jrtb-rmve~dgbx",":version":"rv-2gs9~5372-smcs",":created_at":"2022-09-29T19:44:54.244Z",":updated_at":"2022-09-29T19:45:01.409Z","artwork_name":"Cobalt Blue Summer","street_address":"100 West Ocean View Ave","location":"Community Beach restrooms","artist":"Cecilia Lueza","hometown":"Richmond, VA","media":"aerosol paint","category":"Mural","credit":"Norfolk Arts","y_coordinate":"36.9546116","x_coordinate":"-76.2509107","weblink":{"url":"https://norfolkarts.net/artwork/across-the-bay/"},"installation_date":"6/30/2015","budget":"$2,500",":@computed_region_x6fk_ihs5":"69",":@computed_region_b3ci_nw94":"75",":@computed_region_38t5_wna6":"75",":@computed_region_25t2_rbz7":"2943"}},
{"type":"Feature","geometry":{"type":"Point","coordinates":[-76.202461,36.904313]},"properties":{":id":"row-23jm.kwb6.7ktj",":version":"rv-ttzw.vsqn~wjx3",":created_at":"2022-09-29T19:44:54.244Z",":updated_at":"2022-09-29T19:45:01.409Z","artwork_name":"Winter: Wheat","street_address":"6700 Azalea Garden Road","location":"Norfolk Botanical Garden","artist":"Unknown","hometown":"New York, NY","media":"Marble","category":"Sculpture","credit":"Norfolk Botanical Garden","y_coordinate":"36.904313","x_coordinate":"-76.202461","weblink":{"url":"https://norfolkbotanicalgarden.org/explore/art-in-the-garden/"},"installation_date":"UNK","budget":"UNK",":@computed_region_x6fk_ihs5":"128",":@computed_region_b3ci_nw94":"128",":@computed_region_38t5_wna6":"128",":@computed_region_25t2_rbz7":"2943"}},
{"type":"Feature","geometry":{"type":"Point","coordinates":[-76.28334862,36.860051]},"properties":{":id":"row-fj57.xi45~uhnk",":version":"rv-s4id-2drs.fi7f",":created_at":"2022-09-29T19:44:54.244Z",":updated_at":"2022-09-29T19:45:01.409Z","artwork_name":"Sgt Wiliam H Carney","street_address":"238 E. Princess Anne Road","location":"Elmwood Cemetery; West Point Section","artist":"Unknown","hometown":"Ashville, NC","media":"stone","category":"Sculpture","credit":"Norfolk Cementaries","y_coordinate":"36.860051","x_coordinate":"-76.28334862","weblink":{"url":"https://www.norfolksocietyforcemeteryconservation.org/"},"installation_date":"UNK","budget":"Unk",":@computed_region_x6fk_ihs5":"128",":@computed_region_b3ci_nw94":"128",":@computed_region_38t5_wna6":"128",":@computed_region_25t2_rbz7":"2943"}},
{"type":"Feature","geometry":{"type":"Point","coordinates":[-76.2509107,36.9546116]},"properties":{":id":"row-bqjc_ibhp_aa59",":version":"rv-ra3c_wkkq.cx77",":created_at":"2022-09-29T19:44:54.244Z",":updated_at":"2022-09-29T19:45:01.409Z","artwork_name":"Across the Bay","street_address":"700 East Ocean View Ave","location":"Ocean View Beach restroom","artist":"Cecilia Lueza","hometown":"Norfolk, VA","media":"aerosol paint","category":"Mural","credit":"Norfolk Arts","y_coordinate":"36.9546116","x_coordinate":"-76.2509107","weblink":{"url":"https://norfolkarts.net/artwork/across-the-bay/"},"installation_date":"6/30/2015","budget":"$2,500",":@computed_region_x6fk_ihs5":"69",":@computed_region_b3ci_nw94":"75",":@computed_region_38t5_wna6":"75",":@computed_region_25t2_rbz7":"2943"}},
{"type":"Feature","geometry":{"type":"Point","coordinates":[-76.2893914,36.8494557]},"properties":{":id":"row-8rkh.p622-f4ki",":version":"rv-rwx3-j6dz_mpx3",":created_at":"2022-09-29T19:44:54.244Z",":updated_at":"2022-09-29T19:45:01.409Z","artwork_name":"Hampton Roads","street_address":"300 Monticello Ave","location":"MacArthur Mall","artist":"Gregg LeFevre","hometown":"US","media":"Bronze","category":"Mural","credit":"City of Norfolk","y_coordinate":"36.8494557","x_coordinate":"-76.2893914","weblink":{"url":"https://norfolkarts.net/artwork/hampton-roads/"},"installation_date":"1999","budget":"UNK",":@computed_region_x6fk_ihs5":"22",":@computed_region_b3ci_nw94":"26",":@computed_region_38t5_wna6":"26",":@computed_region_25t2_rbz7":"2943"}},
{"type":"Feature","geometry":{"type":"Point","coordinates":[-76.290324,36.84669996]},"properties":{":id":"row-kxjp_q4cj-66xa",":version":"rv-vzc4~cems.3p5v",":created_at":"2022-09-29T19:44:54.244Z",":updated_at":"2022-09-29T19:45:01.409Z","artwork_name":"Elder Man","street_address":"208 E. Plume Street","location":"Slover Library lower level outside elevators","artist":"David Joyce","hometown":"Eugene, OR","media":"Digital Photography","category":"Photography","credit":"City of Norfolk","y_coordinate":"36.84669996","x_coordinate":"-76.290324","weblink":{"url":"http://www.sloverlibrary.com/"},"installation_date":"UNK","budget":"UNK",":@computed_region_x6fk_ihs5":"22",":@computed_region_b3ci_nw94":"26",":@computed_region_38t5_wna6":"26",":@computed_region_25t2_rbz7":"2943"}},
{"type":"Feature","geometry":{"type":"Point","coordinates":[-76.2891832,36.8558792]},"properties":{":id":"row-qpex-xbyq-mbwh",":version":"rv-9jhj~f454_8d2r",":created_at":"2022-09-29T19:44:54.244Z",":updated_at":"2022-09-29T19:45:01.409Z","artwork_name":"Gateway Tower","street_address":"730 Granby Street","location":"Arts District","artist":"John Rudel","hometown":"Norfolk, VA","media":"aluminum over supported by old bus stop signes","category":"Sculpture","credit":"Norfolk Arts","y_coordinate":"36.8558792","x_coordinate":"-76.2891832","weblink":{"url":"https://norfolkarts.net/artwork/gateway-towers/"},"installation_date":"8/31/2013","budget":"$10,000",":@computed_region_x6fk_ihs5":"22",":@computed_region_b3ci_nw94":"26",":@computed_region_38t5_wna6":"26",":@computed_region_25t2_rbz7":"2943"}},
{"type":"Feature","geometry":{"type":"Point","coordinates":[-76.30448,36.868901]},"properties":{":id":"row-gvkz.9a4p.6mh8",":version":"rv-jwb8.z4yr-r7x2",":created_at":"2022-09-29T19:44:54.244Z",":updated_at":"2022-09-29T19:45:01.409Z","artwork_name":"Walter Herron Taylor","street_address":"1122 West Princess Anne Road","location":"WH Taylor Elementary School","artist":"Cornelia Justice","hometown":"St Petersburg, FL","media":"Canvas","category":"Painting","credit":"Norfolk Public Schools","y_coordinate":"36.868901","x_coordinate":"-76.30448","weblink":{"url":"https://norfolkarts.net/artists/cornelia-justice/"},"installation_date":"7/2/2009","budget":"UNK",":@computed_region_x6fk_ihs5":"97",":@computed_region_b3ci_nw94":"98",":@computed_region_38t5_wna6":"98",":@computed_region_25t2_rbz7":"2943"}},
{"type":"Feature","geometry":{"type":"Point","coordinates":[-76.2857081,36.8446001]},"properties":{":id":"row-7rwy_ft2y.k322",":version":"rv-q5dd~rwdb.vuh2",":created_at":"2022-09-29T19:44:54.244Z",":updated_at":"2022-09-29T19:45:01.409Z","artwork_name":"Police Memorial Bell","street_address":"810 Union Street","location":"City Hall","artist":"Victor Pickett","hometown":"Richmond, VA","media":"Bronze","category":"Sculpture","credit":"City of Norfolk","y_coordinate":"36.8446001","x_coordinate":"-76.2857081","weblink":{"url":"https://norfolkarts.net/artwork/police-memorial-bell/"},"installation_date":"1/1/2018","budget":"UNK",":@computed_region_x6fk_ihs5":"128",":@computed_region_b3ci_nw94":"128",":@computed_region_38t5_wna6":"128",":@computed_region_25t2_rbz7":"2943"}},
{"type":"Feature","geometry":{"type":"Point","coordinates":[-76.2872278,36.8460298]},"properties":{":id":"row-87nh.gy7c_5bxd",":version":"rv-sj4v~8i4f.rhax",":created_at":"2022-09-29T19:44:54.244Z",":updated_at":"2022-09-29T19:45:01.409Z","artwork_name":"Symbols of Peace","street_address":"520 East Main Street","location":"Commercial Place Garage","artist":"Richard Ward","hometown":"Joliet, IL","media":"Mosaic and Dri-vit","category":"Mural","credit":"Norfolk Arts","y_coordinate":"36.8460298","x_coordinate":"-76.2872278","weblink":{"url":"https://norfolkarts.net/artwork/symbols-of-peace/"},"installation_date":"6/30/2010","budget":"$10,000",":@computed_region_x6fk_ihs5":"22",":@computed_region_b3ci_nw94":"26",":@computed_region_38t5_wna6":"26",":@computed_region_25t2_rbz7":"2943"}},
{"type":"Feature","geometry":{"type":"Point","coordinates":[-76.202461,36.904313]},"properties":{":id":"row-vzze-yyzr-8tvr",":version":"rv-9nf5_8via~r3yw",":created_at":"2022-09-29T19:44:54.244Z",":updated_at":"2022-09-29T19:45:01.409Z","artwork_name":"Saint Francis","street_address":"6700 Azalea Garden Road","location":"Norfolk Botanical Garden","artist":"E Mellon","hometown":"Accomack County, VA","media":"Bronze","category":"Sculpture","credit":"Norfolk Botanical Garden","y_coordinate":"36.904313","x_coordinate":"-76.202461","weblink":{"url":"https://norfolkbotanicalgarden.org/explore/art-in-the-garden/"},"installation_date":"UNK","budget":"UNK",":@computed_region_x6fk_ihs5":"128",":@computed_region_b3ci_nw94":"128",":@computed_region_38t5_wna6":"128",":@computed_region_25t2_rbz7":"2943"}},
{"type":"Feature","geometry":{"type":"Point","coordinates":[-76.2880758,36.8562708]},"properties":{":id":"row-7ivk.rg74~nihd",":version":"rv-9sp5~i8p2~frnp",":created_at":"2022-09-29T19:44:54.244Z",":updated_at":"2022-09-29T19:45:01.409Z","artwork_name":"Cementiscope","street_address":"768 Granby Street","location":"NEON Arts District","artist":"Glassitorium","hometown":"Washington, DC","media":"painted metal","category":"Sculpture","credit":"Norfolk Arts","y_coordinate":"36.8562708","x_coordinate":"-76.2880758","weblink":{"url":"https://norfolkarts.net/artwork/cementiscope/"},"installation_date":"10/31/2015","budget":"$64,000",":@computed_region_x6fk_ihs5":"22",":@computed_region_b3ci_nw94":"26",":@computed_region_38t5_wna6":"26",":@computed_region_25t2_rbz7":"2943"}},
{"type":"Feature","geometry":{"type":"Point","coordinates":[-76.2902852,36.8463116]},"properties":{":id":"row-mrpk~nupy.u5y3",":version":"rv-si8e~s8w3_2xbe",":created_at":"2022-09-29T19:44:54.244Z",":updated_at":"2022-09-29T19:45:01.409Z","artwork_name":"Sign of the Times","street_address":"230 East Main Street","location":"Main Street Garage","artist":"Larry Bage","hometown":"Accomack County, VA","media":"wood and reclaimed materials","category":"Wall Relief","credit":"Norfolk Arts","y_coordinate":"36.8463116","x_coordinate":"-76.2902852","weblink":{"url":"https://norfolkarts.net/artwork/sign-of-the-times/"},"installation_date":"6/30/2008","budget":"$10,000",":@computed_region_x6fk_ihs5":"22",":@computed_region_b3ci_nw94":"26",":@computed_region_38t5_wna6":"26",":@computed_region_25t2_rbz7":"2943"}},
{"type":"Feature","geometry":{"type":"Point","coordinates":[-76.2781102,36.9119854]},"properties":{":id":"row-dr94.7vvc.vrp4",":version":"rv-kc55~nj6t-78xf",":created_at":"2022-09-29T19:44:54.244Z",":updated_at":"2022-09-29T19:45:01.409Z","artwork_name":"Bit by Bit","street_address":"600 East Ocean View Avenue","location":"Ocean View Senior Center","artist":"Crystal Wylitner","hometown":"New York, NY","media":"Glass","category":"Mural","credit":"Norfolk Arts","y_coordinate":"36.9119854","x_coordinate":"-76.2781102","weblink":{"url":"https://norfolkarts.net/artwork/bit-by-bit/"},"installation_date":"10/31/2011","budget":"$10,000",":@computed_region_x6fk_ihs5":"128",":@computed_region_b3ci_nw94":"128",":@computed_region_38t5_wna6":"128",":@computed_region_25t2_rbz7":"2943"}},
{"type":"Feature","geometry":{"type":"Point","coordinates":[-76.28820352,36.855663]},"properties":{":id":"row-quc4_pyqr.r4ck",":version":"rv-ginq-jsaa-fbb8",":created_at":"2022-09-29T19:44:54.244Z",":updated_at":"2022-09-29T19:45:01.409Z","artwork_name":"Razzle Dazzle by R.ROBOTS","street_address":"746 Granby Street","location":"Bobs Gun Shop","artist":"Nick Kuszyk","hometown":"Norfolk, VA","media":"aerosol and latex","category":"Mural","credit":"Downtown Norfolk Council","y_coordinate":"36.855663","x_coordinate":"-76.28820352","weblink":{"url":"http://neonnfk.com/public-art/razzle-dazzle/"},"installation_date":"1/1/2014","budget":"UNK",":@computed_region_x6fk_ihs5":"22",":@computed_region_b3ci_nw94":"26",":@computed_region_38t5_wna6":"26",":@computed_region_25t2_rbz7":"2943"}},
{"type":"Feature","geometry":{"type":"Point","coordinates":[-76.29328486,36.846209]},"properties":{":id":"row-aqsn-f8z8.jeg3",":version":"rv-2g3q-fzya_75eh",":created_at":"2022-09-29T19:44:54.244Z",":updated_at":"2022-09-29T19:45:01.409Z","artwork_name":"Ligne Indeterminee","street_address":"101 West Main Street","location":"World Trade Center","artist":"Bernard Venet","hometown":"Norfolk, VA","media":"Bronze","category":"Sculpture","credit":"Private Developer","y_coordinate":"36.846209","x_coordinate":"-76.29328486","weblink":{"url":"https://www.downtownnorfolk.org/go/undetermined-line"},"installation_date":"1987","budget":"UNK",":@computed_region_x6fk_ihs5":"22",":@computed_region_b3ci_nw94":"26",":@computed_region_38t5_wna6":"26",":@computed_region_25t2_rbz7":"2943"}},
{"type":"Feature","geometry":{"type":"Point","coordinates":[-76.28826737,36.843177]},"properties":{":id":"row-5e4k.pa3c.5rky",":version":"rv-ia8z-j389-c6g4",":created_at":"2022-09-29T19:44:54.244Z",":updated_at":"2022-09-29T19:45:01.409Z","artwork_name":"Tower of Light","street_address":"777 Waterside Drive","location":"Dominion Amphitheatre","artist":"William Wainwright","hometown":"Norfolk, VA","media":"Stainless steel & aluminum on steel base","category":"Sculpture","credit":"Norfolk Redevelopment and Housing Authority","y_coordinate":"36.843177","x_coordinate":"-76.28826737","weblink":{"url":"https://norfolkarts.net/artwork/regatta-tower-of-lights/"},"installation_date":"1/1/1976","budget":"UNK",":@computed_region_x6fk_ihs5":"128",":@computed_region_b3ci_nw94":"128",":@computed_region_38t5_wna6":"128",":@computed_region_25t2_rbz7":"2943"}},
{"type":"Feature","geometry":{"type":"Point","coordinates":[-76.202461,36.904313]},"properties":{":id":"row-mbe5~bjfc~tc37",":version":"rv-h875-iyqy~3ud9",":created_at":"2022-09-29T19:44:54.244Z",":updated_at":"2022-09-29T19:45:01.409Z","artwork_name":"Crawford","street_address":"6700 Azalea Garden Road","location":"Norfolk Botanical Gardens","artist":"Moses Ezekiel","hometown":"New York, NY","media":"Marble","category":"Sculpture","credit":"Norfolk Botanical Garden","y_coordinate":"36.904313","x_coordinate":"-76.202461","weblink":{"url":"https://norfolkbotanicalgarden.org/explore/art-in-the-garden/"},"installation_date":"10/1/2016","budget":"UNK",":@computed_region_x6fk_ihs5":"128",":@computed_region_b3ci_nw94":"128",":@computed_region_38t5_wna6":"128",":@computed_region_25t2_rbz7":"2943"}},
{"type":"Feature","geometry":{"type":"Point","coordinates":[-76.2946195,36.8458112]},"properties":{":id":"row-ezdu.3h6g_ezdb",":version":"rv-x7ej-4qes-7r5x",":created_at":"2022-09-29T19:44:54.244Z",":updated_at":"2022-09-29T19:45:01.409Z","artwork_name":"The Lone Sailor","street_address":"1 Waterside Drive","location":"Wisconsin Square","artist":"Stanley Bleifeld","hometown":"Tucson, AZ","media":"Bronze","category":"Sculpture","credit":"City of Norfolk","y_coordinate":"36.8458112","x_coordinate":"-76.2946195","weblink":{"url":"https://norfolkarts.net/artwork/lone-sailor/"},"installation_date":"1/1/2001","budget":"UNK",":@computed_region_x6fk_ihs5":"128",":@computed_region_b3ci_nw94":"128",":@computed_region_38t5_wna6":"128",":@computed_region_25t2_rbz7":"2943"}},
{"type":"Feature","geometry":{"type":"Point","coordinates":[-76.29470297,36.84753959]},"properties":{":id":"row-d3hz~p5qx~ri32",":version":"rv-ugqp~hyji~gad7",":created_at":"2022-09-29T19:44:54.244Z",":updated_at":"2022-09-29T19:45:01.409Z","artwork_name":"Civil War Cannons","street_address":"1 Waterside Drive","location":"Town Point Park","artist":"Anonymous","hometown":"UNK","media":"Painted Cast Iron","category":"Artifact","credit":"City of Norfolk","y_coordinate":"36.84753959","x_coordinate":"-76.29470297","weblink":{"url":"https://www.downtownnorfolk.org/go/town-point-park"},"installation_date":"UNK","budget":"UNK",":@computed_region_x6fk_ihs5":"128",":@computed_region_b3ci_nw94":"128",":@computed_region_38t5_wna6":"128",":@computed_region_25t2_rbz7":"2943"}},
{"type":"Feature","geometry":{"type":"Point","coordinates":[-76.3028921,36.8830146]},"properties":{":id":"row-yhhm-hnnk.rqmn",":version":"rv-zsp3-x6nr_5gr3",":created_at":"2022-09-29T19:44:54.244Z",":updated_at":"2022-09-29T19:45:01.409Z","artwork_name":"Fire Station Mural","street_address":"1211 W 43rd Street","location":"Norfolk Fire Station #7","artist":"Aimee Bruce","hometown":"Brooklyn, NY","media":"acrylic paint","category":"Mural","credit":"Norfolk Arts","y_coordinate":"36.8830146","x_coordinate":"-76.3028921","weblink":{"url":"https://norfolkarts.net/artwork/community-responders/"},"installation_date":"5/31/2016","budget":"$10,000",":@computed_region_x6fk_ihs5":"48",":@computed_region_b3ci_nw94":"53",":@computed_region_38t5_wna6":"53",":@computed_region_25t2_rbz7":"2943"}},
{"type":"Feature","geometry":{"type":"Point","coordinates":[-76.286391,36.852112]},"properties":{":id":"row-xac8.bpx5-tv3z",":version":"rv-fkgw_2wse~rj5u",":created_at":"2022-09-29T19:44:54.244Z",":updated_at":"2022-09-29T19:45:01.409Z","artwork_name":"Space Form","street_address":"215 St. Pauls Blvd","location":"Chrysler Hall","artist":"Victor A. Pickett","hometown":"Norfolk, VA","media":"stainless steel","category":"Sculpture","credit":"City of Norfolk","y_coordinate":"36.852112","x_coordinate":"-76.286391","weblink":{"url":"http://dc.lib.odu.edu/cdm/singleitem/collection/oduphotos/id/12010/rec/20"},"installation_date":"5/28/1905","budget":"UNK",":@computed_region_x6fk_ihs5":"22",":@computed_region_b3ci_nw94":"26",":@computed_region_38t5_wna6":"26",":@computed_region_25t2_rbz7":"2943"}},
{"type":"Feature","geometry":{"type":"Point","coordinates":[-76.2866417,36.8607328]},"properties":{":id":"row-nt3r~iwry.ymps",":version":"rv-k6mj.f4ta~5b2r",":created_at":"2022-09-29T19:44:54.244Z",":updated_at":"2022-09-29T19:45:01.409Z","artwork_name":"Porous","street_address":"Monticello and Charlotte","location":"Monticello Avenue light rail station","artist":"In Plain Sight","hometown":"Norfolk, VA","media":"fused artwork onto tempered glass panels","category":"Installation","credit":"Norfolk Arts","y_coordinate":"36.8607328","x_coordinate":"-76.2866417","weblink":{"url":"https://norfolkarts.net/artwork/porous/"},"installation_date":"8/31/2011","budget":"$10,000",":@computed_region_x6fk_ihs5":"128",":@computed_region_b3ci_nw94":"128",":@computed_region_38t5_wna6":"128",":@computed_region_25t2_rbz7":"2943"}},
{"type":"Feature","geometry":{"type":"Point","coordinates":[-76.202461,36.904313]},"properties":{":id":"row-gukt_s8jj.366c",":version":"rv-bggh.v4n9~dyhi",":created_at":"2022-09-29T19:44:54.244Z",":updated_at":"2022-09-29T19:45:01.409Z","artwork_name":"Kingfishers","street_address":"6700 Azalea Garden Road","location":"Norfolk Botanical Garden","artist":"David Turner","hometown":"Long Island City, NY","media":"bronze","category":"Sculpture","credit":"Norfolk Botanical Garden","y_coordinate":"36.904313","x_coordinate":"-76.202461","weblink":{"url":"https://norfolkbotanicalgarden.org/explore/art-in-the-garden/"},"installation_date":"9/7/2000","budget":"UNK",":@computed_region_x6fk_ihs5":"128",":@computed_region_b3ci_nw94":"128",":@computed_region_38t5_wna6":"128",":@computed_region_25t2_rbz7":"2943"}},
{"type":"Feature","geometry":{"type":"Point","coordinates":[-76.2892895,36.8490184]},"properties":{":id":"row-wyfm_wnvp_fszy",":version":"rv-6hxd~vyv6_jkdw",":created_at":"2022-09-29T19:44:54.244Z",":updated_at":"2022-09-29T19:45:01.409Z","artwork_name":"Eyes","street_address":"500 City Hall Ave.","location":"MacArthur North Garage","artist":"John Rudel","hometown":"Madison Heights, MI","media":"Metal, aluminum, wood","category":"Mobile","credit":"Norfolk Arts","y_coordinate":"36.8490184","x_coordinate":"-76.2892895","weblink":{"url":"https://norfolkarts.net/artwork/eyes/"},"installation_date":"10/31/2011","budget":"$10,000",":@computed_region_x6fk_ihs5":"22",":@computed_region_b3ci_nw94":"26",":@computed_region_38t5_wna6":"26",":@computed_region_25t2_rbz7":"2943"}},
{"type":"Feature","geometry":{"type":"Point","coordinates":[-76.202461,36.904313]},"properties":{":id":"row-ps6s-cvzs-r39f",":version":"rv-q3di.8bqb-ua9g",":created_at":"2022-09-29T19:44:54.244Z",":updated_at":"2022-09-29T19:45:01.409Z","artwork_name":"Fish","street_address":"6700 Azalea Garden Road","location":"Norfolk Botanical Gardens","artist":"David & William Turner","hometown":"Ashville, NC","media":"cast bronze","category":"Sculpture","credit":"Norfolk Botanical Garden","y_coordinate":"36.904313","x_coordinate":"-76.202461","weblink":{"url":"https://norfolkbotanicalgarden.org/explore/art-in-the-garden/"},"installation_date":"1/1/2000","budget":"UNK",":@computed_region_x6fk_ihs5":"128",":@computed_region_b3ci_nw94":"128",":@computed_region_38t5_wna6":"128",":@computed_region_25t2_rbz7":"2943"}},
{"type":"Feature","geometry":{"type":"Point","coordinates":[-76.202461,36.904313]},"properties":{":id":"row-pwsw_mm2y.2zki",":version":"rv-4se4.2ckq.ktrj",":created_at":"2022-09-29T19:44:54.244Z",":updated_at":"2022-09-29T19:45:01.409Z","artwork_name":"Pelican","street_address":"6700 Azalea Garden Road","location":"Norfolk Botanical Gardens","artist":"David & William Turner","hometown":"Charlotte, NC","media":"cast bronze","category":"Sculpture","credit":"Norfolk Botanical Garden","y_coordinate":"36.904313","x_coordinate":"-76.202461","weblink":{"url":"https://norfolkbotanicalgarden.org/explore/art-in-the-garden/"},"installation_date":"9/7/2000","budget":"UNK",":@computed_region_x6fk_ihs5":"128",":@computed_region_b3ci_nw94":"128",":@computed_region_38t5_wna6":"128",":@computed_region_25t2_rbz7":"2943"}},
{"type":"Feature","geometry":{"type":"Point","coordinates":[-76.2294209,36.9016045]},"properties":{":id":"row-zyt3_q6d9_7x6z",":version":"rv-jkv6-uhe8-eum3",":created_at":"2022-09-29T19:44:54.244Z",":updated_at":"2022-09-29T19:45:01.409Z","artwork_name":"Literature Progression","street_address":"6700 East Tanners Creek Drive","location":"Barron Black Library","artist":"Diana Caramat","hometown":"Richmond, VA","media":"Aluminum","category":"Relief","credit":"Norfolk Arts","y_coordinate":"36.9016045","x_coordinate":"-76.2294209","weblink":{"url":"https://norfolkarts.net/artwork/literature-progression/"},"installation_date":"7/31/2012","budget":"$10,000",":@computed_region_x6fk_ihs5":"128",":@computed_region_b3ci_nw94":"128",":@computed_region_38t5_wna6":"128",":@computed_region_25t2_rbz7":"2943"}},
{"type":"Feature","geometry":{"type":"Point","coordinates":[-76.2771712,36.8766939]},"properties":{":id":"row-93s6-md4i.r9id",":version":"rv-ew2n_v4vt.jted",":created_at":"2022-09-29T19:44:54.244Z",":updated_at":"2022-09-29T19:45:01.409Z","artwork_name":"All Things Within All Things","street_address":"3500 Granby Street","location":"Entrance of Virginia Zoo","artist":"Matthew Gray Palmer","hometown":"Accomack County, VA","media":"laser cut aluminum","category":"Sculpture","credit":"Norfolk Arts","y_coordinate":"36.8766939","x_coordinate":"-76.2771712","weblink":{"url":"https://norfolkarts.net/artwork/all-things-within-all-things/"},"installation_date":"1/16/2010","budget":"$104,000",":@computed_region_x6fk_ihs5":"128",":@computed_region_b3ci_nw94":"128",":@computed_region_38t5_wna6":"128",":@computed_region_25t2_rbz7":"2943"}},
{"type":"Feature","geometry":{"type":"Point","coordinates":[-76.290324,36.84669996]},"properties":{":id":"row-d2gs_6jp5-69zv",":version":"rv-82em_5dyk-5mha",":created_at":"2022-09-29T19:44:54.244Z",":updated_at":"2022-09-29T19:45:01.409Z","artwork_name":"Teacher","street_address":"208 East Plume Street","location":"Slover Library Lower Level outside elevator","artist":"David Joyce","hometown":"Norfolk, VA","media":"Digital Photography","category":"Photography","credit":"City of Norfolk","y_coordinate":"36.84669996","x_coordinate":"-76.290324","weblink":{"url":"http://www.sloverlibrary.com/"},"installation_date":"UNK","budget":"UNK",":@computed_region_x6fk_ihs5":"22",":@computed_region_b3ci_nw94":"26",":@computed_region_38t5_wna6":"26",":@computed_region_25t2_rbz7":"2943"}},
{"type":"Feature","geometry":{"type":"Point","coordinates":[-76.278042,36.844006]},"properties":{":id":"row-442h-5xc3.y3c5",":version":"rv-vdqs_hd4p~98ik",":created_at":"2022-09-29T19:44:54.244Z",":updated_at":"2022-09-29T19:45:01.409Z","artwork_name":"Stealth Reef","street_address":"280 Park Ave","location":"Amtrak Station","artist":"rhiza A+ D","hometown":"UNK","media":"aluminum","category":"Sculpture","credit":"Norfolk Arts","y_coordinate":"36.844006","x_coordinate":"-76.278042","weblink":{"url":"https://norfolkarts.net/artwork/harboring-histories/"},"installation_date":"2/28/2015","budget":"$66,666",":@computed_region_x6fk_ihs5":"128",":@computed_region_b3ci_nw94":"128",":@computed_region_38t5_wna6":"128",":@computed_region_25t2_rbz7":"2943"}},
{"type":"Feature","geometry":{"type":"Point","coordinates":[-76.213126,36.84146]},"properties":{":id":"row-u8i5.nv8x_9igi",":version":"rv-xjw3_gji6_mqay",":created_at":"2022-09-29T19:44:54.244Z",":updated_at":"2022-09-29T19:45:01.409Z","artwork_name":"Camouflaged Tides","street_address":"Military Highway at I-264","location":"Military Highway Station","artist":"Peter Geiger","hometown":"Norfolk, VA","media":"resin","category":"Installation","credit":"Norfolk Arts","y_coordinate":"36.84146","x_coordinate":"-76.213126","weblink":{"url":"https://norfolkarts.net/artwork/ebb-flow/"},"installation_date":"4/29/2009","budget":"$10,000",":@computed_region_x6fk_ihs5":"128",":@computed_region_b3ci_nw94":"128",":@computed_region_38t5_wna6":"128",":@computed_region_25t2_rbz7":"2943"}},
{"type":"Feature","geometry":{"type":"Point","coordinates":[-76.202461,36.904313]},"properties":{":id":"row-xag8-emxn~tsry",":version":"rv-fbvc.rjp8_sv77",":created_at":"2022-09-29T19:44:54.244Z",":updated_at":"2022-09-29T19:45:01.409Z","artwork_name":"Frog","street_address":"6700 Azalea Garden Road","location":"Norfolk Botanical Gardens","artist":"David & William Turner","hometown":"Washington, DC","media":"cast bronze","category":"Sculpture","credit":"Norfolk Botanical Garden","y_coordinate":"36.904313","x_coordinate":"-76.202461","weblink":{"url":"https://norfolkbotanicalgarden.org/explore/art-in-the-garden/"},"installation_date":"9/7/2000","budget":"UNK",":@computed_region_x6fk_ihs5":"128",":@computed_region_b3ci_nw94":"128",":@computed_region_38t5_wna6":"128",":@computed_region_25t2_rbz7":"2943"}},
{"type":"Feature","geometry":{"type":"Point","coordinates":[-76.28922656,36.856319]},"properties":{":id":"row-a29q.neth~b9p8",":version":"rv-svd9~pgx6~bn2n",":created_at":"2022-09-29T19:44:54.244Z",":updated_at":"2022-09-29T19:45:01.409Z","artwork_name":"Labor of Love","street_address":"128 W Olney Rd","location":"Glass Wheel Studio","artist":"Hannah Kirkpatrick","hometown":"Hampton, VA","media":"neon","category":"Relief","credit":"Downtown Norfolk Council","y_coordinate":"36.856319","x_coordinate":"-76.28922656","weblink":{"url":"http://neonnfk.com/public-art/labor-of-love/"},"installation_date":"7/7/1905","budget":"UNK",":@computed_region_x6fk_ihs5":"22",":@computed_region_b3ci_nw94":"26",":@computed_region_38t5_wna6":"26",":@computed_region_25t2_rbz7":"2943"}},
{"type":"Feature","geometry":{"type":"Point","coordinates":[-76.202461,36.904313]},"properties":{":id":"row-snkd~6w74-cfmw",":version":"rv-sxms_6kjv.bg46",":created_at":"2022-09-29T19:44:54.244Z",":updated_at":"2022-09-29T19:45:01.409Z","artwork_name":"Durer","street_address":"6700 Azalea Garden Road","location":"Norfolk Botanical Gardens","artist":"Moses Ezekiel","hometown":"Norfolk, VA","media":"Marble","category":"Sculpture","credit":"Norfolk Botanical Garden","y_coordinate":"36.904313","x_coordinate":"-76.202461","weblink":{"url":"https://norfolkbotanicalgarden.org/explore/art-in-the-garden/"},"installation_date":"10/1/2016","budget":"UNK",":@computed_region_x6fk_ihs5":"128",":@computed_region_b3ci_nw94":"128",":@computed_region_38t5_wna6":"128",":@computed_region_25t2_rbz7":"2943"}},
{"type":"Feature","geometry":{"type":"Point","coordinates":[-76.202461,36.904313]},"properties":{":id":"row-b5c5-62ye_85vv",":version":"rv-g7n5-t6ra~gne6",":created_at":"2022-09-29T19:44:54.244Z",":updated_at":"2022-09-29T19:45:01.409Z","artwork_name":"Titian","street_address":"6700 Azalea Garden Road","location":"Norfolk Botanical Garden","artist":"Moses Ezekiel","hometown":"Virginia Beach, VA","media":"Marble","category":"Sculpture","credit":"Norfolk Botanical Garden","y_coordinate":"36.904313","x_coordinate":"-76.202461","weblink":{"url":"https://norfolkbotanicalgarden.org/explore/art-in-the-garden/"},"installation_date":"10/1/2016","budget":"UNK",":@computed_region_x6fk_ihs5":"128",":@computed_region_b3ci_nw94":"128",":@computed_region_38t5_wna6":"128",":@computed_region_25t2_rbz7":"2943"}},
{"type":"Feature","geometry":{"type":"Point","coordinates":[-76.2124,36.93502]},"properties":{":id":"row-gn5k.4su4.6uye",":version":"rv-fpej-kf2a-pzbb",":created_at":"2022-09-29T19:44:54.244Z",":updated_at":"2022-09-29T19:45:01.409Z","artwork_name":"Dialogue","street_address":"2413 E Ocean View Blvd","location":"Bay Oaks Park","artist":"Ride Art Studio","hometown":"Berkeley, CA","media":"Stainless Steel","category":"Sculpture","credit":"City of Norfolk","y_coordinate":"36.93502","x_coordinate":"-76.2124","weblink":{"url":"https://norfolkarts.net/artwork/bay-oaks-park-coming-2021/"},"installation_date":"5/7/2022","budget":"125,000",":@computed_region_x6fk_ihs5":"25",":@computed_region_b3ci_nw94":"32",":@computed_region_38t5_wna6":"32",":@computed_region_25t2_rbz7":"2943"}},
{"type":"Feature","geometry":{"type":"Point","coordinates":[-76.2883186,36.8512419]},"properties":{":id":"row-s6ez_6n7g.9qpw",":version":"rv-mukf-cgyj-s4n8",":created_at":"2022-09-29T19:44:54.244Z",":updated_at":"2022-09-29T19:45:01.409Z","artwork_name":"Tide O Scope","street_address":"Monticello Avenue near Charlotte and Freemason streets near the Wells Fargo Center.","location":"Monticello Avenue light rail station","artist":"InSite Keith Oliver","hometown":"Norfolk, VA","media":"ceramic","category":"Pavement Medallion","credit":"Norfolk Arts","y_coordinate":"36.8512419","x_coordinate":"-76.2883186","weblink":{"url":"https://norfolkarts.net/artwork/tide-o-scope/"},"installation_date":"8/31/2011","budget":"$10,000",":@computed_region_x6fk_ihs5":"22",":@computed_region_b3ci_nw94":"26",":@computed_region_38t5_wna6":"26",":@computed_region_25t2_rbz7":"2943"}},
{"type":"Feature","geometry":{"type":"Point","coordinates":[-76.28728484,36.846011]},"properties":{":id":"row-duux-jj5j~weuh",":version":"rv-uxkg-aw88-mc72",":created_at":"2022-09-29T19:44:54.244Z",":updated_at":"2022-09-29T19:45:01.409Z","artwork_name":"Schoolgirl","street_address":"520 E Main Street Suite B 23510","location":"Human Resources Training Facility","artist":"David Joyce","hometown":"Accomack County, VA","media":"Digital Photography","category":"Photography","credit":"City of Norfolk","y_coordinate":"36.846011","x_coordinate":"-76.28728484","weblink":{"url":"https://norfolkarts.net/public-art/"},"installation_date":"UNK","budget":"UNK",":@computed_region_x6fk_ihs5":"22",":@computed_region_b3ci_nw94":"26",":@computed_region_38t5_wna6":"26",":@computed_region_25t2_rbz7":"2943"}},
{"type":"Feature","geometry":{"type":"Point","coordinates":[-76.2786777,36.8425884]},"properties":{":id":"row-zp6g~9h7f_8imj",":version":"rv-vgfp.ir65_hw9j",":created_at":"2022-09-29T19:44:54.244Z",":updated_at":"2022-09-29T19:45:01.409Z","artwork_name":"Sailing With The Tides","street_address":"Park Ave near Holt Street","location":"Harbor Park Station","artist":"Abby Silver","hometown":"UNK","media":"Installation","category":"Pavement Medallion","credit":"Norfolk Arts","y_coordinate":"36.8425884","x_coordinate":"-76.2786777","weblink":{"url":"https://norfolkarts.net/artwork/15896/"},"installation_date":"8/31/2011","budget":"$10,000",":@computed_region_x6fk_ihs5":"128",":@computed_region_b3ci_nw94":"128",":@computed_region_38t5_wna6":"128",":@computed_region_25t2_rbz7":"2943"}},
{"type":"Feature","geometry":{"type":"Point","coordinates":[-76.279224,36.854719]},"properties":{":id":"row-2xr6_6unj.8rsz",":version":"rv-vmbp-axqm_7ta6",":created_at":"2022-09-29T19:44:54.244Z",":updated_at":"2022-09-29T19:45:01.409Z","artwork_name":"Garden of Dreams","street_address":"700 E. Olney Road","location":"Church St. median and Vivian Mason Teen Center","artist":"Clayton Singleton","hometown":"Richmond, VA","media":"latex on aluminum","category":"Sculpture","credit":"Norfolk Arts","y_coordinate":"36.854719","x_coordinate":"-76.279224","weblink":{"url":"https://norfolkarts.net/artwork/garden-of-dreams/"},"installation_date":"1/31/2016","budget":"$10,000",":@computed_region_x6fk_ihs5":"128",":@computed_region_b3ci_nw94":"128",":@computed_region_38t5_wna6":"128",":@computed_region_25t2_rbz7":"2943"}},
{"type":"Feature","geometry":{"type":"Point","coordinates":[-76.29183,36.8778227]},"properties":{":id":"row-qki4_p3y5~ynkg",":version":"rv-hfp4~p9wn~n37n",":created_at":"2022-09-29T19:44:54.244Z",":updated_at":"2022-09-29T19:45:01.409Z","artwork_name":"35th Street Mural","street_address":"631 West 35th Street","location":"Venue on 35th Street","artist":"Susan Tolbert","hometown":"Norfolk, VA","media":"mosaic tile","category":"Mural","credit":"Norfolk Arts","y_coordinate":"36.8778227","x_coordinate":"-76.29183","weblink":{"url":"https://norfolkarts.net/artwork/35t8/31/12h-street-corridor/"},"installation_date":"8/31/2012","budget":"$10,000",":@computed_region_x6fk_ihs5":"72",":@computed_region_b3ci_nw94":"78",":@computed_region_38t5_wna6":"78",":@computed_region_25t2_rbz7":"2943"}},
{"type":"Feature","geometry":{"type":"Point","coordinates":[-76.288331,36.85499806]},"properties":{":id":"row-g6ch.j6yw.svwb",":version":"rv-x6g6_67p4.949q",":created_at":"2022-09-29T19:44:54.244Z",":updated_at":"2022-09-29T19:45:01.409Z","artwork_name":"Widow's Walk","street_address":"724 Granby St.","location":"NEON District","artist":"Mickael Broth and James Callahan","hometown":"Hampton, VA","media":"Aerosol and latex","category":"Mural","credit":"Downtown Norfolk Council","y_coordinate":"36.85499806","x_coordinate":"-76.288331","weblink":{"url":"http://neonnfk.com/public-art/widows-walk/"},"installation_date":"10/17/2015","budget":"UNK",":@computed_region_x6fk_ihs5":"22",":@computed_region_b3ci_nw94":"26",":@computed_region_38t5_wna6":"26",":@computed_region_25t2_rbz7":"2943"}},
{"type":"Feature","geometry":{"type":"Point","coordinates":[-76.2946195,36.8458112]},"properties":{":id":"row-zp65.xq2d~4za5",":version":"rv-di25.3bqp.wm2t",":created_at":"2022-09-29T19:44:54.244Z",":updated_at":"2022-09-29T19:45:01.409Z","artwork_name":"Armed Forces Memorial","street_address":"1 Waterside Drive","location":"Town Point Park","artist":"James Cutler & Maggie Smith","hometown":"Norfolk, VA","media":"Bronze","category":"Installation","credit":"City of Norfolk","y_coordinate":"36.8458112","x_coordinate":"-76.2946195","weblink":{"url":"https://norfolkarts.net/artwork/armed-forces-memorial/"},"installation_date":"7/1/1998","budget":"UNK",":@computed_region_x6fk_ihs5":"128",":@computed_region_b3ci_nw94":"128",":@computed_region_38t5_wna6":"128",":@computed_region_25t2_rbz7":"2943"}},
{"type":"Feature","geometry":{"type":"Point","coordinates":[-76.202461,36.904313]},"properties":{":id":"row-y7x2~ysjm.gr6n",":version":"rv-d23i.n7x6_rcuk",":created_at":"2022-09-29T19:44:54.244Z",":updated_at":"2022-09-29T19:45:01.409Z","artwork_name":"Spring: Iris","street_address":"6700 Azalea Garden Road","location":"Norfolk Botanical Garden","artist":"Unknown","hometown":"Norfolk, VA","media":"Marble","category":"Sculpture","credit":"Norfolk Botanical Garden","y_coordinate":"36.904313","x_coordinate":"-76.202461","weblink":{"url":"https://norfolkbotanicalgarden.org/explore/art-in-the-garden/"},"installation_date":"UNK","budget":"UNK",":@computed_region_x6fk_ihs5":"128",":@computed_region_b3ci_nw94":"128",":@computed_region_38t5_wna6":"128",":@computed_region_25t2_rbz7":"2943"}},
{"type":"Feature","geometry":{"type":"Point","coordinates":[-76.202461,36.904313]},"properties":{":id":"row-hjvb.q4iq.hb9v",":version":"rv-ydj4_7yuj~uhtv",":created_at":"2022-09-29T19:44:54.244Z",":updated_at":"2022-09-29T19:45:01.409Z","artwork_name":"Raphael","street_address":"6700 Azalea Garden Road","location":"Norfolk Botanical Garden","artist":"Moses Ezekiel","hometown":"Norfolk, VA","media":"marble","category":"Sculpture","credit":"Norfolk Botanical Garden","y_coordinate":"36.904313","x_coordinate":"-76.202461","weblink":{"url":"https://norfolkbotanicalgarden.org/explore/art-in-the-garden/"},"installation_date":"10/1/2016","budget":"UNK",":@computed_region_x6fk_ihs5":"128",":@computed_region_b3ci_nw94":"128",":@computed_region_38t5_wna6":"128",":@computed_region_25t2_rbz7":"2943"}},
{"type":"Feature","geometry":{"type":"Point","coordinates":[-76.29218754,36.855727]},"properties":{":id":"row-2wax~hcpw-ajpx",":version":"rv-477t.47ic~rsrd",":created_at":"2022-09-29T19:44:54.244Z",":updated_at":"2022-09-29T19:45:01.409Z","artwork_name":"Torch Bearers","street_address":"1 Memorial Place","location":"Chrysler Museum","artist":"Anna Hyatt Huntington","hometown":"Bainbridge Island, WA","media":"Cast aluminum","category":"Sculpture","credit":"Chrysler Museum","y_coordinate":"36.855727","x_coordinate":"-76.29218754","weblink":{"url":"https://www.downtownnorfolk.org/go/torchbearers"},"installation_date":"1953","budget":"UNK",":@computed_region_x6fk_ihs5":"128",":@computed_region_b3ci_nw94":"128",":@computed_region_38t5_wna6":"128",":@computed_region_25t2_rbz7":"2943"}},
{"type":"Feature","geometry":{"type":"Point","coordinates":[-76.259428,36.8236626]},"properties":{":id":"row-gr8b.rr63-dhtf",":version":"rv-zzh2_trvf_fi5p",":created_at":"2022-09-29T19:44:54.244Z",":updated_at":"2022-09-29T19:45:01.409Z","artwork_name":"Splasher of the Healing Waters","street_address":"1750 Campostella Road","location":"Southside Aquatic Center","artist":"Todji Kurtzman","hometown":"Virginia Beach, VA","media":"Bronze","category":"Sculpture","credit":"Norfolk Arts","y_coordinate":"36.8236626","x_coordinate":"-76.259428","weblink":{"url":"https://norfolkarts.net/artwork/splasher-of-the-healing-water/"},"installation_date":"10/26/2013","budget":"$78,750",":@computed_region_x6fk_ihs5":"128",":@computed_region_b3ci_nw94":"128",":@computed_region_38t5_wna6":"128",":@computed_region_25t2_rbz7":"2943"}},
{"type":"Feature","geometry":{"type":"Point","coordinates":[-76.29273,36.87501]},"properties":{":id":"row-nzuw.qcbk.unde",":version":"rv-9xmn.cwri.sb8z",":created_at":"2022-09-29T19:44:54.244Z",":updated_at":"2022-09-29T19:45:01.409Z","artwork_name":"A Place in Time","street_address":"2608 Gosnold Ave","location":"Munson Park","artist":"Mcall Studios","hometown":"Boise, ID","media":"Stainless Steel","category":"Sculpture","credit":"City of Norfolk","y_coordinate":"36.87501","x_coordinate":"-76.29273","weblink":{"url":"https://norfolkarts.net/artwork/place-in-time/"},"installation_date":"1/25/2020","budget":"80,000",":@computed_region_x6fk_ihs5":"72",":@computed_region_b3ci_nw94":"78",":@computed_region_38t5_wna6":"78",":@computed_region_25t2_rbz7":"2943"}},
{"type":"Feature","geometry":{"type":"Point","coordinates":[-76.2909428,36.8485727]},"properties":{":id":"row-ahdi~dx32~tr65",":version":"rv-vuuv.5rrs~xyj6",":created_at":"2022-09-29T19:44:54.244Z",":updated_at":"2022-09-29T19:45:01.409Z","artwork_name":"Ripples","street_address":"600 Granby Street","location":"Norfolk Federal Courthouse","artist":"Athena Tacha","hometown":"Seattle, WA","media":"White Concrete","category":"Installation","credit":"US General Services","y_coordinate":"36.8485727","x_coordinate":"-76.2909428","weblink":{"url":"https://norfolkarts.net/artwork/ripples/"},"installation_date":"1/1/1979","budget":"UNK",":@computed_region_x6fk_ihs5":"22",":@computed_region_b3ci_nw94":"26",":@computed_region_38t5_wna6":"26",":@computed_region_25t2_rbz7":"2943"}},
{"type":"Feature","geometry":{"type":"Point","coordinates":[-76.202461,36.904313]},"properties":{":id":"row-whq9_mv3w.rfm9",":version":"rv-rgvv-v2uq_i8df",":created_at":"2022-09-29T19:44:54.244Z",":updated_at":"2022-09-29T19:45:01.409Z","artwork_name":"Eagle & Chicks","street_address":"6700 Azalea Garden Road","location":"Norfolk Botanical Gardens","artist":"Anonymous","hometown":"Accomack County, VA","media":"Granite","category":"Sculpture","credit":"Norfolk Botanical Garden","y_coordinate":"36.904313","x_coordinate":"-76.202461","weblink":{"url":"https://norfolkbotanicalgarden.org/explore/art-in-the-garden/"},"installation_date":"1/1/1962","budget":"UNK",":@computed_region_x6fk_ihs5":"128",":@computed_region_b3ci_nw94":"128",":@computed_region_38t5_wna6":"128",":@computed_region_25t2_rbz7":"2943"}},
{"type":"Feature","geometry":{"type":"Point","coordinates":[-76.2896645,36.85139154]},"properties":{":id":"row-9nd5.5s52-r5yq",":version":"rv-pkuw_katn~8nxy",":created_at":"2022-09-29T19:44:54.244Z",":updated_at":"2022-09-29T19:45:01.409Z","artwork_name":"General Douglas MacArthur Wading Ashore at Inchon, Korea","street_address":"198 Bank Street","location":"Downtown Norfolk","artist":"Kyong Sung Kim","hometown":"Korea","media":"bronze","category":"Sculpture","credit":"MacArthur Fountation","y_coordinate":"36.85139154","x_coordinate":"-76.2896645","weblink":{"url":"http://www.macarthurmemorial.org/"},"installation_date":"6/1/1963","budget":"UNK",":@computed_region_x6fk_ihs5":"22",":@computed_region_b3ci_nw94":"26",":@computed_region_38t5_wna6":"26",":@computed_region_25t2_rbz7":"2943"}},
{"type":"Feature","geometry":{"type":"Point","coordinates":[-76.293007,36.8474593]},"properties":{":id":"row-gvek~h47m.xi27",":version":"rv-bema~z4f5_rv54",":created_at":"2022-09-29T19:44:54.244Z",":updated_at":"2022-09-29T19:45:01.409Z","artwork_name":"Norfolk Attractions","street_address":"135 West Plume Street","location":"Plume Street Garage","artist":"Jeannine Harkleroad","hometown":"Accomack County, VA","media":"fabric, wood, adhesive","category":"Mural","credit":"Norfolk Arts","y_coordinate":"36.8474593","x_coordinate":"-76.293007","weblink":{"url":"https://norfolkarts.net/artwork/norfolk-attractions/"},"installation_date":"6/30/2010","budget":"$10,000",":@computed_region_x6fk_ihs5":"22",":@computed_region_b3ci_nw94":"26",":@computed_region_38t5_wna6":"26",":@computed_region_25t2_rbz7":"2943"}},
{"type":"Feature","geometry":{"type":"Point","coordinates":[-76.2913259,36.8760442]},"properties":{":id":"row-f4xu~fqay~eixu",":version":"rv-pg53.hfnv_n2jf",":created_at":"2022-09-29T19:44:54.244Z",":updated_at":"2022-09-29T19:45:01.409Z","artwork_name":"Tree of Life","street_address":"606 W 29th Street","location":"Park Place Community Center","artist":"Barbara Kobylinska","hometown":"New York, NY","media":"ceramic","category":"Wall Relief","credit":"Norfolk Arts","y_coordinate":"36.8760442","x_coordinate":"-76.2913259","weblink":{"url":"https://norfolkarts.net/artwork/tree-of-life-2/"},"installation_date":"6/30/2014","budget":"$10,000",":@computed_region_x6fk_ihs5":"72",":@computed_region_b3ci_nw94":"78",":@computed_region_38t5_wna6":"78",":@computed_region_25t2_rbz7":"2943"}},
{"type":"Feature","geometry":{"type":"Point","coordinates":[-76.2794892,36.854544]},"properties":{":id":"row-wrvm.33hx.7dhc",":version":"rv-2fag.g4tp.ii6u",":created_at":"2022-09-29T19:44:54.244Z",":updated_at":"2022-09-29T19:45:01.409Z","artwork_name":"What's the Word?","street_address":"700 E Olney Road","location":"Vivian Mason Teen Center","artist":"Richard Ward","hometown":"Portland, OR","media":"dry-vit","category":"Mural","credit":"Norfolk Arts","y_coordinate":"36.854544","x_coordinate":"-76.2794892","weblink":{"url":"https://norfolkarts.net/artwork/teens-with-a-purpose/"},"installation_date":"7/1/2015","budget":"$10,000",":@computed_region_x6fk_ihs5":"128",":@computed_region_b3ci_nw94":"128",":@computed_region_38t5_wna6":"128",":@computed_region_25t2_rbz7":"2943"}},
{"type":"Feature","geometry":{"type":"Point","coordinates":[-76.29218754,36.855727]},"properties":{":id":"row-c8fw_6xn2-3ce7",":version":"rv-m2x2_p3ny_zgmt",":created_at":"2022-09-29T19:44:54.244Z",":updated_at":"2022-09-29T19:45:01.409Z","artwork_name":"Floor Kite XII","street_address":"1 Memorial Place","location":"Chrysler Museum","artist":"Jasha Green","hometown":"UNK","media":"Steel","category":"Sculpture","credit":"Chrysler Museum","y_coordinate":"36.855727","x_coordinate":"-76.29218754","weblink":{"url":"https://chrysler.emuseum.com/objects/24701/floor-kite-xii?ctx=d235675a-d0ad-40fc-8538-dc093443b07a&idx=1"},"installation_date":"6/1/1977","budget":"UNK",":@computed_region_x6fk_ihs5":"128",":@computed_region_b3ci_nw94":"128",":@computed_region_38t5_wna6":"128",":@computed_region_25t2_rbz7":"2943"}},
{"type":"Feature","geometry":{"type":"Point","coordinates":[-76.2946195,36.8458112]},"properties":{":id":"row-zhu4.8cen~upf2",":version":"rv-aw5y-r6h9-c3m4",":created_at":"2022-09-29T19:44:54.244Z",":updated_at":"2022-09-29T19:45:01.409Z","artwork_name":"Homecoming","street_address":"1 Waterside Drive","location":"Town Point Park","artist":"Stanley Bleifield","hometown":"Richmond, VA","media":"Bronze","category":"Sculpture","credit":"City of Norfolk","y_coordinate":"36.8458112","x_coordinate":"-76.2946195","weblink":{"url":"https://norfolkarts.net/artwork/homecoming/"},"installation_date":"1986","budget":"UNK",":@computed_region_x6fk_ihs5":"128",":@computed_region_b3ci_nw94":"128",":@computed_region_38t5_wna6":"128",":@computed_region_25t2_rbz7":"2943"}},
{"type":"Feature","geometry":{"type":"Point","coordinates":[-76.2408835,36.870238]},"properties":{":id":"row-5hzy-xvg4~xmv3",":version":"rv-fqb4~5jre_t9er",":created_at":"2022-09-29T19:44:54.244Z",":updated_at":"2022-09-29T19:45:01.409Z","artwork_name":"Enchanted Garden","street_address":"Palmyra Street","location":"Coleman Place Elementary","artist":"Garth Edwards","hometown":"St. Louis, MO","media":"aluminum","category":"Relief","credit":"Norfolk Arts","y_coordinate":"36.870238","x_coordinate":"-76.2408835","weblink":{"url":"https://norfolkarts.net/artwork/enchanted-garden/"},"installation_date":"9/13/2010","budget":"$104,000",":@computed_region_x6fk_ihs5":"18",":@computed_region_b3ci_nw94":"20",":@computed_region_38t5_wna6":"20",":@computed_region_25t2_rbz7":"2943"}},
{"type":"Feature","geometry":{"type":"Point","coordinates":[-76.2786777,36.8425884]},"properties":{":id":"row-hgu9_wi92~x6hv",":version":"rv-pw6p~yaxn_kmg6",":created_at":"2022-09-29T19:44:54.244Z",":updated_at":"2022-09-29T19:45:01.409Z","artwork_name":"The Pitch","street_address":"150 Park Ave","location":"Harbor Park","artist":"PACT","hometown":"UNK","media":"brushed aluminum","category":"Sculpture","credit":"Norfolk Arts","y_coordinate":"36.8425884","x_coordinate":"-76.2786777","weblink":{"url":"https://norfolkarts.net/artwork/the-pitch/"},"installation_date":"5/31/2016","budget":"$44,000",":@computed_region_x6fk_ihs5":"128",":@computed_region_b3ci_nw94":"128",":@computed_region_38t5_wna6":"128",":@computed_region_25t2_rbz7":"2943"}},
{"type":"Feature","geometry":{"type":"Point","coordinates":[-76.202461,36.904313]},"properties":{":id":"row-9cr3.xteu_95mv",":version":"rv-ehuw~4seu_pr4z",":created_at":"2022-09-29T19:44:54.244Z",":updated_at":"2022-09-29T19:45:01.409Z","artwork_name":"Rubens","street_address":"6700 Azalea Garden Road","location":"Norfolk Botanical Garden","artist":"Moses Ezekiel","hometown":"Eugene, OR","media":"Marble","category":"Sculpture","credit":"Norfolk Botanical Garden","y_coordinate":"36.904313","x_coordinate":"-76.202461","weblink":{"url":"https://norfolkbotanicalgarden.org/explore/art-in-the-garden/"},"installation_date":"10/1/2016","budget":"UNK",":@computed_region_x6fk_ihs5":"128",":@computed_region_b3ci_nw94":"128",":@computed_region_38t5_wna6":"128",":@computed_region_25t2_rbz7":"2943"}},
{"type":"Feature","geometry":{"type":"Point","coordinates":[-76.30768,36.86565]},"properties":{":id":"row-5qvf~jmj6.gycc",":version":"rv-5pe6_kdwz~y35t",":created_at":"2022-09-29T19:44:54.244Z",":updated_at":"2022-09-29T19:45:01.409Z","artwork_name":"Release the Kraken","street_address":"Raleigh and Claremont Ave","location":"Chelsea District","artist":"Larry Bage","hometown":"Norfolk, VA","media":"Steel and Recycled Materials","category":"Sculpture","credit":"City of Norfolk","y_coordinate":"36.86565","x_coordinate":"-76.30768","weblink":{"url":"https://norfolkarts.net/artwork/chelsea-elizabeth-river-trail/"},"installation_date":"3/7/2021","budget":"60,000",":@computed_region_x6fk_ihs5":"128",":@computed_region_b3ci_nw94":"128",":@computed_region_38t5_wna6":"128",":@computed_region_25t2_rbz7":"2943"}},
{"type":"Feature","geometry":{"type":"Point","coordinates":[-76.202461,36.904313]},"properties":{":id":"row-vzzk~z4z2.5szv",":version":"rv-2ipe.2v69~k4ch",":created_at":"2022-09-29T19:44:54.244Z",":updated_at":"2022-09-29T19:45:01.409Z","artwork_name":"Otter","street_address":"6700 Azalea Garden Road","location":"Norfolk Botanical Gardens","artist":"David and William Turner","hometown":"Hampton, VA","media":"cast bronze","category":"Sculpture","credit":"Norfolk Botanical Garden","y_coordinate":"36.904313","x_coordinate":"-76.202461","weblink":{"url":"https://norfolkbotanicalgarden.org/explore/art-in-the-garden/"},"installation_date":"9/7/2000","budget":"UNK",":@computed_region_x6fk_ihs5":"128",":@computed_region_b3ci_nw94":"128",":@computed_region_38t5_wna6":"128",":@computed_region_25t2_rbz7":"2943"}},
{"type":"Feature","geometry":{"type":"Point","coordinates":[-76.278042,36.844006]},"properties":{":id":"row-tyy2~whak~iazt",":version":"rv-shmk.u2au_5sz5",":created_at":"2022-09-29T19:44:54.244Z",":updated_at":"2022-09-29T19:45:01.409Z","artwork_name":"Signal Carrier","street_address":"280 Park Ave","location":"Amtrak Station","artist":"rhiza A + D","hometown":"Virginia Beach, VA","media":"steel","category":"Sculpture","credit":"Norfolk Arts","y_coordinate":"36.844006","x_coordinate":"-76.278042","weblink":{"url":"https://norfolkarts.net/artwork/harboring-histories/"},"installation_date":"2/28/2015","budget":"$66,666",":@computed_region_x6fk_ihs5":"128",":@computed_region_b3ci_nw94":"128",":@computed_region_38t5_wna6":"128",":@computed_region_25t2_rbz7":"2943"}},
{"type":"Feature","geometry":{"type":"Point","coordinates":[-76.2599619,36.9590162]},"properties":{":id":"row-cyjj~cwri.b6me",":version":"rv-rw6a-ctxn-hktn",":created_at":"2022-09-29T19:44:54.244Z",":updated_at":"2022-09-29T19:45:01.409Z","artwork_name":"The Propeller","street_address":"W. Ocean View Ave.","location":"Ocean View","artist":"US NAVY","hometown":"Richmond, VA","media":"Brass","category":"Artifact","credit":"Norfolk Arts","y_coordinate":"36.9590162","x_coordinate":"-76.2599619","weblink":{"url":"https://norfolkarts.net/artwork/uss-intrepid-propeller/"},"installation_date":"9/8/2012","budget":"UNK",":@computed_region_x6fk_ihs5":"98",":@computed_region_b3ci_nw94":"31",":@computed_region_38t5_wna6":"31",":@computed_region_25t2_rbz7":"2943"}},
{"type":"Feature","geometry":{"type":"Point","coordinates":[-76.277465,36.9115371]},"properties":{":id":"row-44nq~nkve~bnam",":version":"rv-v6f2-zie6_y4ae",":created_at":"2022-09-29T19:44:54.244Z",":updated_at":"2022-09-29T19:45:01.409Z","artwork_name":"Tree","street_address":"7300 Newport Ave","location":"Norfolk Fitness and Wellness Center","artist":"Anton Bakker","hometown":"Richmond, VA","media":"Cor-ten Steel","category":"Sculpture","credit":"Norfolk Arts","y_coordinate":"36.9115371","x_coordinate":"-76.277465","weblink":{"url":"https://norfolkarts.net/artwork/fractal-tree/"},"installation_date":"8/31/2015","budget":"$13,000 Donation to the City",":@computed_region_x6fk_ihs5":"128",":@computed_region_b3ci_nw94":"128",":@computed_region_38t5_wna6":"128",":@computed_region_25t2_rbz7":"2943"}},
{"type":"Feature","geometry":{"type":"Point","coordinates":[-76.202461,36.904313]},"properties":{":id":"row-v66c_a9uf-pjin",":version":"rv-rq78-fju2-3rqi",":created_at":"2022-09-29T19:44:54.244Z",":updated_at":"2022-09-29T19:45:01.409Z","artwork_name":"Goose","street_address":"6700 Azalea Garden Road","location":"Norfolk Botanical Gardens","artist":"David & William Turner","hometown":"Norfolk, VA","media":"cast bronze","category":"Sculpture","credit":"Norfolk Botanical Garden","y_coordinate":"36.904313","x_coordinate":"-76.202461","weblink":{"url":"https://norfolkbotanicalgarden.org/explore/art-in-the-garden/"},"installation_date":"9/7/2000","budget":"UNK",":@computed_region_x6fk_ihs5":"128",":@computed_region_b3ci_nw94":"128",":@computed_region_38t5_wna6":"128",":@computed_region_25t2_rbz7":"2943"}},
{"type":"Feature","geometry":{"type":"Point","coordinates":[-76.30365,36.90185]},"properties":{":id":"row-kgtj_6kev-itut",":version":"rv-vrmd_c557-s8hi",":created_at":"2022-09-29T19:44:54.244Z",":updated_at":"2022-09-29T19:45:01.409Z","artwork_name":"The Future is in the Margins","street_address":"6525 Hampton Blvd.","location":"Elizabeth River Trail Larchmont Library","artist":"Seed Pods, LLC","hometown":"Greenville, SC","media":"Corteen Steel and Resin","category":"Sculpture","credit":"Elizabeth River Trail and City of Norfolk","y_coordinate":"36.90185","x_coordinate":"-76.30365","weblink":{"url":"https://norfolkarts.net/artists/deedee-morrison/"},"installation_date":"10/25/2020","budget":"50,000",":@computed_region_x6fk_ihs5":"49",":@computed_region_b3ci_nw94":"54",":@computed_region_38t5_wna6":"54",":@computed_region_25t2_rbz7":"2943"}},
{"type":"Feature","geometry":{"type":"Point","coordinates":[-76.25216,36.95562]},"properties":{":id":"row-ur3i-sb5x_494e",":version":"rv-eji8.jxw4.kwu5",":created_at":"2022-09-29T19:44:54.244Z",":updated_at":"2022-09-29T19:45:01.409Z","artwork_name":"Cryshellis","street_address":"100 West Ocean View Ave","location":"Ocean View Beach Park","artist":"Eileen Gay","hometown":"Sparks, NV","media":"Fiber glass and glass mosaic","category":"Sculpture","credit":"Coastal VA Plein Air Society and City of Norfolk","y_coordinate":"36.95562","x_coordinate":"-76.25216","weblink":{"url":"https://norfolkarts.net/watch-a-video-of-the-dedication-10-30-21/"},"installation_date":"10/30/2021","budget":"50,000",":@computed_region_x6fk_ihs5":"69",":@computed_region_b3ci_nw94":"75",":@computed_region_38t5_wna6":"75",":@computed_region_25t2_rbz7":"2943"}},
{"type":"Feature","geometry":{"type":"Point","coordinates":[-76.28833061,36.85499806]},"properties":{":id":"row-utib~j9hc.x97a",":version":"rv-myrb~zzuc-2a4j",":created_at":"2022-09-29T19:44:54.244Z",":updated_at":"2022-09-29T19:45:01.409Z","artwork_name":"Glimpse","street_address":"724 Granby St.","location":"NEON District","artist":"Khalil Riddick","hometown":"Virginia Beach, VA","media":"aerosol and latex","category":"Mural","credit":"Downtown Norfolk Council","y_coordinate":"36.85499806","x_coordinate":"-76.28833061","weblink":{"url":"https://neonnfk.com/public-art/glimpse/"},"installation_date":"3/15/2017","budget":"$10,000",":@computed_region_x6fk_ihs5":"22",":@computed_region_b3ci_nw94":"26",":@computed_region_38t5_wna6":"26",":@computed_region_25t2_rbz7":"2943"}},
{"type":"Feature","geometry":{"type":"Point","coordinates":[-76.2599605,36.955338]},"properties":{":id":"row-4tv6~kgbv-k3ng",":version":"rv-55a2.nuii.u5aw",":created_at":"2022-09-29T19:44:54.244Z",":updated_at":"2022-09-29T19:45:01.409Z","artwork_name":"Birds of Every Feather","street_address":"350 Government Ave","location":"Ocean View Elementary","artist":"Marc Archambault","hometown":"Portland, OR","media":"stone","category":"Mural","credit":"Norfolk Arts","y_coordinate":"36.955338","x_coordinate":"-76.2599605","weblink":{"url":"https://norfolkarts.net/artwork/birds-of-every-feather/"},"installation_date":"7/20/2018","budget":"$10,000",":@computed_region_x6fk_ihs5":"69",":@computed_region_b3ci_nw94":"75",":@computed_region_38t5_wna6":"75",":@computed_region_25t2_rbz7":"2943"}},
{"type":"Feature","geometry":{"type":"Point","coordinates":[-76.2404275,36.8967386]},"properties":{":id":"row-r76x~9aqb.tgur",":version":"rv-xmn9~iy3u~eemm",":created_at":"2022-09-29T19:44:54.244Z",":updated_at":"2022-09-29T19:45:01.409Z","artwork_name":"Storyteller","street_address":"6380 Sewells Point Road","location":"Norview Community Center","artist":"Madeline Wiener","hometown":"Norfolk, VA","media":"Stone","category":"Installation","credit":"Norfolk Arts","y_coordinate":"36.8967386","x_coordinate":"-76.2404275","weblink":{"url":"https://norfolkarts.net/artwork/storyteller/"},"installation_date":"4/22/2010","budget":"$52,000",":@computed_region_x6fk_ihs5":"128",":@computed_region_b3ci_nw94":"128",":@computed_region_38t5_wna6":"128",":@computed_region_25t2_rbz7":"2943"}},
{"type":"Feature","geometry":{"type":"Point","coordinates":[-76.280262,36.8532167]},"properties":{":id":"row-id4k.uxix_qg7n",":version":"rv-rzmt-agam-i36q",":created_at":"2022-09-29T19:44:54.244Z",":updated_at":"2022-09-29T19:45:01.409Z","artwork_name":"Martin Luther King Memorial","street_address":"Church St at Brambleton Ave","location":"Memorial Plaza","artist":"Siska Aurand Landscape Architects","hometown":"Napa, CA","media":"Black Granite","category":"Sculpture","credit":"City of Norfolk","y_coordinate":"36.8532167","x_coordinate":"-76.280262","weblink":{"url":"https://www.downtownnorfolk.org/go/martin-luther-king-jr-memorial"},"installation_date":"1/1/2002","budget":"UNK",":@computed_region_x6fk_ihs5":"22",":@computed_region_b3ci_nw94":"26",":@computed_region_38t5_wna6":"26",":@computed_region_25t2_rbz7":"2943"}},
{"type":"Feature","geometry":{"type":"Point","coordinates":[-76.215005,36.897388]},"properties":{":id":"row-qyam-b7pn~zs5t",":version":"rv-mc2a-fxs4_6ice",":created_at":"2022-09-29T19:44:54.244Z",":updated_at":"2022-09-29T19:45:01.409Z","artwork_name":"The Navigator","street_address":"Azalea Garden Road and Norview Ave","location":"Norfolk International Airport","artist":"DKLA Design","hometown":"Santa Fe, NM","media":"Recycled Airplanes","category":"Sculpture","credit":"City of Norfolk","y_coordinate":"36.897388","x_coordinate":"-76.215005","weblink":{"url":"https://norfolkarts.net/artwork/airport-artwork/"},"installation_date":"6/6/2020","budget":"200,000",":@computed_region_x6fk_ihs5":"10",":@computed_region_b3ci_nw94":"10",":@computed_region_38t5_wna6":"10",":@computed_region_25t2_rbz7":"2943"}},
{"type":"Feature","geometry":{"type":"Point","coordinates":[-76.29218754,36.855727]},"properties":{":id":"row-826n-h9ej-jz9w",":version":"rv-gvjz~jyjv-95hv",":created_at":"2022-09-29T19:44:54.244Z",":updated_at":"2022-09-29T19:45:01.409Z","artwork_name":"Homage to Man Ray","street_address":"1 Memorial Place","location":"Chrysler Museum","artist":"John Henry","hometown":"Los Angeles, CA","media":"metal","category":"Sculpture","credit":"Chrysler Museum","y_coordinate":"36.855727","x_coordinate":"-76.29218754","weblink":{"url":"https://chrysler.emuseum.com/objects/57727/homage-to-man-ray?ctx=20876190-6fbb-4c01-9c1c-2960a2f13a2f&idx=0"},"installation_date":"7/1/1905","budget":"UNK",":@computed_region_x6fk_ihs5":"128",":@computed_region_b3ci_nw94":"128",":@computed_region_38t5_wna6":"128",":@computed_region_25t2_rbz7":"2943"}},
{"type":"Feature","geometry":{"type":"Point","coordinates":[-76.2788056,36.8631369]},"properties":{":id":"row-dc6z.eyed_y6mg",":version":"rv-2eyf-mq7x.ykmb",":created_at":"2022-09-29T19:44:54.244Z",":updated_at":"2022-09-29T19:45:01.409Z","artwork_name":"Ascension to a Higher State of Being","street_address":"700 Henry St. and Church St.","location":"Church St.","artist":"Ayokunle Odeleye","hometown":"Richmond, VA","media":"stainless steel and concrete","category":"Sculpture","credit":"Norfolk Arts","y_coordinate":"36.8631369","x_coordinate":"-76.2788056","weblink":{"url":"https://norfolkarts.net/artwork/ascension-to-a-higher-state-of-being-2/"},"installation_date":"11/11/2017","budget":"$150,000",":@computed_region_x6fk_ihs5":"128",":@computed_region_b3ci_nw94":"128",":@computed_region_38t5_wna6":"128",":@computed_region_25t2_rbz7":"2943"}},
{"type":"Feature","geometry":{"type":"Point","coordinates":[-76.2151663,36.8604144]},"properties":{":id":"row-34zh.5cqw.qjzy",":version":"rv-avne.y4br.gtym",":created_at":"2022-09-29T19:44:54.244Z",":updated_at":"2022-09-29T19:45:01.409Z","artwork_name":"The Real Superheros","street_address":"5585 Sabre Road","location":"Animal Care Facility","artist":"Mark Wroblewski","hometown":"France","media":"aerosol paint","category":"Mural","credit":"Norfolk Arts","y_coordinate":"36.8604144","x_coordinate":"-76.2151663","weblink":{"url":"https://norfolkarts.net/artwork/the-real-superheroes/"},"installation_date":"7/1/2013","budget":"$10,000",":@computed_region_x6fk_ihs5":"128",":@computed_region_b3ci_nw94":"128",":@computed_region_38t5_wna6":"128",":@computed_region_25t2_rbz7":"2943"}},
{"type":"Feature","geometry":{"type":"Point","coordinates":[-76.2900647,36.8468618]},"properties":{":id":"row-cyf5_pek2~eqbd",":version":"rv-dtf9_x2f4~7uj7",":created_at":"2022-09-29T19:44:54.244Z",":updated_at":"2022-09-29T19:45:01.409Z","artwork_name":"Book Migration","street_address":"300 Plume Street","location":"Plume Street","artist":"Anne Bosquet","hometown":"Portland, OR","media":"printed on aluminum","category":"Mural","credit":"Norfolk Arts","y_coordinate":"36.8468618","x_coordinate":"-76.2900647","weblink":{"url":"https://norfolkarts.net/artwork/book-migration-2/"},"installation_date":"8/31/2011","budget":"$12,000",":@computed_region_x6fk_ihs5":"22",":@computed_region_b3ci_nw94":"26",":@computed_region_38t5_wna6":"26",":@computed_region_25t2_rbz7":"2943"}},
{"type":"Feature","geometry":{"type":"Point","coordinates":[-76.28866229,36.85559292]},"properties":{":id":"row-ygqe~si9j_rki7",":version":"rv-r5rs_2ehn~qtug",":created_at":"2022-09-29T19:44:54.244Z",":updated_at":"2022-09-29T19:45:01.409Z","artwork_name":"27 Beecycles","street_address":"739 Granby St.","location":"NEON Arts District","artist":"Matt Lively","hometown":"Boulder, CO","media":"latex paint on MDO board","category":"Mural","credit":"Downtown Norfolk Council","y_coordinate":"36.85559292","x_coordinate":"-76.28866229","weblink":{"url":"https://neonnfk.com/public-art/27-beecycles/"},"installation_date":"10/1/2015","budget":"UNK",":@computed_region_x6fk_ihs5":"22",":@computed_region_b3ci_nw94":"26",":@computed_region_38t5_wna6":"26",":@computed_region_25t2_rbz7":"2943"}},
{"type":"Feature","geometry":{"type":"Point","coordinates":[-76.3040319,36.8818197]},"properties":{":id":"row-itam~wjet.jxuz",":version":"rv-3rzy_m6z8_agy2",":created_at":"2022-09-29T19:44:54.244Z",":updated_at":"2022-09-29T19:45:01.409Z","artwork_name":"Guiding Sails","street_address":"1251 W. 42nd St.","location":"Lambert's Point Community Center","artist":"Koryn Rolstad","hometown":"Richmond, VA","media":"painted metal","category":"Installation","credit":"Norfolk Arts","y_coordinate":"36.8818197","x_coordinate":"-76.3040319","weblink":{"url":"https://norfolkarts.net/artwork/guiding-sails/"},"installation_date":"10/31/2012","budget":"$52,000",":@computed_region_x6fk_ihs5":"48",":@computed_region_b3ci_nw94":"53",":@computed_region_38t5_wna6":"53",":@computed_region_25t2_rbz7":"2943"}},
{"type":"Feature","geometry":{"type":"Point","coordinates":[-76.2938282,36.8487236]},"properties":{":id":"row-v3av~x6bi.26cj",":version":"rv-yvfe~ky5z.hp9e",":created_at":"2022-09-29T19:44:54.244Z",":updated_at":"2022-09-29T19:45:01.409Z","artwork_name":"USS Norfolk Bell","street_address":"1 Waterside Drive","location":"Wisconsin Square","artist":"US Navy","hometown":"Baltimore, MD","media":"Bronze","category":"Artifact","credit":"City of Norfolk","y_coordinate":"36.8487236","x_coordinate":"-76.2938282","weblink":{"url":"https://norfolkarts.net/artwork/uss-norfolk-bell/"},"installation_date":"1/1/1975","budget":"UNK",":@computed_region_x6fk_ihs5":"32",":@computed_region_b3ci_nw94":"37",":@computed_region_38t5_wna6":"37",":@computed_region_25t2_rbz7":"2943"}},
{"type":"Feature","geometry":{"type":"Point","coordinates":[-76.3036051,36.860402]},"properties":{":id":"row-mzfu-cf5p~26hc",":version":"rv-s98s~w5dm-ij6u",":created_at":"2022-09-29T19:44:54.244Z",":updated_at":"2022-09-29T19:45:01.409Z","artwork_name":"Wind and Tide","street_address":"Ballentine Blvd at I-264","location":"Ballentine Light Rail Station","artist":"Knox Garvin","hometown":"Norfolk, VA","media":"laminated glass panels","category":"Installation","credit":"Norfolk Arts","y_coordinate":"36.860402","x_coordinate":"-76.3036051","weblink":{"url":"https://norfolkarts.net/artwork/16175/"},"installation_date":"8/31/2011","budget":"$10,000",":@computed_region_x6fk_ihs5":"33",":@computed_region_b3ci_nw94":"38",":@computed_region_38t5_wna6":"38",":@computed_region_25t2_rbz7":"2943"}},
{"type":"Feature","geometry":{"type":"Point","coordinates":[-76.2509107,36.9546116]},"properties":{":id":"row-2q32-4yd7~pekb",":version":"rv-8yra~hg5b~zztp",":created_at":"2022-09-29T19:44:54.244Z",":updated_at":"2022-09-29T19:45:01.409Z","artwork_name":"USS Antietem Anchor","street_address":"1 Waterside Drive","location":"Town Point Park","artist":"Anonymous","hometown":"Lexington, KY","media":"Iron","category":"Artifact","credit":"City of Norfolk","y_coordinate":"36.9546116","x_coordinate":"-76.2509107","weblink":{"url":"https://norfolkarts.net/artwork/uss-antietam-anchor/"},"installation_date":"10/16/1983","budget":"UNK",":@computed_region_x6fk_ihs5":"69",":@computed_region_b3ci_nw94":"75",":@computed_region_38t5_wna6":"75",":@computed_region_25t2_rbz7":"2943"}},
{"type":"Feature","geometry":{"type":"Point","coordinates":[-76.2886415,36.8472105]},"properties":{":id":"row-cdyx.6sgj~fuib",":version":"rv-dq9n-rzkp~5x8z",":created_at":"2022-09-29T19:44:54.244Z",":updated_at":"2022-09-29T19:45:01.409Z","artwork_name":"General Douglas MacArthur","street_address":"198 Bank Street","location":"MacArthur Memorial","artist":"Walter Hancock","hometown":"Accomack County, VA","media":"Bronze","category":"Sculpture","credit":"MacArthur Fountation","y_coordinate":"36.8472105","x_coordinate":"-76.2886415","weblink":{"url":"https://norfolkarts.net/artwork/general-douglas-macarthur/"},"installation_date":"4/18/1970","budget":"UNK",":@computed_region_x6fk_ihs5":"22",":@computed_region_b3ci_nw94":"26",":@computed_region_38t5_wna6":"26",":@computed_region_25t2_rbz7":"2943"}},
{"type":"Feature","geometry":{"type":"Point","coordinates":[-76.202461,36.904313]},"properties":{":id":"row-49j5.7z42~qewf",":version":"rv-q5rx~5m5i.3zsh",":created_at":"2022-09-29T19:44:54.244Z",":updated_at":"2022-09-29T19:45:01.409Z","artwork_name":"Eagle","street_address":"6700 Azalea Garden Road","location":"Norfolk Botanical Gardens","artist":"David & William Turner","hometown":"Newport News, VA","media":"cast bronze","category":"Sculpture","credit":"Norfolk Botanical Garden","y_coordinate":"36.904313","x_coordinate":"-76.202461","weblink":{"url":"https://norfolkbotanicalgarden.org/explore/art-in-the-garden/"},"installation_date":"10/15/2011","budget":"UNK",":@computed_region_x6fk_ihs5":"128",":@computed_region_b3ci_nw94":"128",":@computed_region_38t5_wna6":"128",":@computed_region_25t2_rbz7":"2943"}},
{"type":"Feature","geometry":{"type":"Point","coordinates":[-76.282247,36.861173]},"properties":{":id":"row-hswb-uxfv-jia5",":version":"rv-byx5_7qh8-vhev",":created_at":"2022-09-29T19:44:54.244Z",":updated_at":"2022-09-29T19:45:01.409Z","artwork_name":"Confederate Soldier Monument","street_address":"238 E Princess Anne Rd, Norfolk, VA 23510","location":"Elmwood Cemetery","artist":"William Couper","hometown":"Hampton, VA","media":"Bronze","category":"Sculpture","credit":"Confederate Soldier","y_coordinate":"36.861173","x_coordinate":"-76.282247","weblink":{"url":"https://norfolkarts.net/artwork/norfolk-confederate-soldier/"},"installation_date":"UNK","budget":"UNK",":@computed_region_x6fk_ihs5":"128",":@computed_region_b3ci_nw94":"128",":@computed_region_38t5_wna6":"128",":@computed_region_25t2_rbz7":"2943"}},
{"type":"Feature","geometry":{"type":"Point","coordinates":[-76.291046,36.853355]},"properties":{":id":"row-vfcr~ddje-v4b7",":version":"rv-p3dk_u6k6-nji4",":created_at":"2022-09-29T19:44:54.244Z",":updated_at":"2022-09-29T19:45:01.409Z","artwork_name":"Flyway","street_address":"215 West York Street","location":"York Street Garage","artist":"Laura Grant","hometown":"Cape Charles, VA","media":"latex murals","category":"Mural","credit":"Norfolk Arts","y_coordinate":"36.853355","x_coordinate":"-76.291046","weblink":{"url":"https://norfolkarts.net/artwork/flyway/"},"installation_date":"6/30/2010","budget":"$10,000",":@computed_region_x6fk_ihs5":"128",":@computed_region_b3ci_nw94":"128",":@computed_region_38t5_wna6":"128",":@computed_region_25t2_rbz7":"2943"}},
{"type":"Feature","geometry":{"type":"Point","coordinates":[-76.29133997,36.846124]},"properties":{":id":"row-kjsw_668p.8gaw",":version":"rv-qgxk_9bb7.n69p",":created_at":"2022-09-29T19:44:54.244Z",":updated_at":"2022-09-29T19:45:01.409Z","artwork_name":"Man with a Hat","street_address":"208 E Main Street, 23510","location":"HR Training Room","artist":"David Joyce","hometown":"Accomack County, VA","media":"Digital Photography","category":"Photography","credit":"City of Norfolk","y_coordinate":"36.846124","x_coordinate":"-76.29133997","weblink":{"url":"https://norfolkarts.net/public-art/"},"installation_date":"UNK","budget":"UNK",":@computed_region_x6fk_ihs5":"22",":@computed_region_b3ci_nw94":"26",":@computed_region_38t5_wna6":"26",":@computed_region_25t2_rbz7":"2943"}},
{"type":"Feature","geometry":{"type":"Point","coordinates":[-76.2400159,36.8548798]},"properties":{":id":"row-w7ti_q5s4.eref",":version":"rv-qprw~w2yk.f6qw",":created_at":"2022-09-29T19:44:54.244Z",":updated_at":"2022-09-29T19:45:01.409Z","artwork_name":"Portrait of a Neighborhood","street_address":"Ingleside and Mississippi Ave","location":"Ingleside Road Station","artist":"Governor's School for the Arts","hometown":"Virginia Beach, VA","media":"fused artwork between lexan","category":"Installation","credit":"Norfolk Arts","y_coordinate":"36.8548798","x_coordinate":"-76.2400159","weblink":{"url":"https://norfolkarts.net/artwork/portrait-of-a-neighborhood/"},"installation_date":"8/31/2011","budget":"$10,000",":@computed_region_x6fk_ihs5":"61",":@computed_region_b3ci_nw94":"70",":@computed_region_38t5_wna6":"70",":@computed_region_25t2_rbz7":"2943"}},
{"type":"Feature","geometry":{"type":"Point","coordinates":[-76.29165343,36.855491]},"properties":{":id":"row-jipx-b7px-9wip",":version":"rv-xgy3.ftur-8m5s",":created_at":"2022-09-29T19:44:54.244Z",":updated_at":"2022-09-29T19:45:01.409Z","artwork_name":"Lunar Bathing","street_address":"217 Grace St.","location":"NEON District","artist":"Sage","hometown":"Friday Harbor, WA","media":"aerosol","category":"Mural","credit":"Downtown Norfolk Council","y_coordinate":"36.855491","x_coordinate":"-76.29165343","weblink":{"url":"http://neonnfk.com/public-art/lunar-bathing/"},"installation_date":"7/6/1905","budget":"UNK",":@computed_region_x6fk_ihs5":"128",":@computed_region_b3ci_nw94":"128",":@computed_region_38t5_wna6":"128",":@computed_region_25t2_rbz7":"2943"}},
{"type":"Feature","geometry":{"type":"Point","coordinates":[-76.29133997,36.84612449]},"properties":{":id":"row-rw6h-ncfy_t2rx",":version":"rv-hb63-mjj8~4raz",":created_at":"2022-09-29T19:44:54.244Z",":updated_at":"2022-09-29T19:45:01.409Z","artwork_name":"Clouds","street_address":"208 E Main St Norfolk, VA 23510","location":"Selden Arcade","artist":"Maja Godlewska","hometown":"UNK","media":"paint and ink on metal mesh","category":"Mobile","credit":"Norfolk Arts","y_coordinate":"36.84612449","x_coordinate":"-76.29133997","weblink":{"url":"https://norfolkarts.net/artwork/clouds-removed/"},"installation_date":"1/1/2007","budget":"$10,000",":@computed_region_x6fk_ihs5":"22",":@computed_region_b3ci_nw94":"26",":@computed_region_38t5_wna6":"26",":@computed_region_25t2_rbz7":"2943"}},
{"type":"Feature","geometry":{"type":"Point","coordinates":[-76.2893914,36.8494557]},"properties":{":id":"row-8kg8-js8x~bpb3",":version":"rv-f4fc~cr84.tass",":created_at":"2022-09-29T19:44:54.244Z",":updated_at":"2022-09-29T19:45:01.409Z","artwork_name":"Norfolk 1851","street_address":"300 Monticelllo Ave","location":"south side of MacArthur Mall","artist":"Gregg LeFevre","hometown":"Birmingham, UK","media":"Bronze","category":"Mural","credit":"City of Norfolk","y_coordinate":"36.8494557","x_coordinate":"-76.2893914","weblink":{"url":"https://norfolkarts.net/about-norfolk-public-art/"},"installation_date":"UNK","budget":"UNK",":@computed_region_x6fk_ihs5":"22",":@computed_region_b3ci_nw94":"26",":@computed_region_38t5_wna6":"26",":@computed_region_25t2_rbz7":"2943"}},
{"type":"Feature","geometry":{"type":"Point","coordinates":[-76.2922252,36.8483403]},"properties":{":id":"row-y7a7.r3zw.riwu",":version":"rv-nyum_zcr4~es4x",":created_at":"2022-09-29T19:44:54.244Z",":updated_at":"2022-09-29T19:45:01.409Z","artwork_name":"Wind and Waves","street_address":"112  West City Hall Ave","location":"Boush Street Garage","artist":"Diane Husson","hometown":"New York, NY","media":"glazed ceramic","category":"Wall Relief","credit":"Norfolk Arts","y_coordinate":"36.8483403","x_coordinate":"-76.2922252","weblink":{"url":"https://norfolkarts.net/artwork/wind-waves/"},"installation_date":"6/30/2008","budget":"$10,000",":@computed_region_x6fk_ihs5":"22",":@computed_region_b3ci_nw94":"26",":@computed_region_38t5_wna6":"26",":@computed_region_25t2_rbz7":"2943"}}
] }
