{ "type": "FeatureCollection", "features": [
{"type":"Feature","geometry":{"type":"Point","coordinates":[-76.262207,36.923678]},"properties":{":id":"row-ffaz-dkrm-wjt9",":version":"rv-zirr_ne6v_pgcr",":created_at":"2019-08-20T12:51:30.666Z",":updated_at":"2019-08-20T12:51:31.403Z","genus":"Halesia","species":"diptera","common_name":"Two-winged silverbell","street_number":"8075","street_name":"West Glen Rd","site":"2P","delivered":"2018-12-12T00:00:00.000","completed":"2019-02-06T00:00:00.000","estimated_canopy_coverage":"706.5","source":"City Nursery","program_year":"2019",":@computed_region_x6fk_ihs5":"58",":@computed_region_b3ci_nw94":"65",":@computed_region_38t5_wna6":"65",":@computed_region_25t2_rbz7":"2943"}},
{"type":"Feature","geometry":{"type":"Point","coordinates":[-76.306143,36.915998]},"properties":{":id":"row-rim6.y3xe~re8t",":version":"rv-i7hi-xrb7.j3kw",":created_at":"2019-08-20T12:51:30.666Z",":updated_at":"2019-08-20T12:51:31.403Z","genus":"Taxodium","species":"distichum","common_name":"Bald cypress","street_number":"1625","street_name":"W. Little Creek Rd","site":"8P","delivered":"2018-12-07T00:00:00.000","completed":"2018-12-17T00:00:00.000","estimated_canopy_coverage":"490.873852","source":"City Nursery","program_year":"2019",":@computed_region_x6fk_ihs5":"63",":@computed_region_b3ci_nw94":"72",":@computed_region_38t5_wna6":"72",":@computed_region_25t2_rbz7":"2943"}},
{"type":"Feature","geometry":{"type":"Point","coordinates":[-76.270202,36.877699]},"properties":{":id":"row-5cev_39wa.g6xv",":version":"rv-s87f_4ftj~ndvr",":created_at":"2019-08-20T12:51:30.666Z",":updated_at":"2019-08-20T12:51:31.403Z","genus":"Cercis","species":"canadensis","common_name":"Redbud","street_number":"3031","street_name":"Luxemburg Ave","site":"3F","delivered":"2018-01-24T00:00:00.000","completed":"2018-01-26T00:00:00.000","estimated_canopy_coverage":"490.873852","source":"City Nursery","program_year":"2018",":@computed_region_x6fk_ihs5":"122",":@computed_region_b3ci_nw94":"122",":@computed_region_38t5_wna6":"122",":@computed_region_25t2_rbz7":"2943"}},
{"type":"Feature","geometry":{"type":"Point","coordinates":[-76.261554,36.870749]},"properties":{":id":"row-6sty~w66b_pszp",":version":"rv-7cge.vdgp~i7s5",":created_at":"2019-08-20T12:51:30.666Z",":updated_at":"2019-08-20T12:51:31.403Z","genus":"Quercus","species":"prinoides","common_name":"Dwarf chinquapin oak","street_number":"2400","street_name":"Shoop Ave","site":"6P","delivered":"2018-12-03T00:00:00.000","completed":"2018-12-14T00:00:00.000","estimated_canopy_coverage":"153.93804","source":"City Nursery","program_year":"2019",":@computed_region_x6fk_ihs5":"29",":@computed_region_b3ci_nw94":"29",":@computed_region_38t5_wna6":"29",":@computed_region_25t2_rbz7":"2943"}},
{"type":"Feature","geometry":null,"properties":{":id":"row-k7pi~2ug2_h5sh",":version":"rv-teg8_56sh~ay6g",":created_at":"2019-08-20T12:51:30.666Z",":updated_at":"2019-08-20T12:51:31.403Z","genus":"Diospyros","species":"virginiana","common_name":"Persimmon","street_number":"1599","street_name":"Premium Outlets Blvd","site":"12P","delivered":"2018-11-27T00:00:00.000","completed":"2018-01-10T00:00:00.000","estimated_canopy_coverage":"921","source":"City Nursery","program_year":"2019",":@computed_region_x6fk_ihs5":null,":@computed_region_b3ci_nw94":null,":@computed_region_38t5_wna6":null,":@computed_region_25t2_rbz7":null}},
{"type":"Feature","geometry":{"type":"Point","coordinates":[-76.300641,36.89142]},"properties":{":id":"row-bw23.r56h-8hps",":version":"rv-7f9k_exgn~kpys",":created_at":"2019-08-20T12:51:30.666Z",":updated_at":"2019-08-20T12:51:31.403Z","genus":"Quercus","species":"phellos","common_name":"Willow oak","street_number":"1145","street_name":"Bolling Ave","site":"14SC","delivered":"2017-12-06T00:00:00.000","completed":"2017-12-14T00:00:00.000","estimated_canopy_coverage":"1963.49541","source":"City Nursery","program_year":"2018",":@computed_region_x6fk_ihs5":"49",":@computed_region_b3ci_nw94":"54",":@computed_region_38t5_wna6":"54",":@computed_region_25t2_rbz7":"2943"}},
{"type":"Feature","geometry":{"type":"Point","coordinates":[-76.300641,36.89142]},"properties":{":id":"row-y325~z7ms.sh26",":version":"rv-cb9k~q2gq~mwdr",":created_at":"2019-08-20T12:51:30.666Z",":updated_at":"2019-08-20T12:51:31.403Z","genus":"Chionanthus","species":"virginicus","common_name":"White fringetree","street_number":"1145","street_name":"Bolling Ave","site":"1SC","delivered":"2017-12-04T00:00:00.000","completed":"2017-12-12T00:00:00.000","estimated_canopy_coverage":"176.714587","source":"City Nursery","program_year":"2018",":@computed_region_x6fk_ihs5":"49",":@computed_region_b3ci_nw94":"54",":@computed_region_38t5_wna6":"54",":@computed_region_25t2_rbz7":"2943"}},
{"type":"Feature","geometry":{"type":"Point","coordinates":[-76.22048,36.92472800000001]},"properties":{":id":"row-6be6-eh52-jj8u",":version":"rv-ii47_ppwp~3bag",":created_at":"2019-08-20T12:51:30.666Z",":updated_at":"2019-08-20T12:51:31.403Z","genus":"Quercus","species":"michauxii","common_name":"Swamp chestnut oak","street_number":"2100","street_name":"Tarrallton Dr","site":"2P","delivered":"2019-02-08T00:00:00.000","completed":"2019-02-28T00:00:00.000","estimated_canopy_coverage":"2826","source":"City Nursery","program_year":"2019",":@computed_region_x6fk_ihs5":"80",":@computed_region_b3ci_nw94":"85",":@computed_region_38t5_wna6":"85",":@computed_region_25t2_rbz7":"2943"}},
{"type":"Feature","geometry":{"type":"Point","coordinates":[-76.219121,36.901992]},"properties":{":id":"row-svvd~rnxq~9i2g",":version":"rv-gzz7_5zhx.6idi",":created_at":"2019-08-20T12:51:30.666Z",":updated_at":"2019-08-20T12:51:31.403Z","genus":"Cercis","species":"canadensis 'Merlot'","common_name":"Merlot redbud","street_number":"2000","street_name":"Colane Rd","site":"3S","delivered":"2017-12-04T00:00:00.000","completed":"2017-12-07T00:00:00.000","estimated_canopy_coverage":"490.873852","source":"City Nursery","program_year":"2018",":@computed_region_x6fk_ihs5":"54",":@computed_region_b3ci_nw94":"60",":@computed_region_38t5_wna6":"60",":@computed_region_25t2_rbz7":"2943"}},
{"type":"Feature","geometry":{"type":"Point","coordinates":[-76.261233,36.898625]},"properties":{":id":"row-vdna.rdcn_kebt",":version":"rv-d49p_2kaa.bcqh",":created_at":"2019-08-20T12:51:30.666Z",":updated_at":"2019-08-20T12:51:31.403Z","genus":"Lagerstroemia","species":"indica x fauriei 'Tuscarora'","common_name":"Tuscarora crape myrtle","street_number":"6432","street_name":"Otis Circle","site":"2F","delivered":"2017-12-28T00:00:00.000","completed":"2018-01-16T00:00:00.000","estimated_canopy_coverage":"314.159265","source":"Purchased","program_year":"2018",":@computed_region_x6fk_ihs5":"79",":@computed_region_b3ci_nw94":"84",":@computed_region_38t5_wna6":"84",":@computed_region_25t2_rbz7":"2943"}},
{"type":"Feature","geometry":{"type":"Point","coordinates":[-76.305401,36.895105]},"properties":{":id":"row-tjde.yc5d~hqm4",":version":"rv-efqg~js6e.4kbt",":created_at":"2019-08-20T12:51:30.666Z",":updated_at":"2019-08-20T12:51:31.403Z","genus":"Quercus","species":"laurifolia","common_name":"Laurel oak","street_number":"1312","street_name":"Magnolia Ave","site":"1F","delivered":"2018-01-26T00:00:00.000","completed":"2018-02-01T00:00:00.000","estimated_canopy_coverage":"2827.43339","source":"City Nursery","program_year":"2018",":@computed_region_x6fk_ihs5":"49",":@computed_region_b3ci_nw94":"54",":@computed_region_38t5_wna6":"54",":@computed_region_25t2_rbz7":"2943"}},
{"type":"Feature","geometry":{"type":"Point","coordinates":[-76.271342,36.964877]},"properties":{":id":"row-68xs.ktdn~zujx",":version":"rv-vvk9_w89d_vv5r",":created_at":"2019-08-20T12:51:30.666Z",":updated_at":"2019-08-20T12:51:31.403Z","genus":"Quercus","species":"virginiana","common_name":"Live oak","street_number":"773","street_name":"W. Ocean View Ave","site":"16M","delivered":"2019-02-07T00:00:00.000","completed":"2019-02-13T00:00:00.000","estimated_canopy_coverage":"6361.72512","source":"City Nursery","program_year":"2019",":@computed_region_x6fk_ihs5":"98",":@computed_region_b3ci_nw94":"31",":@computed_region_38t5_wna6":"31",":@computed_region_25t2_rbz7":null}},
{"type":"Feature","geometry":{"type":"Point","coordinates":[-76.282822,36.967113]},"properties":{":id":"row-5gr6_ua6t-i9gj",":version":"rv-t4vs-nuy3_iifi",":created_at":"2019-08-20T12:51:30.666Z",":updated_at":"2019-08-20T12:51:31.403Z","genus":"Taxodium","species":"distichum","common_name":"Bald cypress","street_number":"1131","street_name":"W. Ocean View Ave","site":"8M","delivered":"2019-01-02T00:00:00.000","completed":"2019-02-13T00:00:00.000","estimated_canopy_coverage":"490.873852","source":"City Nursery","program_year":"2019",":@computed_region_x6fk_ihs5":"98",":@computed_region_b3ci_nw94":"31",":@computed_region_38t5_wna6":"31",":@computed_region_25t2_rbz7":null}},
{"type":"Feature","geometry":{"type":"Point","coordinates":[-76.290134,36.87736]},"properties":{":id":"row-r43w_v9g3~c7g3",":version":"rv-c5a3.ekm7~6zgd",":created_at":"2019-08-20T12:51:30.666Z",":updated_at":"2019-08-20T12:51:31.403Z","genus":"Prunus","species":"yeodensis","common_name":"Yoshino cherry","street_number":"535","street_name":"34th St","site":"3M","delivered":"2017-12-12T00:00:00.000","completed":"2018-01-10T00:00:00.000","estimated_canopy_coverage":"1256.63706","source":"City Nursery","program_year":"2018",":@computed_region_x6fk_ihs5":"72",":@computed_region_b3ci_nw94":"78",":@computed_region_38t5_wna6":"78",":@computed_region_25t2_rbz7":"2943"}},
{"type":"Feature","geometry":{"type":"Point","coordinates":[-76.311348,36.895779]},"properties":{":id":"row-chrd~ehx8.3pxs",":version":"rv-3d5k_exut.xd3w",":created_at":"2019-08-20T12:51:30.666Z",":updated_at":"2019-08-20T12:51:31.403Z","genus":"Cercis","species":"canadensis 'Merlot'","common_name":"Merlot redbud","street_number":"5952","street_name":"Glenhaven Cres","site":"2F","delivered":"2018-11-21T00:00:00.000","completed":"2018-11-28T00:00:00.000","estimated_canopy_coverage":"490.873852","source":"City Nursery","program_year":"2019",":@computed_region_x6fk_ihs5":"49",":@computed_region_b3ci_nw94":"54",":@computed_region_38t5_wna6":"54",":@computed_region_25t2_rbz7":"2943"}},
{"type":"Feature","geometry":{"type":"Point","coordinates":[-76.304684,36.91159]},"properties":{":id":"row-7yif~pzax.q2qt",":version":"rv-p9ww-qzh3.ykg6",":created_at":"2019-08-20T12:51:30.666Z",":updated_at":"2019-08-20T12:51:31.403Z","genus":"Ostrya","species":"virginiana","common_name":"Hophornbeam","street_number":"7335","street_name":"Shirland Ave","site":"2F","delivered":"2017-10-26T00:00:00.000","completed":"2017-10-30T00:00:00.000","estimated_canopy_coverage":"706.858347","source":"City Nursery","program_year":"2018",":@computed_region_x6fk_ihs5":"53",":@computed_region_b3ci_nw94":"59",":@computed_region_38t5_wna6":"59",":@computed_region_25t2_rbz7":"2943"}},
{"type":"Feature","geometry":{"type":"Point","coordinates":[-76.306143,36.915998]},"properties":{":id":"row-mag2-rz82~g7yh",":version":"rv-yaki~deac~gu8i",":created_at":"2019-08-20T12:51:30.666Z",":updated_at":"2019-08-20T12:51:31.403Z","genus":"Taxodium","species":"distichum","common_name":"Bald cypress","street_number":"1625","street_name":"W. Little Creek Rd","site":"9P","delivered":"2018-12-07T00:00:00.000","completed":"2018-12-17T00:00:00.000","estimated_canopy_coverage":"490.873852","source":"City Nursery","program_year":"2019",":@computed_region_x6fk_ihs5":"63",":@computed_region_b3ci_nw94":"72",":@computed_region_38t5_wna6":"72",":@computed_region_25t2_rbz7":"2943"}},
{"type":"Feature","geometry":{"type":"Point","coordinates":[-76.291863,36.846137]},"properties":{":id":"row-s9xe-2kvc_6vbq",":version":"rv-hpjz~y2h4_mry5",":created_at":"2019-08-20T12:51:30.666Z",":updated_at":"2019-08-20T12:51:31.403Z","genus":"Gingko","species":"biloba","common_name":"Gingko","street_number":"109","street_name":"E Main St","site":"2S","delivered":"2017-12-11T00:00:00.000","completed":"2017-12-14T00:00:00.000","estimated_canopy_coverage":"490.873852","source":"Purchased","program_year":"2018",":@computed_region_x6fk_ihs5":"22",":@computed_region_b3ci_nw94":"26",":@computed_region_38t5_wna6":"26",":@computed_region_25t2_rbz7":"2943"}},
{"type":"Feature","geometry":{"type":"Point","coordinates":[-76.256241,36.831355]},"properties":{":id":"row-9i78.8wx3.sbmj",":version":"rv-t27i_c87y_cpns",":created_at":"2019-08-20T12:51:30.666Z",":updated_at":"2019-08-20T12:51:31.403Z","genus":"Ulmus","species":"americana 'Princeton'","common_name":"Princeton American elm","street_number":"2110","street_name":"E. Indian River Rd","site":"3M","delivered":"2019-02-07T00:00:00.000","completed":"2019-02-13T00:00:00.000","estimated_canopy_coverage":"1256.63706","source":"City Nursery","program_year":"2019",":@computed_region_x6fk_ihs5":"105",":@computed_region_b3ci_nw94":"105",":@computed_region_38t5_wna6":"105",":@computed_region_25t2_rbz7":"2943"}},
{"type":"Feature","geometry":{"type":"Point","coordinates":[-76.257431,36.870493]},"properties":{":id":"row-p4hf-3xq9_k44z",":version":"rv-ptnu_6y32.8kss",":created_at":"2019-08-20T12:51:30.666Z",":updated_at":"2019-08-20T12:51:31.403Z","genus":"Taxodium","species":"distichum 'Shawnee Brave'","common_name":"Shawnee Brave bald cypress","street_number":"2820","street_name":"Chesapeake Blvd","site":"32FL","delivered":"2018-01-31T00:00:00.000","completed":"2018-02-01T00:00:00.000","estimated_canopy_coverage":"490.873852","source":"City Nursery","program_year":"2018",":@computed_region_x6fk_ihs5":"3",":@computed_region_b3ci_nw94":"3",":@computed_region_38t5_wna6":"3",":@computed_region_25t2_rbz7":"2943"}},
{"type":"Feature","geometry":{"type":"Point","coordinates":[-76.18022,36.848987]},"properties":{":id":"row-ps83~wbnj_b3uh",":version":"rv-xv22_d4h6.uyjy",":created_at":"2019-08-20T12:51:30.666Z",":updated_at":"2019-08-20T12:51:31.403Z","genus":"Nyssa","species":"sylvatica","common_name":"Black tupelo","street_number":"701","street_name":"Newtown Rd","site":"8M","delivered":"2017-11-09T00:00:00.000","completed":"2017-11-15T00:00:00.000","estimated_canopy_coverage":"962.11275","source":"City Nursery","program_year":"2018",":@computed_region_x6fk_ihs5":"59",":@computed_region_b3ci_nw94":"66",":@computed_region_38t5_wna6":"66",":@computed_region_25t2_rbz7":"2951"}},
{"type":"Feature","geometry":{"type":"Point","coordinates":[-76.292833,36.879382]},"properties":{":id":"row-jswe~gwce.usnz",":version":"rv-7snt~kt5g_sxp4",":created_at":"2019-08-20T12:51:30.666Z",":updated_at":"2019-08-20T12:51:31.403Z","genus":"Ulmus","species":"alata","common_name":"Winged elm","street_number":"701","street_name":"37th St","site":"1F","delivered":"2019-01-15T00:00:00.000","completed":"2019-01-16T00:00:00.000","estimated_canopy_coverage":"1256","source":"City Nursery","program_year":"2019",":@computed_region_x6fk_ihs5":"46",":@computed_region_b3ci_nw94":"51",":@computed_region_38t5_wna6":"51",":@computed_region_25t2_rbz7":"2943"}},
{"type":"Feature","geometry":{"type":"Point","coordinates":[-76.300367,36.896737]},"properties":{":id":"row-gynm-84mm.bvnm",":version":"rv-6r2y~3qcr.kkm8",":created_at":"2019-08-20T12:51:30.666Z",":updated_at":"2019-08-20T12:51:31.403Z","genus":"Acer","species":"barbatum","common_name":"Florida maple","street_number":"1101","street_name":"Jamestown Cres","site":"3S","delivered":"2017-10-26T00:00:00.000","completed":"2017-10-31T00:00:00.000","estimated_canopy_coverage":"1256.63706","source":"City Nursery","program_year":"2018",":@computed_region_x6fk_ihs5":"49",":@computed_region_b3ci_nw94":"54",":@computed_region_38t5_wna6":"54",":@computed_region_25t2_rbz7":"2943"}},
{"type":"Feature","geometry":{"type":"Point","coordinates":[-76.298107,36.891868]},"properties":{":id":"row-hcku~9cue_hbk8",":version":"rv-gku8.4kc3-kpz8",":created_at":"2019-08-20T12:51:30.666Z",":updated_at":"2019-08-20T12:51:31.403Z","genus":"Quercus","species":"phellos","common_name":"Willow oak","street_number":"1027","street_name":"Bolling Ave","site":"6F","delivered":"2018-11-21T00:00:00.000","completed":"2018-11-28T00:00:00.000","estimated_canopy_coverage":"1963.49541","source":"City Nursery","program_year":"2019",":@computed_region_x6fk_ihs5":"49",":@computed_region_b3ci_nw94":"54",":@computed_region_38t5_wna6":"54",":@computed_region_25t2_rbz7":"2943"}},
{"type":"Feature","geometry":{"type":"Point","coordinates":[-76.233145,36.912859]},"properties":{":id":"row-wbap.fgix-d3mt",":version":"rv-dbhe.46st_y6pv",":created_at":"2019-08-20T12:51:30.666Z",":updated_at":"2019-08-20T12:51:31.403Z","genus":"Acer","species":"campestre 'Evelyn'","common_name":"Queen Elizabeth hedge maple","street_number":"1612","street_name":"Kingsway Rd","site":"1F","delivered":"2018-11-26T00:00:00.000","completed":"2018-12-13T00:00:00.000","estimated_canopy_coverage":"490.873852","source":"City Nursery","program_year":"2019",":@computed_region_x6fk_ihs5":"50",":@computed_region_b3ci_nw94":"56",":@computed_region_38t5_wna6":"56",":@computed_region_25t2_rbz7":"2943"}},
{"type":"Feature","geometry":{"type":"Point","coordinates":[-76.204217,36.87028]},"properties":{":id":"row-vauy_h8qe-xjrs",":version":"rv-rj6y_dvwz.qbns",":created_at":"2019-08-20T12:51:30.666Z",":updated_at":"2019-08-20T12:51:31.403Z","genus":"Magnolia","species":"virginiana","common_name":"Sweetbay magnolia","street_number":"1371","street_name":"Kempsville Rd","site":"1P","delivered":"2019-01-02T00:00:00.000","completed":"2019-01-04T00:00:00.000","estimated_canopy_coverage":"490.873852","source":"City Nursery","program_year":"2019",":@computed_region_x6fk_ihs5":"128",":@computed_region_b3ci_nw94":"128",":@computed_region_38t5_wna6":"128",":@computed_region_25t2_rbz7":"2943"}},
{"type":"Feature","geometry":{"type":"Point","coordinates":[-76.255706,36.883275]},"properties":{":id":"row-npp7_6dsj_cnyj",":version":"rv-xk29-vtgq.bn94",":created_at":"2019-08-20T12:51:30.666Z",":updated_at":"2019-08-20T12:51:31.403Z","genus":"Cercis","species":"canadensis 'Merlot'","common_name":"Merlot redbud","street_number":"3533","street_name":"Brest Ave","site":"3S","delivered":"2017-12-04T00:00:00.000","completed":"2017-12-06T00:00:00.000","estimated_canopy_coverage":"490.873852","source":"City Nursery","program_year":"2018",":@computed_region_x6fk_ihs5":"29",":@computed_region_b3ci_nw94":"29",":@computed_region_38t5_wna6":"29",":@computed_region_25t2_rbz7":"2943"}},
{"type":"Feature","geometry":{"type":"Point","coordinates":[-76.292785,36.849782]},"properties":{":id":"row-eeqt_bi9z-twbc",":version":"rv-dt7x.dsjm~b8pb",":created_at":"2019-08-20T12:51:30.666Z",":updated_at":"2019-08-20T12:51:31.403Z","genus":"Ulmus","species":"parvifolia 'Bosque'","common_name":"Bosque elm","street_number":"201","street_name":"W Tazewell St","site":"1S","delivered":"2017-11-22T00:00:00.000","completed":"2017-11-29T00:00:00.000","estimated_canopy_coverage":"706.858347","source":"Purchased","program_year":"2018",":@computed_region_x6fk_ihs5":"32",":@computed_region_b3ci_nw94":"37",":@computed_region_38t5_wna6":"37",":@computed_region_25t2_rbz7":"2943"}},
{"type":"Feature","geometry":{"type":"Point","coordinates":[-76.279323,36.911895]},"properties":{":id":"row-uqen~r88v~ag5q",":version":"rv-ncdm.b9tz.pfcr",":created_at":"2019-08-20T12:51:30.666Z",":updated_at":"2019-08-20T12:51:31.403Z","genus":"Quercus","species":"margarettae","common_name":"Sand post oak","street_number":"7300","street_name":"Newport Ave","site":"4B","delivered":"2018-01-10T00:00:00.000","completed":"2018-01-11T00:00:00.000","estimated_canopy_coverage":"706.858347","source":"City Nursery","program_year":"2018",":@computed_region_x6fk_ihs5":"94",":@computed_region_b3ci_nw94":"95",":@computed_region_38t5_wna6":"95",":@computed_region_25t2_rbz7":"2943"}},
{"type":"Feature","geometry":{"type":"Point","coordinates":[-76.289827,36.88181]},"properties":{":id":"row-jrje-8u9g~9yd9",":version":"rv-7w33.kinm.zh5z",":created_at":"2019-08-20T12:51:30.666Z",":updated_at":"2019-08-20T12:51:31.403Z","genus":"Sassafras","species":"albidum","common_name":"Sassafras","street_number":"4019","street_name":"Newport Ave","site":"1M","delivered":"2018-01-10T00:00:00.000","completed":"2018-02-06T00:00:00.000","estimated_canopy_coverage":"452.389342","source":"City Nursery","program_year":"2018",":@computed_region_x6fk_ihs5":"19",":@computed_region_b3ci_nw94":"21",":@computed_region_38t5_wna6":"21",":@computed_region_25t2_rbz7":"2943"}},
{"type":"Feature","geometry":{"type":"Point","coordinates":[-76.288056,36.845733]},"properties":{":id":"row-d2tt.sxs9.c9k8",":version":"rv-br3f_4jr4~fsb2",":created_at":"2019-08-20T12:51:30.666Z",":updated_at":"2019-08-20T12:51:31.403Z","genus":"Ilex","species":"x attenuata","common_name":"East Palatka holly","street_number":"500","street_name":"Main St","site":"1F","delivered":"2018-01-31T00:00:00.000","completed":"2018-02-01T00:00:00.000","estimated_canopy_coverage":"176.714587","source":"City Nursery","program_year":"2018",":@computed_region_x6fk_ihs5":"22",":@computed_region_b3ci_nw94":"26",":@computed_region_38t5_wna6":"26",":@computed_region_25t2_rbz7":"2943"}},
{"type":"Feature","geometry":{"type":"Point","coordinates":[-76.236249,36.937972]},"properties":{":id":"row-xsvm.yyzr.ji5f",":version":"rv-3t47-p9rd~ezxz",":created_at":"2019-08-20T12:51:30.666Z",":updated_at":"2019-08-20T12:51:31.403Z","genus":"Lagerstroemia","species":"indica x fauriei 'Natchez'","common_name":"Natchez crape myrtle","street_number":"9357","street_name":"Sturgis St","site":"2F","delivered":"2017-12-28T00:00:00.000","completed":"2018-02-21T00:00:00.000","estimated_canopy_coverage":"314.159265","source":"Purchased","program_year":"2018",":@computed_region_x6fk_ihs5":"103",":@computed_region_b3ci_nw94":"103",":@computed_region_38t5_wna6":"103",":@computed_region_25t2_rbz7":"2943"}},
{"type":"Feature","geometry":{"type":"Point","coordinates":[-76.220555,36.888923]},"properties":{":id":"row-7tsu.tknv.5pq3",":version":"rv-fu22_g4ri-p8jd",":created_at":"2019-08-20T12:51:30.666Z",":updated_at":"2019-08-20T12:51:31.403Z","genus":"Acer","species":"barbatum","common_name":"Florida maple","street_number":"3475","street_name":"Azalea Garden Rd","site":"1M","delivered":"2018-11-26T00:00:00.000","completed":"2018-11-29T00:00:00.000","estimated_canopy_coverage":"1256.63706","source":"City Nursery","program_year":"2019",":@computed_region_x6fk_ihs5":"64",":@computed_region_b3ci_nw94":"48",":@computed_region_38t5_wna6":"48",":@computed_region_25t2_rbz7":"2943"}},
{"type":"Feature","geometry":{"type":"Point","coordinates":[-76.276449,36.898322]},"properties":{":id":"row-nnp5-ry75~6bzb",":version":"rv-varu~b6n5~xfxs",":created_at":"2019-08-20T12:51:30.666Z",":updated_at":"2019-08-20T12:51:31.403Z","genus":"Quercus","species":"muehlenbergii","common_name":"Chinquapin oak","street_number":"134","street_name":"Beverly Ave","site":"1F","delivered":"2018-11-21T00:00:00.000","completed":"2018-12-12T00:00:00.000","estimated_canopy_coverage":"2826","source":"City Nursery","program_year":"2019",":@computed_region_x6fk_ihs5":"114",":@computed_region_b3ci_nw94":"115",":@computed_region_38t5_wna6":"115",":@computed_region_25t2_rbz7":"2943"}},
{"type":"Feature","geometry":{"type":"Point","coordinates":[-76.280953,36.842627]},"properties":{":id":"row-3px8_ns5r-ruyp",":version":"rv-a7kg~dpzu_ys58",":created_at":"2019-08-20T12:51:30.666Z",":updated_at":"2019-08-20T12:51:31.403Z","genus":"Cercis","species":"canadensis 'Merlot'","common_name":"Merlot redbud","street_number":"111","street_name":"Park Ave","site":"1SC","delivered":"2017-12-04T00:00:00.000","completed":"2018-02-05T00:00:00.000","estimated_canopy_coverage":"490.873852","source":"City Nursery","program_year":"2018",":@computed_region_x6fk_ihs5":"128",":@computed_region_b3ci_nw94":"128",":@computed_region_38t5_wna6":"128",":@computed_region_25t2_rbz7":"2943"}},
{"type":"Feature","geometry":{"type":"Point","coordinates":[-76.30154,36.857035]},"properties":{":id":"row-8jpw.jni3_wn8u",":version":"rv-myr8.p2g9_2s2h",":created_at":"2019-08-20T12:51:30.666Z",":updated_at":"2019-08-20T12:51:31.403Z","genus":"Nyssa","species":"sylvatica","common_name":"Black tupelo","street_number":"700","street_name":"Brambleton Ave","site":"11P","delivered":"2018-11-13T00:00:00.000","completed":"2018-11-16T00:00:00.000","estimated_canopy_coverage":"962.11275","source":"City Nursery","program_year":"2019",":@computed_region_x6fk_ihs5":"33",":@computed_region_b3ci_nw94":"38",":@computed_region_38t5_wna6":"38",":@computed_region_25t2_rbz7":"2943"}},
{"type":"Feature","geometry":{"type":"Point","coordinates":[-76.291774,36.862744]},"properties":{":id":"row-irdd_tn9a~445u",":version":"rv-i5uf-g8rt-ki27",":created_at":"2019-08-20T12:51:30.666Z",":updated_at":"2019-08-20T12:51:31.403Z","genus":"Quercus","species":"geminata","common_name":"Sand live oak","street_number":"1213","street_name":"Botetourt Gdns","site":"1M","delivered":"2018-12-07T00:00:00.000","completed":"2018-12-14T00:00:00.000","estimated_canopy_coverage":"2826","source":"City Nursery","program_year":"2019",":@computed_region_x6fk_ihs5":"34",":@computed_region_b3ci_nw94":"39",":@computed_region_38t5_wna6":"39",":@computed_region_25t2_rbz7":"2943"}},
{"type":"Feature","geometry":{"type":"Point","coordinates":[-76.264249,36.887922]},"properties":{":id":"row-ef77-ncic_6wk4",":version":"rv-3i2d-6ydg~nfcj",":created_at":"2019-08-20T12:51:30.666Z",":updated_at":"2019-08-20T12:51:31.403Z","genus":"Nyssa","species":"sylvatica","common_name":"Black tupelo","street_number":"1612","street_name":"Willow Wood Dr","site":"5P","delivered":"2017-12-13T00:00:00.000","completed":"2018-02-06T00:00:00.000","estimated_canopy_coverage":"962.11275","source":"City Nursery","program_year":"2018",":@computed_region_x6fk_ihs5":"122",":@computed_region_b3ci_nw94":"122",":@computed_region_38t5_wna6":"122",":@computed_region_25t2_rbz7":"2943"}},
{"type":"Feature","geometry":{"type":"Point","coordinates":[-76.255494,36.849314]},"properties":{":id":"row-6kzy-j2bs_naf6",":version":"rv-857f_fphw-7jt2",":created_at":"2019-08-20T12:51:30.666Z",":updated_at":"2019-08-20T12:51:31.403Z","genus":"Ostrya","species":"virginiana","common_name":"Hophornbeam","street_number":"2724","street_name":"Park Cres","site":"11P","delivered":"2017-11-16T00:00:00.000","completed":"2017-12-12T00:00:00.000","estimated_canopy_coverage":"706.858347","source":"City Nursery","program_year":"2018",":@computed_region_x6fk_ihs5":"56",":@computed_region_b3ci_nw94":"63",":@computed_region_38t5_wna6":"63",":@computed_region_25t2_rbz7":"2943"}},
{"type":"Feature","geometry":{"type":"Point","coordinates":[-76.249271,36.855109000000006]},"properties":{":id":"row-aru2-kfi8~22bi",":version":"rv-p3wp-gcr2_gcda",":created_at":"2019-08-20T12:51:30.666Z",":updated_at":"2019-08-20T12:51:31.403Z","genus":"Prunus","species":"cerasifera 'Krauter Vesuvius'","common_name":"Krauter Vesuvius purple leaf plum","street_number":"3220","street_name":"Woodland Ave","site":"1F","delivered":"2018-01-23T00:00:00.000","completed":"2018-01-25T00:00:00.000","estimated_canopy_coverage":"314.159265","source":"City Nursery","program_year":"2018",":@computed_region_x6fk_ihs5":"7",":@computed_region_b3ci_nw94":"7",":@computed_region_38t5_wna6":"7",":@computed_region_25t2_rbz7":"2943"}},
{"type":"Feature","geometry":{"type":"Point","coordinates":[-76.297809,36.857497]},"properties":{":id":"row-tkx5.7975_czj6",":version":"rv-ezdi-yq4q_sbh9",":created_at":"2019-08-20T12:51:30.666Z",":updated_at":"2019-08-20T12:51:31.403Z","genus":"Quercus","species":"geminata","common_name":"Sand live oak","street_number":"512","street_name":"Pembroke Ave","site":"1F","delivered":"2018-12-07T00:00:00.000","completed":"2018-12-14T00:00:00.000","estimated_canopy_coverage":"2826","source":"City Nursery","program_year":"2019",":@computed_region_x6fk_ihs5":"33",":@computed_region_b3ci_nw94":"38",":@computed_region_38t5_wna6":"38",":@computed_region_25t2_rbz7":"2943"}},
{"type":"Feature","geometry":{"type":"Point","coordinates":[-76.28801,36.863656]},"properties":{":id":"row-qqmr~gjzq.pbyf",":version":"rv-qtqb.kaav~pwzq",":created_at":"2019-08-20T12:51:30.666Z",":updated_at":"2019-08-20T12:51:31.403Z","genus":"Acer","species":"barbatum","common_name":"Florida maple","street_number":"200","street_name":"Shirley Ave","site":"3SC","delivered":"2018-01-22T00:00:00.000","completed":"2018-01-24T00:00:00.000","estimated_canopy_coverage":"1256.63706","source":"City Nursery","program_year":"2018",":@computed_region_x6fk_ihs5":"22",":@computed_region_b3ci_nw94":"26",":@computed_region_38t5_wna6":"26",":@computed_region_25t2_rbz7":"2943"}},
{"type":"Feature","geometry":{"type":"Point","coordinates":[-76.276495,36.903065]},"properties":{":id":"row-4ay5.dtu4.ki5h",":version":"rv-adif~jqv7.jr5b",":created_at":"2019-08-20T12:51:30.666Z",":updated_at":"2019-08-20T12:51:31.403Z","genus":"Styrax","species":"japonicus","common_name":"Japanese snowbell","street_number":"111","street_name":"Blake Rd","site":"2F","delivered":"2018-11-28T00:00:00.000","completed":"2018-12-12T00:00:00.000","estimated_canopy_coverage":"706.858347","source":"City Nursery","program_year":"2019",":@computed_region_x6fk_ihs5":"114",":@computed_region_b3ci_nw94":"115",":@computed_region_38t5_wna6":"115",":@computed_region_25t2_rbz7":"2943"}},
{"type":"Feature","geometry":{"type":"Point","coordinates":[-76.240021,36.895143]},"properties":{":id":"row-sfcv~ia4p~j5x4",":version":"rv-88ph~7s2c_bwjq",":created_at":"2019-08-20T12:51:30.666Z",":updated_at":"2019-08-20T12:51:31.403Z","genus":"Taxodium","species":"distichum","common_name":"Bald cypress","street_number":"6325","street_name":"Sewells Point Rd","site":"12SC","delivered":"2018-01-10T00:00:00.000","completed":"2018-01-22T00:00:00.000","estimated_canopy_coverage":"490.873852","source":"City Nursery","program_year":"2018",":@computed_region_x6fk_ihs5":"81",":@computed_region_b3ci_nw94":"86",":@computed_region_38t5_wna6":"86",":@computed_region_25t2_rbz7":"2943"}},
{"type":"Feature","geometry":{"type":"Point","coordinates":[-76.29489300000002,36.883863]},"properties":{":id":"row-f7hg.ys3e~mqr3",":version":"rv-iegg~xycg-dxpq",":created_at":"2019-08-20T12:51:30.666Z",":updated_at":"2019-08-20T12:51:31.403Z","genus":"Cercis","species":"canadensis 'Merlot'","common_name":"Merlot redbud","street_number":"4301","street_name":"Colley Ave","site":"2S","delivered":"2017-12-04T00:00:00.000","completed":"2018-01-22T00:00:00.000","estimated_canopy_coverage":"490.873852","source":"City Nursery","program_year":"2018",":@computed_region_x6fk_ihs5":"40",":@computed_region_b3ci_nw94":"44",":@computed_region_38t5_wna6":"44",":@computed_region_25t2_rbz7":"2943"}},
{"type":"Feature","geometry":{"type":"Point","coordinates":[-76.292461,36.908577]},"properties":{":id":"row-hez4~tqix.g5p6",":version":"rv-7jju_afnr~b3ju",":created_at":"2019-08-20T12:51:30.666Z",":updated_at":"2019-08-20T12:51:31.403Z","genus":"Ostrya","species":"virginiana","common_name":"Hophornbeam","street_number":"7407","street_name":"Chipping Rd","site":"1F","delivered":"2017-10-26T00:00:00.000","completed":"2017-10-31T00:00:00.000","estimated_canopy_coverage":"706.858347","source":"City Nursery","program_year":"2018",":@computed_region_x6fk_ihs5":"1",":@computed_region_b3ci_nw94":"1",":@computed_region_38t5_wna6":"1",":@computed_region_25t2_rbz7":"2943"}},
{"type":"Feature","geometry":{"type":"Point","coordinates":[-76.278103,36.859582]},"properties":{":id":"row-zxpq~27k2.vda9",":version":"rv-ehsm~bthv_psp9",":created_at":"2019-08-20T12:51:30.666Z",":updated_at":"2019-08-20T12:51:31.403Z","genus":"Quercus","species":"phellos","common_name":"Willow oak","street_number":"1301","street_name":"Church St","site":"1F","delivered":"2018-01-19T00:00:00.000","completed":"2018-01-22T00:00:00.000","estimated_canopy_coverage":"1963.49541","source":"City Nursery","program_year":"2018",":@computed_region_x6fk_ihs5":"2",":@computed_region_b3ci_nw94":"2",":@computed_region_38t5_wna6":"2",":@computed_region_25t2_rbz7":"2943"}},
{"type":"Feature","geometry":{"type":"Point","coordinates":[-76.298236,36.856495]},"properties":{":id":"row-i4p8.74c8_ing3",":version":"rv-rfj2.9ze7.2wmg",":created_at":"2019-08-20T12:51:30.666Z",":updated_at":"2019-08-20T12:51:31.403Z","genus":"Styrax","species":"japonicus","common_name":"Japanese snowbell","street_number":"513","street_name":"Warren Cres","site":"1F","delivered":"2018-11-28T00:00:00.000","completed":"2018-12-11T00:00:00.000","estimated_canopy_coverage":"706.858347","source":"City Nursery","program_year":"2019",":@computed_region_x6fk_ihs5":"33",":@computed_region_b3ci_nw94":"38",":@computed_region_38t5_wna6":"38",":@computed_region_25t2_rbz7":"2943"}},
{"type":"Feature","geometry":{"type":"Point","coordinates":[-76.240021,36.895143]},"properties":{":id":"row-5p9v-caxs.ifh6",":version":"rv-ksfi_vj48-gffz",":created_at":"2019-08-20T12:51:30.666Z",":updated_at":"2019-08-20T12:51:31.403Z","genus":"Taxodium","species":"ascendens","common_name":"Pond cypress","street_number":"6325","street_name":"Sewells Point Rd","site":"7SC","delivered":"2018-01-23T00:00:00.000","completed":"2018-01-26T00:00:00.000","estimated_canopy_coverage":"490.873852","source":"City Nursery","program_year":"2018",":@computed_region_x6fk_ihs5":"81",":@computed_region_b3ci_nw94":"86",":@computed_region_38t5_wna6":"86",":@computed_region_25t2_rbz7":"2943"}},
{"type":"Feature","geometry":{"type":"Point","coordinates":[-76.260503,36.82327]},"properties":{":id":"row-3b7x~cvb5.3a7k",":version":"rv-q8p7-7iky_72bv",":created_at":"2019-08-20T12:51:30.666Z",":updated_at":"2019-08-20T12:51:31.403Z","genus":"Magnolia","species":"virginiana","common_name":"Sweetbay magnolia","street_number":"1750","street_name":"Campostella Rd","site":"6B","delivered":"2018-11-08T00:00:00.000","completed":"2018-11-07T00:00:00.000","estimated_canopy_coverage":"490.873852","source":"City Nursery","program_year":"2019",":@computed_region_x6fk_ihs5":"128",":@computed_region_b3ci_nw94":"128",":@computed_region_38t5_wna6":"128",":@computed_region_25t2_rbz7":"2943"}},
{"type":"Feature","geometry":{"type":"Point","coordinates":[-76.271948,36.909122]},"properties":{":id":"row-jicw.526w_fe9f",":version":"rv-guk5-5ki3~rg5h",":created_at":"2019-08-20T12:51:30.666Z",":updated_at":"2019-08-20T12:51:31.403Z","genus":"Acer","species":"campestre","common_name":"Hedge maple","street_number":"201","street_name":"Granby Park","site":"1S","delivered":"2017-12-28T00:00:00.000","completed":"2018-01-12T00:00:00.000","estimated_canopy_coverage":"490.873852","source":"Purchased","program_year":"2018",":@computed_region_x6fk_ihs5":"127",":@computed_region_b3ci_nw94":"127",":@computed_region_38t5_wna6":"127",":@computed_region_25t2_rbz7":"2943"}},
{"type":"Feature","geometry":{"type":"Point","coordinates":[-76.26432,36.887196]},"properties":{":id":"row-wisj.ww5y-t47v",":version":"rv-4ptc~st7i-6pfg",":created_at":"2019-08-20T12:51:30.666Z",":updated_at":"2019-08-20T12:51:31.403Z","genus":"Cercis","species":"canadensis 'Merlot'","common_name":"Merlot redbud","street_number":"1610","street_name":"Cromwell Dr","site":"10L","delivered":"2018-11-21T00:00:00.000","completed":"2018-11-28T00:00:00.000","estimated_canopy_coverage":"490.873852","source":"City Nursery","program_year":"2019",":@computed_region_x6fk_ihs5":"122",":@computed_region_b3ci_nw94":"122",":@computed_region_38t5_wna6":"122",":@computed_region_25t2_rbz7":"2943"}},
{"type":"Feature","geometry":{"type":"Point","coordinates":[-76.177096,36.856544]},"properties":{":id":"row-md8b-yjr2.6z3c",":version":"rv-tby9-exej_96ey",":created_at":"2019-08-20T12:51:30.666Z",":updated_at":"2019-08-20T12:51:31.403Z","genus":"Ostrya","species":"virginiana","common_name":"Hophornbeam","street_number":"115","street_name":"N Newtown Rd","site":"1M","delivered":"2017-11-09T00:00:00.000","completed":"2017-11-14T00:00:00.000","estimated_canopy_coverage":"706.858347","source":"City Nursery","program_year":"2018",":@computed_region_x6fk_ihs5":null,":@computed_region_b3ci_nw94":null,":@computed_region_38t5_wna6":null,":@computed_region_25t2_rbz7":"2951"}},
{"type":"Feature","geometry":{"type":"Point","coordinates":[-76.220555,36.888923]},"properties":{":id":"row-yhi7_feb4-b4eg",":version":"rv-c6jz~2evb~fpu5",":created_at":"2019-08-20T12:51:30.666Z",":updated_at":"2019-08-20T12:51:31.403Z","genus":"Malus","species":"pumila 'Roxburry Russet'","common_name":"Roxburry Russet apple","street_number":"3475","street_name":"Azalea Garden Rd","site":"4M","delivered":"2018-11-28T00:00:00.000","completed":"2018-11-29T00:00:00.000","estimated_canopy_coverage":"177","source":"City Nursery","program_year":"2019",":@computed_region_x6fk_ihs5":"64",":@computed_region_b3ci_nw94":"48",":@computed_region_38t5_wna6":"48",":@computed_region_25t2_rbz7":"2943"}},
{"type":"Feature","geometry":{"type":"Point","coordinates":[-76.282108,36.878534]},"properties":{":id":"row-varn-sc43~by9r",":version":"rv-tm7s~jq42.uubh",":created_at":"2019-08-20T12:51:30.666Z",":updated_at":"2019-08-20T12:51:31.403Z","genus":"Magnolia","species":"virginiana","common_name":"Sweetbay magnolia","street_number":"3500","street_name":"Granby St","site":"2P","delivered":"2017-10-06T00:00:00.000","completed":"2017-10-07T00:00:00.000","estimated_canopy_coverage":"490.873852","source":"City Nursery","program_year":"2018",":@computed_region_x6fk_ihs5":"72",":@computed_region_b3ci_nw94":"78",":@computed_region_38t5_wna6":"78",":@computed_region_25t2_rbz7":"2943"}},
{"type":"Feature","geometry":{"type":"Point","coordinates":[-76.296235,36.866348]},"properties":{":id":"row-f4mq.fhgp_t3ie",":version":"rv-73ts-q88f_fykr",":created_at":"2019-08-20T12:51:30.666Z",":updated_at":"2019-08-20T12:51:31.403Z","genus":"Acer","species":"barbatum","common_name":"Florida maple","street_number":"701","street_name":"Baldwin Ave","site":"1F","delivered":"2019-01-11T00:00:00.000","completed":"2019-01-15T00:00:00.000","estimated_canopy_coverage":"1256.63706","source":"City Nursery","program_year":"2019",":@computed_region_x6fk_ihs5":"33",":@computed_region_b3ci_nw94":"38",":@computed_region_38t5_wna6":"38",":@computed_region_25t2_rbz7":"2943"}},
{"type":"Feature","geometry":{"type":"Point","coordinates":[-76.264249,36.887922]},"properties":{":id":"row-ue8f.grqx_i6m5",":version":"rv-ug6x-vxeq.7nxg",":created_at":"2019-08-20T12:51:30.666Z",":updated_at":"2019-08-20T12:51:31.403Z","genus":"Salix","species":"matsudana","common_name":"Corkscrew willow","street_number":"1612","street_name":"Willow Wood Dr","site":"8FL","delivered":"2019-02-07T00:00:00.000","completed":"2019-02-08T00:00:00.000","estimated_canopy_coverage":"314","source":"City Nursery","program_year":"2019",":@computed_region_x6fk_ihs5":"122",":@computed_region_b3ci_nw94":"122",":@computed_region_38t5_wna6":"122",":@computed_region_25t2_rbz7":"2943"}},
{"type":"Feature","geometry":{"type":"Point","coordinates":[-76.267245,36.857025]},"properties":{":id":"row-pmn7-ua9w~wxky",":version":"rv-3i9j~bcfe-aepv",":created_at":"2019-08-20T12:51:30.666Z",":updated_at":"2019-08-20T12:51:31.403Z","genus":"Acer","species":"barbatum","common_name":"Florida maple","street_number":"1305","street_name":"Maltby Ave","site":"3P","delivered":"2018-01-31T00:00:00.000","completed":"2018-02-02T00:00:00.000","estimated_canopy_coverage":"1256.63706","source":"City Nursery","program_year":"2018",":@computed_region_x6fk_ihs5":"11",":@computed_region_b3ci_nw94":"11",":@computed_region_38t5_wna6":"11",":@computed_region_25t2_rbz7":"2943"}},
{"type":"Feature","geometry":{"type":"Point","coordinates":[-76.264249,36.887922]},"properties":{":id":"row-p2bu.ehth.jr97",":version":"rv-zyxh_6k4p.adyh",":created_at":"2019-08-20T12:51:30.666Z",":updated_at":"2019-08-20T12:51:31.403Z","genus":"Quercus","species":"prinoides","common_name":"Dwarf chinquapin oak","street_number":"1612","street_name":"Willow Wood Dr","site":"7P","delivered":"2017-12-13T00:00:00.000","completed":"2018-01-23T00:00:00.000","estimated_canopy_coverage":"153.93804","source":"City Nursery","program_year":"2018",":@computed_region_x6fk_ihs5":"122",":@computed_region_b3ci_nw94":"122",":@computed_region_38t5_wna6":"122",":@computed_region_25t2_rbz7":"2943"}},
{"type":"Feature","geometry":{"type":"Point","coordinates":[-76.295427,36.861039]},"properties":{":id":"row-6fgt.wf2j~az8r",":version":"rv-y6bm~qe8s-zh3s",":created_at":"2019-08-20T12:51:30.666Z",":updated_at":"2019-08-20T12:51:31.403Z","genus":"Quercus","species":"phellos","common_name":"Willow oak","street_number":"820","street_name":"Colonial Ave","site":"2F","delivered":"2018-01-19T00:00:00.000","completed":"2018-01-24T00:00:00.000","estimated_canopy_coverage":"1963.49541","source":"City Nursery","program_year":"2018",":@computed_region_x6fk_ihs5":"33",":@computed_region_b3ci_nw94":"38",":@computed_region_38t5_wna6":"38",":@computed_region_25t2_rbz7":"2943"}},
{"type":"Feature","geometry":{"type":"Point","coordinates":[-76.30333,36.878377]},"properties":{":id":"row-hic5_mzf5.mafe",":version":"rv-938j-9674-52eq",":created_at":"2019-08-20T12:51:30.666Z",":updated_at":"2019-08-20T12:51:31.403Z","genus":"Cercis","species":"canadensis","common_name":"Redbud","street_number":"3700","street_name":"Bowdens Ferry Rd","site":"5S","delivered":"2017-12-04T00:00:00.000","completed":"2017-12-06T00:00:00.000","estimated_canopy_coverage":"490.873852","source":"City Nursery","program_year":"2018",":@computed_region_x6fk_ihs5":"48",":@computed_region_b3ci_nw94":"53",":@computed_region_38t5_wna6":"53",":@computed_region_25t2_rbz7":"2943"}},
{"type":"Feature","geometry":{"type":"Point","coordinates":[-76.240817,36.896514]},"properties":{":id":"row-udkv-c9n8-qi5c",":version":"rv-i2e7_wzpt-hy68",":created_at":"2019-08-20T12:51:30.666Z",":updated_at":"2019-08-20T12:51:31.403Z","genus":"Acer","species":"buergerianum","common_name":"Trident maple","street_number":"6380","street_name":"Sewells Point Rd","site":"1M","delivered":"2018-11-06T00:00:00.000","completed":"2018-11-09T00:00:00.000","estimated_canopy_coverage":"1256.63706","source":"City Nursery","program_year":"2019",":@computed_region_x6fk_ihs5":"128",":@computed_region_b3ci_nw94":"128",":@computed_region_38t5_wna6":"128",":@computed_region_25t2_rbz7":"2943"}},
{"type":"Feature","geometry":{"type":"Point","coordinates":[-76.233093,36.933919]},"properties":{":id":"row-6ntv_c49p.zfit",":version":"rv-6a94_9su5-hgn3",":created_at":"2019-08-20T12:51:30.666Z",":updated_at":"2019-08-20T12:51:31.403Z","genus":"Acer","species":"buergerianum","common_name":"Trident maple","street_number":"8483","street_name":"Portal Rd","site":"3S","delivered":"2019-01-07T00:00:00.000","completed":"2019-02-13T00:00:00.000","estimated_canopy_coverage":"1256.63706","source":"City Nursery","program_year":"2019",":@computed_region_x6fk_ihs5":"103",":@computed_region_b3ci_nw94":"103",":@computed_region_38t5_wna6":"103",":@computed_region_25t2_rbz7":"2943"}},
{"type":"Feature","geometry":{"type":"Point","coordinates":[-76.300641,36.89142]},"properties":{":id":"row-6zfu~jm64-eh2m",":version":"rv-nete_78bh-8uqq",":created_at":"2019-08-20T12:51:30.666Z",":updated_at":"2019-08-20T12:51:31.403Z","genus":"Chionanthus","species":"virginicus","common_name":"White fringetree","street_number":"1145","street_name":"Bolling Ave","site":"5SC","delivered":"2017-12-04T00:00:00.000","completed":"2017-12-12T00:00:00.000","estimated_canopy_coverage":"176.714587","source":"City Nursery","program_year":"2018",":@computed_region_x6fk_ihs5":"49",":@computed_region_b3ci_nw94":"54",":@computed_region_38t5_wna6":"54",":@computed_region_25t2_rbz7":"2943"}},
{"type":"Feature","geometry":{"type":"Point","coordinates":[-76.3152,36.927669]},"properties":{":id":"row-fzng-4h7a.4bar",":version":"rv-vrux_8465~9gt9",":created_at":"2019-08-20T12:51:30.666Z",":updated_at":"2019-08-20T12:51:31.403Z","genus":"Lagerstroemia","species":"indica x fauriei 'Tuscarora'","common_name":"Tuscarora crape myrtle","street_number":"138","street_name":"Glendale Ave","site":"1S","delivered":"2017-12-28T00:00:00.000","completed":"2018-01-16T00:00:00.000","estimated_canopy_coverage":"314.159265","source":"Purchased","program_year":"2018",":@computed_region_x6fk_ihs5":"37",":@computed_region_b3ci_nw94":"42",":@computed_region_38t5_wna6":"42",":@computed_region_25t2_rbz7":"2943"}},
{"type":"Feature","geometry":{"type":"Point","coordinates":[-76.29476,36.881284]},"properties":{":id":"row-37x5-2nzs.93zk",":version":"rv-9zfs-hn35_8824",":created_at":"2019-08-20T12:51:30.666Z",":updated_at":"2019-08-20T12:51:31.403Z","genus":"Quercus","species":"prinoides","common_name":"Dwarf chinquapin oak","street_number":"3910","street_name":"Colley Ave","site":"1F","delivered":"2018-12-07T00:00:00.000","completed":"2019-01-08T00:00:00.000","estimated_canopy_coverage":"153.93804","source":"City Nursery","program_year":"2019",":@computed_region_x6fk_ihs5":"40",":@computed_region_b3ci_nw94":"44",":@computed_region_38t5_wna6":"44",":@computed_region_25t2_rbz7":"2943"}},
{"type":"Feature","geometry":{"type":"Point","coordinates":[-76.295802,36.857534]},"properties":{":id":"row-h58i.spt6~gm8j",":version":"rv-dx7a.78fw~8hgy",":created_at":"2019-08-20T12:51:30.666Z",":updated_at":"2019-08-20T12:51:31.403Z","genus":"Prunus","species":"yeodensis","common_name":"Yoshino cherry","street_number":"406","street_name":"Fairfax Ave","site":"1F","delivered":"2018-11-13T00:00:00.000","completed":"2018-11-21T00:00:00.000","estimated_canopy_coverage":"1256.63706","source":"City Nursery","program_year":"2019",":@computed_region_x6fk_ihs5":"128",":@computed_region_b3ci_nw94":"128",":@computed_region_38t5_wna6":"128",":@computed_region_25t2_rbz7":"2943"}},
{"type":"Feature","geometry":{"type":"Point","coordinates":[-76.300641,36.89142]},"properties":{":id":"row-i56u_4pzj-ycmk",":version":"rv-r2is-8ijh~ii72",":created_at":"2019-08-20T12:51:30.666Z",":updated_at":"2019-08-20T12:51:31.403Z","genus":"Ulmus","species":"americana 'Princeton'","common_name":"Princeton American elm","street_number":"1145","street_name":"Bolling Ave","site":"29SC","delivered":"2017-12-04T00:00:00.000","completed":"2017-12-12T00:00:00.000","estimated_canopy_coverage":"1256.63706","source":"City Nursery","program_year":"2018",":@computed_region_x6fk_ihs5":"49",":@computed_region_b3ci_nw94":"54",":@computed_region_38t5_wna6":"54",":@computed_region_25t2_rbz7":"2943"}},
{"type":"Feature","geometry":{"type":"Point","coordinates":[-76.294894,36.883885]},"properties":{":id":"row-5gdt.fj92-u2at",":version":"rv-cv65-e2cy.t3wx",":created_at":"2019-08-20T12:51:30.666Z",":updated_at":"2019-08-20T12:51:31.403Z","genus":"Quercus","species":"prinoides","common_name":"Dwarf chinquapin oak","street_number":"4310","street_name":"Colley Ave","site":"1F","delivered":"2019-01-07T00:00:00.000","completed":"2019-01-09T00:00:00.000","estimated_canopy_coverage":"153.93804","source":"City Nursery","program_year":"2019",":@computed_region_x6fk_ihs5":"40",":@computed_region_b3ci_nw94":"44",":@computed_region_38t5_wna6":"44",":@computed_region_25t2_rbz7":"2943"}},
{"type":"Feature","geometry":{"type":"Point","coordinates":[-76.270482,36.881912]},"properties":{":id":"row-4ipu.vped~2ahk",":version":"rv-54qj-xnsx-55rv",":created_at":"2019-08-20T12:51:30.666Z",":updated_at":"2019-08-20T12:51:31.403Z","genus":"Prunus","species":"cerasifera 'Krauter Vesuvius'","common_name":"Krauter Vesuvius purple leaf plum","street_number":"1464","street_name":"Ashland Cir","site":"1F","delivered":"2018-11-27T00:00:00.000","completed":"2018-11-29T00:00:00.000","estimated_canopy_coverage":"314.159265","source":"City Nursery","program_year":"2019",":@computed_region_x6fk_ihs5":"122",":@computed_region_b3ci_nw94":"122",":@computed_region_38t5_wna6":"122",":@computed_region_25t2_rbz7":"2943"}},
{"type":"Feature","geometry":{"type":"Point","coordinates":[-76.233753,36.892326]},"properties":{":id":"row-xb3e~rffg-xker",":version":"rv-4psd.edax~83sr",":created_at":"2019-08-20T12:51:30.666Z",":updated_at":"2019-08-20T12:51:31.403Z","genus":"Quercus","species":"laurifolia","common_name":"Laurel oak","street_number":"1287","street_name":"Pall Mall St","site":"2F","delivered":"2019-01-08T00:00:00.000","completed":"2019-01-08T00:00:00.000","estimated_canopy_coverage":"2827.43339","source":"City Nursery","program_year":"2019",":@computed_region_x6fk_ihs5":"128",":@computed_region_b3ci_nw94":"128",":@computed_region_38t5_wna6":"128",":@computed_region_25t2_rbz7":"2943"}},
{"type":"Feature","geometry":{"type":"Point","coordinates":[-76.280268,36.966979]},"properties":{":id":"row-yuxa.v7q9~tgrb",":version":"rv-2pfp_7bdc.tjtf",":created_at":"2019-08-20T12:51:30.666Z",":updated_at":"2019-08-20T12:51:31.403Z","genus":"Taxodium","species":"distichum","common_name":"Bald cypress","street_number":"1061","street_name":"W. Ocean View Ave","site":"9M","delivered":"2019-01-02T00:00:00.000","completed":"2019-02-13T00:00:00.000","estimated_canopy_coverage":"490.873852","source":"City Nursery","program_year":"2019",":@computed_region_x6fk_ihs5":"98",":@computed_region_b3ci_nw94":"31",":@computed_region_38t5_wna6":"31",":@computed_region_25t2_rbz7":null}},
{"type":"Feature","geometry":{"type":"Point","coordinates":[-76.263741,36.939652]},"properties":{":id":"row-w8ac-9m9r.abq9",":version":"rv-pr7t_q3m8-r9xi",":created_at":"2019-08-20T12:51:30.666Z",":updated_at":"2019-08-20T12:51:31.403Z","genus":"Ulmus","species":"alata","common_name":"Winged elm","street_number":"8816","street_name":"Gramel St","site":"1F","delivered":"2019-01-31T00:00:00.000","completed":"2019-02-26T00:00:00.000","estimated_canopy_coverage":"1256","source":"City Nursery","program_year":"2019",":@computed_region_x6fk_ihs5":"101",":@computed_region_b3ci_nw94":"101",":@computed_region_38t5_wna6":"101",":@computed_region_25t2_rbz7":"2943"}},
{"type":"Feature","geometry":{"type":"Point","coordinates":[-76.257431,36.870493]},"properties":{":id":"row-b479.2iuh-kvtn",":version":"rv-3zrs~bd9e_4du2",":created_at":"2019-08-20T12:51:30.666Z",":updated_at":"2019-08-20T12:51:31.403Z","genus":"Quercus","species":"laurifolia","common_name":"Laurel oak","street_number":"2820","street_name":"Chesapeake Blvd","site":"19FL","delivered":"2018-01-26T00:00:00.000","completed":"2018-02-01T00:00:00.000","estimated_canopy_coverage":"2827.43339","source":"City Nursery","program_year":"2018",":@computed_region_x6fk_ihs5":"3",":@computed_region_b3ci_nw94":"3",":@computed_region_38t5_wna6":"3",":@computed_region_25t2_rbz7":"2943"}},
{"type":"Feature","geometry":{"type":"Point","coordinates":[-76.240817,36.896514]},"properties":{":id":"row-ksq2-cr7e~ncz4",":version":"rv-mkee~d8ad.bibj",":created_at":"2019-08-20T12:51:30.666Z",":updated_at":"2019-08-20T12:51:31.403Z","genus":"Acer","species":"buergerianum","common_name":"Trident maple","street_number":"6380","street_name":"Sewells Point Rd","site":"6M","delivered":"2018-11-06T00:00:00.000","completed":"2018-11-09T00:00:00.000","estimated_canopy_coverage":"1256.63706","source":"City Nursery","program_year":"2019",":@computed_region_x6fk_ihs5":"128",":@computed_region_b3ci_nw94":"128",":@computed_region_38t5_wna6":"128",":@computed_region_25t2_rbz7":"2943"}},
{"type":"Feature","geometry":{"type":"Point","coordinates":[-76.286705,36.851327]},"properties":{":id":"row-9gja_as7b.344q",":version":"rv-euv9_9yqz.vd2f",":created_at":"2019-08-20T12:51:30.666Z",":updated_at":"2019-08-20T12:51:31.403Z","genus":"Ginkgo","species":"biloba 'Shangri-La'","common_name":"Ginkgo","street_number":"440","street_name":"Bank St","site":"2F","delivered":"2017-11-29T00:00:00.000","completed":"2017-12-14T00:00:00.000","estimated_canopy_coverage":"1256.63706","source":"City Nursery","program_year":"2018",":@computed_region_x6fk_ihs5":"22",":@computed_region_b3ci_nw94":"26",":@computed_region_38t5_wna6":"26",":@computed_region_25t2_rbz7":"2943"}},
{"type":"Feature","geometry":{"type":"Point","coordinates":[-76.254796,36.84913]},"properties":{":id":"row-i4h5_dkxb-4fkb",":version":"rv-xpwe~qdb2_28yp",":created_at":"2019-08-20T12:51:30.666Z",":updated_at":"2019-08-20T12:51:31.403Z","genus":"Ulmus","species":"alata","common_name":"Winged elm","street_number":"2809","street_name":"Park Cres","site":"1F","delivered":"2019-01-08T00:00:00.000","completed":"2019-01-08T00:00:00.000","estimated_canopy_coverage":"1256","source":"City Nursery","program_year":"2019",":@computed_region_x6fk_ihs5":"56",":@computed_region_b3ci_nw94":"63",":@computed_region_38t5_wna6":"63",":@computed_region_25t2_rbz7":"2943"}},
{"type":"Feature","geometry":{"type":"Point","coordinates":[-76.26432,36.887196]},"properties":{":id":"row-k53g_hxsx~atw3",":version":"rv-dvgy-4uwd~3it8",":created_at":"2019-08-20T12:51:30.666Z",":updated_at":"2019-08-20T12:51:31.403Z","genus":"Malus","species":"pumila 'King David'","common_name":"King David apple","street_number":"1610","street_name":"Cromwell Dr","site":"2F","delivered":"2018-11-21T00:00:00.000","completed":"2018-11-29T00:00:00.000","estimated_canopy_coverage":"177","source":"City Nursery","program_year":"2019",":@computed_region_x6fk_ihs5":"122",":@computed_region_b3ci_nw94":"122",":@computed_region_38t5_wna6":"122",":@computed_region_25t2_rbz7":"2943"}},
{"type":"Feature","geometry":{"type":"Point","coordinates":[-76.293383,36.879347]},"properties":{":id":"row-9n6v.urbk-6rwp",":version":"rv-pz59_fz4s.e8qw",":created_at":"2019-08-20T12:51:30.666Z",":updated_at":"2019-08-20T12:51:31.403Z","genus":"Quercus","species":"prinoides","common_name":"Dwarf chinquapin oak","street_number":"713","street_name":"37th St","site":"2F","delivered":"2019-01-07T00:00:00.000","completed":"2019-01-16T00:00:00.000","estimated_canopy_coverage":"153.93804","source":"City Nursery","program_year":"2019",":@computed_region_x6fk_ihs5":"46",":@computed_region_b3ci_nw94":"51",":@computed_region_38t5_wna6":"51",":@computed_region_25t2_rbz7":"2943"}},
{"type":"Feature","geometry":{"type":"Point","coordinates":[-76.290054,36.845811]},"properties":{":id":"row-a52h.p3f8.jrjk",":version":"rv-spdp~wqsf~kc8h",":created_at":"2019-08-20T12:51:30.666Z",":updated_at":"2019-08-20T12:51:31.403Z","genus":"Ilex","species":"x attenuata","common_name":"East Palatka holly","street_number":"321","street_name":"E Main St","site":"1F","delivered":"2018-01-31T00:00:00.000","completed":"2018-02-01T00:00:00.000","estimated_canopy_coverage":"176.714587","source":"City Nursery","program_year":"2018",":@computed_region_x6fk_ihs5":"22",":@computed_region_b3ci_nw94":"26",":@computed_region_38t5_wna6":"26",":@computed_region_25t2_rbz7":"2943"}},
{"type":"Feature","geometry":{"type":"Point","coordinates":[-76.285174,36.844301]},"properties":{":id":"row-wev9-7jhz-ipxt",":version":"rv-iqsc~qrrm.2vmv",":created_at":"2019-08-20T12:51:30.666Z",":updated_at":"2019-08-20T12:51:31.403Z","genus":"Quercus","species":"virginiana","common_name":"Live oak","street_number":"810","street_name":"Union St","site":"2M","delivered":"2017-11-30T00:00:00.000","completed":"2017-12-05T00:00:00.000","estimated_canopy_coverage":"6361.72512","source":"City Nursery","program_year":"2018",":@computed_region_x6fk_ihs5":"128",":@computed_region_b3ci_nw94":"128",":@computed_region_38t5_wna6":"128",":@computed_region_25t2_rbz7":"2943"}},
{"type":"Feature","geometry":{"type":"Point","coordinates":[-76.21544300000001,36.877984000000005]},"properties":{":id":"row-524e~qpuh~tk9b",":version":"rv-vpan-v4hv-phf3",":created_at":"2019-08-20T12:51:30.666Z",":updated_at":"2019-08-20T12:51:31.403Z","genus":"Taxodium","species":"distichum","common_name":"Bald cypress","street_number":"2410","street_name":"Almeda Ave","site":"1P","delivered":"2019-01-02T00:00:00.000","completed":"2019-01-07T00:00:00.000","estimated_canopy_coverage":"490.873852","source":"City Nursery","program_year":"2019",":@computed_region_x6fk_ihs5":"31",":@computed_region_b3ci_nw94":"36",":@computed_region_38t5_wna6":"36",":@computed_region_25t2_rbz7":"2943"}},
{"type":"Feature","geometry":{"type":"Point","coordinates":[-76.291863,36.846137]},"properties":{":id":"row-5cy8_ays2.ikb5",":version":"rv-3bd3_ifh5~vnxe",":created_at":"2019-08-20T12:51:30.666Z",":updated_at":"2019-08-20T12:51:31.403Z","genus":"Ilex","species":"x attenuata","common_name":"East Palatka holly","street_number":"109","street_name":"Main St","site":"1F","delivered":"2018-01-31T00:00:00.000","completed":"2018-02-01T00:00:00.000","estimated_canopy_coverage":"176.714587","source":"City Nursery","program_year":"2018",":@computed_region_x6fk_ihs5":"22",":@computed_region_b3ci_nw94":"26",":@computed_region_38t5_wna6":"26",":@computed_region_25t2_rbz7":"2943"}},
{"type":"Feature","geometry":{"type":"Point","coordinates":[-76.257431,36.870493]},"properties":{":id":"row-by3x.suce_39yz",":version":"rv-jvbt_baih-hvkn",":created_at":"2019-08-20T12:51:30.666Z",":updated_at":"2019-08-20T12:51:31.403Z","genus":"Betula","species":"nigra 'Heritage'","common_name":"Heritage river birch","street_number":"2820","street_name":"Chesapeake Blvd","site":"14FL","delivered":"2018-01-30T00:00:00.000","completed":"2018-02-01T00:00:00.000","estimated_canopy_coverage":"962.11275","source":"City Nursery","program_year":"2018",":@computed_region_x6fk_ihs5":"3",":@computed_region_b3ci_nw94":"3",":@computed_region_38t5_wna6":"3",":@computed_region_25t2_rbz7":"2943"}},
{"type":"Feature","geometry":{"type":"Point","coordinates":[-76.296543,36.868314]},"properties":{":id":"row-hmjn-ei6q_zwvb",":version":"rv-z28t_92rx-zggi",":created_at":"2019-08-20T12:51:30.666Z",":updated_at":"2019-08-20T12:51:31.403Z","genus":"Quercus","species":"phellos","common_name":"Willow oak","street_number":"730","street_name":"Spotswood Ave","site":"1SC","delivered":"2018-11-28T00:00:00.000","completed":"2018-11-27T00:00:00.000","estimated_canopy_coverage":"1963.49541","source":"City Nursery","program_year":"2019",":@computed_region_x6fk_ihs5":"33",":@computed_region_b3ci_nw94":"38",":@computed_region_38t5_wna6":"38",":@computed_region_25t2_rbz7":"2943"}},
{"type":"Feature","geometry":{"type":"Point","coordinates":[-76.234679,36.851632]},"properties":{":id":"row-3ibf-d52z.dt2h",":version":"rv-bg7w_hafc-96im",":created_at":"2019-08-20T12:51:30.666Z",":updated_at":"2019-08-20T12:51:31.403Z","genus":"Prunus","species":"cerasifera 'Krauter Vesuvius'","common_name":"Krauter Vesuvius purple leaf plum","street_number":"954","street_name":"Elm St","site":"1F","delivered":"2018-12-12T00:00:00.000","completed":"2019-01-07T00:00:00.000","estimated_canopy_coverage":"314.159265","source":"City Nursery","program_year":"2019",":@computed_region_x6fk_ihs5":"44",":@computed_region_b3ci_nw94":"49",":@computed_region_38t5_wna6":"49",":@computed_region_25t2_rbz7":"2943"}},
{"type":"Feature","geometry":{"type":"Point","coordinates":[-76.267243,36.963562]},"properties":{":id":"row-tpcq-ykp3_tyqg",":version":"rv-jr29.j8he_jhe5",":created_at":"2019-08-20T12:51:30.666Z",":updated_at":"2019-08-20T12:51:31.403Z","genus":"Quercus","species":"virginiana","common_name":"Live oak","street_number":"635","street_name":"W. Ocean View Ave","site":"5M","delivered":"2019-02-07T00:00:00.000","completed":"2019-02-13T00:00:00.000","estimated_canopy_coverage":"6361.72512","source":"City Nursery","program_year":"2019",":@computed_region_x6fk_ihs5":"98",":@computed_region_b3ci_nw94":"31",":@computed_region_38t5_wna6":"31",":@computed_region_25t2_rbz7":"2943"}},
{"type":"Feature","geometry":{"type":"Point","coordinates":[-76.289827,36.88181]},"properties":{":id":"row-9tum_vw4k-atpn",":version":"rv-asd4-3ffz~d9qn",":created_at":"2019-08-20T12:51:30.666Z",":updated_at":"2019-08-20T12:51:31.403Z","genus":"Styrax","species":"japonicus","common_name":"Japanese snowbell","street_number":"4019","street_name":"Newport Ave","site":"7M","delivered":"2018-01-10T00:00:00.000","completed":"2018-01-16T00:00:00.000","estimated_canopy_coverage":"706.858347","source":"City Nursery","program_year":"2018",":@computed_region_x6fk_ihs5":"19",":@computed_region_b3ci_nw94":"21",":@computed_region_38t5_wna6":"21",":@computed_region_25t2_rbz7":"2943"}},
{"type":"Feature","geometry":{"type":"Point","coordinates":[-76.225697,36.869869]},"properties":{":id":"row-zfcv_4fcb.8cij",":version":"rv-tyca.5cdp_xvp5",":created_at":"2019-08-20T12:51:30.666Z",":updated_at":"2019-08-20T12:51:31.403Z","genus":"Betula","species":"nigra 'Heritage'","common_name":"Heritage river birch","street_number":"5014","street_name":"E Princess Anne Rd","site":"3M","delivered":"2017-11-27T00:00:00.000","completed":"2017-11-28T00:00:00.000","estimated_canopy_coverage":"962.11275","source":"City Nursery","program_year":"2018",":@computed_region_x6fk_ihs5":"31",":@computed_region_b3ci_nw94":"36",":@computed_region_38t5_wna6":"36",":@computed_region_25t2_rbz7":"2943"}},
{"type":"Feature","geometry":{"type":"Point","coordinates":[-76.236327,36.915755]},"properties":{":id":"row-xg2w_t7tg-8qxj",":version":"rv-bc8y~wwi4_qutn",":created_at":"2019-08-20T12:51:30.666Z",":updated_at":"2019-08-20T12:51:31.403Z","genus":"Cercis","species":"canadensis","common_name":"Redbud","street_number":"1325","street_name":"E. Little Creek Rd","site":"1M","delivered":"2019-01-31T00:00:00.000","completed":"2019-01-31T00:00:00.000","estimated_canopy_coverage":"490.873852","source":"Purchased","program_year":"2019",":@computed_region_x6fk_ihs5":"84",":@computed_region_b3ci_nw94":"89",":@computed_region_38t5_wna6":"89",":@computed_region_25t2_rbz7":"2943"}},
{"type":"Feature","geometry":{"type":"Point","coordinates":[-76.302912,36.895402]},"properties":{":id":"row-nb9v-35zp.twib",":version":"rv-6rqd-dk64_g3dn",":created_at":"2019-08-20T12:51:30.666Z",":updated_at":"2019-08-20T12:51:31.403Z","genus":"Styrax","species":"japonicus","common_name":"Japanese snowbell","street_number":"5900","street_name":"Hampton Blvd","site":"2F","delivered":"2018-12-12T00:00:00.000","completed":"2019-01-09T00:00:00.000","estimated_canopy_coverage":"706.858347","source":"City Nursery","program_year":"2019",":@computed_region_x6fk_ihs5":"49",":@computed_region_b3ci_nw94":"54",":@computed_region_38t5_wna6":"54",":@computed_region_25t2_rbz7":"2943"}},
{"type":"Feature","geometry":{"type":"Point","coordinates":[-76.245845,36.896822]},"properties":{":id":"row-xfq3-z8bf.gpm6",":version":"rv-xdxm-etsc-dc7m",":created_at":"2019-08-20T12:51:30.666Z",":updated_at":"2019-08-20T12:51:31.403Z","genus":"Ostrya","species":"virginiana","common_name":"Hophornbeam","street_number":"6424","street_name":"Partridge St","site":"1F","delivered":"2017-12-13T00:00:00.000","completed":"2017-12-13T00:00:00.000","estimated_canopy_coverage":"706.858347","source":"City Nursery","program_year":"2018",":@computed_region_x6fk_ihs5":"81",":@computed_region_b3ci_nw94":"86",":@computed_region_38t5_wna6":"86",":@computed_region_25t2_rbz7":"2943"}},
{"type":"Feature","geometry":{"type":"Point","coordinates":[-76.296261,36.859334]},"properties":{":id":"row-yce6_87zy.d9vs",":version":"rv-uj3e_kss6_t3xx",":created_at":"2019-08-20T12:51:30.666Z",":updated_at":"2019-08-20T12:51:31.403Z","genus":"Prunus","species":"cerasifera 'Krauter Vesuvius'","common_name":"Krauter Vesuvius purple leaf plum","street_number":"612","street_name":"Colonial Ave","site":"2F","delivered":"2017-12-06T00:00:00.000","completed":"2017-12-18T00:00:00.000","estimated_canopy_coverage":"314.159265","source":"City Nursery","program_year":"2018",":@computed_region_x6fk_ihs5":"33",":@computed_region_b3ci_nw94":"38",":@computed_region_38t5_wna6":"38",":@computed_region_25t2_rbz7":"2943"}},
{"type":"Feature","geometry":{"type":"Point","coordinates":[-76.2123,36.879587]},"properties":{":id":"row-e4ic.yamn-e3zf",":version":"rv-heiw.ua32_cjf5",":created_at":"2019-08-20T12:51:30.666Z",":updated_at":"2019-08-20T12:51:31.403Z","genus":"Prunus","species":"yeodensis","common_name":"Yoshino cherry","street_number":"2500","street_name":"N Military Hwy","site":"8B","delivered":"2017-12-04T00:00:00.000","completed":"2017-12-05T00:00:00.000","estimated_canopy_coverage":"1256.63706","source":"City Nursery","program_year":"2018",":@computed_region_x6fk_ihs5":"128",":@computed_region_b3ci_nw94":"128",":@computed_region_38t5_wna6":"128",":@computed_region_25t2_rbz7":"2943"}},
{"type":"Feature","geometry":{"type":"Point","coordinates":[-76.274246,36.866518]},"properties":{":id":"row-7ajn-ztm9-4r8f",":version":"rv-vhvn~ich6.sjim",":created_at":"2019-08-20T12:51:30.666Z",":updated_at":"2019-08-20T12:51:31.403Z","genus":"Acer","species":"campestre 'Evelyn'","common_name":"Queen Elizabeth hedge maple","street_number":"913","street_name":"Pollard St","site":"2P","delivered":"2018-11-27T00:00:00.000","completed":"2018-12-04T00:00:00.000","estimated_canopy_coverage":"490.873852","source":"City Nursery","program_year":"2019",":@computed_region_x6fk_ihs5":"51",":@computed_region_b3ci_nw94":"57",":@computed_region_38t5_wna6":"57",":@computed_region_25t2_rbz7":"2943"}},
{"type":"Feature","geometry":{"type":"Point","coordinates":[-76.257431,36.870493]},"properties":{":id":"row-h394~g3ib.bw9u",":version":"rv-35u5_42ax-qjsr",":created_at":"2019-08-20T12:51:30.666Z",":updated_at":"2019-08-20T12:51:31.403Z","genus":"Taxodium","species":"ascendens","common_name":"Pond cypress","street_number":"2820","street_name":"Chesapeake Blvd","site":"27FL","delivered":"2018-01-31T00:00:00.000","completed":"2018-02-01T00:00:00.000","estimated_canopy_coverage":"490.873852","source":"City Nursery","program_year":"2018",":@computed_region_x6fk_ihs5":"3",":@computed_region_b3ci_nw94":"3",":@computed_region_38t5_wna6":"3",":@computed_region_25t2_rbz7":"2943"}},
{"type":"Feature","geometry":{"type":"Point","coordinates":[-76.257431,36.870493]},"properties":{":id":"row-k5nc~3zs4_6rvm",":version":"rv-3ksg_itdm.f367",":created_at":"2019-08-20T12:51:30.666Z",":updated_at":"2019-08-20T12:51:31.403Z","genus":"Betula","species":"nigra 'Heritage'","common_name":"Heritage river birch","street_number":"2820","street_name":"Chesapeake Blvd","site":"9FL","delivered":"2018-01-30T00:00:00.000","completed":"2018-02-01T00:00:00.000","estimated_canopy_coverage":"962.11275","source":"City Nursery","program_year":"2018",":@computed_region_x6fk_ihs5":"3",":@computed_region_b3ci_nw94":"3",":@computed_region_38t5_wna6":"3",":@computed_region_25t2_rbz7":"2943"}},
{"type":"Feature","geometry":{"type":"Point","coordinates":[-76.224244,36.870692]},"properties":{":id":"row-fine.m6f4-rgqf",":version":"rv-ndy9~xsra~65gt",":created_at":"2019-08-20T12:51:30.666Z",":updated_at":"2019-08-20T12:51:31.403Z","genus":"Betula","species":"nigra 'Heritage'","common_name":"Heritage river birch","street_number":"5108","street_name":"E Princess Anne Rd","site":"1M","delivered":"2017-11-27T00:00:00.000","completed":"2017-11-28T00:00:00.000","estimated_canopy_coverage":"962.11275","source":"City Nursery","program_year":"2018",":@computed_region_x6fk_ihs5":"31",":@computed_region_b3ci_nw94":"36",":@computed_region_38t5_wna6":"36",":@computed_region_25t2_rbz7":"2943"}},
{"type":"Feature","geometry":{"type":"Point","coordinates":[-76.265648,36.93687]},"properties":{":id":"row-usru~dmcj_njsi",":version":"rv-bfbp~bw4b.acir",":created_at":"2019-08-20T12:51:30.666Z",":updated_at":"2019-08-20T12:51:31.403Z","genus":"Halesia","species":"diptera","common_name":"Two-winged silverbell","street_number":"8709","street_name":"Executive Dr","site":"4FL","delivered":"2019-01-11T00:00:00.000","completed":"2019-02-06T00:00:00.000","estimated_canopy_coverage":"706.5","source":"City Nursery","program_year":"2019",":@computed_region_x6fk_ihs5":"101",":@computed_region_b3ci_nw94":"101",":@computed_region_38t5_wna6":"101",":@computed_region_25t2_rbz7":"2943"}},
{"type":"Feature","geometry":{"type":"Point","coordinates":[-76.18022,36.848987]},"properties":{":id":"row-qsfz-txuu_jfqh",":version":"rv-ne92-ekgz.b2d6",":created_at":"2019-08-20T12:51:30.666Z",":updated_at":"2019-08-20T12:51:31.403Z","genus":"Ostrya","species":"virginiana","common_name":"Hophornbeam","street_number":"701","street_name":"N Newtown Rd","site":"4M","delivered":"2017-11-16T00:00:00.000","completed":"2017-11-15T00:00:00.000","estimated_canopy_coverage":"706.858347","source":"City Nursery","program_year":"2018",":@computed_region_x6fk_ihs5":"59",":@computed_region_b3ci_nw94":"66",":@computed_region_38t5_wna6":"66",":@computed_region_25t2_rbz7":"2951"}},
{"type":"Feature","geometry":{"type":"Point","coordinates":[-76.239275,36.900374]},"properties":{":id":"row-hn87_5ipv.44wv",":version":"rv-2d7w-xi2m~7xd6",":created_at":"2019-08-20T12:51:30.666Z",":updated_at":"2019-08-20T12:51:31.403Z","genus":"Quercus","species":"prinoides","common_name":"Dwarf chinquapin oak","street_number":"6501","street_name":"Chesapeake Blvd","site":"3SC","delivered":"2018-01-10T00:00:00.000","completed":"2018-01-19T00:00:00.000","estimated_canopy_coverage":"153.93804","source":"City Nursery","program_year":"2018",":@computed_region_x6fk_ihs5":"128",":@computed_region_b3ci_nw94":"128",":@computed_region_38t5_wna6":"128",":@computed_region_25t2_rbz7":"2943"}},
{"type":"Feature","geometry":{"type":"Point","coordinates":[-76.268607,36.884719]},"properties":{":id":"row-h6qm-vz45_jskd",":version":"rv-fimz~qcjv.e54j",":created_at":"2019-08-20T12:51:30.666Z",":updated_at":"2019-08-20T12:51:31.403Z","genus":"Cercis","species":"canadensis","common_name":"Redbud","street_number":"1440","street_name":"South Veaux Loop","site":"2F","delivered":"2017-12-04T00:00:00.000","completed":"2017-12-07T00:00:00.000","estimated_canopy_coverage":"490.873852","source":"City Nursery","program_year":"2018",":@computed_region_x6fk_ihs5":"121",":@computed_region_b3ci_nw94":"121",":@computed_region_38t5_wna6":"121",":@computed_region_25t2_rbz7":"2943"}},
{"type":"Feature","geometry":{"type":"Point","coordinates":[-76.241974,36.943587]},"properties":{":id":"row-ndtw-rbgu-kuwn",":version":"rv-jbjr_ttae~jabt",":created_at":"2019-08-20T12:51:30.666Z",":updated_at":"2019-08-20T12:51:31.403Z","genus":"Quercus","species":"bicolor","common_name":"Bicolor oak","street_number":"9431","street_name":"Atlans Ave","site":"1S","delivered":"2019-01-15T00:00:00.000","completed":"2019-02-13T00:00:00.000","estimated_canopy_coverage":"3846","source":"City Nursery","program_year":"2019",":@computed_region_x6fk_ihs5":"103",":@computed_region_b3ci_nw94":"103",":@computed_region_38t5_wna6":"103",":@computed_region_25t2_rbz7":"2943"}},
{"type":"Feature","geometry":{"type":"Point","coordinates":[-76.228446,36.868434]},"properties":{":id":"row-5nxm-gwbp_vcah",":version":"rv-i98z-m48i_8k25",":created_at":"2019-08-20T12:51:30.666Z",":updated_at":"2019-08-20T12:51:31.403Z","genus":"Betula","species":"nigra 'Heritage'","common_name":"Heritage river birch","street_number":"4830","street_name":"E Princess Anne Rd","site":"1M","delivered":"2017-11-27T00:00:00.000","completed":"2017-11-29T00:00:00.000","estimated_canopy_coverage":"962.11275","source":"City Nursery","program_year":"2018",":@computed_region_x6fk_ihs5":"31",":@computed_region_b3ci_nw94":"36",":@computed_region_38t5_wna6":"36",":@computed_region_25t2_rbz7":"2943"}},
{"type":"Feature","geometry":{"type":"Point","coordinates":[-76.298312,36.879821]},"properties":{":id":"row-3h25.b9jx.d3c7",":version":"rv-gqyq_vmxy~dmay",":created_at":"2019-08-20T12:51:30.666Z",":updated_at":"2019-08-20T12:51:31.403Z","genus":"Acer","species":"campestre 'Evelyn'","common_name":"Queen Elizabeth hedge maple","street_number":"1001","street_name":"38th St","site":"1F","delivered":"2018-12-03T00:00:00.000","completed":"2018-12-05T00:00:00.000","estimated_canopy_coverage":"490.873852","source":"City Nursery","program_year":"2019",":@computed_region_x6fk_ihs5":"46",":@computed_region_b3ci_nw94":"51",":@computed_region_38t5_wna6":"51",":@computed_region_25t2_rbz7":"2943"}},
{"type":"Feature","geometry":{"type":"Point","coordinates":[-76.289855,36.845803]},"properties":{":id":"row-7rn7_su89.kgsb",":version":"rv-ase5_dc4j-vdcm",":created_at":"2019-08-20T12:51:30.666Z",":updated_at":"2019-08-20T12:51:31.403Z","genus":"Ilex","species":"x attenuata","common_name":"East Palatka holly","street_number":"300","street_name":"Main St","site":"2F","delivered":"2018-01-31T00:00:00.000","completed":"2018-02-01T00:00:00.000","estimated_canopy_coverage":"176.714587","source":"City Nursery","program_year":"2018",":@computed_region_x6fk_ihs5":"22",":@computed_region_b3ci_nw94":"26",":@computed_region_38t5_wna6":"26",":@computed_region_25t2_rbz7":"2943"}},
{"type":"Feature","geometry":{"type":"Point","coordinates":[-76.217124,36.88066]},"properties":{":id":"row-v3k8.sun2.ubag",":version":"rv-qasj_uu3y-fnw3",":created_at":"2019-08-20T12:51:30.666Z",":updated_at":"2019-08-20T12:51:31.403Z","genus":"Prunus","species":"yeodensis","common_name":"Yoshino cherry","street_number":"2630","street_name":"Almeda Ave","site":"3FL","delivered":"2018-11-26T00:00:00.000","completed":"2018-11-29T00:00:00.000","estimated_canopy_coverage":"1256.63706","source":"City Nursery","program_year":"2019",":@computed_region_x6fk_ihs5":"31",":@computed_region_b3ci_nw94":"36",":@computed_region_38t5_wna6":"36",":@computed_region_25t2_rbz7":"2943"}},
{"type":"Feature","geometry":{"type":"Point","coordinates":[-76.296543,36.868314]},"properties":{":id":"row-32x3-f929.xaj6",":version":"rv-zd7g_qm62~gfu4",":created_at":"2019-08-20T12:51:30.666Z",":updated_at":"2019-08-20T12:51:31.403Z","genus":"Quercus","species":"phellos","common_name":"Willow oak","street_number":"730","street_name":"Spotswood Ave","site":"4SC","delivered":"2018-11-28T00:00:00.000","completed":"2018-11-27T00:00:00.000","estimated_canopy_coverage":"1963.49541","source":"City Nursery","program_year":"2019",":@computed_region_x6fk_ihs5":"33",":@computed_region_b3ci_nw94":"38",":@computed_region_38t5_wna6":"38",":@computed_region_25t2_rbz7":"2943"}},
{"type":"Feature","geometry":{"type":"Point","coordinates":[-76.300641,36.89142]},"properties":{":id":"row-crzv.i35w_kdbu",":version":"rv-hja3_26kn.cxkz",":created_at":"2019-08-20T12:51:30.666Z",":updated_at":"2019-08-20T12:51:31.403Z","genus":"Quercus","species":"phellos","common_name":"Willow oak","street_number":"1145","street_name":"Bolling Ave","site":"21SC","delivered":"2017-12-06T00:00:00.000","completed":"2017-12-14T00:00:00.000","estimated_canopy_coverage":"1963.49541","source":"City Nursery","program_year":"2018",":@computed_region_x6fk_ihs5":"49",":@computed_region_b3ci_nw94":"54",":@computed_region_38t5_wna6":"54",":@computed_region_25t2_rbz7":"2943"}},
{"type":"Feature","geometry":{"type":"Point","coordinates":[-76.27525,36.902725]},"properties":{":id":"row-x8qi_fwp3.82qt",":version":"rv-fssm.7hj5-euy2",":created_at":"2019-08-20T12:51:30.666Z",":updated_at":"2019-08-20T12:51:31.403Z","genus":"Malus","species":"x 'Prairiefire'","common_name":"Prairie Fire crabapple","street_number":"136","street_name":"Blake Rd","site":"2F","delivered":"2018-03-14T00:00:00.000","completed":"2018-03-19T00:00:00.000","estimated_canopy_coverage":"530.929158","source":"Purchased","program_year":"2018",":@computed_region_x6fk_ihs5":"114",":@computed_region_b3ci_nw94":"115",":@computed_region_38t5_wna6":"115",":@computed_region_25t2_rbz7":"2943"}},
{"type":"Feature","geometry":{"type":"Point","coordinates":[-76.280086,36.884788]},"properties":{":id":"row-2xg8-2dji_ugzx",":version":"rv-c8a7~ggpt-imdk",":created_at":"2019-08-20T12:51:30.666Z",":updated_at":"2019-08-20T12:51:31.403Z","genus":"Cercis","species":"canadensis 'Merlot'","common_name":"Merlot redbud","street_number":"4123","street_name":"Columbus Ave","site":"1F","delivered":"2017-12-04T00:00:00.000","completed":"2017-12-07T00:00:00.000","estimated_canopy_coverage":"490.873852","source":"City Nursery","program_year":"2018",":@computed_region_x6fk_ihs5":"19",":@computed_region_b3ci_nw94":"21",":@computed_region_38t5_wna6":"21",":@computed_region_25t2_rbz7":"2943"}},
{"type":"Feature","geometry":{"type":"Point","coordinates":[-76.306143,36.915998]},"properties":{":id":"row-wt5k.yazc_xjbr",":version":"rv-2ats_ixaj.7cat",":created_at":"2019-08-20T12:51:30.666Z",":updated_at":"2019-08-20T12:51:31.403Z","genus":"Acer","species":"barbatum","common_name":"Florida maple","street_number":"1625","street_name":"W Little Creek Rd","site":"6P","delivered":"2018-12-07T00:00:00.000","completed":"2018-12-17T00:00:00.000","estimated_canopy_coverage":"1256.63706","source":"City Nursery","program_year":"2019",":@computed_region_x6fk_ihs5":"63",":@computed_region_b3ci_nw94":"72",":@computed_region_38t5_wna6":"72",":@computed_region_25t2_rbz7":"2943"}},
{"type":"Feature","geometry":{"type":"Point","coordinates":[-76.310142,36.92754]},"properties":{":id":"row-uv74.a9vi-cpcd",":version":"rv-pfiw_cimh-nsg3",":created_at":"2019-08-20T12:51:30.666Z",":updated_at":"2019-08-20T12:51:31.403Z","genus":"Cercis","species":"canadensis 'Merlot'","common_name":"Merlot redbud","street_number":"8100","street_name":"Evergreen Ave","site":"5F","delivered":"2018-11-21T00:00:00.000","completed":"2018-11-28T00:00:00.000","estimated_canopy_coverage":"490.873852","source":"City Nursery","program_year":"2019",":@computed_region_x6fk_ihs5":"37",":@computed_region_b3ci_nw94":"42",":@computed_region_38t5_wna6":"42",":@computed_region_25t2_rbz7":"2943"}},
{"type":"Feature","geometry":{"type":"Point","coordinates":[-76.264829,36.962136]},"properties":{":id":"row-stcd_ipbu~mwc9",":version":"rv-ttw6~cwvk.snwa",":created_at":"2019-08-20T12:51:30.666Z",":updated_at":"2019-08-20T12:51:31.403Z","genus":"Quercus","species":"virginiana","common_name":"Live oak","street_number":"543","street_name":"W. Ocean View Ave","site":"6M","delivered":"2019-02-07T00:00:00.000","completed":"2019-02-13T00:00:00.000","estimated_canopy_coverage":"6361.72512","source":"City Nursery","program_year":"2019",":@computed_region_x6fk_ihs5":"98",":@computed_region_b3ci_nw94":"31",":@computed_region_38t5_wna6":"31",":@computed_region_25t2_rbz7":"2943"}},
{"type":"Feature","geometry":{"type":"Point","coordinates":[-76.266484,36.963179]},"properties":{":id":"row-9f9n~bf68_2fju",":version":"rv-6wwg-9kcy~c696",":created_at":"2019-08-20T12:51:30.666Z",":updated_at":"2019-08-20T12:51:31.403Z","genus":"Taxodium","species":"distichum","common_name":"Bald cypress","street_number":"613","street_name":"W. Ocean View Ave","site":"3M","delivered":"2019-01-02T00:00:00.000","completed":"2019-02-13T00:00:00.000","estimated_canopy_coverage":"490.873852","source":"City Nursery","program_year":"2019",":@computed_region_x6fk_ihs5":"98",":@computed_region_b3ci_nw94":"31",":@computed_region_38t5_wna6":"31",":@computed_region_25t2_rbz7":"2943"}},
{"type":"Feature","geometry":{"type":"Point","coordinates":[-76.292387,36.877233]},"properties":{":id":"row-tgt5-6w89~utze",":version":"rv-9ucx.rm6s-9e6c",":created_at":"2019-08-20T12:51:30.666Z",":updated_at":"2019-08-20T12:51:31.403Z","genus":"Prunus","species":"cerasifera 'Krauter Vesuvius'","common_name":"Krauter Vesuvius purple leaf plum","street_number":"645","street_name":"34th Street","site":"2F","delivered":"2018-12-03T00:00:00.000","completed":"2019-01-03T00:00:00.000","estimated_canopy_coverage":"314.159265","source":"City Nursery","program_year":"2019",":@computed_region_x6fk_ihs5":"72",":@computed_region_b3ci_nw94":"78",":@computed_region_38t5_wna6":"78",":@computed_region_25t2_rbz7":"2943"}},
{"type":"Feature","geometry":{"type":"Point","coordinates":[-76.233753,36.892326]},"properties":{":id":"row-zk4m-na4w~kumb",":version":"rv-g8xb~gqy7-ja99",":created_at":"2019-08-20T12:51:30.666Z",":updated_at":"2019-08-20T12:51:31.403Z","genus":"Quercus","species":"laurifolia","common_name":"Laurel oak","street_number":"1287","street_name":"Pall Mall St","site":"6F","delivered":"2019-01-08T00:00:00.000","completed":"2019-01-08T00:00:00.000","estimated_canopy_coverage":"2827.43339","source":"City Nursery","program_year":"2019",":@computed_region_x6fk_ihs5":"128",":@computed_region_b3ci_nw94":"128",":@computed_region_38t5_wna6":"128",":@computed_region_25t2_rbz7":"2943"}},
{"type":"Feature","geometry":{"type":"Point","coordinates":[-76.309735,36.894973]},"properties":{":id":"row-nyx5~d4zk_66mi",":version":"rv-4ffy_rtjp_xb7v",":created_at":"2019-08-20T12:51:30.666Z",":updated_at":"2019-08-20T12:51:31.403Z","genus":"Quercus","species":"prinoides","common_name":"Dwarf chinquapin oak","street_number":"1436","street_name":"Magnolia Ave","site":"1F","delivered":"2019-01-02T00:00:00.000","completed":"2019-01-09T00:00:00.000","estimated_canopy_coverage":"153.93804","source":"City Nursery","program_year":"2019",":@computed_region_x6fk_ihs5":"49",":@computed_region_b3ci_nw94":"54",":@computed_region_38t5_wna6":"54",":@computed_region_25t2_rbz7":"2943"}},
{"type":"Feature","geometry":{"type":"Point","coordinates":[-76.217909,36.864908]},"properties":{":id":"row-h5by_xhjz~3n9v",":version":"rv-qvz4.258g~n7du",":created_at":"2019-08-20T12:51:30.666Z",":updated_at":"2019-08-20T12:51:31.403Z","genus":"Chionanthus","species":"retusus","common_name":"Chinese fringetree","street_number":"1188","street_name":"Lance Rd","site":"4B","delivered":"2017-12-12T00:00:00.000","completed":"2018-02-06T00:00:00.000","estimated_canopy_coverage":"176.714587","source":"City Nursery","program_year":"2018",":@computed_region_x6fk_ihs5":"128",":@computed_region_b3ci_nw94":"128",":@computed_region_38t5_wna6":"128",":@computed_region_25t2_rbz7":"2943"}},
{"type":"Feature","geometry":{"type":"Point","coordinates":[-76.257431,36.870493]},"properties":{":id":"row-rnwe-gzvt-pd5s",":version":"rv-hjvm.uya9.y64k",":created_at":"2019-08-20T12:51:30.666Z",":updated_at":"2019-08-20T12:51:31.403Z","genus":"Quercus","species":"laurifolia","common_name":"Laurel oak","street_number":"2820","street_name":"Chesapeake Blvd","site":"23FL","delivered":"2018-01-26T00:00:00.000","completed":"2018-02-01T00:00:00.000","estimated_canopy_coverage":"2827.43339","source":"City Nursery","program_year":"2018",":@computed_region_x6fk_ihs5":"3",":@computed_region_b3ci_nw94":"3",":@computed_region_38t5_wna6":"3",":@computed_region_25t2_rbz7":"2943"}},
{"type":"Feature","geometry":{"type":"Point","coordinates":[-76.263493,36.885767]},"properties":{":id":"row-7dk5-wsyf.qf4x",":version":"rv-6smy~q9nr.ybry",":created_at":"2019-08-20T12:51:30.666Z",":updated_at":"2019-08-20T12:51:31.403Z","genus":"Ulmus","species":"alata","common_name":"Winged elm","street_number":"3518","street_name":"Elmore Pl","site":"2F","delivered":"2019-01-11T00:00:00.000","completed":"2019-01-23T00:00:00.000","estimated_canopy_coverage":"1256","source":"City Nursery","program_year":"2019",":@computed_region_x6fk_ihs5":"122",":@computed_region_b3ci_nw94":"122",":@computed_region_38t5_wna6":"122",":@computed_region_25t2_rbz7":"2943"}},
{"type":"Feature","geometry":{"type":"Point","coordinates":[-76.26334900000002,36.909611000000005]},"properties":{":id":"row-7rds-pwd7~dzu8",":version":"rv-q3fa-af2a_5r9g",":created_at":"2019-08-20T12:51:30.666Z",":updated_at":"2019-08-20T12:51:31.403Z","genus":"Quercus","species":"phellos","common_name":"Willow oak","street_number":"435","street_name":"Virginian Dr","site":"2F","delivered":"2017-10-27T00:00:00.000","completed":"2017-10-31T00:00:00.000","estimated_canopy_coverage":"1963.49541","source":"City Nursery","program_year":"2018",":@computed_region_x6fk_ihs5":"127",":@computed_region_b3ci_nw94":"127",":@computed_region_38t5_wna6":"127",":@computed_region_25t2_rbz7":"2943"}},
{"type":"Feature","geometry":{"type":"Point","coordinates":[-76.21148,36.8559]},"properties":{":id":"row-c672_ayhd.5ciz",":version":"rv-5kkh-5vr8-j4cp",":created_at":"2019-08-20T12:51:30.666Z",":updated_at":"2019-08-20T12:51:31.403Z","genus":"Lagerstroemia","species":"indica x fauriei 'Natchez'","common_name":"Natchez crape myrtle","street_number":"5678","street_name":"E Virginia Beach Blvd","site":"2M","delivered":"2017-10-26T00:00:00.000","completed":"2017-10-27T00:00:00.000","estimated_canopy_coverage":"314.159265","source":"City Nursery","program_year":"2018",":@computed_region_x6fk_ihs5":"128",":@computed_region_b3ci_nw94":"128",":@computed_region_38t5_wna6":"128",":@computed_region_25t2_rbz7":"2943"}},
{"type":"Feature","geometry":{"type":"Point","coordinates":[-76.263811,36.939528]},"properties":{":id":"row-hwx5_tv6q.t4by",":version":"rv-scb2_2529~sbw2",":created_at":"2019-08-20T12:51:30.666Z",":updated_at":"2019-08-20T12:51:31.403Z","genus":"Ulmus","species":"alata","common_name":"Winged elm","street_number":"8817","street_name":"Gramel St","site":"2F","delivered":"2019-01-31T00:00:00.000","completed":"2019-02-26T00:00:00.000","estimated_canopy_coverage":"1256","source":"City Nursery","program_year":"2019",":@computed_region_x6fk_ihs5":"101",":@computed_region_b3ci_nw94":"101",":@computed_region_38t5_wna6":"101",":@computed_region_25t2_rbz7":"2943"}},
{"type":"Feature","geometry":{"type":"Point","coordinates":[-76.26432,36.887196]},"properties":{":id":"row-pewh.ah2d~awrr",":version":"rv-b7fg_6phq-bf8q",":created_at":"2019-08-20T12:51:30.666Z",":updated_at":"2019-08-20T12:51:31.403Z","genus":"Acer","species":"buergerianum","common_name":"Trident maple","street_number":"1610","street_name":"Cromwell Dr","site":"1S","delivered":"2018-12-07T00:00:00.000","completed":"2018-12-12T00:00:00.000","estimated_canopy_coverage":"1256.63706","source":"City Nursery","program_year":"2019",":@computed_region_x6fk_ihs5":"122",":@computed_region_b3ci_nw94":"122",":@computed_region_38t5_wna6":"122",":@computed_region_25t2_rbz7":"2943"}},
{"type":"Feature","geometry":{"type":"Point","coordinates":[-76.239567,36.894818]},"properties":{":id":"row-n87z.p3yx.dk4m",":version":"rv-9rph~a5pp-i5u8",":created_at":"2019-08-20T12:51:30.666Z",":updated_at":"2019-08-20T12:51:31.403Z","genus":"Taxodium","species":"distichum 'Shawnee Brave'","common_name":"Shawnee Brave bald cypress","street_number":"6327","street_name":"Sewells Point Rd","site":"18SC","delivered":"2018-01-31T00:00:00.000","completed":"2018-02-07T00:00:00.000","estimated_canopy_coverage":"490.873852","source":"City Nursery","program_year":"2018",":@computed_region_x6fk_ihs5":null,":@computed_region_b3ci_nw94":null,":@computed_region_38t5_wna6":null,":@computed_region_25t2_rbz7":"2943"}},
{"type":"Feature","geometry":{"type":"Point","coordinates":[-76.29183,36.845619000000006]},"properties":{":id":"row-95q5_qesb.rec6",":version":"rv-fgnu-n9ck_5v8a",":created_at":"2019-08-20T12:51:30.666Z",":updated_at":"2019-08-20T12:51:31.403Z","genus":"Ginkgo","species":"biloba 'Shangri-La'","common_name":"Ginkgo","street_number":"50","street_name":"Martins Ln","site":"1S","delivered":"2017-11-29T00:00:00.000","completed":"2017-12-01T00:00:00.000","estimated_canopy_coverage":"1256.63706","source":"City Nursery","program_year":"2018",":@computed_region_x6fk_ihs5":"22",":@computed_region_b3ci_nw94":"26",":@computed_region_38t5_wna6":"26",":@computed_region_25t2_rbz7":"2943"}},
{"type":"Feature","geometry":{"type":"Point","coordinates":[-76.295185,36.889661]},"properties":{":id":"row-k455~gpjc-abtj",":version":"rv-vxtf_qiwy~j47x",":created_at":"2019-08-20T12:51:30.666Z",":updated_at":"2019-08-20T12:51:31.403Z","genus":"Quercus","species":"prinoides","common_name":"Dwarf chinquapin oak","street_number":"5104","street_name":"Colley Ave","site":"2S","delivered":"2019-01-07T00:00:00.000","completed":"2019-01-11T00:00:00.000","estimated_canopy_coverage":"153.93804","source":"City Nursery","program_year":"2019",":@computed_region_x6fk_ihs5":"40",":@computed_region_b3ci_nw94":"44",":@computed_region_38t5_wna6":"44",":@computed_region_25t2_rbz7":"2943"}},
{"type":"Feature","geometry":{"type":"Point","coordinates":[-76.21544300000001,36.877984000000005]},"properties":{":id":"row-kup8.7biu-q9f8",":version":"rv-npnv-cyvd~mext",":created_at":"2019-08-20T12:51:30.666Z",":updated_at":"2019-08-20T12:51:31.403Z","genus":"Taxodium","species":"distichum","common_name":"Bald cypress","street_number":"2410","street_name":"Almeda Ave","site":"5P","delivered":"2019-01-02T00:00:00.000","completed":"2019-01-07T00:00:00.000","estimated_canopy_coverage":"490.873852","source":"City Nursery","program_year":"2019",":@computed_region_x6fk_ihs5":"31",":@computed_region_b3ci_nw94":"36",":@computed_region_38t5_wna6":"36",":@computed_region_25t2_rbz7":"2943"}},
{"type":"Feature","geometry":{"type":"Point","coordinates":[-76.274893,36.866923]},"properties":{":id":"row-z5r6~6qey.egbn",":version":"rv-zxkf-y3fc-hjxx",":created_at":"2019-08-20T12:51:30.666Z",":updated_at":"2019-08-20T12:51:31.403Z","genus":"Acer","species":"campestre 'Evelyn'","common_name":"Queen Elizabeth hedge maple","street_number":"843","street_name":"Pollard St","site":"1F","delivered":"2018-11-27T00:00:00.000","completed":"2018-12-04T00:00:00.000","estimated_canopy_coverage":"490.873852","source":"City Nursery","program_year":"2019",":@computed_region_x6fk_ihs5":"51",":@computed_region_b3ci_nw94":"57",":@computed_region_38t5_wna6":"57",":@computed_region_25t2_rbz7":"2943"}},
{"type":"Feature","geometry":{"type":"Point","coordinates":[-76.299902,36.865305]},"properties":{":id":"row-hpex~j2tc~42qb",":version":"rv-rz73.dpiy~u9n9",":created_at":"2019-08-20T12:51:30.666Z",":updated_at":"2019-08-20T12:51:31.403Z","genus":"Halesia","species":"diptera","common_name":"Two-winged silverbell","street_number":"802","street_name":"Graydon Ave","site":"2F","delivered":"2018-11-13T00:00:00.000","completed":"2018-11-20T00:00:00.000","estimated_canopy_coverage":"706.5","source":"City Nursery","program_year":"2019",":@computed_region_x6fk_ihs5":"33",":@computed_region_b3ci_nw94":"38",":@computed_region_38t5_wna6":"38",":@computed_region_25t2_rbz7":"2943"}},
{"type":"Feature","geometry":{"type":"Point","coordinates":[-76.304054,36.902143]},"properties":{":id":"row-kjb6~ktuf.jhqh",":version":"rv-9rnx-qman-f7dv",":created_at":"2019-08-20T12:51:30.666Z",":updated_at":"2019-08-20T12:51:31.403Z","genus":"Salix","species":"matsudana","common_name":"Corkscrew willow","street_number":"6525","street_name":"Hampton Blvd","site":"8L","delivered":"2018-12-03T00:00:00.000","completed":"2018-12-19T00:00:00.000","estimated_canopy_coverage":"314","source":"City Nursery","program_year":"2019",":@computed_region_x6fk_ihs5":"49",":@computed_region_b3ci_nw94":"54",":@computed_region_38t5_wna6":"54",":@computed_region_25t2_rbz7":"2943"}},
{"type":"Feature","geometry":{"type":"Point","coordinates":[-76.288903,36.845771]},"properties":{":id":"row-wmjw-dpn3-gg7x",":version":"rv-yefx~jkrz~tv4r",":created_at":"2019-08-20T12:51:30.666Z",":updated_at":"2019-08-20T12:51:31.403Z","genus":"Ilex","species":"x attenuata","common_name":"East Palatka holly","street_number":"480","street_name":"Main St","site":"4F","delivered":"2018-01-31T00:00:00.000","completed":"2018-02-01T00:00:00.000","estimated_canopy_coverage":"176.714587","source":"City Nursery","program_year":"2018",":@computed_region_x6fk_ihs5":"22",":@computed_region_b3ci_nw94":"26",":@computed_region_38t5_wna6":"26",":@computed_region_25t2_rbz7":"2943"}},
{"type":"Feature","geometry":{"type":"Point","coordinates":[-76.227698,36.868821]},"properties":{":id":"row-h69b-ch5p.5fbk",":version":"rv-fgyy.8xq3.vuup",":created_at":"2019-08-20T12:51:30.666Z",":updated_at":"2019-08-20T12:51:31.403Z","genus":"Betula","species":"nigra 'Heritage'","common_name":"Heritage river birch","street_number":"4852","street_name":"E Princess Anne Rd","site":"1M","delivered":"2017-11-27T00:00:00.000","completed":"2017-11-29T00:00:00.000","estimated_canopy_coverage":"962.11275","source":"City Nursery","program_year":"2018",":@computed_region_x6fk_ihs5":"31",":@computed_region_b3ci_nw94":"36",":@computed_region_38t5_wna6":"36",":@computed_region_25t2_rbz7":"2943"}},
{"type":"Feature","geometry":{"type":"Point","coordinates":[-76.282311,36.871044]},"properties":{":id":"row-6jcg.gx4g-6p9d",":version":"rv-h55g_t3qs~s3pi",":created_at":"2019-08-20T12:51:30.666Z",":updated_at":"2019-08-20T12:51:31.403Z","genus":"Taxodium","species":"ascendens","common_name":"Pond cypress","street_number":"2612","street_name":"Monticello Ave","site":"2S","delivered":"2017-12-13T00:00:00.000","completed":"2018-01-11T00:00:00.000","estimated_canopy_coverage":"490.873852","source":"City Nursery","program_year":"2018",":@computed_region_x6fk_ihs5":"128",":@computed_region_b3ci_nw94":"128",":@computed_region_38t5_wna6":"128",":@computed_region_25t2_rbz7":"2943"}},
{"type":"Feature","geometry":{"type":"Point","coordinates":[-76.218659,36.905957]},"properties":{":id":"row-xiw8-jrvg.fvv2",":version":"rv-dg82_usdk~qcd6",":created_at":"2019-08-20T12:51:30.666Z",":updated_at":"2019-08-20T12:51:31.403Z","genus":"Styrax","species":"americanus","common_name":"American snowbell","street_number":"1951","street_name":"Paddock Rd","site":"6M","delivered":"2018-12-18T00:00:00.000","completed":"2018-12-18T00:00:00.000","estimated_canopy_coverage":"706","source":"City Nursery","program_year":"2019",":@computed_region_x6fk_ihs5":"54",":@computed_region_b3ci_nw94":"60",":@computed_region_38t5_wna6":"60",":@computed_region_25t2_rbz7":"2943"}},
{"type":"Feature","geometry":{"type":"Point","coordinates":[-76.203376,36.838572]},"properties":{":id":"row-5v7g-22vz~kegq",":version":"rv-qmud~728y-vd38",":created_at":"2019-08-20T12:51:30.666Z",":updated_at":"2019-08-20T12:51:31.403Z","genus":"Cercis","species":"canadensis","common_name":"Redbud","street_number":"5904","street_name":"Sellger Dr","site":"1M","delivered":"2017-12-12T00:00:00.000","completed":"2018-01-30T00:00:00.000","estimated_canopy_coverage":"490.873852","source":"City Nursery","program_year":"2018",":@computed_region_x6fk_ihs5":"75",":@computed_region_b3ci_nw94":"81",":@computed_region_38t5_wna6":"81",":@computed_region_25t2_rbz7":"2943"}},
{"type":"Feature","geometry":{"type":"Point","coordinates":[-76.245093,36.933767]},"properties":{":id":"row-dayh-p3cz.pdx7",":version":"rv-egaw-b3bs.yuex",":created_at":"2019-08-20T12:51:30.666Z",":updated_at":"2019-08-20T12:51:31.403Z","genus":"Ulmus","species":"americana 'Princeton'","common_name":"Princeton American elm","street_number":"738","street_name":"E. Bayview Blvd","site":"1F","delivered":"2019-02-12T00:00:00.000","completed":"2019-02-26T00:00:00.000","estimated_canopy_coverage":"1256.63706","source":"City Nursery","program_year":"2019",":@computed_region_x6fk_ihs5":"101",":@computed_region_b3ci_nw94":"101",":@computed_region_38t5_wna6":"101",":@computed_region_25t2_rbz7":"2943"}},
{"type":"Feature","geometry":{"type":"Point","coordinates":[-76.255706,36.883275]},"properties":{":id":"row-esun-i8u5-gr5d",":version":"rv-a32p_ftuw-8wri",":created_at":"2019-08-20T12:51:30.666Z",":updated_at":"2019-08-20T12:51:31.403Z","genus":"Cercis","species":"canadensis 'Merlot'","common_name":"Merlot redbud","street_number":"3533","street_name":"Brest Ave","site":"2F","delivered":"2017-12-04T00:00:00.000","completed":"2017-12-06T00:00:00.000","estimated_canopy_coverage":"490.873852","source":"City Nursery","program_year":"2018",":@computed_region_x6fk_ihs5":"29",":@computed_region_b3ci_nw94":"29",":@computed_region_38t5_wna6":"29",":@computed_region_25t2_rbz7":"2943"}},
{"type":"Feature","geometry":{"type":"Point","coordinates":[-76.264963,36.89892]},"properties":{":id":"row-nye3~tdkf-ju2g",":version":"rv-nwn5.a8gp-4snp",":created_at":"2019-08-20T12:51:30.666Z",":updated_at":"2019-08-20T12:51:31.403Z","genus":"Asminia","species":"triloba","common_name":"Pawpaw","street_number":"535","street_name":"Garren Ave","site":"1FL","delivered":"2018-12-03T00:00:00.000","completed":"2018-12-05T00:00:00.000","estimated_canopy_coverage":"706.5","source":"City Nursery","program_year":"2019",":@computed_region_x6fk_ihs5":"79",":@computed_region_b3ci_nw94":"84",":@computed_region_38t5_wna6":"84",":@computed_region_25t2_rbz7":"2943"}},
{"type":"Feature","geometry":{"type":"Point","coordinates":[-76.283473,36.879187]},"properties":{":id":"row-z5bm_wnev~7fmf",":version":"rv-i95a_d4kd.3c49",":created_at":"2019-08-20T12:51:30.666Z",":updated_at":"2019-08-20T12:51:31.403Z","genus":"Ostrya","species":"virginiana","common_name":"Hophornbeam","street_number":"207","street_name":"36th St","site":"1F","delivered":"2017-12-13T00:00:00.000","completed":"2018-01-22T00:00:00.000","estimated_canopy_coverage":"706.858347","source":"City Nursery","program_year":"2018",":@computed_region_x6fk_ihs5":"72",":@computed_region_b3ci_nw94":"78",":@computed_region_38t5_wna6":"78",":@computed_region_25t2_rbz7":"2943"}},
{"type":"Feature","geometry":{"type":"Point","coordinates":[-76.293789,36.879321]},"properties":{":id":"row-4ru2_8r68-yu5f",":version":"rv-xmqu~q4jq_44x8",":created_at":"2019-08-20T12:51:30.666Z",":updated_at":"2019-08-20T12:51:31.403Z","genus":"Quercus","species":"muehlenbergii","common_name":"Chinquapin oak","street_number":"723","street_name":"37th St","site":"1F","delivered":"2018-12-12T00:00:00.000","completed":"2019-01-16T00:00:00.000","estimated_canopy_coverage":"2826","source":"City Nursery","program_year":"2019",":@computed_region_x6fk_ihs5":"46",":@computed_region_b3ci_nw94":"51",":@computed_region_38t5_wna6":"51",":@computed_region_25t2_rbz7":"2943"}},
{"type":"Feature","geometry":{"type":"Point","coordinates":[-76.296985,36.857855]},"properties":{":id":"row-jqdr.i8tz.qe3m",":version":"rv-ew7h~9umi-fjhs",":created_at":"2019-08-20T12:51:30.666Z",":updated_at":"2019-08-20T12:51:31.403Z","genus":"Styrax","species":"japonicus","common_name":"Japanese snowbell","street_number":"419","street_name":"Colonial Ave","site":"2S","delivered":"2018-11-28T00:00:00.000","completed":"2018-12-05T00:00:00.000","estimated_canopy_coverage":"706.858347","source":"City Nursery","program_year":"2019",":@computed_region_x6fk_ihs5":"33",":@computed_region_b3ci_nw94":"38",":@computed_region_38t5_wna6":"38",":@computed_region_25t2_rbz7":"2943"}},
{"type":"Feature","geometry":{"type":"Point","coordinates":[-76.289827,36.88181]},"properties":{":id":"row-hfq4_j42r-z63f",":version":"rv-5ct5.3pyv_9eve",":created_at":"2019-08-20T12:51:30.666Z",":updated_at":"2019-08-20T12:51:31.403Z","genus":"Styrax","species":"japonicus","common_name":"Japanese snowbell","street_number":"4019","street_name":"Newport Ave","site":"6M","delivered":"2018-01-10T00:00:00.000","completed":"2018-01-16T00:00:00.000","estimated_canopy_coverage":"706.858347","source":"City Nursery","program_year":"2018",":@computed_region_x6fk_ihs5":"19",":@computed_region_b3ci_nw94":"21",":@computed_region_38t5_wna6":"21",":@computed_region_25t2_rbz7":"2943"}},
{"type":"Feature","geometry":{"type":"Point","coordinates":[-76.267621,36.829706]},"properties":{":id":"row-ny25~fpbp.ssve",":version":"rv-u6k4.issf-c2da",":created_at":"2019-08-20T12:51:30.666Z",":updated_at":"2019-08-20T12:51:31.403Z","genus":"Prunus","species":"yeodensis","common_name":"Yoshino cherry","street_number":"1130","street_name":"Leake St","site":"4B","delivered":"2017-11-22T00:00:00.000","completed":"2017-11-27T00:00:00.000","estimated_canopy_coverage":"1256.63706","source":"City Nursery","program_year":"2018",":@computed_region_x6fk_ihs5":"15",":@computed_region_b3ci_nw94":"13",":@computed_region_38t5_wna6":"13",":@computed_region_25t2_rbz7":"2943"}},
{"type":"Feature","geometry":{"type":"Point","coordinates":[-76.286872,36.851003]},"properties":{":id":"row-52gm.f422~7kez",":version":"rv-ze59-b8s2-ued6",":created_at":"2019-08-20T12:51:30.666Z",":updated_at":"2019-08-20T12:51:31.403Z","genus":"Ginkgo","species":"biloba 'Shangri-La'","common_name":"Ginkgo","street_number":"412","street_name":"Bank St","site":"2F","delivered":"2017-11-29T00:00:00.000","completed":"2017-12-14T00:00:00.000","estimated_canopy_coverage":"1256.63706","source":"City Nursery","program_year":"2018",":@computed_region_x6fk_ihs5":"22",":@computed_region_b3ci_nw94":"26",":@computed_region_38t5_wna6":"26",":@computed_region_25t2_rbz7":"2943"}},
{"type":"Feature","geometry":{"type":"Point","coordinates":[-76.180552,36.854498]},"properties":{":id":"row-hme6-kx58-bhg2",":version":"rv-hm8e-vma4-w5tw",":created_at":"2019-08-20T12:51:30.666Z",":updated_at":"2019-08-20T12:51:31.403Z","genus":"Nyssa","species":"sylvatica","common_name":"Black tupelo","street_number":"6659","street_name":"E Virginia Beach Blvd","site":"4M","delivered":"2017-11-09T00:00:00.000","completed":"2017-11-14T00:00:00.000","estimated_canopy_coverage":"962.11275","source":"City Nursery","program_year":"2018",":@computed_region_x6fk_ihs5":"128",":@computed_region_b3ci_nw94":"128",":@computed_region_38t5_wna6":"128",":@computed_region_25t2_rbz7":"2943"}},
{"type":"Feature","geometry":{"type":"Point","coordinates":[-76.26733,36.882085]},"properties":{":id":"row-jtbk~stgv_tap5",":version":"rv-epid~ipsc.a6nz",":created_at":"2019-08-20T12:51:30.666Z",":updated_at":"2019-08-20T12:51:31.403Z","genus":"Oxydendrum","species":"arboreum","common_name":"Sourwood","street_number":"3400","street_name":"Norway Pl","site":"1P","delivered":"2017-12-13T00:00:00.000","completed":"2018-01-30T00:00:00.000","estimated_canopy_coverage":"706.858347","source":"City Nursery","program_year":"2018",":@computed_region_x6fk_ihs5":"122",":@computed_region_b3ci_nw94":"122",":@computed_region_38t5_wna6":"122",":@computed_region_25t2_rbz7":"2943"}},
{"type":"Feature","geometry":{"type":"Point","coordinates":[-76.240021,36.895143]},"properties":{":id":"row-2zaa~cw7m_kehn",":version":"rv-gyrd_b4gr~eqq8",":created_at":"2019-08-20T12:51:30.666Z",":updated_at":"2019-08-20T12:51:31.403Z","genus":"Taxodium","species":"distichum","common_name":"Bald cypress","street_number":"6325","street_name":"Sewells Point Rd","site":"11SC","delivered":"2018-01-10T00:00:00.000","completed":"2018-01-22T00:00:00.000","estimated_canopy_coverage":"490.873852","source":"City Nursery","program_year":"2018",":@computed_region_x6fk_ihs5":"81",":@computed_region_b3ci_nw94":"86",":@computed_region_38t5_wna6":"86",":@computed_region_25t2_rbz7":"2943"}},
{"type":"Feature","geometry":{"type":"Point","coordinates":[-76.30333,36.878377]},"properties":{":id":"row-v49e~edrc_ujfb",":version":"rv-4bug_m6ik-c6tb",":created_at":"2019-08-20T12:51:30.666Z",":updated_at":"2019-08-20T12:51:31.403Z","genus":"Cercis","species":"canadensis","common_name":"Redbud","street_number":"3700","street_name":"Bowdens Ferry Rd","site":"6S","delivered":"2017-12-04T00:00:00.000","completed":"2017-12-06T00:00:00.000","estimated_canopy_coverage":"490.873852","source":"City Nursery","program_year":"2018",":@computed_region_x6fk_ihs5":"48",":@computed_region_b3ci_nw94":"53",":@computed_region_38t5_wna6":"53",":@computed_region_25t2_rbz7":"2943"}},
{"type":"Feature","geometry":{"type":"Point","coordinates":[-76.2123,36.879587]},"properties":{":id":"row-kaxf.2pkx~pkg5",":version":"rv-igx7~baqj-x5ej",":created_at":"2019-08-20T12:51:30.666Z",":updated_at":"2019-08-20T12:51:31.403Z","genus":"Prunus","species":"yeodensis","common_name":"Yoshino cherry","street_number":"2500","street_name":"N Military Hwy","site":"4B","delivered":"2017-12-04T00:00:00.000","completed":"2017-12-05T00:00:00.000","estimated_canopy_coverage":"1256.63706","source":"City Nursery","program_year":"2018",":@computed_region_x6fk_ihs5":"128",":@computed_region_b3ci_nw94":"128",":@computed_region_38t5_wna6":"128",":@computed_region_25t2_rbz7":"2943"}},
{"type":"Feature","geometry":{"type":"Point","coordinates":[-76.219485,36.902325]},"properties":{":id":"row-np7m_fe3a_cn69",":version":"rv-w7ng-u294.ey4w",":created_at":"2019-08-20T12:51:30.666Z",":updated_at":"2019-08-20T12:51:31.403Z","genus":"Cercis","species":"canadensis 'Forest Pansy'","common_name":"Forest Pansy redbud","street_number":"6467","street_name":"Aldow Dr","site":"3F","delivered":"2017-11-22T00:00:00.000","completed":"2017-11-30T00:00:00.000","estimated_canopy_coverage":"490.873852","source":"City Nursery","program_year":"2018",":@computed_region_x6fk_ihs5":"54",":@computed_region_b3ci_nw94":"60",":@computed_region_38t5_wna6":"60",":@computed_region_25t2_rbz7":"2943"}},
{"type":"Feature","geometry":{"type":"Point","coordinates":[-76.180552,36.854498]},"properties":{":id":"row-bkk3~79zj.sydk",":version":"rv-ahrp_cj26~6n79",":created_at":"2019-08-20T12:51:30.666Z",":updated_at":"2019-08-20T12:51:31.403Z","genus":"Ostrya","species":"virginiana","common_name":"Hophornbeam","street_number":"6659","street_name":"E Virginia Beach Blvd","site":"3M","delivered":"2017-11-09T00:00:00.000","completed":"2017-11-14T00:00:00.000","estimated_canopy_coverage":"706.858347","source":"City Nursery","program_year":"2018",":@computed_region_x6fk_ihs5":"128",":@computed_region_b3ci_nw94":"128",":@computed_region_38t5_wna6":"128",":@computed_region_25t2_rbz7":"2943"}},
{"type":"Feature","geometry":{"type":"Point","coordinates":[-76.257431,36.870493]},"properties":{":id":"row-dkdp-9ggn-wwdb",":version":"rv-7t6c_w2v6.c4rt",":created_at":"2019-08-20T12:51:30.666Z",":updated_at":"2019-08-20T12:51:31.403Z","genus":"Betula","species":"nigra 'Heritage'","common_name":"Heritage river birch","street_number":"2820","street_name":"Chesapeake Blvd","site":"1FL","delivered":"2018-01-30T00:00:00.000","completed":"2018-02-01T00:00:00.000","estimated_canopy_coverage":"962.11275","source":"City Nursery","program_year":"2018",":@computed_region_x6fk_ihs5":"3",":@computed_region_b3ci_nw94":"3",":@computed_region_38t5_wna6":"3",":@computed_region_25t2_rbz7":"2943"}},
{"type":"Feature","geometry":{"type":"Point","coordinates":[-76.264249,36.887922]},"properties":{":id":"row-5hjw-pmu6_5k4w",":version":"rv-3dm6_sufv-2vnr",":created_at":"2019-08-20T12:51:30.666Z",":updated_at":"2019-08-20T12:51:31.403Z","genus":"Nyssa","species":"sylvatica","common_name":"Black tupelo","street_number":"1612","street_name":"Willow Wood Dr","site":"4P","delivered":"2017-12-13T00:00:00.000","completed":"2018-02-06T00:00:00.000","estimated_canopy_coverage":"962.11275","source":"City Nursery","program_year":"2018",":@computed_region_x6fk_ihs5":"122",":@computed_region_b3ci_nw94":"122",":@computed_region_38t5_wna6":"122",":@computed_region_25t2_rbz7":"2943"}},
{"type":"Feature","geometry":{"type":"Point","coordinates":[-76.297901,36.857541]},"properties":{":id":"row-sinm-jdi2~tgry",":version":"rv-9m82-shm4-auan",":created_at":"2019-08-20T12:51:30.666Z",":updated_at":"2019-08-20T12:51:31.403Z","genus":"Ulmus","species":"carpinifolia x parvifolia 'Frontier'","common_name":"Frontier elm","street_number":"518","street_name":"Pembroke Ave","site":"2F","delivered":"2017-11-16T00:00:00.000","completed":"2017-12-18T00:00:00.000","estimated_canopy_coverage":"490.873852","source":"City Nursery","program_year":"2018",":@computed_region_x6fk_ihs5":"33",":@computed_region_b3ci_nw94":"38",":@computed_region_38t5_wna6":"38",":@computed_region_25t2_rbz7":"2943"}},
{"type":"Feature","geometry":{"type":"Point","coordinates":[-76.234677,36.851737]},"properties":{":id":"row-uncg.b5am~y9a6",":version":"rv-z4qs-bmqt~mw75",":created_at":"2019-08-20T12:51:30.666Z",":updated_at":"2019-08-20T12:51:31.403Z","genus":"Ulmus","species":"alata","common_name":"Winged elm","street_number":"957","street_name":"Elm St","site":"3F","delivered":"2019-01-02T00:00:00.000","completed":"2019-01-04T00:00:00.000","estimated_canopy_coverage":"1256","source":"City Nursery","program_year":"2019",":@computed_region_x6fk_ihs5":"44",":@computed_region_b3ci_nw94":"49",":@computed_region_38t5_wna6":"49",":@computed_region_25t2_rbz7":"2943"}},
{"type":"Feature","geometry":{"type":"Point","coordinates":[-76.277661,36.844183]},"properties":{":id":"row-th33~yvqc-64ik",":version":"rv-uetd.vx8x.y5un",":created_at":"2019-08-20T12:51:30.666Z",":updated_at":"2019-08-20T12:51:31.403Z","genus":"Ulmus","species":"parvifolia 'Bosque'","common_name":"Bosque elm","street_number":"150","street_name":"Park Ave","site":"5P","delivered":"2017-12-05T00:00:00.000","completed":"2017-12-07T00:00:00.000","estimated_canopy_coverage":"706.858347","source":"Purchased","program_year":"2018",":@computed_region_x6fk_ihs5":"128",":@computed_region_b3ci_nw94":"128",":@computed_region_38t5_wna6":"128",":@computed_region_25t2_rbz7":"2943"}},
{"type":"Feature","geometry":{"type":"Point","coordinates":[-76.292073,36.846857]},"properties":{":id":"row-twva~62bj~wbrv",":version":"rv-udu8-tepj-dnb6",":created_at":"2019-08-20T12:51:30.666Z",":updated_at":"2019-08-20T12:51:31.403Z","genus":"Ilex","species":"x attenuata","common_name":"East Palatka holly","street_number":"111","street_name":"Granby St","site":"2F","delivered":"2017-11-29T00:00:00.000","completed":"2017-12-20T00:00:00.000","estimated_canopy_coverage":"176.714587","source":"City Nursery","program_year":"2018",":@computed_region_x6fk_ihs5":"22",":@computed_region_b3ci_nw94":"26",":@computed_region_38t5_wna6":"26",":@computed_region_25t2_rbz7":"2943"}},
{"type":"Feature","geometry":{"type":"Point","coordinates":[-76.251727,36.949403]},"properties":{":id":"row-gkx4-jdsh-wv6f",":version":"rv-8x3p-hfzu.8xw4",":created_at":"2019-08-20T12:51:30.666Z",":updated_at":"2019-08-20T12:51:31.403Z","genus":"Quercus","species":"michauxii","common_name":"Swamp chestnut oak","street_number":"9522","street_name":"Wells Pkwy","site":"4M","delivered":"2019-01-15T00:00:00.000","completed":"2019-02-12T00:00:00.000","estimated_canopy_coverage":"2826","source":"City Nursery","program_year":"2019",":@computed_region_x6fk_ihs5":"102",":@computed_region_b3ci_nw94":"102",":@computed_region_38t5_wna6":"102",":@computed_region_25t2_rbz7":"2943"}},
{"type":"Feature","geometry":{"type":"Point","coordinates":[-76.293705,36.864764]},"properties":{":id":"row-pagr.8mxr_rwa5",":version":"rv-sbbd-y4wt~daah",":created_at":"2019-08-20T12:51:30.666Z",":updated_at":"2019-08-20T12:51:31.403Z","genus":"Quercus","species":"phellos","common_name":"Willow oak","street_number":"1311","street_name":"Colonial Ave","site":"3F","delivered":"2018-11-28T00:00:00.000","completed":"2018-12-06T00:00:00.000","estimated_canopy_coverage":"1963.49541","source":"City Nursery","program_year":"2019",":@computed_region_x6fk_ihs5":"33",":@computed_region_b3ci_nw94":"38",":@computed_region_38t5_wna6":"38",":@computed_region_25t2_rbz7":"2943"}},
{"type":"Feature","geometry":{"type":"Point","coordinates":[-76.290054,36.845811]},"properties":{":id":"row-hudm.aqh3_m59s",":version":"rv-vmtg~uksc.fst2",":created_at":"2019-08-20T12:51:30.666Z",":updated_at":"2019-08-20T12:51:31.403Z","genus":"Ilex","species":"x attenuata","common_name":"East Palatka holly","street_number":"321","street_name":"E Main St","site":"6F","delivered":"2018-01-31T00:00:00.000","completed":"2018-02-01T00:00:00.000","estimated_canopy_coverage":"176.714587","source":"City Nursery","program_year":"2018",":@computed_region_x6fk_ihs5":"22",":@computed_region_b3ci_nw94":"26",":@computed_region_38t5_wna6":"26",":@computed_region_25t2_rbz7":"2943"}},
{"type":"Feature","geometry":{"type":"Point","coordinates":[-76.26432,36.887196]},"properties":{":id":"row-3yz5_y8t8_j62x",":version":"rv-wnfb-93sr~kaxh",":created_at":"2019-08-20T12:51:30.666Z",":updated_at":"2019-08-20T12:51:31.403Z","genus":"Acer","species":"barbatum","common_name":"Florida maple","street_number":"1610","street_name":"Cromwell Dr","site":"22L","delivered":"2018-12-07T00:00:00.000","completed":"2018-12-14T00:00:00.000","estimated_canopy_coverage":"1258.63706","source":"City Nursery","program_year":"2019",":@computed_region_x6fk_ihs5":"122",":@computed_region_b3ci_nw94":"122",":@computed_region_38t5_wna6":"122",":@computed_region_25t2_rbz7":"2943"}},
{"type":"Feature","geometry":{"type":"Point","coordinates":[-76.300641,36.89142]},"properties":{":id":"row-b6s7~3hrc-czp9",":version":"rv-7y68.scvz.56ff",":created_at":"2019-08-20T12:51:30.666Z",":updated_at":"2019-08-20T12:51:31.403Z","genus":"Taxodium","species":"distichum","common_name":"Bald cypress","street_number":"1145","street_name":"Bolling Ave","site":"25SC","delivered":"2017-12-04T00:00:00.000","completed":"2017-12-14T00:00:00.000","estimated_canopy_coverage":"490.873852","source":"City Nursery","program_year":"2018",":@computed_region_x6fk_ihs5":"49",":@computed_region_b3ci_nw94":"54",":@computed_region_38t5_wna6":"54",":@computed_region_25t2_rbz7":"2943"}},
{"type":"Feature","geometry":{"type":"Point","coordinates":[-76.2123,36.879587]},"properties":{":id":"row-zncr_ctn8.mz8d",":version":"rv-ccdx.t2hb~smyn",":created_at":"2019-08-20T12:51:30.666Z",":updated_at":"2019-08-20T12:51:31.403Z","genus":"Prunus","species":"yeodensis","common_name":"Yoshino cherry","street_number":"2500","street_name":"N Military Hwy","site":"9B","delivered":"2017-12-04T00:00:00.000","completed":"2017-12-05T00:00:00.000","estimated_canopy_coverage":"1256.63706","source":"City Nursery","program_year":"2018",":@computed_region_x6fk_ihs5":"128",":@computed_region_b3ci_nw94":"128",":@computed_region_38t5_wna6":"128",":@computed_region_25t2_rbz7":"2943"}},
{"type":"Feature","geometry":{"type":"Point","coordinates":[-76.278284,36.86122]},"properties":{":id":"row-b3wh_tseq_qnu9",":version":"rv-cund~hj8z_d62b",":created_at":"2019-08-20T12:51:30.666Z",":updated_at":"2019-08-20T12:51:31.403Z","genus":"Quercus","species":"phellos","common_name":"Willow oak","street_number":"1446","street_name":"Church St","site":"1S","delivered":"2018-01-19T00:00:00.000","completed":"2018-01-23T00:00:00.000","estimated_canopy_coverage":"1963.49541","source":"City Nursery","program_year":"2018",":@computed_region_x6fk_ihs5":"2",":@computed_region_b3ci_nw94":"2",":@computed_region_38t5_wna6":"2",":@computed_region_25t2_rbz7":"2943"}},
{"type":"Feature","geometry":{"type":"Point","coordinates":[-76.190846,36.875803]},"properties":{":id":"row-3yc7-jtwk~zqdf",":version":"rv-6i7b~ztmp.9wji",":created_at":"2019-08-20T12:51:30.666Z",":updated_at":"2019-08-20T12:51:31.403Z","genus":"Cercis","species":"canadensis 'Merlot'","common_name":"Merlot redbud","street_number":"1585","street_name":"Weslyan Dr","site":"1FL","delivered":"2018-11-21T00:00:00.000","completed":"2018-12-14T00:00:00.000","estimated_canopy_coverage":"490.873852","source":"City Nursery","program_year":"2019",":@computed_region_x6fk_ihs5":"128",":@computed_region_b3ci_nw94":"128",":@computed_region_38t5_wna6":"128",":@computed_region_25t2_rbz7":"2943"}},
{"type":"Feature","geometry":{"type":"Point","coordinates":[-76.295838,36.893617]},"properties":{":id":"row-q5mg~k5he-fzdy",":version":"rv-74ia_kr2g_yfnm",":created_at":"2019-08-20T12:51:30.666Z",":updated_at":"2019-08-20T12:51:31.403Z","genus":"Magnolia","species":"virginiana","common_name":"Sweetbay magnolia","street_number":"850","street_name":"Jamestown Cres","site":"1F","delivered":"2017-12-13T00:00:00.000","completed":"2018-01-11T00:00:00.000","estimated_canopy_coverage":"490.873852","source":"City Nursery","program_year":"2018",":@computed_region_x6fk_ihs5":"49",":@computed_region_b3ci_nw94":"54",":@computed_region_38t5_wna6":"54",":@computed_region_25t2_rbz7":"2943"}},
{"type":"Feature","geometry":{"type":"Point","coordinates":[-76.262207,36.923678]},"properties":{":id":"row-nywi~4xzy-u6pq",":version":"rv-xkky~6ycs.8ub8",":created_at":"2019-08-20T12:51:30.666Z",":updated_at":"2019-08-20T12:51:31.403Z","genus":"Halesia","species":"diptera","common_name":"Two-winged silverbell","street_number":"8075","street_name":"West Glen Rd","site":"3P","delivered":"2018-12-12T00:00:00.000","completed":"2019-02-06T00:00:00.000","estimated_canopy_coverage":"706.5","source":"City Nursery","program_year":"2019",":@computed_region_x6fk_ihs5":"58",":@computed_region_b3ci_nw94":"65",":@computed_region_38t5_wna6":"65",":@computed_region_25t2_rbz7":"2943"}},
{"type":"Feature","geometry":{"type":"Point","coordinates":[-76.232173,36.904472]},"properties":{":id":"row-dkq3~gh3a.48cn",":version":"rv-ccrv-uuid~2ig7",":created_at":"2019-08-20T12:51:30.666Z",":updated_at":"2019-08-20T12:51:31.403Z","genus":"Ostrya","species":"virginiana","common_name":"Hophornbeam","street_number":"1442","street_name":"Arbor Ave","site":"1M","delivered":"2017-11-16T00:00:00.000","completed":"2017-11-17T00:00:00.000","estimated_canopy_coverage":"706.858347","source":"City Nursery","program_year":"2018",":@computed_region_x6fk_ihs5":"55",":@computed_region_b3ci_nw94":"62",":@computed_region_38t5_wna6":"62",":@computed_region_25t2_rbz7":"2943"}},
{"type":"Feature","geometry":{"type":"Point","coordinates":[-76.292785,36.849782]},"properties":{":id":"row-hrkb-ffrt_wstz",":version":"rv-5hhf-anks-j7dv",":created_at":"2019-08-20T12:51:30.666Z",":updated_at":"2019-08-20T12:51:31.403Z","genus":"Ulmus","species":"parvifolia 'Bosque'","common_name":"Bosque elm","street_number":"201","street_name":"W Tazewell St","site":"4S","delivered":"2017-11-22T00:00:00.000","completed":"2017-11-29T00:00:00.000","estimated_canopy_coverage":"706.858347","source":"Purchased","program_year":"2018",":@computed_region_x6fk_ihs5":"32",":@computed_region_b3ci_nw94":"37",":@computed_region_38t5_wna6":"37",":@computed_region_25t2_rbz7":"2943"}},
{"type":"Feature","geometry":{"type":"Point","coordinates":[-76.26432,36.887196]},"properties":{":id":"row-23md-yxuc~mqun",":version":"rv-b7t4.pds8~zjxv",":created_at":"2019-08-20T12:51:30.666Z",":updated_at":"2019-08-20T12:51:31.403Z","genus":"Quercus","species":"virginiana","common_name":"Live oak","street_number":"1610","street_name":"Cromwell Dr","site":"25L","delivered":"2018-12-07T00:00:00.000","completed":"2018-12-14T00:00:00.000","estimated_canopy_coverage":"6361.72512","source":"City Nursery","program_year":"2019",":@computed_region_x6fk_ihs5":"122",":@computed_region_b3ci_nw94":"122",":@computed_region_38t5_wna6":"122",":@computed_region_25t2_rbz7":"2943"}},
{"type":"Feature","geometry":{"type":"Point","coordinates":[-76.219485,36.902889]},"properties":{":id":"row-yd9u.xwav-29ce",":version":"rv-gtr7~ky9t.k6fm",":created_at":"2019-08-20T12:51:30.666Z",":updated_at":"2019-08-20T12:51:31.403Z","genus":"Cercis","species":"canadensis 'Merlot'","common_name":"Merlot redbud","street_number":"2001","street_name":"Kenlake Dr","site":"3S","delivered":"2017-12-04T00:00:00.000","completed":"2017-12-07T00:00:00.000","estimated_canopy_coverage":"490.873852","source":"City Nursery","program_year":"2018",":@computed_region_x6fk_ihs5":"54",":@computed_region_b3ci_nw94":"60",":@computed_region_38t5_wna6":"60",":@computed_region_25t2_rbz7":"2943"}},
{"type":"Feature","geometry":{"type":"Point","coordinates":[-76.189274,36.854841]},"properties":{":id":"row-gj5d-huag-zcbn",":version":"rv-wach~e5vq.i2wk",":created_at":"2019-08-20T12:51:30.666Z",":updated_at":"2019-08-20T12:51:31.403Z","genus":"Nyssa","species":"sylvatica","common_name":"Black tupelo","street_number":"6309","street_name":"E Virginia Beach Blvd","site":"4M","delivered":"2017-11-09T00:00:00.000","completed":"2017-11-15T00:00:00.000","estimated_canopy_coverage":"962.11275","source":"City Nursery","program_year":"2018",":@computed_region_x6fk_ihs5":"128",":@computed_region_b3ci_nw94":"128",":@computed_region_38t5_wna6":"128",":@computed_region_25t2_rbz7":"2943"}},
{"type":"Feature","geometry":{"type":"Point","coordinates":[-76.217909,36.864908]},"properties":{":id":"row-bai3.4pz8.pshw",":version":"rv-wind_6uyd~p39n",":created_at":"2019-08-20T12:51:30.666Z",":updated_at":"2019-08-20T12:51:31.403Z","genus":"Chionanthus","species":"retusus","common_name":"Chinese fringetree","street_number":"1188","street_name":"Lance Rd","site":"1B","delivered":"2017-12-13T00:00:00.000","completed":"2018-02-07T00:00:00.000","estimated_canopy_coverage":"176.714587","source":"City Nursery","program_year":"2018",":@computed_region_x6fk_ihs5":"128",":@computed_region_b3ci_nw94":"128",":@computed_region_38t5_wna6":"128",":@computed_region_25t2_rbz7":"2943"}},
{"type":"Feature","geometry":{"type":"Point","coordinates":[-76.271948,36.909122]},"properties":{":id":"row-psbv-phv3~fcid",":version":"rv-su3z-7gn2-i6k6",":created_at":"2019-08-20T12:51:30.666Z",":updated_at":"2019-08-20T12:51:31.403Z","genus":"Acer","species":"campestre","common_name":"Hedge maple","street_number":"201","street_name":"Granby Park","site":"2F","delivered":"2017-12-28T00:00:00.000","completed":"2018-01-12T00:00:00.000","estimated_canopy_coverage":"490.873852","source":"Purchased","program_year":"2018",":@computed_region_x6fk_ihs5":"127",":@computed_region_b3ci_nw94":"127",":@computed_region_38t5_wna6":"127",":@computed_region_25t2_rbz7":"2943"}},
{"type":"Feature","geometry":{"type":"Point","coordinates":[-76.252164,36.877428]},"properties":{":id":"row-e3wu~ejpa_ijv8",":version":"rv-sjzv.iijp~fied",":created_at":"2019-08-20T12:51:30.666Z",":updated_at":"2019-08-20T12:51:31.403Z","genus":"Ulmus","species":"alata","common_name":"Winged elm","street_number":"3310","street_name":"Cromwell Dr","site":"4M","delivered":"2019-01-15T00:00:00.000","completed":"2019-03-01T00:00:00.000","estimated_canopy_coverage":"1256","source":"City Nursery","program_year":"2019",":@computed_region_x6fk_ihs5":"29",":@computed_region_b3ci_nw94":"29",":@computed_region_38t5_wna6":"29",":@computed_region_25t2_rbz7":"2943"}},
{"type":"Feature","geometry":{"type":"Point","coordinates":[-76.305401,36.895105]},"properties":{":id":"row-bgg3_qr8h_muh3",":version":"rv-79xv_2am2.wnia",":created_at":"2019-08-20T12:51:30.666Z",":updated_at":"2019-08-20T12:51:31.403Z","genus":"Quercus","species":"laurifolia","common_name":"Laurel oak","street_number":"1312","street_name":"Magnolia Ave","site":"2F","delivered":"2018-01-26T00:00:00.000","completed":"2018-02-01T00:00:00.000","estimated_canopy_coverage":"2827.43339","source":"City Nursery","program_year":"2018",":@computed_region_x6fk_ihs5":"49",":@computed_region_b3ci_nw94":"54",":@computed_region_38t5_wna6":"54",":@computed_region_25t2_rbz7":"2943"}},
{"type":"Feature","geometry":{"type":"Point","coordinates":[-76.29285400000002,36.86767]},"properties":{":id":"row-4erf-dhtz.iwmx",":version":"rv-rycp_mzc8_arn5",":created_at":"2019-08-20T12:51:30.666Z",":updated_at":"2019-08-20T12:51:31.403Z","genus":"Acer","species":"barbatum","common_name":"Florida maple","street_number":"502","street_name":"Washington Park","site":"3M","delivered":"2018-11-13T00:00:00.000","completed":"2018-11-20T00:00:00.000","estimated_canopy_coverage":"1256.63706","source":"City Nursery","program_year":"2019",":@computed_region_x6fk_ihs5":"33",":@computed_region_b3ci_nw94":"38",":@computed_region_38t5_wna6":"38",":@computed_region_25t2_rbz7":"2943"}},
{"type":"Feature","geometry":{"type":"Point","coordinates":[-76.283541,36.872568]},"properties":{":id":"row-38jq_uuwm-f7kw",":version":"rv-cpe5.ficp~7bsa",":created_at":"2019-08-20T12:51:30.666Z",":updated_at":"2019-08-20T12:51:31.403Z","genus":"Quercus","species":"prinoides","common_name":"Dwarf chinquapin oak","street_number":"108","street_name":"W. 28th St","site":"3F","delivered":"2019-01-02T00:00:00.000","completed":"2018-12-06T00:00:00.000","estimated_canopy_coverage":"153.93804","source":"City Nursery","program_year":"2019",":@computed_region_x6fk_ihs5":"72",":@computed_region_b3ci_nw94":"78",":@computed_region_38t5_wna6":"78",":@computed_region_25t2_rbz7":"2943"}},
{"type":"Feature","geometry":{"type":"Point","coordinates":[-76.255494,36.849314]},"properties":{":id":"row-zyrh_mynp.vbhd",":version":"rv-yq4p_gr9v~nvzu",":created_at":"2019-08-20T12:51:30.666Z",":updated_at":"2019-08-20T12:51:31.403Z","genus":"Cercis","species":"canadensis 'Forest Pansy'","common_name":"Forest Pansy redbud","street_number":"2724","street_name":"Park Cres","site":"2P","delivered":"2017-12-12T00:00:00.000","completed":"2018-01-30T00:00:00.000","estimated_canopy_coverage":"490.873852","source":"City Nursery","program_year":"2018",":@computed_region_x6fk_ihs5":"56",":@computed_region_b3ci_nw94":"63",":@computed_region_38t5_wna6":"63",":@computed_region_25t2_rbz7":"2943"}},
{"type":"Feature","geometry":{"type":"Point","coordinates":[-76.296258,36.85934]},"properties":{":id":"row-m4ag-d73d~pggf",":version":"rv-w438-xhpp.8srh",":created_at":"2019-08-20T12:51:30.666Z",":updated_at":"2019-08-20T12:51:31.403Z","genus":"Quercus","species":"phellos","common_name":"Willow oak","street_number":"613","street_name":"Colonial Ave","site":"2F","delivered":"2017-12-06T00:00:00.000","completed":"2017-12-18T00:00:00.000","estimated_canopy_coverage":"1963.49541","source":"City Nursery","program_year":"2018",":@computed_region_x6fk_ihs5":"33",":@computed_region_b3ci_nw94":"38",":@computed_region_38t5_wna6":"38",":@computed_region_25t2_rbz7":"2943"}},
{"type":"Feature","geometry":{"type":"Point","coordinates":[-76.2454,36.93373900000001]},"properties":{":id":"row-r7bj-k9sn-a3u8",":version":"rv-6uhx.3ins_vm9e",":created_at":"2019-08-20T12:51:30.666Z",":updated_at":"2019-08-20T12:51:31.403Z","genus":"Ulmus","species":"americana 'Princeton'","common_name":"Princeton American elm","street_number":"724","street_name":"E. Bayview Blvd","site":"1F","delivered":"2019-02-12T00:00:00.000","completed":"2019-02-26T00:00:00.000","estimated_canopy_coverage":"1256.63706","source":"City Nursery","program_year":"2019",":@computed_region_x6fk_ihs5":"101",":@computed_region_b3ci_nw94":"101",":@computed_region_38t5_wna6":"101",":@computed_region_25t2_rbz7":"2943"}},
{"type":"Feature","geometry":{"type":"Point","coordinates":[-76.284578,36.874456]},"properties":{":id":"row-5syy_f548~gijm",":version":"rv-rckv-wqhk~jbra",":created_at":"2019-08-20T12:51:30.666Z",":updated_at":"2019-08-20T12:51:31.403Z","genus":"Quercus","species":"prinoides","common_name":"Dwarf chinquapin oak","street_number":"220","street_name":"W. 30th St","site":"1F","delivered":"2019-01-07T00:00:00.000","completed":"2019-01-16T00:00:00.000","estimated_canopy_coverage":"153.93804","source":"City Nursery","program_year":"2019",":@computed_region_x6fk_ihs5":"72",":@computed_region_b3ci_nw94":"78",":@computed_region_38t5_wna6":"78",":@computed_region_25t2_rbz7":"2943"}},
{"type":"Feature","geometry":{"type":"Point","coordinates":[-76.21544300000001,36.877984000000005]},"properties":{":id":"row-j2hk~92f9-wtrq",":version":"rv-xdwd~uuxx_zfxf",":created_at":"2019-08-20T12:51:30.666Z",":updated_at":"2019-08-20T12:51:31.403Z","genus":"Taxodium","species":"distichum","common_name":"Bald cypress","street_number":"2410","street_name":"Almeda Ave","site":"8P","delivered":"2019-01-02T00:00:00.000","completed":"2019-01-07T00:00:00.000","estimated_canopy_coverage":"490.873852","source":"City Nursery","program_year":"2019",":@computed_region_x6fk_ihs5":"31",":@computed_region_b3ci_nw94":"36",":@computed_region_38t5_wna6":"36",":@computed_region_25t2_rbz7":"2943"}},
{"type":"Feature","geometry":{"type":"Point","coordinates":[-76.292785,36.849782]},"properties":{":id":"row-itbc~5gey.ns8r",":version":"rv-rkt9~8zrp~wzmj",":created_at":"2019-08-20T12:51:30.666Z",":updated_at":"2019-08-20T12:51:31.403Z","genus":"Ulmus","species":"parvifolia 'Bosque'","common_name":"Bosque elm","street_number":"201","street_name":"W Tazewell St","site":"1F","delivered":"2017-11-22T00:00:00.000","completed":"2017-11-29T00:00:00.000","estimated_canopy_coverage":"706.858347","source":"Purchased","program_year":"2018",":@computed_region_x6fk_ihs5":"32",":@computed_region_b3ci_nw94":"37",":@computed_region_38t5_wna6":"37",":@computed_region_25t2_rbz7":"2943"}},
{"type":"Feature","geometry":{"type":"Point","coordinates":[-76.292294,36.861914]},"properties":{":id":"row-86ue-6a4x-asta",":version":"rv-shm5~jrii~kiy7",":created_at":"2019-08-20T12:51:30.666Z",":updated_at":"2019-08-20T12:51:31.403Z","genus":"Acer","species":"barbatum","common_name":"Florida maple","street_number":"1111","street_name":"Botetourt Gdns","site":"2F","delivered":"2019-01-11T00:00:00.000","completed":"2019-01-15T00:00:00.000","estimated_canopy_coverage":"1256.63706","source":"City Nursery","program_year":"2019",":@computed_region_x6fk_ihs5":"34",":@computed_region_b3ci_nw94":"39",":@computed_region_38t5_wna6":"39",":@computed_region_25t2_rbz7":"2943"}},
{"type":"Feature","geometry":{"type":"Point","coordinates":[-76.291318,36.87875]},"properties":{":id":"row-tv9q_2vaa-t2x9",":version":"rv-hsjq_9uc8-qrhr",":created_at":"2019-08-20T12:51:30.666Z",":updated_at":"2019-08-20T12:51:31.403Z","genus":"Quercus","species":"muehlenbergii","common_name":"Chinquapin oak","street_number":"617","street_name":"36th St","site":"1F","delivered":"2018-11-27T00:00:00.000","completed":"2018-12-12T00:00:00.000","estimated_canopy_coverage":"2826","source":"City Nursery","program_year":"2019",":@computed_region_x6fk_ihs5":"72",":@computed_region_b3ci_nw94":"78",":@computed_region_38t5_wna6":"78",":@computed_region_25t2_rbz7":"2943"}},
{"type":"Feature","geometry":{"type":"Point","coordinates":[-76.250937,36.855285]},"properties":{":id":"row-wy7i~wd62_6eqv",":version":"rv-6uis-96b2.nv5n",":created_at":"2019-08-20T12:51:30.666Z",":updated_at":"2019-08-20T12:51:31.403Z","genus":"Chionanthus","species":"virginicus","common_name":"White fringetree","street_number":"2963","street_name":"Hollister Ave","site":"2F","delivered":"2018-01-23T00:00:00.000","completed":"2018-01-25T00:00:00.000","estimated_canopy_coverage":"176.714587","source":"City Nursery","program_year":"2018",":@computed_region_x6fk_ihs5":"7",":@computed_region_b3ci_nw94":"7",":@computed_region_38t5_wna6":"7",":@computed_region_25t2_rbz7":"2943"}},
{"type":"Feature","geometry":{"type":"Point","coordinates":[-76.248979,36.936066]},"properties":{":id":"row-tjs9.rybe.dqy5",":version":"rv-ni4h_nanh-2krj",":created_at":"2019-08-20T12:51:30.666Z",":updated_at":"2019-08-20T12:51:31.403Z","genus":"Quercus","species":"prinoides","common_name":"Dwarf chinquapin oak","street_number":"8727","street_name":"Old Ocean View Rd","site":"2F","delivered":"2018-02-20T00:00:00.000","completed":"2018-02-22T00:00:00.000","estimated_canopy_coverage":"153.93804","source":"City Nursery","program_year":"2018",":@computed_region_x6fk_ihs5":"101",":@computed_region_b3ci_nw94":"101",":@computed_region_38t5_wna6":"101",":@computed_region_25t2_rbz7":"2943"}},
{"type":"Feature","geometry":{"type":"Point","coordinates":[-76.233867,36.890039]},"properties":{":id":"row-7vyb_wyh2_34be",":version":"rv-jxex.w389.txvi",":created_at":"2019-08-20T12:51:30.666Z",":updated_at":"2019-08-20T12:51:31.403Z","genus":"Ostrya","species":"virginiana","common_name":"Hophornbeam","street_number":"3650","street_name":"Herbert Ave","site":"1F","delivered":"2019-01-22T00:00:00.000","completed":"2019-01-23T00:00:00.000","estimated_canopy_coverage":"706.858347","source":"City Nursery","program_year":"2019",":@computed_region_x6fk_ihs5":"118",":@computed_region_b3ci_nw94":"118",":@computed_region_38t5_wna6":"118",":@computed_region_25t2_rbz7":"2943"}},
{"type":"Feature","geometry":{"type":"Point","coordinates":[-76.177096,36.856544]},"properties":{":id":"row-32pk_5zyj.qvu2",":version":"rv-mz9b~63hm-tx4v",":created_at":"2019-08-20T12:51:30.666Z",":updated_at":"2019-08-20T12:51:31.403Z","genus":"Ostrya","species":"virginiana","common_name":"Hophornbeam","street_number":"115","street_name":"N Newtown Rd","site":"5M","delivered":"2017-11-09T00:00:00.000","completed":"2017-11-14T00:00:00.000","estimated_canopy_coverage":"706.858347","source":"City Nursery","program_year":"2018",":@computed_region_x6fk_ihs5":null,":@computed_region_b3ci_nw94":null,":@computed_region_38t5_wna6":null,":@computed_region_25t2_rbz7":"2951"}},
{"type":"Feature","geometry":{"type":"Point","coordinates":[-76.29342700000001,36.874271]},"properties":{":id":"row-cskt.vcuf-gdem",":version":"rv-k3tu-rw9s_jqdp",":created_at":"2019-08-20T12:51:30.666Z",":updated_at":"2019-08-20T12:51:31.403Z","genus":"Cercis","species":"canadensis","common_name":"Redbud","street_number":"2608","street_name":"Gosnold Ave","site":"1P","delivered":"2018-02-02T00:00:00.000","completed":"2018-02-05T00:00:00.000","estimated_canopy_coverage":"490.873852","source":"City Nursery","program_year":"2018",":@computed_region_x6fk_ihs5":"128",":@computed_region_b3ci_nw94":"128",":@computed_region_38t5_wna6":"128",":@computed_region_25t2_rbz7":"2943"}},
{"type":"Feature","geometry":null,"properties":{":id":"row-358f~4cdu.kks2",":version":"rv-5i3w_nwq5~jeac",":created_at":"2019-08-20T12:51:30.666Z",":updated_at":"2019-08-20T12:51:31.403Z","genus":"Diospyros","species":"virginiana","common_name":"Persimmon","street_number":"1599","street_name":"Premium Outlets Blvd","site":"17P","delivered":"2018-11-27T00:00:00.000","completed":"2018-01-10T00:00:00.000","estimated_canopy_coverage":"921","source":"City Nursery","program_year":"2019",":@computed_region_x6fk_ihs5":null,":@computed_region_b3ci_nw94":null,":@computed_region_38t5_wna6":null,":@computed_region_25t2_rbz7":null}},
{"type":"Feature","geometry":{"type":"Point","coordinates":[-76.299461,36.863114]},"properties":{":id":"row-d2bz-hjvn.pah7",":version":"rv-mkdi~jjfe.geu4",":created_at":"2019-08-20T12:51:30.666Z",":updated_at":"2019-08-20T12:51:31.403Z","genus":"Styrax","species":"japonicus","common_name":"Japanese snowbell","street_number":"720","street_name":"Redgate Ave","site":"1F","delivered":"2018-11-28T00:00:00.000","completed":"2018-12-05T00:00:00.000","estimated_canopy_coverage":"706.858347","source":"City Nursery","program_year":"2019",":@computed_region_x6fk_ihs5":"33",":@computed_region_b3ci_nw94":"38",":@computed_region_38t5_wna6":"38",":@computed_region_25t2_rbz7":"2943"}},
{"type":"Feature","geometry":{"type":"Point","coordinates":[-76.233954,36.890167]},"properties":{":id":"row-kaqc~x3rj.k8uq",":version":"rv-tqec.utit_qzry",":created_at":"2019-08-20T12:51:30.666Z",":updated_at":"2019-08-20T12:51:31.403Z","genus":"Ostrya","species":"virginiana","common_name":"Hophornbeam","street_number":"3654","street_name":"Herbert Ave","site":"1F","delivered":"2019-01-22T00:00:00.000","completed":"2019-01-23T00:00:00.000","estimated_canopy_coverage":"706.858347","source":"City Nursery","program_year":"2019",":@computed_region_x6fk_ihs5":"118",":@computed_region_b3ci_nw94":"118",":@computed_region_38t5_wna6":"118",":@computed_region_25t2_rbz7":"2943"}},
{"type":"Feature","geometry":{"type":"Point","coordinates":[-76.298385,36.858734]},"properties":{":id":"row-86zi.ikvi.69f5",":version":"rv-5mb3~k3wc_qn7z",":created_at":"2019-08-20T12:51:30.666Z",":updated_at":"2019-08-20T12:51:31.403Z","genus":"Quercus","species":"geminata","common_name":"Sand live oak","street_number":"535","street_name":"Fairfax Ave","site":"1F","delivered":"2018-11-26T00:00:00.000","completed":"2018-11-21T00:00:00.000","estimated_canopy_coverage":"2826","source":"City Nursery","program_year":"2019",":@computed_region_x6fk_ihs5":"33",":@computed_region_b3ci_nw94":"38",":@computed_region_38t5_wna6":"38",":@computed_region_25t2_rbz7":"2943"}},
{"type":"Feature","geometry":null,"properties":{":id":"row-5d6t.6sb7-j4w8",":version":"rv-y32c_tpzk_4ee8",":created_at":"2019-08-20T12:51:30.666Z",":updated_at":"2019-08-20T12:51:31.403Z","genus":"Nyssa","species":"sylvatica","common_name":"Black tupelo","street_number":"101","street_name":"N Military Hwy","site":"1P","delivered":"2017-12-06T00:00:00.000","completed":"2017-12-11T00:00:00.000","estimated_canopy_coverage":"962.11275","source":"City Nursery","program_year":"2018",":@computed_region_x6fk_ihs5":null,":@computed_region_b3ci_nw94":null,":@computed_region_38t5_wna6":null,":@computed_region_25t2_rbz7":null}},
{"type":"Feature","geometry":{"type":"Point","coordinates":[-76.312116,36.915222]},"properties":{":id":"row-dv4k-d5x8~d79r",":version":"rv-m6di_x5tc_af5v",":created_at":"2019-08-20T12:51:30.666Z",":updated_at":"2019-08-20T12:51:31.403Z","genus":"Platanus","species":"mexicana","common_name":"Mexican sycamore","street_number":"7721","street_name":"Argyle Ave","site":"1S","delivered":"2017-10-26T00:00:00.000","completed":"2017-10-30T00:00:00.000","estimated_canopy_coverage":"1256.63706","source":"City Nursery","program_year":"2018",":@computed_region_x6fk_ihs5":"52",":@computed_region_b3ci_nw94":"58",":@computed_region_38t5_wna6":"58",":@computed_region_25t2_rbz7":"2943"}},
{"type":"Feature","geometry":{"type":"Point","coordinates":[-76.241357,36.934108]},"properties":{":id":"row-a56m_8vg5_6ejt",":version":"rv-absw.zucr_uyy7",":created_at":"2019-08-20T12:51:30.666Z",":updated_at":"2019-08-20T12:51:31.403Z","genus":"Ulmus","species":"americana 'Princeton'","common_name":"Princeton American elm","street_number":"1064","street_name":"E. Bayview Blvd","site":"1F","delivered":"2019-01-02T00:00:00.000","completed":"2019-02-26T00:00:00.000","estimated_canopy_coverage":"1256.63706","source":"City Nursery","program_year":"2019",":@computed_region_x6fk_ihs5":"103",":@computed_region_b3ci_nw94":"103",":@computed_region_38t5_wna6":"103",":@computed_region_25t2_rbz7":"2943"}},
{"type":"Feature","geometry":{"type":"Point","coordinates":[-76.282108,36.878534]},"properties":{":id":"row-47as_zc9d-hqp4",":version":"rv-j8n6~37up~2vj5",":created_at":"2019-08-20T12:51:30.666Z",":updated_at":"2019-08-20T12:51:31.403Z","genus":"Styrax","species":"americanus","common_name":"American snowbell","street_number":"3500","street_name":"Granby St","site":"12P","delivered":"2018-11-27T00:00:00.000","completed":"2019-01-04T00:00:00.000","estimated_canopy_coverage":"706","source":"City Nursery","program_year":"2019",":@computed_region_x6fk_ihs5":"72",":@computed_region_b3ci_nw94":"78",":@computed_region_38t5_wna6":"78",":@computed_region_25t2_rbz7":"2943"}},
{"type":"Feature","geometry":{"type":"Point","coordinates":[-76.270654,36.868408]},"properties":{":id":"row-umna-kyiu.xrc6",":version":"rv-qjzg_6rdz-6irp",":created_at":"2019-08-20T12:51:30.666Z",":updated_at":"2019-08-20T12:51:31.403Z","genus":"Taxodium","species":"distichum","common_name":"Bald cypress","street_number":"2700","street_name":"Ludlow St","site":"7SC","delivered":"2018-01-31T00:00:00.000","completed":"2018-02-06T00:00:00.000","estimated_canopy_coverage":"490.873852","source":"City Nursery","program_year":"2018",":@computed_region_x6fk_ihs5":"51",":@computed_region_b3ci_nw94":"57",":@computed_region_38t5_wna6":"57",":@computed_region_25t2_rbz7":"2943"}},
{"type":"Feature","geometry":{"type":"Point","coordinates":[-76.270654,36.868408]},"properties":{":id":"row-akt4_uvh9.txdn",":version":"rv-gtza-u9dq.hc5n",":created_at":"2019-08-20T12:51:30.666Z",":updated_at":"2019-08-20T12:51:31.403Z","genus":"Chionanthus","species":"retusus","common_name":"Chinese fringetree","street_number":"2700","street_name":"Ludlow St","site":"4SC","delivered":"2018-02-01T00:00:00.000","completed":"2018-02-05T00:00:00.000","estimated_canopy_coverage":"176.714587","source":"City Nursery","program_year":"2018",":@computed_region_x6fk_ihs5":"51",":@computed_region_b3ci_nw94":"57",":@computed_region_38t5_wna6":"57",":@computed_region_25t2_rbz7":"2943"}},
{"type":"Feature","geometry":{"type":"Point","coordinates":[-76.277099,36.88369]},"properties":{":id":"row-s9tu_u3nm.ypwh",":version":"rv-5xdk~k7vr_rww7",":created_at":"2019-08-20T12:51:30.666Z",":updated_at":"2019-08-20T12:51:31.403Z","genus":"Quercus","species":"muehlenbergii","common_name":"Chinquapin oak","street_number":"3900","street_name":"Holly Ave","site":"1F","delivered":"2018-12-07T00:00:00.000","completed":"2019-02-01T00:00:00.000","estimated_canopy_coverage":"2826","source":"City Nursery","program_year":"2019",":@computed_region_x6fk_ihs5":"19",":@computed_region_b3ci_nw94":"21",":@computed_region_38t5_wna6":"21",":@computed_region_25t2_rbz7":"2943"}},
{"type":"Feature","geometry":{"type":"Point","coordinates":[-76.248979,36.936066]},"properties":{":id":"row-bt64~3uuy.7awv",":version":"rv-v3mg_gemj~88sf",":created_at":"2019-08-20T12:51:30.666Z",":updated_at":"2019-08-20T12:51:31.403Z","genus":"Quercus","species":"prinoides","common_name":"Dwarf chinquapin oak","street_number":"8727","street_name":"Old Ocean View Rd","site":"1F","delivered":"2018-02-20T00:00:00.000","completed":"2018-02-22T00:00:00.000","estimated_canopy_coverage":"153.93804","source":"City Nursery","program_year":"2018",":@computed_region_x6fk_ihs5":"101",":@computed_region_b3ci_nw94":"101",":@computed_region_38t5_wna6":"101",":@computed_region_25t2_rbz7":"2943"}},
{"type":"Feature","geometry":{"type":"Point","coordinates":[-76.255706,36.883275]},"properties":{":id":"row-xsm6.9sj9_dz5z",":version":"rv-5bhn_ysq6_qhkf",":created_at":"2019-08-20T12:51:30.666Z",":updated_at":"2019-08-20T12:51:31.403Z","genus":"Cercis","species":"canadensis 'Merlot'","common_name":"Merlot redbud","street_number":"3533","street_name":"Brest Ave","site":"4S","delivered":"2017-12-04T00:00:00.000","completed":"2017-12-06T00:00:00.000","estimated_canopy_coverage":"490.873852","source":"City Nursery","program_year":"2018",":@computed_region_x6fk_ihs5":"29",":@computed_region_b3ci_nw94":"29",":@computed_region_38t5_wna6":"29",":@computed_region_25t2_rbz7":"2943"}},
{"type":"Feature","geometry":{"type":"Point","coordinates":[-76.264249,36.887922]},"properties":{":id":"row-f3k8.qcz5-kegs",":version":"rv-p7c8-uphp~xzx2",":created_at":"2019-08-20T12:51:30.666Z",":updated_at":"2019-08-20T12:51:31.403Z","genus":"Chionanthus","species":"virginicus","common_name":"White fringetree","street_number":"1612","street_name":"Willow Wood Dr","site":"1P","delivered":"2018-02-01T00:00:00.000","completed":"2018-02-06T00:00:00.000","estimated_canopy_coverage":"176.714587","source":"City Nursery","program_year":"2018",":@computed_region_x6fk_ihs5":"122",":@computed_region_b3ci_nw94":"122",":@computed_region_38t5_wna6":"122",":@computed_region_25t2_rbz7":"2943"}},
{"type":"Feature","geometry":{"type":"Point","coordinates":[-76.284806,36.88125]},"properties":{":id":"row-wtss_we3z~x6cs",":version":"rv-3wwa-rkrb.vici",":created_at":"2019-08-20T12:51:30.666Z",":updated_at":"2019-08-20T12:51:31.403Z","genus":"Magnolia","species":"virginiana","common_name":"Sweetbay magnolia","street_number":"3901","street_name":"Llewellyn Ave","site":"2P","delivered":"2018-12-14T00:00:00.000","completed":"2018-12-19T00:00:00.000","estimated_canopy_coverage":"490.873852","source":"City Nursery","program_year":"2019",":@computed_region_x6fk_ihs5":"19",":@computed_region_b3ci_nw94":"21",":@computed_region_38t5_wna6":"21",":@computed_region_25t2_rbz7":"2943"}},
{"type":"Feature","geometry":{"type":"Point","coordinates":[-76.297816,36.858471]},"properties":{":id":"row-xhnr.2at4-mpsc",":version":"rv-7e7d~7e8r_4i7i",":created_at":"2019-08-20T12:51:30.666Z",":updated_at":"2019-08-20T12:51:31.403Z","genus":"Styrax","species":"japonicus","common_name":"Japanese snowbell","street_number":"523","street_name":"Fairfax Ave","site":"1F","delivered":"2017-12-06T00:00:00.000","completed":"2017-12-19T00:00:00.000","estimated_canopy_coverage":"706.858347","source":"City Nursery","program_year":"2018",":@computed_region_x6fk_ihs5":"33",":@computed_region_b3ci_nw94":"38",":@computed_region_38t5_wna6":"38",":@computed_region_25t2_rbz7":"2943"}},
{"type":"Feature","geometry":{"type":"Point","coordinates":[-76.280953,36.842627]},"properties":{":id":"row-gd4j_gwun~j2ny",":version":"rv-fpgt_skgu~fpq5",":created_at":"2019-08-20T12:51:30.666Z",":updated_at":"2019-08-20T12:51:31.403Z","genus":"Cercis","species":"canadensis 'Merlot'","common_name":"Merlot redbud","street_number":"111","street_name":"Park Ave","site":"2SC","delivered":"2017-12-04T00:00:00.000","completed":"2018-02-05T00:00:00.000","estimated_canopy_coverage":"490.873852","source":"City Nursery","program_year":"2018",":@computed_region_x6fk_ihs5":"128",":@computed_region_b3ci_nw94":"128",":@computed_region_38t5_wna6":"128",":@computed_region_25t2_rbz7":"2943"}},
{"type":"Feature","geometry":{"type":"Point","coordinates":[-76.202159,36.855598]},"properties":{":id":"row-cqp2-uy8c~ajsa",":version":"rv-ua4b_qrnq_snje",":created_at":"2019-08-20T12:51:30.666Z",":updated_at":"2019-08-20T12:51:31.403Z","genus":"Nyssa","species":"sylvatica","common_name":"Black tupelo","street_number":"5930","street_name":"E Virginia Beach Blvd","site":"1M","delivered":"2017-11-22T00:00:00.000","completed":"2017-11-28T00:00:00.000","estimated_canopy_coverage":"962.11275","source":"City Nursery","program_year":"2018",":@computed_region_x6fk_ihs5":"128",":@computed_region_b3ci_nw94":"128",":@computed_region_38t5_wna6":"128",":@computed_region_25t2_rbz7":"2943"}},
{"type":"Feature","geometry":{"type":"Point","coordinates":[-76.289797,36.856207]},"properties":{":id":"row-hp7h-ggq9~nkpk",":version":"rv-mps5_kjqp~bpzw",":created_at":"2019-08-20T12:51:30.666Z",":updated_at":"2019-08-20T12:51:31.403Z","genus":"Taxodium","species":"ascendens","common_name":"Pond cypress","street_number":"138","street_name":"W Olney Rd","site":"3P","delivered":"2017-10-13T00:00:00.000","completed":"2017-10-13T00:00:00.000","estimated_canopy_coverage":"490.873852","source":"City Nursery","program_year":"2018",":@computed_region_x6fk_ihs5":"22",":@computed_region_b3ci_nw94":"26",":@computed_region_38t5_wna6":"26",":@computed_region_25t2_rbz7":"2943"}},
{"type":"Feature","geometry":{"type":"Point","coordinates":[-76.289827,36.88181]},"properties":{":id":"row-4a6k.v5z8_mect",":version":"rv-9ujv-xbhe.hq65",":created_at":"2019-08-20T12:51:30.666Z",":updated_at":"2019-08-20T12:51:31.403Z","genus":"Acer","species":"barbatum","common_name":"Florida maple","street_number":"4019","street_name":"Newport Ave","site":"3M","delivered":"2018-01-15T00:00:00.000","completed":"2018-01-16T00:00:00.000","estimated_canopy_coverage":"1256.63706","source":"City Nursery","program_year":"2018",":@computed_region_x6fk_ihs5":"19",":@computed_region_b3ci_nw94":"21",":@computed_region_38t5_wna6":"21",":@computed_region_25t2_rbz7":"2943"}},
{"type":"Feature","geometry":{"type":"Point","coordinates":[-76.178189,36.852809]},"properties":{":id":"row-5he7-p452-krfj",":version":"rv-q566.aeng~3bad",":created_at":"2019-08-20T12:51:30.666Z",":updated_at":"2019-08-20T12:51:31.403Z","genus":"Ostrya","species":"virginiana","common_name":"Hophornbeam","street_number":"953","street_name":"N Newtown Rd","site":"3M","delivered":"2017-11-09T00:00:00.000","completed":"2017-11-14T00:00:00.000","estimated_canopy_coverage":"706.858347","source":"City Nursery","program_year":"2018",":@computed_region_x6fk_ihs5":"59",":@computed_region_b3ci_nw94":"66",":@computed_region_38t5_wna6":"66",":@computed_region_25t2_rbz7":"2951"}},
{"type":"Feature","geometry":{"type":"Point","coordinates":[-76.295146,36.888792]},"properties":{":id":"row-464r.nme8_juig",":version":"rv-mu39~aaey-7ikn",":created_at":"2019-08-20T12:51:30.666Z",":updated_at":"2019-08-20T12:51:31.403Z","genus":"Sassafras","species":"albidum","common_name":"Sassafras","street_number":"5000","street_name":"Colley Ave","site":"1S","delivered":"2018-12-12T00:00:00.000","completed":"2019-01-08T00:00:00.000","estimated_canopy_coverage":"452.389342","source":"City Nursery","program_year":"2019",":@computed_region_x6fk_ihs5":"40",":@computed_region_b3ci_nw94":"44",":@computed_region_38t5_wna6":"44",":@computed_region_25t2_rbz7":"2943"}},
{"type":"Feature","geometry":{"type":"Point","coordinates":[-76.3005,36.853108]},"properties":{":id":"row-k4e5-uf3i_s6re",":version":"rv-a52q_85b8-ct34",":created_at":"2019-08-20T12:51:30.666Z",":updated_at":"2019-08-20T12:51:31.403Z","genus":"Acer","species":"campestre","common_name":"Hedge maple","street_number":"40","street_name":"Rader St","site":"1S","delivered":"2017-12-28T00:00:00.000","completed":"2018-01-12T00:00:00.000","estimated_canopy_coverage":"490.873852","source":"Purchased","program_year":"2018",":@computed_region_x6fk_ihs5":"128",":@computed_region_b3ci_nw94":"128",":@computed_region_38t5_wna6":"128",":@computed_region_25t2_rbz7":"2943"}},
{"type":"Feature","geometry":{"type":"Point","coordinates":[-76.314457,36.913393]},"properties":{":id":"row-kxat.4e3m.pa9y",":version":"rv-vcqv~d9ya~5bzt",":created_at":"2019-08-20T12:51:30.666Z",":updated_at":"2019-08-20T12:51:31.403Z","genus":"Platanus","species":"mexicana","common_name":"Mexican sycamore","street_number":"1511","street_name":"Cloncurry Rd","site":"1S","delivered":"2017-10-18T00:00:00.000","completed":"2017-10-30T00:00:00.000","estimated_canopy_coverage":"1256.63706","source":"Purchased","program_year":"2018",":@computed_region_x6fk_ihs5":"52",":@computed_region_b3ci_nw94":"58",":@computed_region_38t5_wna6":"58",":@computed_region_25t2_rbz7":"2943"}},
{"type":"Feature","geometry":{"type":"Point","coordinates":[-76.206143,36.914906]},"properties":{":id":"row-cw9t.dykg.4e89",":version":"rv-n44w.vesc.9376",":created_at":"2019-08-20T12:51:30.666Z",":updated_at":"2019-08-20T12:51:31.403Z","genus":"Prunus","species":"yeodensis","common_name":"Yoshino cherry","street_number":"2764","street_name":"Murray Ave","site":"2F","delivered":"2017-12-04T00:00:00.000","completed":"2017-12-05T00:00:00.000","estimated_canopy_coverage":"1256.63706","source":"City Nursery","program_year":"2018",":@computed_region_x6fk_ihs5":"14",":@computed_region_b3ci_nw94":"16",":@computed_region_38t5_wna6":"16",":@computed_region_25t2_rbz7":"2943"}},
{"type":"Feature","geometry":{"type":"Point","coordinates":[-76.239614,36.894882]},"properties":{":id":"row-m6a4-wxvb.a4se",":version":"rv-7wqt-pthu~pceu",":created_at":"2019-08-20T12:51:30.666Z",":updated_at":"2019-08-20T12:51:31.403Z","genus":"Cercis","species":"canadensis","common_name":"Redbud","street_number":"6329","street_name":"6329 Sewells Point Rd","site":"5SC","delivered":"2018-01-24T00:00:00.000","completed":"2018-01-26T00:00:00.000","estimated_canopy_coverage":"490.873852","source":"City Nursery","program_year":"2018",":@computed_region_x6fk_ihs5":null,":@computed_region_b3ci_nw94":null,":@computed_region_38t5_wna6":null,":@computed_region_25t2_rbz7":"2943"}},
{"type":"Feature","geometry":{"type":"Point","coordinates":[-76.250954,36.847778]},"properties":{":id":"row-n83h~ui2z-97z4",":version":"rv-u72j~g3xp-cx8z",":created_at":"2019-08-20T12:51:30.666Z",":updated_at":"2019-08-20T12:51:31.403Z","genus":"Magnolia","species":"virginiana","common_name":"Sweetbay magnolia","street_number":"3025","street_name":"North Lakebridge Dr","site":"1P","delivered":"2017-10-30T00:00:00.000","completed":"2017-11-01T00:00:00.000","estimated_canopy_coverage":"490.873852","source":"City Nursery","program_year":"2018",":@computed_region_x6fk_ihs5":"88",":@computed_region_b3ci_nw94":"17",":@computed_region_38t5_wna6":"17",":@computed_region_25t2_rbz7":"2943"}},
{"type":"Feature","geometry":{"type":"Point","coordinates":[-76.24962400000001,36.853179]},"properties":{":id":"row-h5dj.85a9.gkyv",":version":"rv-kc6i.yjiv.n285",":created_at":"2019-08-20T12:51:30.666Z",":updated_at":"2019-08-20T12:51:31.403Z","genus":"Prunus","species":"cerasifera 'Krauter Vesuvius'","common_name":"Krauter Vesuvius purple leaf plum","street_number":"3042","street_name":"Woodland Ave","site":"1F","delivered":"2018-01-23T00:00:00.000","completed":"2018-01-25T00:00:00.000","estimated_canopy_coverage":"314.159265","source":"City Nursery","program_year":"2018",":@computed_region_x6fk_ihs5":"7",":@computed_region_b3ci_nw94":"7",":@computed_region_38t5_wna6":"7",":@computed_region_25t2_rbz7":"2943"}},
{"type":"Feature","geometry":{"type":"Point","coordinates":[-76.312116,36.915222]},"properties":{":id":"row-6y7t~2gus~8fhx",":version":"rv-rcrk~hjmc.ijys",":created_at":"2019-08-20T12:51:30.666Z",":updated_at":"2019-08-20T12:51:31.403Z","genus":"Platanus","species":"mexicana","common_name":"Mexican sycamore","street_number":"7721","street_name":"Argyle Ave","site":"2F","delivered":"2017-10-26T00:00:00.000","completed":"2017-10-30T00:00:00.000","estimated_canopy_coverage":"1256.63706","source":"City Nursery","program_year":"2018",":@computed_region_x6fk_ihs5":"52",":@computed_region_b3ci_nw94":"58",":@computed_region_38t5_wna6":"58",":@computed_region_25t2_rbz7":"2943"}},
{"type":"Feature","geometry":{"type":"Point","coordinates":[-76.18022,36.848987]},"properties":{":id":"row-qiha~wxa9~x27t",":version":"rv-guuu.wm2a~q9gk",":created_at":"2019-08-20T12:51:30.666Z",":updated_at":"2019-08-20T12:51:31.403Z","genus":"Nyssa","species":"sylvatica","common_name":"Black tupelo","street_number":"701","street_name":"Newtown Rd","site":"6M","delivered":"2017-11-09T00:00:00.000","completed":"2017-11-15T00:00:00.000","estimated_canopy_coverage":"962.11275","source":"City Nursery","program_year":"2018",":@computed_region_x6fk_ihs5":"59",":@computed_region_b3ci_nw94":"66",":@computed_region_38t5_wna6":"66",":@computed_region_25t2_rbz7":"2951"}},
{"type":"Feature","geometry":{"type":"Point","coordinates":[-76.240021,36.895143]},"properties":{":id":"row-s7br-mzmh~ar9i",":version":"rv-vaxu_74em~twgt",":created_at":"2019-08-20T12:51:30.666Z",":updated_at":"2019-08-20T12:51:31.403Z","genus":"Taxodium","species":"distichum","common_name":"Bald cypress","street_number":"6325","street_name":"Sewells Point Rd","site":"15SC","delivered":"2018-01-10T00:00:00.000","completed":"2018-01-22T00:00:00.000","estimated_canopy_coverage":"490.873852","source":"City Nursery","program_year":"2018",":@computed_region_x6fk_ihs5":"81",":@computed_region_b3ci_nw94":"86",":@computed_region_38t5_wna6":"86",":@computed_region_25t2_rbz7":"2943"}},
{"type":"Feature","geometry":{"type":"Point","coordinates":[-76.28801,36.863656]},"properties":{":id":"row-5zyp.eaeb-e282",":version":"rv-bxb9.47x4_kxvz",":created_at":"2019-08-20T12:51:30.666Z",":updated_at":"2019-08-20T12:51:31.403Z","genus":"Acer","species":"barbatum","common_name":"Florida maple","street_number":"200","street_name":"Shirley Ave","site":"4SC","delivered":"2018-01-22T00:00:00.000","completed":"2018-01-24T00:00:00.000","estimated_canopy_coverage":"1256.63706","source":"City Nursery","program_year":"2018",":@computed_region_x6fk_ihs5":"22",":@computed_region_b3ci_nw94":"26",":@computed_region_38t5_wna6":"26",":@computed_region_25t2_rbz7":"2943"}},
{"type":"Feature","geometry":{"type":"Point","coordinates":[-76.295614,36.85744700000001]},"properties":{":id":"row-etin~u27y-g563",":version":"rv-zeb6~tykp.zifd",":created_at":"2019-08-20T12:51:30.666Z",":updated_at":"2019-08-20T12:51:31.403Z","genus":"Ulmus","species":"alata","common_name":"Winged elm","street_number":"400","street_name":"Fairfax Ave","site":"2S","delivered":"2018-11-28T00:00:00.000","completed":"2018-12-06T00:00:00.000","estimated_canopy_coverage":"1256","source":"City Nursery","program_year":"2019",":@computed_region_x6fk_ihs5":"128",":@computed_region_b3ci_nw94":"128",":@computed_region_38t5_wna6":"128",":@computed_region_25t2_rbz7":"2943"}},
{"type":"Feature","geometry":{"type":"Point","coordinates":[-76.304684,36.91159]},"properties":{":id":"row-v6v8-f7fa.w7tx",":version":"rv-5yvq~vt75.ihzk",":created_at":"2019-08-20T12:51:30.666Z",":updated_at":"2019-08-20T12:51:31.403Z","genus":"Ostrya","species":"virginiana","common_name":"Hophornbeam","street_number":"7335","street_name":"Shirland Ave","site":"1F","delivered":"2017-10-26T00:00:00.000","completed":"2017-10-30T00:00:00.000","estimated_canopy_coverage":"706.858347","source":"City Nursery","program_year":"2018",":@computed_region_x6fk_ihs5":"53",":@computed_region_b3ci_nw94":"59",":@computed_region_38t5_wna6":"59",":@computed_region_25t2_rbz7":"2943"}},
{"type":"Feature","geometry":{"type":"Point","coordinates":[-76.304057,36.867196]},"properties":{":id":"row-64mr-dpad.27kw",":version":"rv-9ibr_zzwx.2jwy",":created_at":"2019-08-20T12:51:30.666Z",":updated_at":"2019-08-20T12:51:31.403Z","genus":"Cercis","species":"canadensis","common_name":"Redbud","street_number":"1030","street_name":"Graydon Ave","site":"2F","delivered":"2018-01-19T00:00:00.000","completed":"2018-01-22T00:00:00.000","estimated_canopy_coverage":"490.873852","source":"City Nursery","program_year":"2018",":@computed_region_x6fk_ihs5":"97",":@computed_region_b3ci_nw94":"98",":@computed_region_38t5_wna6":"98",":@computed_region_25t2_rbz7":"2943"}},
{"type":"Feature","geometry":{"type":"Point","coordinates":[-76.277999,36.859813]},"properties":{":id":"row-9ku3.ijm4.8ggz",":version":"rv-uh26~vtk4_tmta",":created_at":"2019-08-20T12:51:30.666Z",":updated_at":"2019-08-20T12:51:31.403Z","genus":"Quercus","species":"phellos","common_name":"Willow oak","street_number":"1316","street_name":"Church St","site":"1F","delivered":"2018-01-19T00:00:00.000","completed":"2018-01-22T00:00:00.000","estimated_canopy_coverage":"1963.49541","source":"City Nursery","program_year":"2018",":@computed_region_x6fk_ihs5":"2",":@computed_region_b3ci_nw94":"2",":@computed_region_38t5_wna6":"2",":@computed_region_25t2_rbz7":"2943"}},
{"type":"Feature","geometry":{"type":"Point","coordinates":[-76.280953,36.842627]},"properties":{":id":"row-xg3r-5a94.ykmq",":version":"rv-nadi-2i55-w5i8",":created_at":"2019-08-20T12:51:30.666Z",":updated_at":"2019-08-20T12:51:31.403Z","genus":"Cercis","species":"canadensis 'Merlot'","common_name":"Merlot redbud","street_number":"111","street_name":"Park Ave","site":"3SC","delivered":"2017-12-04T00:00:00.000","completed":"2018-02-05T00:00:00.000","estimated_canopy_coverage":"490.873852","source":"City Nursery","program_year":"2018",":@computed_region_x6fk_ihs5":"128",":@computed_region_b3ci_nw94":"128",":@computed_region_38t5_wna6":"128",":@computed_region_25t2_rbz7":"2943"}},
{"type":"Feature","geometry":{"type":"Point","coordinates":[-76.271948,36.909122]},"properties":{":id":"row-m38f.xjai.rk2s",":version":"rv-ekgf-bfhf-dx5i",":created_at":"2019-08-20T12:51:30.666Z",":updated_at":"2019-08-20T12:51:31.403Z","genus":"Acer","species":"campestre","common_name":"Hedge maple","street_number":"201","street_name":"Granby Park","site":"2S","delivered":"2017-12-28T00:00:00.000","completed":"2018-01-12T00:00:00.000","estimated_canopy_coverage":"490.873852","source":"Purchased","program_year":"2018",":@computed_region_x6fk_ihs5":"127",":@computed_region_b3ci_nw94":"127",":@computed_region_38t5_wna6":"127",":@computed_region_25t2_rbz7":"2943"}},
{"type":"Feature","geometry":{"type":"Point","coordinates":[-76.292915,36.879375]},"properties":{":id":"row-z4ek_8jb9~nqpn",":version":"rv-3txx-yrc2-crev",":created_at":"2019-08-20T12:51:30.666Z",":updated_at":"2019-08-20T12:51:31.403Z","genus":"Ulmus","species":"alata","common_name":"Winged elm","street_number":"703","street_name":"37th St","site":"1F","delivered":"2019-01-22T00:00:00.000","completed":"2019-01-23T00:00:00.000","estimated_canopy_coverage":"1256","source":"City Nursery","program_year":"2019",":@computed_region_x6fk_ihs5":"46",":@computed_region_b3ci_nw94":"51",":@computed_region_38t5_wna6":"51",":@computed_region_25t2_rbz7":"2943"}},
{"type":"Feature","geometry":{"type":"Point","coordinates":[-76.240021,36.895143]},"properties":{":id":"row-z668.76k2.a58s",":version":"rv-mhgx~w5p3~zqqg",":created_at":"2019-08-20T12:51:30.666Z",":updated_at":"2019-08-20T12:51:31.403Z","genus":"Taxodium","species":"ascendens","common_name":"Pond cypress","street_number":"6325","street_name":"Sewells Point Rd","site":"6SC","delivered":"2018-01-23T00:00:00.000","completed":"2018-01-26T00:00:00.000","estimated_canopy_coverage":"490.873852","source":"City Nursery","program_year":"2018",":@computed_region_x6fk_ihs5":"81",":@computed_region_b3ci_nw94":"86",":@computed_region_38t5_wna6":"86",":@computed_region_25t2_rbz7":"2943"}},
{"type":"Feature","geometry":{"type":"Point","coordinates":[-76.220555,36.888923]},"properties":{":id":"row-k4ir~636j.rkgw",":version":"rv-w87p_fz68~r932",":created_at":"2019-08-20T12:51:30.666Z",":updated_at":"2019-08-20T12:51:31.403Z","genus":"Malus","species":"pumila 'Roxburry Russet'","common_name":"Roxburry Russet apple","street_number":"3475","street_name":"Azalea Garden Rd","site":"5M","delivered":"2018-11-28T00:00:00.000","completed":"2018-11-29T00:00:00.000","estimated_canopy_coverage":"177","source":"City Nursery","program_year":"2019",":@computed_region_x6fk_ihs5":"64",":@computed_region_b3ci_nw94":"48",":@computed_region_38t5_wna6":"48",":@computed_region_25t2_rbz7":"2943"}},
{"type":"Feature","geometry":{"type":"Point","coordinates":[-76.177096,36.856544]},"properties":{":id":"row-j7c9-at9h~ea9m",":version":"rv-v6j6~fzaa~ymn4",":created_at":"2019-08-20T12:51:30.666Z",":updated_at":"2019-08-20T12:51:31.403Z","genus":"Ostrya","species":"virginiana","common_name":"Hophornbeam","street_number":"115","street_name":"N Newtown Rd","site":"4M","delivered":"2017-11-09T00:00:00.000","completed":"2017-11-14T00:00:00.000","estimated_canopy_coverage":"706.858347","source":"City Nursery","program_year":"2018",":@computed_region_x6fk_ihs5":null,":@computed_region_b3ci_nw94":null,":@computed_region_38t5_wna6":null,":@computed_region_25t2_rbz7":"2951"}},
{"type":"Feature","geometry":{"type":"Point","coordinates":[-76.304847,36.914005]},"properties":{":id":"row-2yvi_bwut-9tru",":version":"rv-xt53-xrzy_exaq",":created_at":"2019-08-20T12:51:30.666Z",":updated_at":"2019-08-20T12:51:31.403Z","genus":"Platanus","species":"mexicana","common_name":"Mexican sycamore","street_number":"1514","street_name":"Runnymede Rd","site":"2F","delivered":"2017-10-18T00:00:00.000","completed":"2017-10-30T00:00:00.000","estimated_canopy_coverage":"1256.63706","source":"Purchased","program_year":"2018",":@computed_region_x6fk_ihs5":"53",":@computed_region_b3ci_nw94":"59",":@computed_region_38t5_wna6":"59",":@computed_region_25t2_rbz7":"2943"}},
{"type":"Feature","geometry":{"type":"Point","coordinates":[-76.284806,36.88125]},"properties":{":id":"row-7kpj~4ti9.gzpt",":version":"rv-8mmv~w72y.9vh5",":created_at":"2019-08-20T12:51:30.666Z",":updated_at":"2019-08-20T12:51:31.403Z","genus":"Magnolia","species":"virginiana","common_name":"Sweetbay magnolia","street_number":"3901","street_name":"Llewellyn Ave","site":"3P","delivered":"2018-12-14T00:00:00.000","completed":"2018-12-19T00:00:00.000","estimated_canopy_coverage":"490.873852","source":"City Nursery","program_year":"2019",":@computed_region_x6fk_ihs5":"19",":@computed_region_b3ci_nw94":"21",":@computed_region_38t5_wna6":"21",":@computed_region_25t2_rbz7":"2943"}},
{"type":"Feature","geometry":{"type":"Point","coordinates":[-76.265672,36.86659]},"properties":{":id":"row-khzc-kedn~q9i7",":version":"rv-dy86_suem-qc8m",":created_at":"2019-08-20T12:51:30.666Z",":updated_at":"2019-08-20T12:51:31.403Z","genus":"Acer","species":"buergerianum","common_name":"Trident maple","street_number":"1136","street_name":"Vista Ave","site":"2P","delivered":"2019-01-07T00:00:00.000","completed":"2019-01-09T00:00:00.000","estimated_canopy_coverage":"1256.63706","source":"City Nursery","program_year":"2019",":@computed_region_x6fk_ihs5":"51",":@computed_region_b3ci_nw94":"57",":@computed_region_38t5_wna6":"57",":@computed_region_25t2_rbz7":"2943"}},
{"type":"Feature","geometry":{"type":"Point","coordinates":[-76.306629,36.883141]},"properties":{":id":"row-x9xu.ftph_vgsp",":version":"rv-y2cx-tbfg-aepe",":created_at":"2019-08-20T12:51:30.666Z",":updated_at":"2019-08-20T12:51:31.403Z","genus":"Quercus","species":"prinoides","common_name":"Dwarf chinquapin oak","street_number":"1341","street_name":"43rd St","site":"1F","delivered":"2018-12-03T00:00:00.000","completed":"2018-12-12T00:00:00.000","estimated_canopy_coverage":"153.93804","source":"City Nursery","program_year":"2019",":@computed_region_x6fk_ihs5":"48",":@computed_region_b3ci_nw94":"53",":@computed_region_38t5_wna6":"53",":@computed_region_25t2_rbz7":"2943"}},
{"type":"Feature","geometry":{"type":"Point","coordinates":[-76.234677,36.851737]},"properties":{":id":"row-kxu4-wyck-ssm3",":version":"rv-9f5x~czid-2gcn",":created_at":"2019-08-20T12:51:30.666Z",":updated_at":"2019-08-20T12:51:31.403Z","genus":"Ulmus","species":"alata","common_name":"Winged elm","street_number":"957","street_name":"Elm St","site":"4F","delivered":"2019-01-02T00:00:00.000","completed":"2019-01-04T00:00:00.000","estimated_canopy_coverage":"1256","source":"City Nursery","program_year":"2019",":@computed_region_x6fk_ihs5":"44",":@computed_region_b3ci_nw94":"49",":@computed_region_38t5_wna6":"49",":@computed_region_25t2_rbz7":"2943"}},
{"type":"Feature","geometry":{"type":"Point","coordinates":[-76.255494,36.849314]},"properties":{":id":"row-7diz_uvu4-4bq4",":version":"rv-2wzv-9jy8~xza5",":created_at":"2019-08-20T12:51:30.666Z",":updated_at":"2019-08-20T12:51:31.403Z","genus":"Cercis","species":"canadensis 'Forest Pansy'","common_name":"Forest Pansy redbud","street_number":"2724","street_name":"Park Cres","site":"3P","delivered":"2017-12-12T00:00:00.000","completed":"2018-01-30T00:00:00.000","estimated_canopy_coverage":"490.873852","source":"City Nursery","program_year":"2018",":@computed_region_x6fk_ihs5":"56",":@computed_region_b3ci_nw94":"63",":@computed_region_38t5_wna6":"63",":@computed_region_25t2_rbz7":"2943"}},
{"type":"Feature","geometry":{"type":"Point","coordinates":[-76.181501,36.851645]},"properties":{":id":"row-g335~i5ng~gxay",":version":"rv-xivj-acz5-isz9",":created_at":"2019-08-20T12:51:30.666Z",":updated_at":"2019-08-20T12:51:31.403Z","genus":"Lagerstroemia","species":"indica x fauriei 'Tuscarora'","common_name":"Tuscarora crape myrtle","street_number":"6596","street_name":"Stoney Point North","site":"1F","delivered":"2017-12-06T00:00:00.000","completed":"2017-12-07T00:00:00.000","estimated_canopy_coverage":"314.159265","source":"City Nursery","program_year":"2018",":@computed_region_x6fk_ihs5":"59",":@computed_region_b3ci_nw94":"66",":@computed_region_38t5_wna6":"66",":@computed_region_25t2_rbz7":"2943"}},
{"type":"Feature","geometry":{"type":"Point","coordinates":[-76.26205,36.955216]},"properties":{":id":"row-3yvc-ffn5~q4k9",":version":"rv-cwxw-hrsd-5j5h",":created_at":"2019-08-20T12:51:30.666Z",":updated_at":"2019-08-20T12:51:31.403Z","genus":"Quercus","species":"michauxii","common_name":"Swamp chestnut oak","street_number":"350","street_name":"W. Government Ave","site":"1SC","delivered":"2019-01-31T00:00:00.000","completed":"2019-02-14T00:00:00.000","estimated_canopy_coverage":"2826","source":"City Nursery","program_year":"2019",":@computed_region_x6fk_ihs5":"69",":@computed_region_b3ci_nw94":"75",":@computed_region_38t5_wna6":"75",":@computed_region_25t2_rbz7":"2943"}},
{"type":"Feature","geometry":{"type":"Point","coordinates":[-76.261554,36.870749]},"properties":{":id":"row-2d9f~b64w~kp2h",":version":"rv-n4vu.tjb7~ee6x",":created_at":"2019-08-20T12:51:30.666Z",":updated_at":"2019-08-20T12:51:31.403Z","genus":"Quercus","species":"prinoides","common_name":"Dwarf chinquapin oak","street_number":"2400","street_name":"Shoop Ave","site":"7P","delivered":"2018-12-03T00:00:00.000","completed":"2018-12-14T00:00:00.000","estimated_canopy_coverage":"153.93804","source":"City Nursery","program_year":"2019",":@computed_region_x6fk_ihs5":"29",":@computed_region_b3ci_nw94":"29",":@computed_region_38t5_wna6":"29",":@computed_region_25t2_rbz7":"2943"}},
{"type":"Feature","geometry":{"type":"Point","coordinates":[-76.294148,36.859964]},"properties":{":id":"row-c5m9.sinp~5hkr",":version":"rv-rntu_biy8.if7t",":created_at":"2019-08-20T12:51:30.666Z",":updated_at":"2019-08-20T12:51:31.403Z","genus":"Quercus","species":"phellos","common_name":"Willow oak","street_number":"803","street_name":"Botetourt Gdns","site":"1F","delivered":"2018-01-19T00:00:00.000","completed":"2018-01-22T00:00:00.000","estimated_canopy_coverage":"1963.49541","source":"City Nursery","program_year":"2018",":@computed_region_x6fk_ihs5":"34",":@computed_region_b3ci_nw94":"39",":@computed_region_38t5_wna6":"39",":@computed_region_25t2_rbz7":"2943"}},
{"type":"Feature","geometry":{"type":"Point","coordinates":[-76.306719,36.871368]},"properties":{":id":"row-tv34.vpy9~2wgg",":version":"rv-5kta~gdb5-2axp",":created_at":"2019-08-20T12:51:30.666Z",":updated_at":"2019-08-20T12:51:31.403Z","genus":"Nyssa","species":"sylvatica","common_name":"Black tupelo","street_number":"1406","street_name":"W Princess Anne Rd","site":"2F","delivered":"2017-11-29T00:00:00.000","completed":"2017-12-19T00:00:00.000","estimated_canopy_coverage":"962.11275","source":"City Nursery","program_year":"2018",":@computed_region_x6fk_ihs5":"97",":@computed_region_b3ci_nw94":"98",":@computed_region_38t5_wna6":"98",":@computed_region_25t2_rbz7":"2943"}},
{"type":"Feature","geometry":{"type":"Point","coordinates":[-76.300641,36.89142]},"properties":{":id":"row-vqyu~t9qw.ijqj",":version":"rv-fxi3_a4wb.g23q",":created_at":"2019-08-20T12:51:30.666Z",":updated_at":"2019-08-20T12:51:31.403Z","genus":"Quercus","species":"phellos","common_name":"Willow oak","street_number":"1145","street_name":"Bolling Ave","site":"15SC","delivered":"2017-12-06T00:00:00.000","completed":"2017-12-14T00:00:00.000","estimated_canopy_coverage":"1963.49541","source":"City Nursery","program_year":"2018",":@computed_region_x6fk_ihs5":"49",":@computed_region_b3ci_nw94":"54",":@computed_region_38t5_wna6":"54",":@computed_region_25t2_rbz7":"2943"}},
{"type":"Feature","geometry":{"type":"Point","coordinates":[-76.240817,36.896514]},"properties":{":id":"row-3n2w.jpe7.mcmr",":version":"rv-6hen_4p2b_b39g",":created_at":"2019-08-20T12:51:30.666Z",":updated_at":"2019-08-20T12:51:31.403Z","genus":"Acer","species":"buergerianum","common_name":"Trident maple","street_number":"6380","street_name":"Sewells Point Rd","site":"2M","delivered":"2018-11-06T00:00:00.000","completed":"2018-11-09T00:00:00.000","estimated_canopy_coverage":"1256.63706","source":"City Nursery","program_year":"2019",":@computed_region_x6fk_ihs5":"128",":@computed_region_b3ci_nw94":"128",":@computed_region_38t5_wna6":"128",":@computed_region_25t2_rbz7":"2943"}},
{"type":"Feature","geometry":{"type":"Point","coordinates":[-76.219121,36.901992]},"properties":{":id":"row-3ykz~au6x-c2q9",":version":"rv-4fxx.q4uq~92fe",":created_at":"2019-08-20T12:51:30.666Z",":updated_at":"2019-08-20T12:51:31.403Z","genus":"Cercis","species":"canadensis 'Merlot'","common_name":"Merlot redbud","street_number":"2000","street_name":"Colane Rd","site":"4S","delivered":"2017-12-04T00:00:00.000","completed":"2017-12-07T00:00:00.000","estimated_canopy_coverage":"490.873852","source":"City Nursery","program_year":"2018",":@computed_region_x6fk_ihs5":"54",":@computed_region_b3ci_nw94":"60",":@computed_region_38t5_wna6":"60",":@computed_region_25t2_rbz7":"2943"}},
{"type":"Feature","geometry":{"type":"Point","coordinates":[-76.240658,36.854601]},"properties":{":id":"row-69uf~b4aa.kpn4",":version":"rv-tnv8~zpke.fs99",":created_at":"2019-08-20T12:51:30.666Z",":updated_at":"2019-08-20T12:51:31.403Z","genus":"Prunus","species":"cerasifera 'Krauter Vesuvius'","common_name":"Krauter Vesuvius purple leaf plum","street_number":"3550","street_name":"E. Virginia Beach Blvd","site":"2F","delivered":"2018-12-12T00:00:00.000","completed":"2019-01-07T00:00:00.000","estimated_canopy_coverage":"314.159265","source":"City Nursery","program_year":"2019",":@computed_region_x6fk_ihs5":"61",":@computed_region_b3ci_nw94":"70",":@computed_region_38t5_wna6":"70",":@computed_region_25t2_rbz7":"2943"}},
{"type":"Feature","geometry":{"type":"Point","coordinates":[-76.294763,36.881358]},"properties":{":id":"row-uuki_t3ju.9whu",":version":"rv-trid~xbur_2rys",":created_at":"2019-08-20T12:51:30.666Z",":updated_at":"2019-08-20T12:51:31.403Z","genus":"Quercus","species":"prinoides","common_name":"Dwarf chinquapin oak","street_number":"3911","street_name":"Colley Ave","site":"2F","delivered":"2018-12-07T00:00:00.000","completed":"2019-01-08T00:00:00.000","estimated_canopy_coverage":"153.93804","source":"City Nursery","program_year":"2019",":@computed_region_x6fk_ihs5":"40",":@computed_region_b3ci_nw94":"44",":@computed_region_38t5_wna6":"44",":@computed_region_25t2_rbz7":"2943"}},
{"type":"Feature","geometry":{"type":"Point","coordinates":[-76.290134,36.87736]},"properties":{":id":"row-r6hj.md48-ehxa",":version":"rv-k4tr-zxmh.7u9k",":created_at":"2019-08-20T12:51:30.666Z",":updated_at":"2019-08-20T12:51:31.403Z","genus":"Prunus","species":"yeodensis","common_name":"Yoshino cherry","street_number":"535","street_name":"34th St","site":"5M","delivered":"2017-12-12T00:00:00.000","completed":"2018-01-10T00:00:00.000","estimated_canopy_coverage":"1256.63706","source":"City Nursery","program_year":"2018",":@computed_region_x6fk_ihs5":"72",":@computed_region_b3ci_nw94":"78",":@computed_region_38t5_wna6":"78",":@computed_region_25t2_rbz7":"2943"}},
{"type":"Feature","geometry":{"type":"Point","coordinates":[-76.282146,36.967105]},"properties":{":id":"row-mfxq-hwtu~zqk9",":version":"rv-9wtu~ag6z.hfds",":created_at":"2019-08-20T12:51:30.666Z",":updated_at":"2019-08-20T12:51:31.403Z","genus":"Taxodium","species":"distichum","common_name":"Bald cypress","street_number":"1115","street_name":"W. Ocean View Ave","site":"2M","delivered":"2019-01-02T00:00:00.000","completed":"2019-02-13T00:00:00.000","estimated_canopy_coverage":"490.873852","source":"City Nursery","program_year":"2019",":@computed_region_x6fk_ihs5":"98",":@computed_region_b3ci_nw94":"31",":@computed_region_38t5_wna6":"31",":@computed_region_25t2_rbz7":null}},
{"type":"Feature","geometry":{"type":"Point","coordinates":[-76.241682,36.934074]},"properties":{":id":"row-hdfc_fxdm.4ix8",":version":"rv-agbb~x374_33aj",":created_at":"2019-08-20T12:51:30.666Z",":updated_at":"2019-08-20T12:51:31.403Z","genus":"Ulmus","species":"americana 'Princeton'","common_name":"Princeton American elm","street_number":"1060","street_name":"E. Bayview Blvd","site":"1F","delivered":"2019-01-02T00:00:00.000","completed":"2019-02-26T00:00:00.000","estimated_canopy_coverage":"1256.63706","source":"City Nursery","program_year":"2019",":@computed_region_x6fk_ihs5":"103",":@computed_region_b3ci_nw94":"103",":@computed_region_38t5_wna6":"103",":@computed_region_25t2_rbz7":"2943"}},
{"type":"Feature","geometry":{"type":"Point","coordinates":[-76.306143,36.915998]},"properties":{":id":"row-h8qx.gnsd-i3x4",":version":"rv-pdzq-wahw_rx2f",":created_at":"2019-08-20T12:51:30.666Z",":updated_at":"2019-08-20T12:51:31.403Z","genus":"Taxodium","species":"distichum","common_name":"Bald cypress","street_number":"1625","street_name":"W. Little Creek Rd","site":"10P","delivered":"2018-12-07T00:00:00.000","completed":"2018-12-17T00:00:00.000","estimated_canopy_coverage":"490.873852","source":"City Nursery","program_year":"2019",":@computed_region_x6fk_ihs5":"63",":@computed_region_b3ci_nw94":"72",":@computed_region_38t5_wna6":"72",":@computed_region_25t2_rbz7":"2943"}},
{"type":"Feature","geometry":{"type":"Point","coordinates":[-76.233753,36.892326]},"properties":{":id":"row-ibqh.uh9s-865p",":version":"rv-65pt.guyd-ri4k",":created_at":"2019-08-20T12:51:30.666Z",":updated_at":"2019-08-20T12:51:31.403Z","genus":"Quercus","species":"laurifolia","common_name":"Laurel oak","street_number":"1287","street_name":"Pall Mall St","site":"1F","delivered":"2019-01-08T00:00:00.000","completed":"2019-01-08T00:00:00.000","estimated_canopy_coverage":"2827.43339","source":"City Nursery","program_year":"2019",":@computed_region_x6fk_ihs5":"128",":@computed_region_b3ci_nw94":"128",":@computed_region_38t5_wna6":"128",":@computed_region_25t2_rbz7":"2943"}},
{"type":"Feature","geometry":{"type":"Point","coordinates":[-76.293492,36.879341]},"properties":{":id":"row-43sj.haaf.sd9q",":version":"rv-mmwi~zpi8.sjk4",":created_at":"2019-08-20T12:51:30.666Z",":updated_at":"2019-08-20T12:51:31.403Z","genus":"Quercus","species":"prinoides","common_name":"Dwarf chinquapin oak","street_number":"715","street_name":"37th St","site":"2F","delivered":"2019-01-07T00:00:00.000","completed":"2019-01-16T00:00:00.000","estimated_canopy_coverage":"153.93804","source":"City Nursery","program_year":"2019",":@computed_region_x6fk_ihs5":"46",":@computed_region_b3ci_nw94":"51",":@computed_region_38t5_wna6":"51",":@computed_region_25t2_rbz7":"2943"}},
{"type":"Feature","geometry":{"type":"Point","coordinates":[-76.291194,36.88095]},"properties":{":id":"row-w6vg_5j5s_ds2p",":version":"rv-z5f4_2ewt-v7d6",":created_at":"2019-08-20T12:51:30.666Z",":updated_at":"2019-08-20T12:51:31.403Z","genus":"Quercus","species":"phellos","common_name":"Willow oak","street_number":"621","street_name":"Georgia Ave","site":"1F","delivered":"2018-11-21T00:00:00.000","completed":"2018-11-29T00:00:00.000","estimated_canopy_coverage":"1963.49541","source":"City Nursery","program_year":"2019",":@computed_region_x6fk_ihs5":"19",":@computed_region_b3ci_nw94":"21",":@computed_region_38t5_wna6":"21",":@computed_region_25t2_rbz7":"2943"}},
{"type":"Feature","geometry":{"type":"Point","coordinates":[-76.282108,36.878534]},"properties":{":id":"row-azgt~dfgn-q46p",":version":"rv-ui6q_xkcu-nk52",":created_at":"2019-08-20T12:51:30.666Z",":updated_at":"2019-08-20T12:51:31.403Z","genus":"Ulmus","species":"americana 'Princeton'","common_name":"Princeton American elm","street_number":"3500","street_name":"Granby St","site":"6M","delivered":"2018-11-28T00:00:00.000","completed":"2019-01-11T00:00:00.000","estimated_canopy_coverage":"1256.63706","source":"City Nursery","program_year":"2019",":@computed_region_x6fk_ihs5":"72",":@computed_region_b3ci_nw94":"78",":@computed_region_38t5_wna6":"78",":@computed_region_25t2_rbz7":"2943"}},
{"type":"Feature","geometry":{"type":"Point","coordinates":[-76.249347,36.856072]},"properties":{":id":"row-x56m.6hib_fsqf",":version":"rv-5u3d-i79q~5pzx",":created_at":"2019-08-20T12:51:30.666Z",":updated_at":"2019-08-20T12:51:31.403Z","genus":"Prunus","species":"cerasifera 'Krauter Vesuvius'","common_name":"Krauter Vesuvius purple leaf plum","street_number":"3258","street_name":"Woodland Ave","site":"1F","delivered":"2018-01-23T00:00:00.000","completed":"2018-01-25T00:00:00.000","estimated_canopy_coverage":"314.159265","source":"City Nursery","program_year":"2018",":@computed_region_x6fk_ihs5":"7",":@computed_region_b3ci_nw94":"7",":@computed_region_38t5_wna6":"7",":@computed_region_25t2_rbz7":"2943"}},
{"type":"Feature","geometry":{"type":"Point","coordinates":[-76.180552,36.854498]},"properties":{":id":"row-8386.aevd~4ztc",":version":"rv-s4b3-md49_jz69",":created_at":"2019-08-20T12:51:30.666Z",":updated_at":"2019-08-20T12:51:31.403Z","genus":"Ostrya","species":"virginiana","common_name":"Hophornbeam","street_number":"6659","street_name":"E Virginia Beach Blvd","site":"1M","delivered":"2017-11-09T00:00:00.000","completed":"2017-11-14T00:00:00.000","estimated_canopy_coverage":"706.858347","source":"City Nursery","program_year":"2018",":@computed_region_x6fk_ihs5":"128",":@computed_region_b3ci_nw94":"128",":@computed_region_38t5_wna6":"128",":@computed_region_25t2_rbz7":"2943"}},
{"type":"Feature","geometry":{"type":"Point","coordinates":[-76.264249,36.887922]},"properties":{":id":"row-qvkf-h7ft_mest",":version":"rv-fj3s_f68x~tnqx",":created_at":"2019-08-20T12:51:30.666Z",":updated_at":"2019-08-20T12:51:31.403Z","genus":"Salix","species":"matsudana","common_name":"Corkscrew willow","street_number":"1612","street_name":"Willow Wood Dr","site":"9FL","delivered":"2019-02-07T00:00:00.000","completed":"2019-02-08T00:00:00.000","estimated_canopy_coverage":"314","source":"City Nursery","program_year":"2019",":@computed_region_x6fk_ihs5":"122",":@computed_region_b3ci_nw94":"122",":@computed_region_38t5_wna6":"122",":@computed_region_25t2_rbz7":"2943"}},
{"type":"Feature","geometry":{"type":"Point","coordinates":[-76.297248,36.855336]},"properties":{":id":"row-2qnw_t27f_3j8c",":version":"rv-i5qh.2z7u~4ee4",":created_at":"2019-08-20T12:51:30.666Z",":updated_at":"2019-08-20T12:51:31.403Z","genus":"Quercus","species":"margarettae","common_name":"Sand post oak","street_number":"428","street_name":"Mowbray Arch","site":"1F","delivered":"2017-12-06T00:00:00.000","completed":"2018-01-12T00:00:00.000","estimated_canopy_coverage":"706.858347","source":"City Nursery","program_year":"2018",":@computed_region_x6fk_ihs5":"128",":@computed_region_b3ci_nw94":"128",":@computed_region_38t5_wna6":"128",":@computed_region_25t2_rbz7":"2943"}},
{"type":"Feature","geometry":{"type":"Point","coordinates":[-76.304728,36.879555]},"properties":{":id":"row-7ksf-88i8_iig3",":version":"rv-y9gb-4u8d.6nfp",":created_at":"2019-08-20T12:51:30.666Z",":updated_at":"2019-08-20T12:51:31.403Z","genus":"Betula","species":"nigra 'Heritage'","common_name":"Heritage river birch","street_number":"1268","street_name":"W 38th St","site":"6S","delivered":"2014-12-04T00:00:00.000","completed":"2017-12-06T00:00:00.000","estimated_canopy_coverage":"962.11275","source":"City Nursery","program_year":"2018",":@computed_region_x6fk_ihs5":"48",":@computed_region_b3ci_nw94":"53",":@computed_region_38t5_wna6":"53",":@computed_region_25t2_rbz7":"2943"}},
{"type":"Feature","geometry":{"type":"Point","coordinates":[-76.257431,36.870493]},"properties":{":id":"row-u8by-m646~jgxr",":version":"rv-abmz_f9dm.nd7q",":created_at":"2019-08-20T12:51:30.666Z",":updated_at":"2019-08-20T12:51:31.403Z","genus":"Betula","species":"nigra 'Heritage'","common_name":"Heritage river birch","street_number":"2820","street_name":"Chesapeake Blvd","site":"10FL","delivered":"2018-01-30T00:00:00.000","completed":"2018-02-01T00:00:00.000","estimated_canopy_coverage":"962.11275","source":"City Nursery","program_year":"2018",":@computed_region_x6fk_ihs5":"3",":@computed_region_b3ci_nw94":"3",":@computed_region_38t5_wna6":"3",":@computed_region_25t2_rbz7":"2943"}},
{"type":"Feature","geometry":{"type":"Point","coordinates":[-76.296235,36.866348]},"properties":{":id":"row-wjak.cn7a_auyh",":version":"rv-pwf9~4qp3~ddck",":created_at":"2019-08-20T12:51:30.666Z",":updated_at":"2019-08-20T12:51:31.403Z","genus":"Acer","species":"barbatum","common_name":"Florida maple","street_number":"701","street_name":"Baldwin Ave","site":"2F","delivered":"2019-01-11T00:00:00.000","completed":"2019-01-15T00:00:00.000","estimated_canopy_coverage":"1256.63706","source":"City Nursery","program_year":"2019",":@computed_region_x6fk_ihs5":"33",":@computed_region_b3ci_nw94":"38",":@computed_region_38t5_wna6":"38",":@computed_region_25t2_rbz7":"2943"}},
{"type":"Feature","geometry":{"type":"Point","coordinates":[-76.291123,36.845887]},"properties":{":id":"row-fqsn~5wry_ty7g",":version":"rv-fymt-pdes~6kpe",":created_at":"2019-08-20T12:51:30.666Z",":updated_at":"2019-08-20T12:51:31.403Z","genus":"Ginkgo","species":"biloba 'Shangri-La'","common_name":"Ginkgo","street_number":"215","street_name":"E Main St","site":"3S","delivered":"2017-11-29T00:00:00.000","completed":"2017-12-14T00:00:00.000","estimated_canopy_coverage":"1256.63706","source":"City Nursery","program_year":"2018",":@computed_region_x6fk_ihs5":"22",":@computed_region_b3ci_nw94":"26",":@computed_region_38t5_wna6":"26",":@computed_region_25t2_rbz7":"2943"}},
{"type":"Feature","geometry":{"type":"Point","coordinates":[-76.284715,36.874496]},"properties":{":id":"row-5yiv~wqgy~dw9y",":version":"rv-7gb9~wc5a-85jx",":created_at":"2019-08-20T12:51:30.666Z",":updated_at":"2019-08-20T12:51:31.403Z","genus":"Quercus","species":"prinoides","common_name":"Dwarf chinquapin oak","street_number":"224","street_name":"W. 30th St","site":"1F","delivered":"2019-01-07T00:00:00.000","completed":"2019-01-16T00:00:00.000","estimated_canopy_coverage":"153.93804","source":"City Nursery","program_year":"2019",":@computed_region_x6fk_ihs5":"72",":@computed_region_b3ci_nw94":"78",":@computed_region_38t5_wna6":"78",":@computed_region_25t2_rbz7":"2943"}},
{"type":"Feature","geometry":{"type":"Point","coordinates":[-76.274246,36.866518]},"properties":{":id":"row-atbb-zapp.vynk",":version":"rv-fayj_5688_ik58",":created_at":"2019-08-20T12:51:30.666Z",":updated_at":"2019-08-20T12:51:31.403Z","genus":"Acer","species":"campestre 'Evelyn'","common_name":"Queen Elizabeth hedge maple","street_number":"913","street_name":"Pollard St","site":"1F","delivered":"2018-11-27T00:00:00.000","completed":"2018-12-04T00:00:00.000","estimated_canopy_coverage":"490.873852","source":"City Nursery","program_year":"2019",":@computed_region_x6fk_ihs5":"51",":@computed_region_b3ci_nw94":"57",":@computed_region_38t5_wna6":"57",":@computed_region_25t2_rbz7":"2943"}},
{"type":"Feature","geometry":{"type":"Point","coordinates":[-76.239275,36.900374]},"properties":{":id":"row-t6s8~pf8i~bd5g",":version":"rv-r663_frjz~yftz",":created_at":"2019-08-20T12:51:30.666Z",":updated_at":"2019-08-20T12:51:31.403Z","genus":"Quercus","species":"prinoides","common_name":"Dwarf chinquapin oak","street_number":"6501","street_name":"Chesapeake Blvd","site":"6SC","delivered":"2018-01-10T00:00:00.000","completed":"2018-01-19T00:00:00.000","estimated_canopy_coverage":"153.93804","source":"City Nursery","program_year":"2018",":@computed_region_x6fk_ihs5":"128",":@computed_region_b3ci_nw94":"128",":@computed_region_38t5_wna6":"128",":@computed_region_25t2_rbz7":"2943"}},
{"type":"Feature","geometry":{"type":"Point","coordinates":[-76.250156,36.854476]},"properties":{":id":"row-jdqm.7dyq~58q2",":version":"rv-q6gu~jwtu_jjh8",":created_at":"2019-08-20T12:51:30.666Z",":updated_at":"2019-08-20T12:51:31.403Z","genus":"Prunus","species":"cerasifera 'Krauter Vesuvius'","common_name":"Krauter Vesuvius purple leaf plum","street_number":"1115","street_name":"Godfrey Ave","site":"3S","delivered":"2017-12-04T00:00:00.000","completed":"2017-12-07T00:00:00.000","estimated_canopy_coverage":"314.159265","source":"City Nursery","program_year":"2018",":@computed_region_x6fk_ihs5":"7",":@computed_region_b3ci_nw94":"7",":@computed_region_38t5_wna6":"7",":@computed_region_25t2_rbz7":"2943"}},
{"type":"Feature","geometry":{"type":"Point","coordinates":[-76.240021,36.895143]},"properties":{":id":"row-e866_cwik-umwg",":version":"rv-jemn.wjf4~3w5u",":created_at":"2019-08-20T12:51:30.666Z",":updated_at":"2019-08-20T12:51:31.403Z","genus":"Cercis","species":"canadensis","common_name":"Redbud","street_number":"6325","street_name":"6325 Sewells Point Rd","site":"1SC","delivered":"2018-01-24T00:00:00.000","completed":"2018-01-26T00:00:00.000","estimated_canopy_coverage":"490.873852","source":"City Nursery","program_year":"2018",":@computed_region_x6fk_ihs5":"81",":@computed_region_b3ci_nw94":"86",":@computed_region_38t5_wna6":"86",":@computed_region_25t2_rbz7":"2943"}},
{"type":"Feature","geometry":{"type":"Point","coordinates":[-76.282311,36.871044]},"properties":{":id":"row-n4vx~mesx_crhg",":version":"rv-5gjc_kdws~hsd8",":created_at":"2019-08-20T12:51:30.666Z",":updated_at":"2019-08-20T12:51:31.403Z","genus":"Taxodium","species":"ascendens","common_name":"Pond cypress","street_number":"2612","street_name":"Monticello Ave","site":"5S","delivered":"2017-12-13T00:00:00.000","completed":"2018-01-11T00:00:00.000","estimated_canopy_coverage":"490.873852","source":"City Nursery","program_year":"2018",":@computed_region_x6fk_ihs5":"128",":@computed_region_b3ci_nw94":"128",":@computed_region_38t5_wna6":"128",":@computed_region_25t2_rbz7":"2943"}},
{"type":"Feature","geometry":{"type":"Point","coordinates":[-76.240658,36.854601]},"properties":{":id":"row-w8ww_n2eb_6zdg",":version":"rv-6amf~g8gy~6hih",":created_at":"2019-08-20T12:51:30.666Z",":updated_at":"2019-08-20T12:51:31.403Z","genus":"Lagerstroemia","species":"indica x fauriei 'Natchez'","common_name":"Natchez crape myrtle","street_number":"3550","street_name":"E Virginia Beach Blvd","site":"2F","delivered":"2017-10-26T00:00:00.000","completed":"2017-10-26T00:00:00.000","estimated_canopy_coverage":"314.159265","source":"City Nursery","program_year":"2018",":@computed_region_x6fk_ihs5":"61",":@computed_region_b3ci_nw94":"70",":@computed_region_38t5_wna6":"70",":@computed_region_25t2_rbz7":"2943"}},
{"type":"Feature","geometry":{"type":"Point","coordinates":[-76.244368,36.949567]},"properties":{":id":"row-5eun~bzwk.fbmp",":version":"rv-ut48_ww5z-q6cq",":created_at":"2019-08-20T12:51:30.666Z",":updated_at":"2019-08-20T12:51:31.403Z","genus":"Quercus","species":"virginiana","common_name":"Live oak","street_number":"700","street_name":"E Ocean View Ave","site":"1P","delivered":"2018-02-20T00:00:00.000","completed":"2018-02-23T00:00:00.000","estimated_canopy_coverage":"6361.72512","source":"City Nursery","program_year":"2018",":@computed_region_x6fk_ihs5":"128",":@computed_region_b3ci_nw94":"128",":@computed_region_38t5_wna6":"128",":@computed_region_25t2_rbz7":"2943"}},
{"type":"Feature","geometry":{"type":"Point","coordinates":[-76.295673,36.857474]},"properties":{":id":"row-wm5n_bmde.zpqw",":version":"rv-u8ms~qygg-j9v3",":created_at":"2019-08-20T12:51:30.666Z",":updated_at":"2019-08-20T12:51:31.403Z","genus":"Platanus","species":"mexicana","common_name":"Mexican sycamore","street_number":"407","street_name":"Fairfax Ave","site":"1S","delivered":"2018-11-26T00:00:00.000","completed":"2018-11-29T00:00:00.000","estimated_canopy_coverage":"1256.63706","source":"City Nursery","program_year":"2019",":@computed_region_x6fk_ihs5":"128",":@computed_region_b3ci_nw94":"128",":@computed_region_38t5_wna6":"128",":@computed_region_25t2_rbz7":"2943"}},
{"type":"Feature","geometry":null,"properties":{":id":"row-wuxr~sy5f~dkm4",":version":"rv-sk9d~r4v6.ck3a",":created_at":"2019-08-20T12:51:30.666Z",":updated_at":"2019-08-20T12:51:31.403Z","genus":"Diospyros","species":"virginiana","common_name":"Persimmon","street_number":"1599","street_name":"Premium Outlets Blvd","site":"13P","delivered":"2018-11-27T00:00:00.000","completed":"2018-01-10T00:00:00.000","estimated_canopy_coverage":"921","source":"City Nursery","program_year":"2019",":@computed_region_x6fk_ihs5":null,":@computed_region_b3ci_nw94":null,":@computed_region_38t5_wna6":null,":@computed_region_25t2_rbz7":null}},
{"type":"Feature","geometry":{"type":"Point","coordinates":[-76.303818,36.865622]},"properties":{":id":"row-uijk-96be_5ri7",":version":"rv-87d6_hz5w~qxg9",":created_at":"2019-08-20T12:51:30.666Z",":updated_at":"2019-08-20T12:51:31.403Z","genus":"Taxodium","species":"ascendens","common_name":"Pond cypress","street_number":"930","street_name":"Greenway Ct","site":"1P","delivered":"2018-01-23T00:00:00.000","completed":"2018-01-25T00:00:00.000","estimated_canopy_coverage":"490.873852","source":"City Nursery","program_year":"2018",":@computed_region_x6fk_ihs5":"97",":@computed_region_b3ci_nw94":"98",":@computed_region_38t5_wna6":"98",":@computed_region_25t2_rbz7":"2943"}},
{"type":"Feature","geometry":{"type":"Point","coordinates":[-76.255494,36.849314]},"properties":{":id":"row-i3c3-vmmk~zuvs",":version":"rv-pri9_4psd_kgy2",":created_at":"2019-08-20T12:51:30.666Z",":updated_at":"2019-08-20T12:51:31.403Z","genus":"Ostrya","species":"virginiana","common_name":"Hophornbeam","street_number":"2724","street_name":"Park Cres","site":"10P","delivered":"2017-11-16T00:00:00.000","completed":"2017-12-12T00:00:00.000","estimated_canopy_coverage":"706.858347","source":"City Nursery","program_year":"2018",":@computed_region_x6fk_ihs5":"56",":@computed_region_b3ci_nw94":"63",":@computed_region_38t5_wna6":"63",":@computed_region_25t2_rbz7":"2943"}},
{"type":"Feature","geometry":{"type":"Point","coordinates":[-76.296543,36.868314]},"properties":{":id":"row-tqrf~qzhj_79nn",":version":"rv-7qsv.2m5b-yjzy",":created_at":"2019-08-20T12:51:30.666Z",":updated_at":"2019-08-20T12:51:31.403Z","genus":"Quercus","species":"phellos","common_name":"Willow oak","street_number":"730","street_name":"Spotswood Ave","site":"7SC","delivered":"2018-11-28T00:00:00.000","completed":"2018-11-27T00:00:00.000","estimated_canopy_coverage":"1963.49541","source":"City Nursery","program_year":"2019",":@computed_region_x6fk_ihs5":"33",":@computed_region_b3ci_nw94":"38",":@computed_region_38t5_wna6":"38",":@computed_region_25t2_rbz7":"2943"}},
{"type":"Feature","geometry":{"type":"Point","coordinates":[-76.226623,36.869377]},"properties":{":id":"row-449d.7tb6.wz27",":version":"rv-pp2j-t778-kjya",":created_at":"2019-08-20T12:51:30.666Z",":updated_at":"2019-08-20T12:51:31.403Z","genus":"Betula","species":"nigra 'Heritage'","common_name":"Heritage river birch","street_number":"4914","street_name":"E Princess Anne Rd","site":"1M","delivered":"2017-11-27T00:00:00.000","completed":"2017-11-29T00:00:00.000","estimated_canopy_coverage":"962.11275","source":"City Nursery","program_year":"2018",":@computed_region_x6fk_ihs5":"31",":@computed_region_b3ci_nw94":"36",":@computed_region_38t5_wna6":"36",":@computed_region_25t2_rbz7":"2943"}},
{"type":"Feature","geometry":{"type":"Point","coordinates":[-76.298554,36.860192]},"properties":{":id":"row-6yrr_nhyk-4bd2",":version":"rv-sxyw.tyi3_r9rg",":created_at":"2019-08-20T12:51:30.666Z",":updated_at":"2019-08-20T12:51:31.403Z","genus":"Chionanthus","species":"virginicus","common_name":"White fringetree","street_number":"609","street_name":"Stockley Gdns","site":"1F","delivered":"2018-01-23T00:00:00.000","completed":"2018-01-24T00:00:00.000","estimated_canopy_coverage":"176.714587","source":"City Nursery","program_year":"2018",":@computed_region_x6fk_ihs5":"33",":@computed_region_b3ci_nw94":"38",":@computed_region_38t5_wna6":"38",":@computed_region_25t2_rbz7":"2943"}},
{"type":"Feature","geometry":{"type":"Point","coordinates":[-76.292073,36.846857]},"properties":{":id":"row-t8nm.3eh2~2ew5",":version":"rv-s6ku_auuc.iyug",":created_at":"2019-08-20T12:51:30.666Z",":updated_at":"2019-08-20T12:51:31.403Z","genus":"Ilex","species":"x attenuata","common_name":"East Palatka holly","street_number":"111","street_name":"Granby St","site":"5F","delivered":"2017-11-29T00:00:00.000","completed":"2017-12-20T00:00:00.000","estimated_canopy_coverage":"176.714587","source":"City Nursery","program_year":"2018",":@computed_region_x6fk_ihs5":"22",":@computed_region_b3ci_nw94":"26",":@computed_region_38t5_wna6":"26",":@computed_region_25t2_rbz7":"2943"}},
{"type":"Feature","geometry":{"type":"Point","coordinates":[-76.296739,36.880714000000005]},"properties":{":id":"row-qve3_mvha.ezqb",":version":"rv-3js7-brqm~7ece",":created_at":"2019-08-20T12:51:30.666Z",":updated_at":"2019-08-20T12:51:31.403Z","genus":"Quercus","species":"prinoides","common_name":"Dwarf chinquapin oak","street_number":"800","street_name":"W. 39th St","site":"2F","delivered":"2019-01-07T00:00:00.000","completed":"2019-01-07T00:00:00.000","estimated_canopy_coverage":"153.93804","source":"City Nursery","program_year":"2019",":@computed_region_x6fk_ihs5":"40",":@computed_region_b3ci_nw94":"44",":@computed_region_38t5_wna6":"44",":@computed_region_25t2_rbz7":"2943"}},
{"type":"Feature","geometry":{"type":"Point","coordinates":[-76.297559,36.863236]},"properties":{":id":"row-8xsv-9wr9_xmyw",":version":"rv-i3fc~3cbq_7hvz",":created_at":"2019-08-20T12:51:30.666Z",":updated_at":"2019-08-20T12:51:31.403Z","genus":"Quercus","species":"geminata","common_name":"Sand live oak","street_number":"623","street_name":"Westover Ave","site":"1F","delivered":"2018-11-13T00:00:00.000","completed":"2018-11-28T00:00:00.000","estimated_canopy_coverage":"2826","source":"City Nursery","program_year":"2019",":@computed_region_x6fk_ihs5":"33",":@computed_region_b3ci_nw94":"38",":@computed_region_38t5_wna6":"38",":@computed_region_25t2_rbz7":"2943"}},
{"type":"Feature","geometry":{"type":"Point","coordinates":[-76.257431,36.870493]},"properties":{":id":"row-zd25_wkju-zfu2",":version":"rv-rnzf-86fv_yey7",":created_at":"2019-08-20T12:51:30.666Z",":updated_at":"2019-08-20T12:51:31.403Z","genus":"Betula","species":"nigra 'Heritage'","common_name":"Heritage river birch","street_number":"2820","street_name":"Chesapeake Blvd","site":"5FL","delivered":"2018-01-30T00:00:00.000","completed":"2018-02-01T00:00:00.000","estimated_canopy_coverage":"962.11275","source":"City Nursery","program_year":"2018",":@computed_region_x6fk_ihs5":"3",":@computed_region_b3ci_nw94":"3",":@computed_region_38t5_wna6":"3",":@computed_region_25t2_rbz7":"2943"}},
{"type":"Feature","geometry":{"type":"Point","coordinates":[-76.255706,36.883275]},"properties":{":id":"row-wdfw.yhp6_qgem",":version":"rv-gdr2.f9bj~8z67",":created_at":"2019-08-20T12:51:30.666Z",":updated_at":"2019-08-20T12:51:31.403Z","genus":"Cercis","species":"canadensis 'Merlot'","common_name":"Merlot redbud","street_number":"3533","street_name":"Brest Ave","site":"1F","delivered":"2017-12-04T00:00:00.000","completed":"2017-12-06T00:00:00.000","estimated_canopy_coverage":"490.873852","source":"City Nursery","program_year":"2018",":@computed_region_x6fk_ihs5":"29",":@computed_region_b3ci_nw94":"29",":@computed_region_38t5_wna6":"29",":@computed_region_25t2_rbz7":"2943"}},
{"type":"Feature","geometry":{"type":"Point","coordinates":[-76.266484,36.963179]},"properties":{":id":"row-rik5.jx3m-jcun",":version":"rv-c6b6-bnyy~grvf",":created_at":"2019-08-20T12:51:30.666Z",":updated_at":"2019-08-20T12:51:31.403Z","genus":"Taxodium","species":"distichum","common_name":"Bald cypress","street_number":"613","street_name":"W. Ocean View Ave","site":"2M","delivered":"2019-01-02T00:00:00.000","completed":"2019-02-13T00:00:00.000","estimated_canopy_coverage":"490.873852","source":"City Nursery","program_year":"2019",":@computed_region_x6fk_ihs5":"98",":@computed_region_b3ci_nw94":"31",":@computed_region_38t5_wna6":"31",":@computed_region_25t2_rbz7":"2943"}},
{"type":"Feature","geometry":{"type":"Point","coordinates":[-76.257431,36.870493]},"properties":{":id":"row-s3uy-gg3a_46h3",":version":"rv-x7mf~99wa~685c",":created_at":"2019-08-20T12:51:30.666Z",":updated_at":"2019-08-20T12:51:31.403Z","genus":"Taxodium","species":"distichum 'Shawnee Brave'","common_name":"Shawnee Brave bald cypress","street_number":"2820","street_name":"Chesapeake Blvd","site":"31FL","delivered":"2018-01-31T00:00:00.000","completed":"2018-02-01T00:00:00.000","estimated_canopy_coverage":"490.873852","source":"City Nursery","program_year":"2018",":@computed_region_x6fk_ihs5":"3",":@computed_region_b3ci_nw94":"3",":@computed_region_38t5_wna6":"3",":@computed_region_25t2_rbz7":"2943"}},
{"type":"Feature","geometry":{"type":"Point","coordinates":[-76.178189,36.852809]},"properties":{":id":"row-d64u_yn9h.av9y",":version":"rv-6rps.v6ec-np6g",":created_at":"2019-08-20T12:51:30.666Z",":updated_at":"2019-08-20T12:51:31.403Z","genus":"Nyssa","species":"sylvatica","common_name":"Black tupelo","street_number":"953","street_name":"Newtown Rd","site":"2M","delivered":"2017-11-09T00:00:00.000","completed":"2017-11-14T00:00:00.000","estimated_canopy_coverage":"962.11275","source":"City Nursery","program_year":"2018",":@computed_region_x6fk_ihs5":"59",":@computed_region_b3ci_nw94":"66",":@computed_region_38t5_wna6":"66",":@computed_region_25t2_rbz7":"2951"}},
{"type":"Feature","geometry":{"type":"Point","coordinates":[-76.271342,36.964877]},"properties":{":id":"row-6sw7.uijx-yfmf",":version":"rv-a766_ct4x.yvim",":created_at":"2019-08-20T12:51:30.666Z",":updated_at":"2019-08-20T12:51:31.403Z","genus":"Quercus","species":"virginiana","common_name":"Live oak","street_number":"773","street_name":"W. Ocean View Ave","site":"17M","delivered":"2019-02-07T00:00:00.000","completed":"2019-02-13T00:00:00.000","estimated_canopy_coverage":"6361.72512","source":"City Nursery","program_year":"2019",":@computed_region_x6fk_ihs5":"98",":@computed_region_b3ci_nw94":"31",":@computed_region_38t5_wna6":"31",":@computed_region_25t2_rbz7":null}},
{"type":"Feature","geometry":{"type":"Point","coordinates":[-76.274246,36.866518]},"properties":{":id":"row-4ccw-553y_nt54",":version":"rv-m7kr.swhg~gs6h",":created_at":"2019-08-20T12:51:30.666Z",":updated_at":"2019-08-20T12:51:31.403Z","genus":"Acer","species":"campestre 'Evelyn'","common_name":"Queen Elizabeth hedge maple","street_number":"913","street_name":"Pollard St","site":"3P","delivered":"2018-11-27T00:00:00.000","completed":"2018-12-04T00:00:00.000","estimated_canopy_coverage":"490.873852","source":"City Nursery","program_year":"2019",":@computed_region_x6fk_ihs5":"51",":@computed_region_b3ci_nw94":"57",":@computed_region_38t5_wna6":"57",":@computed_region_25t2_rbz7":"2943"}},
{"type":"Feature","geometry":{"type":"Point","coordinates":[-76.292785,36.849782]},"properties":{":id":"row-akpg_xxhx~kv4x",":version":"rv-gxpw-tx2w-rad7",":created_at":"2019-08-20T12:51:30.666Z",":updated_at":"2019-08-20T12:51:31.403Z","genus":"Ulmus","species":"parvifolia 'Bosque'","common_name":"Bosque elm","street_number":"201","street_name":"W Tazewell St","site":"3S","delivered":"2017-11-22T00:00:00.000","completed":"2017-11-29T00:00:00.000","estimated_canopy_coverage":"706.858347","source":"Purchased","program_year":"2018",":@computed_region_x6fk_ihs5":"32",":@computed_region_b3ci_nw94":"37",":@computed_region_38t5_wna6":"37",":@computed_region_25t2_rbz7":"2943"}},
{"type":"Feature","geometry":{"type":"Point","coordinates":[-76.231923,36.904551]},"properties":{":id":"row-s3rh~6te2.gs44",":version":"rv-x346.fg3r.y4sv",":created_at":"2019-08-20T12:51:30.666Z",":updated_at":"2019-08-20T12:51:31.403Z","genus":"Ostrya","species":"virginiana","common_name":"Hophornbeam","street_number":"1448","street_name":"Arbor Ave","site":"2M","delivered":"2017-11-16T00:00:00.000","completed":"2017-11-17T00:00:00.000","estimated_canopy_coverage":"706.858347","source":"City Nursery","program_year":"2018",":@computed_region_x6fk_ihs5":"55",":@computed_region_b3ci_nw94":"62",":@computed_region_38t5_wna6":"62",":@computed_region_25t2_rbz7":"2943"}},
{"type":"Feature","geometry":{"type":"Point","coordinates":[-76.27197400000001,36.87514]},"properties":{":id":"row-m5s7-mesz_3wcm",":version":"rv-hxw2~q9hy.s6ke",":created_at":"2019-08-20T12:51:30.666Z",":updated_at":"2019-08-20T12:51:31.403Z","genus":"Lagerstroemia","species":"indica x fauriei 'Natchez'","common_name":"Natchez crape myrtle","street_number":"123","street_name":"Orleans Cir","site":"1F","delivered":"2017-10-26T00:00:00.000","completed":"2017-11-01T00:00:00.000","estimated_canopy_coverage":"314.159265","source":"City Nursery","program_year":"2018",":@computed_region_x6fk_ihs5":"122",":@computed_region_b3ci_nw94":"122",":@computed_region_38t5_wna6":"122",":@computed_region_25t2_rbz7":"2943"}},
{"type":"Feature","geometry":{"type":"Point","coordinates":[-76.305074,36.877952]},"properties":{":id":"row-wfj4-zdq5-v9bk",":version":"rv-d6zi~hqwr~pjcn",":created_at":"2019-08-20T12:51:30.666Z",":updated_at":"2019-08-20T12:51:31.403Z","genus":"Quercus","species":"phellos","common_name":"Willow oak","street_number":"1264","street_name":"W 27th St","site":"1F","delivered":"2017-12-13T00:00:00.000","completed":"2017-12-07T00:00:00.000","estimated_canopy_coverage":"1963.49541","source":"City Nursery","program_year":"2018",":@computed_region_x6fk_ihs5":"48",":@computed_region_b3ci_nw94":"53",":@computed_region_38t5_wna6":"53",":@computed_region_25t2_rbz7":"2943"}},
{"type":"Feature","geometry":null,"properties":{":id":"row-hnpk~ad6v_84dw",":version":"rv-kcjm-5we6_mr86",":created_at":"2019-08-20T12:51:30.666Z",":updated_at":"2019-08-20T12:51:31.403Z","genus":"Cercis","species":"canadensis","common_name":"Redbud","street_number":"7300","street_name":"Ludlow St","site":"2SC","delivered":"2018-02-02T00:00:00.000","completed":"2018-02-05T00:00:00.000","estimated_canopy_coverage":"490.873852","source":"City Nursery","program_year":"2018",":@computed_region_x6fk_ihs5":null,":@computed_region_b3ci_nw94":null,":@computed_region_38t5_wna6":null,":@computed_region_25t2_rbz7":null}},
{"type":"Feature","geometry":{"type":"Point","coordinates":[-76.190846,36.875803]},"properties":{":id":"row-xtqw~ievj-ujft",":version":"rv-5qp3.ksm6.j5qk",":created_at":"2019-08-20T12:51:30.666Z",":updated_at":"2019-08-20T12:51:31.403Z","genus":"Cercis","species":"canadensis 'Merlot'","common_name":"Merlot redbud","street_number":"1585","street_name":"Weslyan Dr","site":"3FL","delivered":"2018-11-21T00:00:00.000","completed":"2018-12-14T00:00:00.000","estimated_canopy_coverage":"490.873852","source":"City Nursery","program_year":"2019",":@computed_region_x6fk_ihs5":"128",":@computed_region_b3ci_nw94":"128",":@computed_region_38t5_wna6":"128",":@computed_region_25t2_rbz7":"2943"}},
{"type":"Feature","geometry":{"type":"Point","coordinates":[-76.298236,36.856495]},"properties":{":id":"row-38qr_p7eg-zuym",":version":"rv-sp7i_3ute.eek5",":created_at":"2019-08-20T12:51:30.666Z",":updated_at":"2019-08-20T12:51:31.403Z","genus":"Styrax","species":"japonicus","common_name":"Japanese snowbell","street_number":"513","street_name":"Warren Cres","site":"2F","delivered":"2018-11-28T00:00:00.000","completed":"2018-12-11T00:00:00.000","estimated_canopy_coverage":"706.858347","source":"City Nursery","program_year":"2019",":@computed_region_x6fk_ihs5":"33",":@computed_region_b3ci_nw94":"38",":@computed_region_38t5_wna6":"38",":@computed_region_25t2_rbz7":"2943"}},
{"type":"Feature","geometry":{"type":"Point","coordinates":[-76.264963,36.89892]},"properties":{":id":"row-te3g-b8uf_nip8",":version":"rv-zbj5~t8be.em6d",":created_at":"2019-08-20T12:51:30.666Z",":updated_at":"2019-08-20T12:51:31.403Z","genus":"Salix","species":"matsudana","common_name":"Corkscrew willow","street_number":"535","street_name":"Garren Ave","site":"4FL","delivered":"2018-12-03T00:00:00.000","completed":"2018-12-12T00:00:00.000","estimated_canopy_coverage":"314","source":"City Nursery","program_year":"2019",":@computed_region_x6fk_ihs5":"79",":@computed_region_b3ci_nw94":"84",":@computed_region_38t5_wna6":"84",":@computed_region_25t2_rbz7":"2943"}},
{"type":"Feature","geometry":{"type":"Point","coordinates":[-76.257431,36.870493]},"properties":{":id":"row-icc7-75zs.mmsd",":version":"rv-ueq9_bhdv_d28c",":created_at":"2019-08-20T12:51:30.666Z",":updated_at":"2019-08-20T12:51:31.403Z","genus":"Taxodium","species":"ascendens","common_name":"Pond cypress","street_number":"2820","street_name":"Chesapeake Blvd","site":"26FL","delivered":"2018-01-31T00:00:00.000","completed":"2018-02-01T00:00:00.000","estimated_canopy_coverage":"490.873852","source":"City Nursery","program_year":"2018",":@computed_region_x6fk_ihs5":"3",":@computed_region_b3ci_nw94":"3",":@computed_region_38t5_wna6":"3",":@computed_region_25t2_rbz7":"2943"}},
{"type":"Feature","geometry":{"type":"Point","coordinates":[-76.260494,36.823132]},"properties":{":id":"row-anrx-gpnc.fen8",":version":"rv-8erj_nf8k~n4pd",":created_at":"2019-08-20T12:51:30.666Z",":updated_at":"2019-08-20T12:51:31.403Z","genus":"Cercis","species":"canadensis 'Merlot'","common_name":"Merlot redbud","street_number":"1752","street_name":"Campostella Rd","site":"3B","delivered":"2017-11-02T00:00:00.000","completed":"2017-11-03T00:00:00.000","estimated_canopy_coverage":"490.873852","source":"City Nursery","program_year":"2018",":@computed_region_x6fk_ihs5":"128",":@computed_region_b3ci_nw94":"128",":@computed_region_38t5_wna6":"128",":@computed_region_25t2_rbz7":"2943"}},
{"type":"Feature","geometry":{"type":"Point","coordinates":[-76.267621,36.829706]},"properties":{":id":"row-wgns.hr38_3uug",":version":"rv-fc5y~5np2_3j87",":created_at":"2019-08-20T12:51:30.666Z",":updated_at":"2019-08-20T12:51:31.403Z","genus":"Prunus","species":"yeodensis","common_name":"Yoshino cherry","street_number":"1130","street_name":"Leake St","site":"8B","delivered":"2017-11-22T00:00:00.000","completed":"2017-11-27T00:00:00.000","estimated_canopy_coverage":"1256.63706","source":"City Nursery","program_year":"2018",":@computed_region_x6fk_ihs5":"15",":@computed_region_b3ci_nw94":"13",":@computed_region_38t5_wna6":"13",":@computed_region_25t2_rbz7":"2943"}},
{"type":"Feature","geometry":{"type":"Point","coordinates":[-76.249986,36.852628]},"properties":{":id":"row-stqe~4xum-8x6y",":version":"rv-iyfi_f8jk~r48r",":created_at":"2019-08-20T12:51:30.666Z",":updated_at":"2019-08-20T12:51:31.403Z","genus":"Magnolia","species":"virginiana","common_name":"Sweetbay magnolia","street_number":"3000","street_name":"E. Virginia Beach Blvd","site":"2P","delivered":"2019-01-02T00:00:00.000","completed":"2019-01-04T00:00:00.000","estimated_canopy_coverage":"490.873852","source":"City Nursery","program_year":"2019",":@computed_region_x6fk_ihs5":"128",":@computed_region_b3ci_nw94":"128",":@computed_region_38t5_wna6":"128",":@computed_region_25t2_rbz7":"2943"}},
{"type":"Feature","geometry":{"type":"Point","coordinates":[-76.262207,36.923678]},"properties":{":id":"row-ijad_5cjj-ipta",":version":"rv-i3zv.xsr4.xfav",":created_at":"2019-08-20T12:51:30.666Z",":updated_at":"2019-08-20T12:51:31.403Z","genus":"Acer","species":"barbatum","common_name":"Florida maple","street_number":"8075","street_name":"West Glen Rd","site":"1P","delivered":"2018-12-07T00:00:00.000","completed":"2019-02-05T00:00:00.000","estimated_canopy_coverage":"1256.63706","source":"City Nursery","program_year":"2019",":@computed_region_x6fk_ihs5":"58",":@computed_region_b3ci_nw94":"65",":@computed_region_38t5_wna6":"65",":@computed_region_25t2_rbz7":"2943"}},
{"type":"Feature","geometry":{"type":"Point","coordinates":[-76.236249,36.937972]},"properties":{":id":"row-sbr6.x3n7-juz7",":version":"rv-cwj5_jsbf_a6ba",":created_at":"2019-08-20T12:51:30.666Z",":updated_at":"2019-08-20T12:51:31.403Z","genus":"Lagerstroemia","species":"indica x fauriei 'Natchez'","common_name":"Natchez crape myrtle","street_number":"9357","street_name":"Sturgis St","site":"1F","delivered":"2017-12-28T00:00:00.000","completed":"2018-02-21T00:00:00.000","estimated_canopy_coverage":"314.159265","source":"Purchased","program_year":"2018",":@computed_region_x6fk_ihs5":"103",":@computed_region_b3ci_nw94":"103",":@computed_region_38t5_wna6":"103",":@computed_region_25t2_rbz7":"2943"}},
{"type":"Feature","geometry":{"type":"Point","coordinates":[-76.255568,36.873997]},"properties":{":id":"row-tk35.djj5-ierf",":version":"rv-657n.jzgq~6hc7",":created_at":"2019-08-20T12:51:30.666Z",":updated_at":"2019-08-20T12:51:31.403Z","genus":"Quercus","species":"prinoides","common_name":"Dwarf chinquapin oak","street_number":"3102","street_name":"Marne Ave","site":"1F","delivered":"2019-01-07T00:00:00.000","completed":"2019-01-25T00:00:00.000","estimated_canopy_coverage":"153.93804","source":"City Nursery","program_year":"2019",":@computed_region_x6fk_ihs5":"29",":@computed_region_b3ci_nw94":"29",":@computed_region_38t5_wna6":"29",":@computed_region_25t2_rbz7":"2943"}},
{"type":"Feature","geometry":{"type":"Point","coordinates":[-76.240021,36.895143]},"properties":{":id":"row-rk8a~qvc8~j4ee",":version":"rv-a2jp-nbnk_k5ea",":created_at":"2019-08-20T12:51:30.666Z",":updated_at":"2019-08-20T12:51:31.403Z","genus":"Taxodium","species":"distichum","common_name":"Bald cypress","street_number":"6325","street_name":"Sewells Point Rd","site":"9SC","delivered":"2018-11-06T00:00:00.000","completed":"2018-12-05T00:00:00.000","estimated_canopy_coverage":"490.873852","source":"City Nursery","program_year":"2019",":@computed_region_x6fk_ihs5":"81",":@computed_region_b3ci_nw94":"86",":@computed_region_38t5_wna6":"86",":@computed_region_25t2_rbz7":"2943"}},
{"type":"Feature","geometry":{"type":"Point","coordinates":[-76.239614,36.894882]},"properties":{":id":"row-wdt7-eqhh~d3hp",":version":"rv-gy9s~z53i-vv83",":created_at":"2019-08-20T12:51:30.666Z",":updated_at":"2019-08-20T12:51:31.403Z","genus":"Taxodium","species":"distichum 'Shawnee Brave'","common_name":"Shawnee Brave bald cypress","street_number":"6328","street_name":"Sewells Point Rd","site":"19SC","delivered":"2018-01-31T00:00:00.000","completed":"2018-02-07T00:00:00.000","estimated_canopy_coverage":"490.873852","source":"City Nursery","program_year":"2018",":@computed_region_x6fk_ihs5":null,":@computed_region_b3ci_nw94":null,":@computed_region_38t5_wna6":null,":@computed_region_25t2_rbz7":"2943"}},
{"type":"Feature","geometry":{"type":"Point","coordinates":[-76.277661,36.844183]},"properties":{":id":"row-d2f6-nqud-2s7c",":version":"rv-itdz-ja5z_d583",":created_at":"2019-08-20T12:51:30.666Z",":updated_at":"2019-08-20T12:51:31.403Z","genus":"Ulmus","species":"parvifolia 'Bosque'","common_name":"Bosque elm","street_number":"150","street_name":"Park Ave","site":"6P","delivered":"2017-12-05T00:00:00.000","completed":"2017-12-07T00:00:00.000","estimated_canopy_coverage":"706.858347","source":"Purchased","program_year":"2018",":@computed_region_x6fk_ihs5":"128",":@computed_region_b3ci_nw94":"128",":@computed_region_38t5_wna6":"128",":@computed_region_25t2_rbz7":"2943"}},
{"type":"Feature","geometry":{"type":"Point","coordinates":[-76.251727,36.949403]},"properties":{":id":"row-p6qf-sjew-fqsg",":version":"rv-mxun.hab3_cvpe",":created_at":"2019-08-20T12:51:30.666Z",":updated_at":"2019-08-20T12:51:31.403Z","genus":"Quercus","species":"michauxii","common_name":"Swamp chestnut oak","street_number":"9522","street_name":"Wells Pkwy","site":"5M","delivered":"2019-01-15T00:00:00.000","completed":"2019-02-12T00:00:00.000","estimated_canopy_coverage":"2826","source":"City Nursery","program_year":"2019",":@computed_region_x6fk_ihs5":"102",":@computed_region_b3ci_nw94":"102",":@computed_region_38t5_wna6":"102",":@computed_region_25t2_rbz7":"2943"}},
{"type":"Feature","geometry":{"type":"Point","coordinates":[-76.30154,36.857035]},"properties":{":id":"row-b87b~6c93~txjk",":version":"rv-mi9s-wpnw-qnpe",":created_at":"2019-08-20T12:51:30.666Z",":updated_at":"2019-08-20T12:51:31.403Z","genus":"Nyssa","species":"sylvatica","common_name":"Black tupelo","street_number":"700","street_name":"Brambleton Ave","site":"10P","delivered":"2018-11-13T00:00:00.000","completed":"2018-11-16T00:00:00.000","estimated_canopy_coverage":"962.11275","source":"City Nursery","program_year":"2019",":@computed_region_x6fk_ihs5":"33",":@computed_region_b3ci_nw94":"38",":@computed_region_38t5_wna6":"38",":@computed_region_25t2_rbz7":"2943"}},
{"type":"Feature","geometry":{"type":"Point","coordinates":[-76.219971,36.921171]},"properties":{":id":"row-kn5c~9nff~j2qm",":version":"rv-ywus.6d5n~dcze",":created_at":"2019-08-20T12:51:30.666Z",":updated_at":"2019-08-20T12:51:31.403Z","genus":"Acer","species":"buergerianum","common_name":"Trident maple","street_number":"2217","street_name":"Jeffrey Dr","site":"1M","delivered":"2019-01-11T00:00:00.000","completed":"2019-02-06T00:00:00.000","estimated_canopy_coverage":"1256.63706","source":"City Nursery","program_year":"2019",":@computed_region_x6fk_ihs5":"80",":@computed_region_b3ci_nw94":"85",":@computed_region_38t5_wna6":"85",":@computed_region_25t2_rbz7":"2943"}},
{"type":"Feature","geometry":{"type":"Point","coordinates":[-76.234679,36.851632]},"properties":{":id":"row-csxe~zc4a~nkpp",":version":"rv-aeh9-24ux~swnj",":created_at":"2019-08-20T12:51:30.666Z",":updated_at":"2019-08-20T12:51:31.403Z","genus":"Prunus","species":"cerasifera 'Krauter Vesuvius'","common_name":"Krauter Vesuvius purple leaf plum","street_number":"954","street_name":"Elm St","site":"2F","delivered":"2018-12-12T00:00:00.000","completed":"2019-01-07T00:00:00.000","estimated_canopy_coverage":"314.159265","source":"City Nursery","program_year":"2019",":@computed_region_x6fk_ihs5":"44",":@computed_region_b3ci_nw94":"49",":@computed_region_38t5_wna6":"49",":@computed_region_25t2_rbz7":"2943"}},
{"type":"Feature","geometry":{"type":"Point","coordinates":[-76.267621,36.829706]},"properties":{":id":"row-mrj9~4a7p_5sd3",":version":"rv-ip8z-ws3z-cghe",":created_at":"2019-08-20T12:51:30.666Z",":updated_at":"2019-08-20T12:51:31.403Z","genus":"Taxodium","species":"distichum 'Shawnee Brave'","common_name":"Shawnee Brave bald cypress","street_number":"1130","street_name":"Leake St","site":"11B","delivered":"2017-11-22T00:00:00.000","completed":"2017-11-27T00:00:00.000","estimated_canopy_coverage":"490.873852","source":"City Nursery","program_year":"2018",":@computed_region_x6fk_ihs5":"15",":@computed_region_b3ci_nw94":"13",":@computed_region_38t5_wna6":"13",":@computed_region_25t2_rbz7":"2943"}},
{"type":"Feature","geometry":{"type":"Point","coordinates":[-76.267243,36.963562]},"properties":{":id":"row-fd54.kdry.6afs",":version":"rv-ptnx.neur.xnxx",":created_at":"2019-08-20T12:51:30.666Z",":updated_at":"2019-08-20T12:51:31.403Z","genus":"Quercus","species":"virginiana","common_name":"Live oak","street_number":"635","street_name":"W. Ocean View Ave","site":"6M","delivered":"2019-02-07T00:00:00.000","completed":"2019-02-13T00:00:00.000","estimated_canopy_coverage":"6361.72512","source":"City Nursery","program_year":"2019",":@computed_region_x6fk_ihs5":"98",":@computed_region_b3ci_nw94":"31",":@computed_region_38t5_wna6":"31",":@computed_region_25t2_rbz7":"2943"}},
{"type":"Feature","geometry":{"type":"Point","coordinates":[-76.267621,36.829706]},"properties":{":id":"row-u425_22vr_bmfx",":version":"rv-fvdb~8gbm-jev3",":created_at":"2019-08-20T12:51:30.666Z",":updated_at":"2019-08-20T12:51:31.403Z","genus":"Prunus","species":"yeodensis","common_name":"Yoshino cherry","street_number":"1130","street_name":"Leake St","site":"3B","delivered":"2017-11-22T00:00:00.000","completed":"2017-11-27T00:00:00.000","estimated_canopy_coverage":"1256.63706","source":"City Nursery","program_year":"2018",":@computed_region_x6fk_ihs5":"15",":@computed_region_b3ci_nw94":"13",":@computed_region_38t5_wna6":"13",":@computed_region_25t2_rbz7":"2943"}},
{"type":"Feature","geometry":{"type":"Point","coordinates":[-76.244804,36.894823]},"properties":{":id":"row-jg7f-c7kd.ydz7",":version":"rv-m8tb-f5rj-pzss",":created_at":"2019-08-20T12:51:30.666Z",":updated_at":"2019-08-20T12:51:31.403Z","genus":"Ostrya","species":"virginiana","common_name":"Hophornbeam","street_number":"6383","street_name":"Partridge St","site":"1F","delivered":"2017-11-16T00:00:00.000","completed":"2017-12-13T00:00:00.000","estimated_canopy_coverage":"706.858347","source":"City Nursery","program_year":"2018",":@computed_region_x6fk_ihs5":"81",":@computed_region_b3ci_nw94":"86",":@computed_region_38t5_wna6":"86",":@computed_region_25t2_rbz7":"2943"}},
{"type":"Feature","geometry":{"type":"Point","coordinates":[-76.23280800000002,36.903866]},"properties":{":id":"row-yejn~wrux_p6t5",":version":"rv-hb88-48sk~gye6",":created_at":"2019-08-20T12:51:30.666Z",":updated_at":"2019-08-20T12:51:31.403Z","genus":"Nyssa","species":"sylvatica","common_name":"Black tupelo","street_number":"6800","street_name":"Silverwood Ct","site":"1S","delivered":"2017-11-22T00:00:00.000","completed":"2017-11-30T00:00:00.000","estimated_canopy_coverage":"962.11275","source":"City Nursery","program_year":"2018",":@computed_region_x6fk_ihs5":"55",":@computed_region_b3ci_nw94":"62",":@computed_region_38t5_wna6":"62",":@computed_region_25t2_rbz7":"2943"}},
{"type":"Feature","geometry":{"type":"Point","coordinates":[-76.291639,36.847668]},"properties":{":id":"row-4v6y~qm83_2f5n",":version":"rv-hmwj-w9v6_9e7n",":created_at":"2019-08-20T12:51:30.666Z",":updated_at":"2019-08-20T12:51:31.403Z","genus":"Gingko","species":"biloba","common_name":"Gingko","street_number":"150","street_name":"Granby St","site":"2S","delivered":"2018-03-23T00:00:00.000","completed":"2018-03-30T00:00:00.000","estimated_canopy_coverage":"490.873852","source":"Purchased","program_year":"2018",":@computed_region_x6fk_ihs5":"22",":@computed_region_b3ci_nw94":"26",":@computed_region_38t5_wna6":"26",":@computed_region_25t2_rbz7":"2943"}},
{"type":"Feature","geometry":{"type":"Point","coordinates":[-76.291294,36.863307]},"properties":{":id":"row-gzzh.fp84.4ch4",":version":"rv-64i5~qmg7-q7dy",":created_at":"2019-08-20T12:51:30.666Z",":updated_at":"2019-08-20T12:51:31.403Z","genus":"Quercus","species":"geminata","common_name":"Sand live oak","street_number":"1313","street_name":"Botetourt Gdns","site":"2M","delivered":"2018-12-07T00:00:00.000","completed":"2018-12-14T00:00:00.000","estimated_canopy_coverage":"2826","source":"City Nursery","program_year":"2019",":@computed_region_x6fk_ihs5":"34",":@computed_region_b3ci_nw94":"39",":@computed_region_38t5_wna6":"39",":@computed_region_25t2_rbz7":"2943"}},
{"type":"Feature","geometry":{"type":"Point","coordinates":[-76.29285400000002,36.86767]},"properties":{":id":"row-ef8z_k77b-svar",":version":"rv-enxy~zby4-m8as",":created_at":"2019-08-20T12:51:30.666Z",":updated_at":"2019-08-20T12:51:31.403Z","genus":"Acer","species":"barbatum","common_name":"Florida maple","street_number":"502","street_name":"Washington Park","site":"7M","delivered":"2018-11-13T00:00:00.000","completed":"2018-11-20T00:00:00.000","estimated_canopy_coverage":"1256.63706","source":"City Nursery","program_year":"2019",":@computed_region_x6fk_ihs5":"33",":@computed_region_b3ci_nw94":"38",":@computed_region_38t5_wna6":"38",":@computed_region_25t2_rbz7":"2943"}},
{"type":"Feature","geometry":{"type":"Point","coordinates":[-76.203089,36.909414]},"properties":{":id":"row-ya83_wtgd.4aer",":version":"rv-834v~y5q4_jvjz",":created_at":"2019-08-20T12:51:30.666Z",":updated_at":"2019-08-20T12:51:31.403Z","genus":"Prunus","species":"cerasifera 'Krauter Vesuvius'","common_name":"Krauter Vesuvius purple leaf plum","street_number":"2625","street_name":"Wingfield Rd","site":"3F","delivered":"2018-11-26T00:00:00.000","completed":"2018-12-12T00:00:00.000","estimated_canopy_coverage":"314.159265","source":"City Nursery","program_year":"2019",":@computed_region_x6fk_ihs5":"90",":@computed_region_b3ci_nw94":"91",":@computed_region_38t5_wna6":"91",":@computed_region_25t2_rbz7":"2943"}},
{"type":"Feature","geometry":{"type":"Point","coordinates":[-76.299723,36.863595]},"properties":{":id":"row-ipt7-8n94-kt7u",":version":"rv-duyd~q8t4~sshn",":created_at":"2019-08-20T12:51:30.666Z",":updated_at":"2019-08-20T12:51:31.403Z","genus":"Styrax","species":"japonicus","common_name":"Japanese snowbell","street_number":"724","street_name":"Redgate Ave","site":"1F","delivered":"2018-11-28T00:00:00.000","completed":"2018-12-05T00:00:00.000","estimated_canopy_coverage":"706.858347","source":"City Nursery","program_year":"2019",":@computed_region_x6fk_ihs5":"33",":@computed_region_b3ci_nw94":"38",":@computed_region_38t5_wna6":"38",":@computed_region_25t2_rbz7":"2943"}},
{"type":"Feature","geometry":{"type":"Point","coordinates":[-76.2123,36.879587]},"properties":{":id":"row-j6t3_hw7j-kshq",":version":"rv-f9yg_67nn-ti2k",":created_at":"2019-08-20T12:51:30.666Z",":updated_at":"2019-08-20T12:51:31.403Z","genus":"Prunus","species":"yeodensis","common_name":"Yoshino cherry","street_number":"2500","street_name":"N Military Hwy","site":"5B","delivered":"2017-12-04T00:00:00.000","completed":"2017-12-05T00:00:00.000","estimated_canopy_coverage":"1256.63706","source":"City Nursery","program_year":"2018",":@computed_region_x6fk_ihs5":"128",":@computed_region_b3ci_nw94":"128",":@computed_region_38t5_wna6":"128",":@computed_region_25t2_rbz7":"2943"}},
{"type":"Feature","geometry":{"type":"Point","coordinates":[-76.265648,36.93687]},"properties":{":id":"row-dvwf-ew94~py77",":version":"rv-uet9-3mvc.c7cg",":created_at":"2019-08-20T12:51:30.666Z",":updated_at":"2019-08-20T12:51:31.403Z","genus":"Halesia","species":"diptera","common_name":"Two-winged silverbell","street_number":"8709","street_name":"Executive Dr","site":"3FL","delivered":"2019-01-11T00:00:00.000","completed":"2019-02-06T00:00:00.000","estimated_canopy_coverage":"706.5","source":"City Nursery","program_year":"2019",":@computed_region_x6fk_ihs5":"101",":@computed_region_b3ci_nw94":"101",":@computed_region_38t5_wna6":"101",":@computed_region_25t2_rbz7":"2943"}},
{"type":"Feature","geometry":{"type":"Point","coordinates":[-76.263811,36.939528]},"properties":{":id":"row-8bix~49r4-p5cd",":version":"rv-ws88-w458.imck",":created_at":"2019-08-20T12:51:30.666Z",":updated_at":"2019-08-20T12:51:31.403Z","genus":"Ulmus","species":"alata","common_name":"Winged elm","street_number":"8817","street_name":"Gramel St","site":"1F","delivered":"2019-01-31T00:00:00.000","completed":"2019-02-26T00:00:00.000","estimated_canopy_coverage":"1256","source":"City Nursery","program_year":"2019",":@computed_region_x6fk_ihs5":"101",":@computed_region_b3ci_nw94":"101",":@computed_region_38t5_wna6":"101",":@computed_region_25t2_rbz7":"2943"}},
{"type":"Feature","geometry":{"type":"Point","coordinates":[-76.291863,36.846137]},"properties":{":id":"row-vtiu-snhr.9i76",":version":"rv-stni.kjt6_vaq8",":created_at":"2019-08-20T12:51:30.666Z",":updated_at":"2019-08-20T12:51:31.403Z","genus":"Ginkgo","species":"biloba 'Shangri-La'","common_name":"Ginkgo","street_number":"109","street_name":"E Main St","site":"5S","delivered":"2017-11-29T00:00:00.000","completed":"2017-12-14T00:00:00.000","estimated_canopy_coverage":"1256.63706","source":"City Nursery","program_year":"2018",":@computed_region_x6fk_ihs5":"22",":@computed_region_b3ci_nw94":"26",":@computed_region_38t5_wna6":"26",":@computed_region_25t2_rbz7":"2943"}},
{"type":"Feature","geometry":{"type":"Point","coordinates":[-76.26432,36.887196]},"properties":{":id":"row-2aap_284n~696x",":version":"rv-46s8.t8fg-v36h",":created_at":"2019-08-20T12:51:30.666Z",":updated_at":"2019-08-20T12:51:31.403Z","genus":"Cercis","species":"canadensis 'Merlot'","common_name":"Merlot redbud","street_number":"1610","street_name":"Cromwell Dr","site":"11L","delivered":"2018-11-21T00:00:00.000","completed":"2018-11-28T00:00:00.000","estimated_canopy_coverage":"490.873852","source":"City Nursery","program_year":"2019",":@computed_region_x6fk_ihs5":"122",":@computed_region_b3ci_nw94":"122",":@computed_region_38t5_wna6":"122",":@computed_region_25t2_rbz7":"2943"}},
{"type":"Feature","geometry":{"type":"Point","coordinates":[-76.241974,36.943587]},"properties":{":id":"row-7kdt-245i_r37k",":version":"rv-6gq2-tzsd-fenb",":created_at":"2019-08-20T12:51:30.666Z",":updated_at":"2019-08-20T12:51:31.403Z","genus":"Quercus","species":"bicolor","common_name":"Bicolor oak","street_number":"9431","street_name":"Atlans Ave","site":"2S","delivered":"2019-01-15T00:00:00.000","completed":"2019-02-13T00:00:00.000","estimated_canopy_coverage":"3846","source":"City Nursery","program_year":"2019",":@computed_region_x6fk_ihs5":"103",":@computed_region_b3ci_nw94":"103",":@computed_region_38t5_wna6":"103",":@computed_region_25t2_rbz7":"2943"}},
{"type":"Feature","geometry":{"type":"Point","coordinates":[-76.285174,36.844301]},"properties":{":id":"row-eyd7-uh8s.7wwf",":version":"rv-r7tn_vwr6~9isy",":created_at":"2019-08-20T12:51:30.666Z",":updated_at":"2019-08-20T12:51:31.403Z","genus":"Quercus","species":"virginiana","common_name":"Live oak","street_number":"810","street_name":"Union St","site":"1M","delivered":"2017-11-30T00:00:00.000","completed":"2017-12-05T00:00:00.000","estimated_canopy_coverage":"6361.72512","source":"City Nursery","program_year":"2018",":@computed_region_x6fk_ihs5":"128",":@computed_region_b3ci_nw94":"128",":@computed_region_38t5_wna6":"128",":@computed_region_25t2_rbz7":"2943"}},
{"type":"Feature","geometry":{"type":"Point","coordinates":[-76.267245,36.857025]},"properties":{":id":"row-xzmy_5stm~5f3p",":version":"rv-tsm3~5xnu-u4hx",":created_at":"2019-08-20T12:51:30.666Z",":updated_at":"2019-08-20T12:51:31.403Z","genus":"Acer","species":"barbatum","common_name":"Florida maple","street_number":"1305","street_name":"Maltby Ave","site":"2P","delivered":"2018-01-31T00:00:00.000","completed":"2018-02-02T00:00:00.000","estimated_canopy_coverage":"1256.63706","source":"City Nursery","program_year":"2018",":@computed_region_x6fk_ihs5":"11",":@computed_region_b3ci_nw94":"11",":@computed_region_38t5_wna6":"11",":@computed_region_25t2_rbz7":"2943"}},
{"type":"Feature","geometry":{"type":"Point","coordinates":[-76.288903,36.845771]},"properties":{":id":"row-7mp6.vztw~arh9",":version":"rv-824a.hucx.skte",":created_at":"2019-08-20T12:51:30.666Z",":updated_at":"2019-08-20T12:51:31.403Z","genus":"Ilex","species":"x attenuata","common_name":"East Palatka holly","street_number":"480","street_name":"Main St","site":"3F","delivered":"2018-01-31T00:00:00.000","completed":"2018-02-01T00:00:00.000","estimated_canopy_coverage":"176.714587","source":"City Nursery","program_year":"2018",":@computed_region_x6fk_ihs5":"22",":@computed_region_b3ci_nw94":"26",":@computed_region_38t5_wna6":"26",":@computed_region_25t2_rbz7":"2943"}},
{"type":"Feature","geometry":{"type":"Point","coordinates":[-76.239275,36.900374]},"properties":{":id":"row-37rg_7j77_hdpj",":version":"rv-f2k2~yd8s_8rw4",":created_at":"2019-08-20T12:51:30.666Z",":updated_at":"2019-08-20T12:51:31.403Z","genus":"Quercus","species":"prinoides","common_name":"Dwarf chinquapin oak","street_number":"6501","street_name":"Chesapeake Blvd","site":"2SC","delivered":"2018-01-10T00:00:00.000","completed":"2018-01-19T00:00:00.000","estimated_canopy_coverage":"153.93804","source":"City Nursery","program_year":"2018",":@computed_region_x6fk_ihs5":"128",":@computed_region_b3ci_nw94":"128",":@computed_region_38t5_wna6":"128",":@computed_region_25t2_rbz7":"2943"}},
{"type":"Feature","geometry":{"type":"Point","coordinates":[-76.30333,36.878377]},"properties":{":id":"row-rhtf.ndbw~qbah",":version":"rv-x6sv-n4c3-ueev",":created_at":"2019-08-20T12:51:30.666Z",":updated_at":"2019-08-20T12:51:31.403Z","genus":"Cercis","species":"canadensis","common_name":"Redbud","street_number":"3700","street_name":"Bowdens Ferry Rd","site":"2S","delivered":"2017-12-04T00:00:00.000","completed":"2017-12-06T00:00:00.000","estimated_canopy_coverage":"490.873852","source":"City Nursery","program_year":"2018",":@computed_region_x6fk_ihs5":"48",":@computed_region_b3ci_nw94":"53",":@computed_region_38t5_wna6":"53",":@computed_region_25t2_rbz7":"2943"}},
{"type":"Feature","geometry":{"type":"Point","coordinates":[-76.298107,36.891868]},"properties":{":id":"row-3nbc~e7vn~xqcw",":version":"rv-8p97~h4fq~jjib",":created_at":"2019-08-20T12:51:30.666Z",":updated_at":"2019-08-20T12:51:31.403Z","genus":"Quercus","species":"phellos","common_name":"Willow oak","street_number":"1027","street_name":"Bolling Ave","site":"3F","delivered":"2017-10-27T00:00:00.000","completed":"2017-12-12T00:00:00.000","estimated_canopy_coverage":"1963.49541","source":"City Nursery","program_year":"2018",":@computed_region_x6fk_ihs5":"49",":@computed_region_b3ci_nw94":"54",":@computed_region_38t5_wna6":"54",":@computed_region_25t2_rbz7":"2943"}},
{"type":"Feature","geometry":{"type":"Point","coordinates":[-76.203476,36.865902]},"properties":{":id":"row-tv7q.v7te~a4nh",":version":"rv-wwi4_83mg~muwm",":created_at":"2019-08-20T12:51:30.666Z",":updated_at":"2019-08-20T12:51:31.403Z","genus":"Ilex","species":"x attenuata","common_name":"East Palatka holly","street_number":"1280","street_name":"Kempsville Rd","site":"2F","delivered":"2017-11-27T00:00:00.000","completed":"2017-11-28T00:00:00.000","estimated_canopy_coverage":"176.714587","source":"City Nursery","program_year":"2018",":@computed_region_x6fk_ihs5":"47",":@computed_region_b3ci_nw94":"52",":@computed_region_38t5_wna6":"52",":@computed_region_25t2_rbz7":"2943"}},
{"type":"Feature","geometry":{"type":"Point","coordinates":[-76.211039,36.868879]},"properties":{":id":"row-tf25.32zx~nzsx",":version":"rv-cf6r_iuia.fkz7",":created_at":"2019-08-20T12:51:30.666Z",":updated_at":"2019-08-20T12:51:31.403Z","genus":"Acer","species":"barbatum","common_name":"Florida maple","street_number":"1330","street_name":"N. Military Hwy","site":"1B","delivered":"2019-01-02T00:00:00.000","completed":"2019-01-04T00:00:00.000","estimated_canopy_coverage":"1256.63706","source":"City Nursery","program_year":"2019",":@computed_region_x6fk_ihs5":"128",":@computed_region_b3ci_nw94":"128",":@computed_region_38t5_wna6":"128",":@computed_region_25t2_rbz7":"2943"}},
{"type":"Feature","geometry":{"type":"Point","coordinates":[-76.300641,36.89142]},"properties":{":id":"row-umvd.kp43.atvm",":version":"rv-se7y.u4cq_w75c",":created_at":"2019-08-20T12:51:30.666Z",":updated_at":"2019-08-20T12:51:31.403Z","genus":"Chionanthus","species":"virginicus","common_name":"White fringetree","street_number":"1145","street_name":"Bolling Ave","site":"4SC","delivered":"2017-12-04T00:00:00.000","completed":"2017-12-12T00:00:00.000","estimated_canopy_coverage":"176.714587","source":"City Nursery","program_year":"2018",":@computed_region_x6fk_ihs5":"49",":@computed_region_b3ci_nw94":"54",":@computed_region_38t5_wna6":"54",":@computed_region_25t2_rbz7":"2943"}},
{"type":"Feature","geometry":{"type":"Point","coordinates":[-76.282108,36.878534]},"properties":{":id":"row-vdy5~tqdu_3xbw",":version":"rv-9ksb-ff7z-ew24",":created_at":"2019-08-20T12:51:30.666Z",":updated_at":"2019-08-20T12:51:31.403Z","genus":"Styrax","species":"americanus","common_name":"American snowbell","street_number":"3500","street_name":"Granby St","site":"15P","delivered":"2018-11-27T00:00:00.000","completed":"2019-01-04T00:00:00.000","estimated_canopy_coverage":"706","source":"City Nursery","program_year":"2019",":@computed_region_x6fk_ihs5":"72",":@computed_region_b3ci_nw94":"78",":@computed_region_38t5_wna6":"78",":@computed_region_25t2_rbz7":"2943"}},
{"type":"Feature","geometry":{"type":"Point","coordinates":[-76.218659,36.905957]},"properties":{":id":"row-34r3-es93_njnq",":version":"rv-qr6m~egw3~7d6v",":created_at":"2019-08-20T12:51:30.666Z",":updated_at":"2019-08-20T12:51:31.403Z","genus":"Cercis","species":"canadensis 'Merlot'","common_name":"Merlot redbud","street_number":"1951","street_name":"Paddock Rd","site":"2M","delivered":"2018-11-20T00:00:00.000","completed":"2018-12-17T00:00:00.000","estimated_canopy_coverage":"490.873852","source":"City Nursery","program_year":"2019",":@computed_region_x6fk_ihs5":"54",":@computed_region_b3ci_nw94":"60",":@computed_region_38t5_wna6":"60",":@computed_region_25t2_rbz7":"2943"}},
{"type":"Feature","geometry":{"type":"Point","coordinates":[-76.296543,36.868314]},"properties":{":id":"row-hfab.7pn8~vp7r",":version":"rv-msai.fv2z_a7cv",":created_at":"2019-08-20T12:51:30.666Z",":updated_at":"2019-08-20T12:51:31.403Z","genus":"Quercus","species":"phellos","common_name":"Willow oak","street_number":"730","street_name":"Spotswood Ave","site":"2SC","delivered":"2018-11-28T00:00:00.000","completed":"2018-11-27T00:00:00.000","estimated_canopy_coverage":"1963.49541","source":"City Nursery","program_year":"2019",":@computed_region_x6fk_ihs5":"33",":@computed_region_b3ci_nw94":"38",":@computed_region_38t5_wna6":"38",":@computed_region_25t2_rbz7":"2943"}},
{"type":"Feature","geometry":{"type":"Point","coordinates":[-76.282311,36.871044]},"properties":{":id":"row-sjju.i9qv-ye4v",":version":"rv-5evj-h9uk_wf9h",":created_at":"2019-08-20T12:51:30.666Z",":updated_at":"2019-08-20T12:51:31.403Z","genus":"Taxodium","species":"ascendens","common_name":"Pond cypress","street_number":"2612","street_name":"Monticello Ave","site":"1S","delivered":"2017-12-13T00:00:00.000","completed":"2018-01-11T00:00:00.000","estimated_canopy_coverage":"490.873852","source":"City Nursery","program_year":"2018",":@computed_region_x6fk_ihs5":"128",":@computed_region_b3ci_nw94":"128",":@computed_region_38t5_wna6":"128",":@computed_region_25t2_rbz7":"2943"}},
{"type":"Feature","geometry":{"type":"Point","coordinates":[-76.232865,36.88064]},"properties":{":id":"row-h3n7.a85i~mfh4",":version":"rv-mbeq~wx8d-sdkv",":created_at":"2019-08-20T12:51:30.666Z",":updated_at":"2019-08-20T12:51:31.403Z","genus":"Lagerstroemia","species":"indica x fauriei 'Tuscarora'","common_name":"Tuscarora crape myrtle","street_number":"4809","street_name":"Dolphin Ave","site":"1F","delivered":"2017-12-28T00:00:00.000","completed":"2018-02-02T00:00:00.000","estimated_canopy_coverage":"314.159265","source":"Purchased","program_year":"2018",":@computed_region_x6fk_ihs5":"107",":@computed_region_b3ci_nw94":"107",":@computed_region_38t5_wna6":"107",":@computed_region_25t2_rbz7":"2943"}},
{"type":"Feature","geometry":{"type":"Point","coordinates":[-76.264249,36.887922]},"properties":{":id":"row-u58j-zmic~7wwc",":version":"rv-h6cf~tq6d_xk8d",":created_at":"2019-08-20T12:51:30.666Z",":updated_at":"2019-08-20T12:51:31.403Z","genus":"Salix","species":"matsudana","common_name":"Corkscrew willow","street_number":"1612","street_name":"Willow Wood Dr","site":"24P","delivered":"2018-12-03T00:00:00.000","completed":"2018-12-14T00:00:00.000","estimated_canopy_coverage":"314","source":"City Nursery","program_year":"2019",":@computed_region_x6fk_ihs5":"122",":@computed_region_b3ci_nw94":"122",":@computed_region_38t5_wna6":"122",":@computed_region_25t2_rbz7":"2943"}},
{"type":"Feature","geometry":{"type":"Point","coordinates":[-76.219395,36.902082]},"properties":{":id":"row-kz3r.u88z~i8z2",":version":"rv-ygzc~p7d2.mwpw",":created_at":"2019-08-20T12:51:30.666Z",":updated_at":"2019-08-20T12:51:31.403Z","genus":"Cercis","species":"canadensis 'Merlot'","common_name":"Merlot redbud","street_number":"6445","street_name":"Aldow Dr","site":"2F","delivered":"2017-11-22T00:00:00.000","completed":"2017-11-30T00:00:00.000","estimated_canopy_coverage":"490.873852","source":"City Nursery","program_year":"2018",":@computed_region_x6fk_ihs5":"54",":@computed_region_b3ci_nw94":"60",":@computed_region_38t5_wna6":"60",":@computed_region_25t2_rbz7":"2943"}},
{"type":"Feature","geometry":{"type":"Point","coordinates":[-76.267621,36.829706]},"properties":{":id":"row-4ypb.tgvz_g3cw",":version":"rv-ag2m_nfb3_rzyi",":created_at":"2019-08-20T12:51:30.666Z",":updated_at":"2019-08-20T12:51:31.403Z","genus":"Prunus","species":"yeodensis","common_name":"Yoshino cherry","street_number":"1130","street_name":"Leake St","site":"7B","delivered":"2017-11-22T00:00:00.000","completed":"2017-11-27T00:00:00.000","estimated_canopy_coverage":"1256.63706","source":"City Nursery","program_year":"2018",":@computed_region_x6fk_ihs5":"15",":@computed_region_b3ci_nw94":"13",":@computed_region_38t5_wna6":"13",":@computed_region_25t2_rbz7":"2943"}},
{"type":"Feature","geometry":{"type":"Point","coordinates":[-76.300641,36.89142]},"properties":{":id":"row-abhc-qd2f~k94y",":version":"rv-ydzu~yuy8.8yqy",":created_at":"2019-08-20T12:51:30.666Z",":updated_at":"2019-08-20T12:51:31.403Z","genus":"Ulmus","species":"americana 'Princeton'","common_name":"Princeton American elm","street_number":"1145","street_name":"Bolling Ave","site":"28SC","delivered":"2017-12-04T00:00:00.000","completed":"2017-12-12T00:00:00.000","estimated_canopy_coverage":"1256.63706","source":"City Nursery","program_year":"2018",":@computed_region_x6fk_ihs5":"49",":@computed_region_b3ci_nw94":"54",":@computed_region_38t5_wna6":"54",":@computed_region_25t2_rbz7":"2943"}},
{"type":"Feature","geometry":{"type":"Point","coordinates":[-76.18022,36.848987]},"properties":{":id":"row-dhue_uk93.thtd",":version":"rv-jgsa-8spp.anmn",":created_at":"2019-08-20T12:51:30.666Z",":updated_at":"2019-08-20T12:51:31.403Z","genus":"Ostrya","species":"virginiana","common_name":"Hophornbeam","street_number":"701","street_name":"N Newtown Rd","site":"1M","delivered":"2017-11-16T00:00:00.000","completed":"2017-11-15T00:00:00.000","estimated_canopy_coverage":"706.858347","source":"City Nursery","program_year":"2018",":@computed_region_x6fk_ihs5":"59",":@computed_region_b3ci_nw94":"66",":@computed_region_38t5_wna6":"66",":@computed_region_25t2_rbz7":"2951"}},
{"type":"Feature","geometry":{"type":"Point","coordinates":[-76.275492,36.902796]},"properties":{":id":"row-87vi.jrnn_33gz",":version":"rv-ic3z.kcfd-npjp",":created_at":"2019-08-20T12:51:30.666Z",":updated_at":"2019-08-20T12:51:31.403Z","genus":"Styrax","species":"japonicus","common_name":"Japanese snowbell","street_number":"132","street_name":"Blake Rd","site":"1F","delivered":"2018-12-03T00:00:00.000","completed":"2018-12-05T00:00:00.000","estimated_canopy_coverage":"706.858347","source":"City Nursery","program_year":"2019",":@computed_region_x6fk_ihs5":"114",":@computed_region_b3ci_nw94":"115",":@computed_region_38t5_wna6":"115",":@computed_region_25t2_rbz7":"2943"}},
{"type":"Feature","geometry":{"type":"Point","coordinates":[-76.277661,36.844183]},"properties":{":id":"row-xyp4.asbn_pvw5",":version":"rv-x892~jvnw.p9ri",":created_at":"2019-08-20T12:51:30.666Z",":updated_at":"2019-08-20T12:51:31.403Z","genus":"Ulmus","species":"parvifolia 'Bosque'","common_name":"Bosque elm","street_number":"150","street_name":"Park Ave","site":"1P","delivered":"2017-12-05T00:00:00.000","completed":"2017-12-07T00:00:00.000","estimated_canopy_coverage":"706.858347","source":"Purchased","program_year":"2018",":@computed_region_x6fk_ihs5":"128",":@computed_region_b3ci_nw94":"128",":@computed_region_38t5_wna6":"128",":@computed_region_25t2_rbz7":"2943"}},
{"type":"Feature","geometry":{"type":"Point","coordinates":[-76.217909,36.864908]},"properties":{":id":"row-aske~nxtv_rk8q",":version":"rv-a5yq-xb3p_arzm",":created_at":"2019-08-20T12:51:30.666Z",":updated_at":"2019-08-20T12:51:31.403Z","genus":"Chionanthus","species":"retusus","common_name":"Chinese fringetree","street_number":"1188","street_name":"Lance Rd","site":"3B","delivered":"2017-12-12T00:00:00.000","completed":"2018-02-06T00:00:00.000","estimated_canopy_coverage":"176.714587","source":"City Nursery","program_year":"2018",":@computed_region_x6fk_ihs5":"128",":@computed_region_b3ci_nw94":"128",":@computed_region_38t5_wna6":"128",":@computed_region_25t2_rbz7":"2943"}},
{"type":"Feature","geometry":{"type":"Point","coordinates":[-76.232049,36.904294]},"properties":{":id":"row-v8cf_dhqi~9z7z",":version":"rv-w754_tzd3-waqt",":created_at":"2019-08-20T12:51:30.666Z",":updated_at":"2019-08-20T12:51:31.403Z","genus":"Nyssa","species":"sylvatica","common_name":"Black tupelo","street_number":"6868","street_name":"Silverwood Ct","site":"1S","delivered":"2017-11-22T00:00:00.000","completed":"2017-11-30T00:00:00.000","estimated_canopy_coverage":"962.11275","source":"City Nursery","program_year":"2018",":@computed_region_x6fk_ihs5":"55",":@computed_region_b3ci_nw94":"62",":@computed_region_38t5_wna6":"62",":@computed_region_25t2_rbz7":"2943"}},
{"type":"Feature","geometry":{"type":"Point","coordinates":[-76.257431,36.870493]},"properties":{":id":"row-fxww~d634-n82r",":version":"rv-e7ei~2vc9-he9k",":created_at":"2019-08-20T12:51:30.666Z",":updated_at":"2019-08-20T12:51:31.403Z","genus":"Quercus","species":"laurifolia","common_name":"Laurel oak","street_number":"2820","street_name":"Chesapeake Blvd","site":"18FL","delivered":"2018-01-26T00:00:00.000","completed":"2018-02-01T00:00:00.000","estimated_canopy_coverage":"2827.43339","source":"City Nursery","program_year":"2018",":@computed_region_x6fk_ihs5":"3",":@computed_region_b3ci_nw94":"3",":@computed_region_38t5_wna6":"3",":@computed_region_25t2_rbz7":"2943"}},
{"type":"Feature","geometry":{"type":"Point","coordinates":[-76.229406,36.847803]},"properties":{":id":"row-t9j5-ptjp~q4ht",":version":"rv-36fr_mm4x_582s",":created_at":"2019-08-20T12:51:30.666Z",":updated_at":"2019-08-20T12:51:31.403Z","genus":"Ulmus","species":"alata","common_name":"Winged elm","street_number":"3807","street_name":"Wedgefield Ave","site":"1F","delivered":"2019-01-15T00:00:00.000","completed":"2019-01-18T00:00:00.000","estimated_canopy_coverage":"1256","source":"City Nursery","program_year":"2019",":@computed_region_x6fk_ihs5":"44",":@computed_region_b3ci_nw94":"49",":@computed_region_38t5_wna6":"49",":@computed_region_25t2_rbz7":"2943"}},
{"type":"Feature","geometry":{"type":"Point","coordinates":[-76.219485,36.902325]},"properties":{":id":"row-z28c_bgc6~uzse",":version":"rv-2tvx_y5wr-xcnx",":created_at":"2019-08-20T12:51:30.666Z",":updated_at":"2019-08-20T12:51:31.403Z","genus":"Cercis","species":"canadensis 'Forest Pansy'","common_name":"Forest Pansy redbud","street_number":"6466","street_name":"Aldow Dr","site":"2F","delivered":"2017-11-22T00:00:00.000","completed":"2017-11-30T00:00:00.000","estimated_canopy_coverage":"490.873852","source":"City Nursery","program_year":"2018",":@computed_region_x6fk_ihs5":"54",":@computed_region_b3ci_nw94":"60",":@computed_region_38t5_wna6":"60",":@computed_region_25t2_rbz7":"2943"}},
{"type":"Feature","geometry":{"type":"Point","coordinates":[-76.294975,36.866653]},"properties":{":id":"row-u2ru~ehgv_3nzf",":version":"rv-jyvm.8p3c-njn6",":created_at":"2019-08-20T12:51:30.666Z",":updated_at":"2019-08-20T12:51:31.403Z","genus":"Acer","species":"campestre 'Evelyn'","common_name":"Queen Elizabeth hedge maple","street_number":"622","street_name":"Shirley Ave","site":"2F","delivered":"2018-11-13T00:00:00.000","completed":"2018-11-20T00:00:00.000","estimated_canopy_coverage":"490.873852","source":"City Nursery","program_year":"2019",":@computed_region_x6fk_ihs5":"33",":@computed_region_b3ci_nw94":"38",":@computed_region_38t5_wna6":"38",":@computed_region_25t2_rbz7":"2943"}},
{"type":"Feature","geometry":{"type":"Point","coordinates":[-76.297506,36.866014]},"properties":{":id":"row-tb9u_r7bc_46jx",":version":"rv-pcw9-drav-5vkq",":created_at":"2019-08-20T12:51:30.666Z",":updated_at":"2019-08-20T12:51:31.403Z","genus":"Quercus","species":"michauxii","common_name":"Swamp chestnut oak","street_number":"720","street_name":"Maury Ave","site":"1F","delivered":"2018-11-26T00:00:00.000","completed":"2018-11-29T00:00:00.000","estimated_canopy_coverage":"2826","source":"City Nursery","program_year":"2019",":@computed_region_x6fk_ihs5":"33",":@computed_region_b3ci_nw94":"38",":@computed_region_38t5_wna6":"38",":@computed_region_25t2_rbz7":"2943"}},
{"type":"Feature","geometry":{"type":"Point","coordinates":[-76.22410500000001,36.856410000000004]},"properties":{":id":"row-2suq-qv2q_rn9g",":version":"rv-gwb3_q566.q7pj",":created_at":"2019-08-20T12:51:30.666Z",":updated_at":"2019-08-20T12:51:31.403Z","genus":"Lagerstroemia","species":"indica x fauriei 'Natchez'","common_name":"Natchez crape myrtle","street_number":"5100","street_name":"E Virginia Beach Blvd","site":"1M","delivered":"2017-10-26T00:00:00.000","completed":"2017-10-27T00:00:00.000","estimated_canopy_coverage":"314.159265","source":"City Nursery","program_year":"2018",":@computed_region_x6fk_ihs5":"20",":@computed_region_b3ci_nw94":"22",":@computed_region_38t5_wna6":"22",":@computed_region_25t2_rbz7":"2943"}},
{"type":"Feature","geometry":{"type":"Point","coordinates":[-76.240817,36.896514]},"properties":{":id":"row-m76g~7epb_wnpp",":version":"rv-4f97.5vib~ee7e",":created_at":"2019-08-20T12:51:30.666Z",":updated_at":"2019-08-20T12:51:31.403Z","genus":"Acer","species":"buergerianum","common_name":"Trident maple","street_number":"6380","street_name":"Sewells Point Rd","site":"5M","delivered":"2018-11-06T00:00:00.000","completed":"2018-11-09T00:00:00.000","estimated_canopy_coverage":"1256.63706","source":"City Nursery","program_year":"2019",":@computed_region_x6fk_ihs5":"128",":@computed_region_b3ci_nw94":"128",":@computed_region_38t5_wna6":"128",":@computed_region_25t2_rbz7":"2943"}},
{"type":"Feature","geometry":{"type":"Point","coordinates":[-76.26432,36.887196]},"properties":{":id":"row-y7ax.jg4h~zvws",":version":"rv-6wkb~sjum~6t4c",":created_at":"2019-08-20T12:51:30.666Z",":updated_at":"2019-08-20T12:51:31.403Z","genus":"Malus","species":"pumila 'King David'","common_name":"King David apple","street_number":"1610","street_name":"Cromwell Dr","site":"1F","delivered":"2018-11-21T00:00:00.000","completed":"2018-11-29T00:00:00.000","estimated_canopy_coverage":"177","source":"City Nursery","program_year":"2019",":@computed_region_x6fk_ihs5":"122",":@computed_region_b3ci_nw94":"122",":@computed_region_38t5_wna6":"122",":@computed_region_25t2_rbz7":"2943"}},
{"type":"Feature","geometry":{"type":"Point","coordinates":[-76.21544300000001,36.877984000000005]},"properties":{":id":"row-b3sc-bfcv-a7j6",":version":"rv-22i7-m55b.fqsp",":created_at":"2019-08-20T12:51:30.666Z",":updated_at":"2019-08-20T12:51:31.403Z","genus":"Taxodium","species":"distichum","common_name":"Bald cypress","street_number":"2410","street_name":"Almeda Ave","site":"4P","delivered":"2019-01-02T00:00:00.000","completed":"2019-01-07T00:00:00.000","estimated_canopy_coverage":"490.873852","source":"City Nursery","program_year":"2019",":@computed_region_x6fk_ihs5":"31",":@computed_region_b3ci_nw94":"36",":@computed_region_38t5_wna6":"36",":@computed_region_25t2_rbz7":"2943"}},
{"type":"Feature","geometry":{"type":"Point","coordinates":[-76.30154,36.857035]},"properties":{":id":"row-nzvr~y6dv~smff",":version":"rv-qpr4_pgr9.vps9",":created_at":"2019-08-20T12:51:30.666Z",":updated_at":"2019-08-20T12:51:31.403Z","genus":"Nyssa","species":"sylvatica","common_name":"Black tupelo","street_number":"700","street_name":"Brambleton Ave","site":"14P","delivered":"2018-11-13T00:00:00.000","completed":"2018-11-16T00:00:00.000","estimated_canopy_coverage":"962.11275","source":"City Nursery","program_year":"2019",":@computed_region_x6fk_ihs5":"33",":@computed_region_b3ci_nw94":"38",":@computed_region_38t5_wna6":"38",":@computed_region_25t2_rbz7":"2943"}},
{"type":"Feature","geometry":{"type":"Point","coordinates":[-76.265297,36.886924]},"properties":{":id":"row-yh6j-r4mx~vbvp",":version":"rv-rpcw.8d4z-5atn",":created_at":"2019-08-20T12:51:30.666Z",":updated_at":"2019-08-20T12:51:31.403Z","genus":"Ulmus","species":"carpinifolia x parvifolia 'Frontier'","common_name":"Frontier elm","street_number":"3531","street_name":"Colmar Quarter","site":"1F","delivered":"2017-12-04T00:00:00.000","completed":"2017-12-07T00:00:00.000","estimated_canopy_coverage":"490.873852","source":"City Nursery","program_year":"2018",":@computed_region_x6fk_ihs5":"121",":@computed_region_b3ci_nw94":"121",":@computed_region_38t5_wna6":"121",":@computed_region_25t2_rbz7":"2943"}},
{"type":"Feature","geometry":{"type":"Point","coordinates":[-76.306143,36.915998]},"properties":{":id":"row-zseq.h65g.rbur",":version":"rv-rq4k-79uf-2xm4",":created_at":"2019-08-20T12:51:30.666Z",":updated_at":"2019-08-20T12:51:31.403Z","genus":"Halesia","species":"diptera","common_name":"Two-winged silverbell","street_number":"1625","street_name":"W Little Creek Rd","site":"1P","delivered":"2018-12-03T00:00:00.000","completed":"2018-12-05T00:00:00.000","estimated_canopy_coverage":"706.5","source":"City Nursery","program_year":"2019",":@computed_region_x6fk_ihs5":"63",":@computed_region_b3ci_nw94":"72",":@computed_region_38t5_wna6":"72",":@computed_region_25t2_rbz7":"2943"}},
{"type":"Feature","geometry":{"type":"Point","coordinates":[-76.298956,36.899085]},"properties":{":id":"row-ajbx.wbyv.a5hr",":version":"rv-9vz6_hvut.44gg",":created_at":"2019-08-20T12:51:30.666Z",":updated_at":"2019-08-20T12:51:31.403Z","genus":"Quercus","species":"laurifolia","common_name":"Laurel oak","street_number":"1052","street_name":"Manchester Ave","site":"1F","delivered":"2018-01-30T00:00:00.000","completed":"2018-02-01T00:00:00.000","estimated_canopy_coverage":"2827.43339","source":"Purchased","program_year":"2018",":@computed_region_x6fk_ihs5":"49",":@computed_region_b3ci_nw94":"54",":@computed_region_38t5_wna6":"54",":@computed_region_25t2_rbz7":"2943"}},
{"type":"Feature","geometry":{"type":"Point","coordinates":[-76.299902,36.865305]},"properties":{":id":"row-dsfg~cthf~s2s9",":version":"rv-mqh8-ntkm_kf86",":created_at":"2019-08-20T12:51:30.666Z",":updated_at":"2019-08-20T12:51:31.403Z","genus":"Halesia","species":"diptera","common_name":"Two-winged silverbell","street_number":"802","street_name":"Graydon Ave","site":"1F","delivered":"2018-11-13T00:00:00.000","completed":"2018-11-20T00:00:00.000","estimated_canopy_coverage":"706.5","source":"City Nursery","program_year":"2019",":@computed_region_x6fk_ihs5":"33",":@computed_region_b3ci_nw94":"38",":@computed_region_38t5_wna6":"38",":@computed_region_25t2_rbz7":"2943"}},
{"type":"Feature","geometry":{"type":"Point","coordinates":[-76.277661,36.844183]},"properties":{":id":"row-nmde~2knb_z68p",":version":"rv-th2j_mqs8.euav",":created_at":"2019-08-20T12:51:30.666Z",":updated_at":"2019-08-20T12:51:31.403Z","genus":"Ulmus","species":"parvifolia 'Bosque'","common_name":"Bosque elm","street_number":"150","street_name":"Park Ave","site":"2P","delivered":"2017-12-05T00:00:00.000","completed":"2017-12-07T00:00:00.000","estimated_canopy_coverage":"706.858347","source":"Purchased","program_year":"2018",":@computed_region_x6fk_ihs5":"128",":@computed_region_b3ci_nw94":"128",":@computed_region_38t5_wna6":"128",":@computed_region_25t2_rbz7":"2943"}},
{"type":"Feature","geometry":{"type":"Point","coordinates":[-76.26432,36.887196]},"properties":{":id":"row-c9xf_q62e_mdmt",":version":"rv-fxrw~67ic.8ekp",":created_at":"2019-08-20T12:51:30.666Z",":updated_at":"2019-08-20T12:51:31.403Z","genus":"Acer","species":"barbatum","common_name":"Florida maple","street_number":"1610","street_name":"Cromwell Dr","site":"21L","delivered":"2018-12-07T00:00:00.000","completed":"2018-12-14T00:00:00.000","estimated_canopy_coverage":"1257.63706","source":"City Nursery","program_year":"2019",":@computed_region_x6fk_ihs5":"122",":@computed_region_b3ci_nw94":"122",":@computed_region_38t5_wna6":"122",":@computed_region_25t2_rbz7":"2943"}},
{"type":"Feature","geometry":{"type":"Point","coordinates":[-76.29342700000001,36.874271]},"properties":{":id":"row-5bbv.hdzb~59if",":version":"rv-kqr7.iu9y_cw28",":created_at":"2019-08-20T12:51:30.666Z",":updated_at":"2019-08-20T12:51:31.403Z","genus":"Malus","species":"pumila 'Roxburry Russet'","common_name":"Roxburry Russet apple","street_number":"2608","street_name":"Gosnold Ave","site":"6P","delivered":"2018-11-28T00:00:00.000","completed":"2018-11-30T00:00:00.000","estimated_canopy_coverage":"177","source":"City Nursery","program_year":"2019",":@computed_region_x6fk_ihs5":"128",":@computed_region_b3ci_nw94":"128",":@computed_region_38t5_wna6":"128",":@computed_region_25t2_rbz7":"2943"}},
{"type":"Feature","geometry":{"type":"Point","coordinates":[-76.245093,36.933767]},"properties":{":id":"row-2hbp~sbtj.n2xf",":version":"rv-9dqa_gfys-cxdt",":created_at":"2019-08-20T12:51:30.666Z",":updated_at":"2019-08-20T12:51:31.403Z","genus":"Ulmus","species":"americana 'Princeton'","common_name":"Princeton American elm","street_number":"738","street_name":"E. Bayview Blvd","site":"2F","delivered":"2019-02-12T00:00:00.000","completed":"2019-02-26T00:00:00.000","estimated_canopy_coverage":"1256.63706","source":"City Nursery","program_year":"2019",":@computed_region_x6fk_ihs5":"101",":@computed_region_b3ci_nw94":"101",":@computed_region_38t5_wna6":"101",":@computed_region_25t2_rbz7":"2943"}},
{"type":"Feature","geometry":{"type":"Point","coordinates":[-76.265672,36.86659]},"properties":{":id":"row-v6gw.zy7g_d5hs",":version":"rv-8d56_vys5~p3g3",":created_at":"2019-08-20T12:51:30.666Z",":updated_at":"2019-08-20T12:51:31.403Z","genus":"Acer","species":"buergerianum","common_name":"Trident maple","street_number":"1136","street_name":"Vista Ave","site":"3P","delivered":"2019-01-07T00:00:00.000","completed":"2019-01-09T00:00:00.000","estimated_canopy_coverage":"1256.63706","source":"City Nursery","program_year":"2019",":@computed_region_x6fk_ihs5":"51",":@computed_region_b3ci_nw94":"57",":@computed_region_38t5_wna6":"57",":@computed_region_25t2_rbz7":"2943"}},
{"type":"Feature","geometry":{"type":"Point","coordinates":[-76.295838,36.893617]},"properties":{":id":"row-6u8c~hkwg.spfr",":version":"rv-m5be.d9ch~p8q6",":created_at":"2019-08-20T12:51:30.666Z",":updated_at":"2019-08-20T12:51:31.403Z","genus":"Magnolia","species":"virginiana","common_name":"Sweetbay magnolia","street_number":"850","street_name":"Jamestown Cres","site":"2F","delivered":"2017-12-13T00:00:00.000","completed":"2018-01-11T00:00:00.000","estimated_canopy_coverage":"490.873852","source":"City Nursery","program_year":"2018",":@computed_region_x6fk_ihs5":"49",":@computed_region_b3ci_nw94":"54",":@computed_region_38t5_wna6":"54",":@computed_region_25t2_rbz7":"2943"}},
{"type":"Feature","geometry":{"type":"Point","coordinates":[-76.311484,36.897229]},"properties":{":id":"row-xpxc_hpej.yd5f",":version":"rv-tfvu-w2p6~sx92",":created_at":"2019-08-20T12:51:30.666Z",":updated_at":"2019-08-20T12:51:31.403Z","genus":"Prunus","species":"cerasifera 'Krauter Vesuvius'","common_name":"Krauter Vesuvius purple leaf plum","street_number":"6112","street_name":"Rolfe Ave","site":"1S","delivered":"2018-12-12T00:00:00.000","completed":"2019-01-03T00:00:00.000","estimated_canopy_coverage":"314.159265","source":"City Nursery","program_year":"2019",":@computed_region_x6fk_ihs5":"49",":@computed_region_b3ci_nw94":"54",":@computed_region_38t5_wna6":"54",":@computed_region_25t2_rbz7":"2943"}},
{"type":"Feature","geometry":{"type":"Point","coordinates":[-76.260728,36.823649]},"properties":{":id":"row-m4vj_ujai_5fe9",":version":"rv-jupn-atw9~gumd",":created_at":"2019-08-20T12:51:30.666Z",":updated_at":"2019-08-20T12:51:31.403Z","genus":"Cercis","species":"canadensis 'Merlot'","common_name":"Merlot redbud","street_number":"1751","street_name":"Campostella Rd","site":"2B","delivered":"2017-11-02T00:00:00.000","completed":"2017-11-03T00:00:00.000","estimated_canopy_coverage":"490.873852","source":"City Nursery","program_year":"2018",":@computed_region_x6fk_ihs5":"128",":@computed_region_b3ci_nw94":"128",":@computed_region_38t5_wna6":"128",":@computed_region_25t2_rbz7":"2943"}},
{"type":"Feature","geometry":{"type":"Point","coordinates":[-76.265394,36.852304]},"properties":{":id":"row-fs9n-3sy2-av6r",":version":"rv-2t9i_qjwf~8mxm",":created_at":"2019-08-20T12:51:30.666Z",":updated_at":"2019-08-20T12:51:31.403Z","genus":"Cercis","species":"canadensis 'Merlot'","common_name":"Merlot redbud","street_number":"1111","street_name":"Park Ave","site":"27SC","delivered":"2018-11-08T00:00:00.000","completed":"2018-12-17T00:00:00.000","estimated_canopy_coverage":"490.873852","source":"City Nursery","program_year":"2019",":@computed_region_x6fk_ihs5":"128",":@computed_region_b3ci_nw94":"128",":@computed_region_38t5_wna6":"128",":@computed_region_25t2_rbz7":"2943"}},
{"type":"Feature","geometry":{"type":"Point","coordinates":[-76.264829,36.962136]},"properties":{":id":"row-h9jh_w8sz_ug3m",":version":"rv-8rnn_bksc_ia7b",":created_at":"2019-08-20T12:51:30.666Z",":updated_at":"2019-08-20T12:51:31.403Z","genus":"Quercus","species":"virginiana","common_name":"Live oak","street_number":"543","street_name":"W. Ocean View Ave","site":"5M","delivered":"2019-02-07T00:00:00.000","completed":"2019-02-13T00:00:00.000","estimated_canopy_coverage":"6361.72512","source":"City Nursery","program_year":"2019",":@computed_region_x6fk_ihs5":"98",":@computed_region_b3ci_nw94":"31",":@computed_region_38t5_wna6":"31",":@computed_region_25t2_rbz7":"2943"}},
{"type":"Feature","geometry":{"type":"Point","coordinates":[-76.239275,36.900374]},"properties":{":id":"row-smug.fcsh_fztw",":version":"rv-mh37.q35j-egsj",":created_at":"2019-08-20T12:51:30.666Z",":updated_at":"2019-08-20T12:51:31.403Z","genus":"Quercus","species":"prinoides","common_name":"Dwarf chinquapin oak","street_number":"6501","street_name":"Chesapeake Blvd","site":"7SC","delivered":"2018-01-10T00:00:00.000","completed":"2018-01-19T00:00:00.000","estimated_canopy_coverage":"153.93804","source":"City Nursery","program_year":"2018",":@computed_region_x6fk_ihs5":"128",":@computed_region_b3ci_nw94":"128",":@computed_region_38t5_wna6":"128",":@computed_region_25t2_rbz7":"2943"}},
{"type":"Feature","geometry":{"type":"Point","coordinates":[-76.262207,36.923678]},"properties":{":id":"row-rjmz-h9hq.4gqg",":version":"rv-sp65_x8zt-tyfu",":created_at":"2019-08-20T12:51:30.666Z",":updated_at":"2019-08-20T12:51:31.403Z","genus":"Halesia","species":"diptera","common_name":"Two-winged silverbell","street_number":"8075","street_name":"West Glen Rd","site":"4P","delivered":"2018-12-12T00:00:00.000","completed":"2019-02-06T00:00:00.000","estimated_canopy_coverage":"706.5","source":"City Nursery","program_year":"2019",":@computed_region_x6fk_ihs5":"58",":@computed_region_b3ci_nw94":"65",":@computed_region_38t5_wna6":"65",":@computed_region_25t2_rbz7":"2943"}},
{"type":"Feature","geometry":{"type":"Point","coordinates":[-76.292387,36.877233]},"properties":{":id":"row-vsmk~yx2j-ru98",":version":"rv-dmtx.jzzv~ptgx",":created_at":"2019-08-20T12:51:30.666Z",":updated_at":"2019-08-20T12:51:31.403Z","genus":"Prunus","species":"cerasifera 'Krauter Vesuvius'","common_name":"Krauter Vesuvius purple leaf plum","street_number":"645","street_name":"34th Street","site":"1F","delivered":"2018-12-03T00:00:00.000","completed":"2019-01-03T00:00:00.000","estimated_canopy_coverage":"314.159265","source":"City Nursery","program_year":"2019",":@computed_region_x6fk_ihs5":"72",":@computed_region_b3ci_nw94":"78",":@computed_region_38t5_wna6":"78",":@computed_region_25t2_rbz7":"2943"}},
{"type":"Feature","geometry":{"type":"Point","coordinates":[-76.246101,36.899867]},"properties":{":id":"row-h3ga-rw85~3knn",":version":"rv-2u8w.z7vb.m4xh",":created_at":"2019-08-20T12:51:30.666Z",":updated_at":"2019-08-20T12:51:31.403Z","genus":"Lagerstroemia","species":"indica x fauriei 'Tuscarora'","common_name":"Tuscarora crape myrtle","street_number":"985","street_name":"Marietta Ave","site":"1F","delivered":"2017-12-28T00:00:00.000","completed":"2018-01-16T00:00:00.000","estimated_canopy_coverage":"314.159265","source":"Purchased","program_year":"2018",":@computed_region_x6fk_ihs5":"106",":@computed_region_b3ci_nw94":"106",":@computed_region_38t5_wna6":"106",":@computed_region_25t2_rbz7":"2943"}},
{"type":"Feature","geometry":{"type":"Point","coordinates":[-76.298518,36.858796]},"properties":{":id":"row-xxet_farh_wh6e",":version":"rv-hhdr-56ya-j8t9",":created_at":"2019-08-20T12:51:30.666Z",":updated_at":"2019-08-20T12:51:31.403Z","genus":"Quercus","species":"geminata","common_name":"Sand live oak","street_number":"536","street_name":"Fairfax Ave","site":"1F","delivered":"2018-12-07T00:00:00.000","completed":"2018-11-28T00:00:00.000","estimated_canopy_coverage":"2826","source":"City Nursery","program_year":"2019",":@computed_region_x6fk_ihs5":"33",":@computed_region_b3ci_nw94":"38",":@computed_region_38t5_wna6":"38",":@computed_region_25t2_rbz7":"2943"}},
{"type":"Feature","geometry":{"type":"Point","coordinates":[-76.260503,36.82327]},"properties":{":id":"row-gi9b.fbsd-hnda",":version":"rv-ctv2_97mx.4r8t",":created_at":"2019-08-20T12:51:30.666Z",":updated_at":"2019-08-20T12:51:31.403Z","genus":"Magnolia","species":"virginiana","common_name":"Sweetbay magnolia","street_number":"1750","street_name":"Campostella Rd","site":"5B","delivered":"2018-11-08T00:00:00.000","completed":"2018-11-07T00:00:00.000","estimated_canopy_coverage":"490.873852","source":"City Nursery","program_year":"2019",":@computed_region_x6fk_ihs5":"128",":@computed_region_b3ci_nw94":"128",":@computed_region_38t5_wna6":"128",":@computed_region_25t2_rbz7":"2943"}},
{"type":"Feature","geometry":{"type":"Point","coordinates":[-76.267621,36.829706]},"properties":{":id":"row-bjdx-vygb~fft3",":version":"rv-3g64.qv8g_xu7k",":created_at":"2019-08-20T12:51:30.666Z",":updated_at":"2019-08-20T12:51:31.403Z","genus":"Taxodium","species":"distichum 'Shawnee Brave'","common_name":"Shawnee Brave bald cypress","street_number":"1130","street_name":"Leake St","site":"11B","delivered":"2017-11-22T00:00:00.000","completed":"2017-11-27T00:00:00.000","estimated_canopy_coverage":"490.873852","source":"City Nursery","program_year":"2018",":@computed_region_x6fk_ihs5":"15",":@computed_region_b3ci_nw94":"13",":@computed_region_38t5_wna6":"13",":@computed_region_25t2_rbz7":"2943"}},
{"type":"Feature","geometry":{"type":"Point","coordinates":[-76.290054,36.845811]},"properties":{":id":"row-uqdi.sst4-88qp",":version":"rv-vzbt-kahj.9a5m",":created_at":"2019-08-20T12:51:30.666Z",":updated_at":"2019-08-20T12:51:31.403Z","genus":"Ilex","species":"x attenuata","common_name":"East Palatka holly","street_number":"321","street_name":"E Main St","site":"1S","delivered":"2018-01-31T00:00:00.000","completed":"2018-02-01T00:00:00.000","estimated_canopy_coverage":"176.714587","source":"City Nursery","program_year":"2018",":@computed_region_x6fk_ihs5":"22",":@computed_region_b3ci_nw94":"26",":@computed_region_38t5_wna6":"26",":@computed_region_25t2_rbz7":"2943"}},
{"type":"Feature","geometry":{"type":"Point","coordinates":[-76.281939,36.967096]},"properties":{":id":"row-b5s4_ya78~6f2e",":version":"rv-nxby-ivzh~xq4v",":created_at":"2019-08-20T12:51:30.666Z",":updated_at":"2019-08-20T12:51:31.403Z","genus":"Taxodium","species":"distichum","common_name":"Bald cypress","street_number":"1111","street_name":"W. Ocean View Ave","site":"1M","delivered":"2019-01-02T00:00:00.000","completed":"2019-02-13T00:00:00.000","estimated_canopy_coverage":"490.873852","source":"City Nursery","program_year":"2019",":@computed_region_x6fk_ihs5":"98",":@computed_region_b3ci_nw94":"31",":@computed_region_38t5_wna6":"31",":@computed_region_25t2_rbz7":null}},
{"type":"Feature","geometry":{"type":"Point","coordinates":[-76.217124,36.88066]},"properties":{":id":"row-kkd2.wtbk.fn9v",":version":"rv-i69c_4gm4_m483",":created_at":"2019-08-20T12:51:30.666Z",":updated_at":"2019-08-20T12:51:31.403Z","genus":"Prunus","species":"yeodensis","common_name":"Yoshino cherry","street_number":"2630","street_name":"Almeda Ave","site":"5FL","delivered":"2018-11-26T00:00:00.000","completed":"2018-11-29T00:00:00.000","estimated_canopy_coverage":"1256.63706","source":"City Nursery","program_year":"2019",":@computed_region_x6fk_ihs5":"31",":@computed_region_b3ci_nw94":"36",":@computed_region_38t5_wna6":"36",":@computed_region_25t2_rbz7":"2943"}},
{"type":"Feature","geometry":{"type":"Point","coordinates":[-76.304529,36.871027]},"properties":{":id":"row-v337_ph3m.7vhg",":version":"rv-ea4i_ji47-cv5c",":created_at":"2019-08-20T12:51:30.666Z",":updated_at":"2019-08-20T12:51:31.403Z","genus":"Acer","species":"buergerianum","common_name":"Trident maple","street_number":"1214","street_name":"1214 Brandon Ave","site":"3F","delivered":"2017-12-18T00:00:00.000","completed":"2017-12-20T00:00:00.000","estimated_canopy_coverage":"1256.63706","source":"City Nursery","program_year":"2018",":@computed_region_x6fk_ihs5":"97",":@computed_region_b3ci_nw94":"98",":@computed_region_38t5_wna6":"98",":@computed_region_25t2_rbz7":"2943"}},
{"type":"Feature","geometry":{"type":"Point","coordinates":[-76.217909,36.864908]},"properties":{":id":"row-vkpz_xcwe_yk9e",":version":"rv-j6r6.fvgh~ab67",":created_at":"2019-08-20T12:51:30.666Z",":updated_at":"2019-08-20T12:51:31.403Z","genus":"Chionanthus","species":"retusus","common_name":"Chinese fringetree","street_number":"1188","street_name":"Lance Rd","site":"8B","delivered":"2017-12-12T00:00:00.000","completed":"2018-02-06T00:00:00.000","estimated_canopy_coverage":"176.714587","source":"City Nursery","program_year":"2018",":@computed_region_x6fk_ihs5":"128",":@computed_region_b3ci_nw94":"128",":@computed_region_38t5_wna6":"128",":@computed_region_25t2_rbz7":"2943"}},
{"type":"Feature","geometry":{"type":"Point","coordinates":[-76.275163,36.867087]},"properties":{":id":"row-7m5h-9wiq_xpi5",":version":"rv-9vgs~3eii~tfja",":created_at":"2019-08-20T12:51:30.666Z",":updated_at":"2019-08-20T12:51:31.403Z","genus":"Acer","species":"campestre 'Evelyn'","common_name":"Queen Elizabeth hedge maple","street_number":"833","street_name":"Pollard St","site":"3F","delivered":"2018-11-27T00:00:00.000","completed":"2018-12-04T00:00:00.000","estimated_canopy_coverage":"490.873852","source":"City Nursery","program_year":"2019",":@computed_region_x6fk_ihs5":"51",":@computed_region_b3ci_nw94":"57",":@computed_region_38t5_wna6":"57",":@computed_region_25t2_rbz7":"2943"}},
{"type":"Feature","geometry":{"type":"Point","coordinates":[-76.257431,36.870493]},"properties":{":id":"row-wt95-j65d~9rmz",":version":"rv-bu2x.wr44~n3tt",":created_at":"2019-08-20T12:51:30.666Z",":updated_at":"2019-08-20T12:51:31.403Z","genus":"Betula","species":"nigra 'Heritage'","common_name":"Heritage river birch","street_number":"2820","street_name":"Chesapeake Blvd","site":"13FL","delivered":"2018-01-30T00:00:00.000","completed":"2018-02-01T00:00:00.000","estimated_canopy_coverage":"962.11275","source":"City Nursery","program_year":"2018",":@computed_region_x6fk_ihs5":"3",":@computed_region_b3ci_nw94":"3",":@computed_region_38t5_wna6":"3",":@computed_region_25t2_rbz7":"2943"}},
{"type":"Feature","geometry":{"type":"Point","coordinates":[-76.300325,36.917097]},"properties":{":id":"row-vwrc.dx7j.7shr",":version":"rv-fvbe.8xmx~mrnc",":created_at":"2019-08-20T12:51:30.666Z",":updated_at":"2019-08-20T12:51:31.403Z","genus":"Quercus","species":"phellos","common_name":"Willow oak","street_number":"7729","street_name":"Dunfield Pl","site":"1F","delivered":"2018-11-21T00:00:00.000","completed":"2018-11-29T00:00:00.000","estimated_canopy_coverage":"1963.49541","source":"City Nursery","program_year":"2019",":@computed_region_x6fk_ihs5":"63",":@computed_region_b3ci_nw94":"72",":@computed_region_38t5_wna6":"72",":@computed_region_25t2_rbz7":"2943"}},
{"type":"Feature","geometry":{"type":"Point","coordinates":[-76.300641,36.89142]},"properties":{":id":"row-xani-z3dn~jxxt",":version":"rv-c5pm-7kjy~eicd",":created_at":"2019-08-20T12:51:30.666Z",":updated_at":"2019-08-20T12:51:31.403Z","genus":"Quercus","species":"phellos","common_name":"Willow oak","street_number":"1145","street_name":"Bolling Ave","site":"20SC","delivered":"2017-12-06T00:00:00.000","completed":"2017-12-14T00:00:00.000","estimated_canopy_coverage":"1963.49541","source":"City Nursery","program_year":"2018",":@computed_region_x6fk_ihs5":"49",":@computed_region_b3ci_nw94":"54",":@computed_region_38t5_wna6":"54",":@computed_region_25t2_rbz7":"2943"}},
{"type":"Feature","geometry":{"type":"Point","coordinates":[-76.279519,36.920246]},"properties":{":id":"row-n7ga.ju7c.8twu",":version":"rv-hj2g~i2sr-tx9t",":created_at":"2019-08-20T12:51:30.666Z",":updated_at":"2019-08-20T12:51:31.403Z","genus":"Malus","species":"x 'Prairiefire'","common_name":"Prairie Fire crabapple","street_number":"416","street_name":"Bradford Ave","site":"1F","delivered":"2017-12-28T00:00:00.000","completed":"2018-01-16T00:00:00.000","estimated_canopy_coverage":"530.929158","source":"Purchased","program_year":"2018",":@computed_region_x6fk_ihs5":"94",":@computed_region_b3ci_nw94":"95",":@computed_region_38t5_wna6":"95",":@computed_region_25t2_rbz7":"2943"}},
{"type":"Feature","geometry":{"type":"Point","coordinates":[-76.26432,36.887196]},"properties":{":id":"row-34gh-umby-tvnp",":version":"rv-utcr~utfa-zm58",":created_at":"2019-08-20T12:51:30.666Z",":updated_at":"2019-08-20T12:51:31.403Z","genus":"Asminia","species":"triloba","common_name":"Pawpaw","street_number":"1610","street_name":"Cromwell Dr","site":"16L","delivered":"2018-12-03T00:00:00.000","completed":"2018-12-06T00:00:00.000","estimated_canopy_coverage":"706.5","source":"City Nursery","program_year":"2019",":@computed_region_x6fk_ihs5":"122",":@computed_region_b3ci_nw94":"122",":@computed_region_38t5_wna6":"122",":@computed_region_25t2_rbz7":"2943"}},
{"type":"Feature","geometry":{"type":"Point","coordinates":[-76.264249,36.887922]},"properties":{":id":"row-9ptn-xhku-xvmp",":version":"rv-nn6s~ejmx-jgyj",":created_at":"2019-08-20T12:51:30.666Z",":updated_at":"2019-08-20T12:51:31.403Z","genus":"Chionanthus","species":"virginicus","common_name":"White fringetree","street_number":"1612","street_name":"Willow Wood Dr","site":"2P","delivered":"2018-02-01T00:00:00.000","completed":"2018-02-06T00:00:00.000","estimated_canopy_coverage":"176.714587","source":"City Nursery","program_year":"2018",":@computed_region_x6fk_ihs5":"122",":@computed_region_b3ci_nw94":"122",":@computed_region_38t5_wna6":"122",":@computed_region_25t2_rbz7":"2943"}},
{"type":"Feature","geometry":{"type":"Point","coordinates":[-76.239614,36.894882]},"properties":{":id":"row-ktn3-k99e.skf8",":version":"rv-yzdx_v8uy.fwyy",":created_at":"2019-08-20T12:51:30.666Z",":updated_at":"2019-08-20T12:51:31.403Z","genus":"Cercis","species":"canadensis","common_name":"Redbud","street_number":"6328","street_name":"6328 Sewells Point Rd","site":"4SC","delivered":"2018-01-24T00:00:00.000","completed":"2018-01-26T00:00:00.000","estimated_canopy_coverage":"490.873852","source":"City Nursery","program_year":"2018",":@computed_region_x6fk_ihs5":null,":@computed_region_b3ci_nw94":null,":@computed_region_38t5_wna6":null,":@computed_region_25t2_rbz7":"2943"}},
{"type":"Feature","geometry":{"type":"Point","coordinates":[-76.217909,36.864908]},"properties":{":id":"row-nv2p~2j57~jkv3",":version":"rv-v8su-4bv6~z9ij",":created_at":"2019-08-20T12:51:30.666Z",":updated_at":"2019-08-20T12:51:31.403Z","genus":"Chionanthus","species":"retusus","common_name":"Chinese fringetree","street_number":"1188","street_name":"Lance Rd","site":"7B","delivered":"2017-12-12T00:00:00.000","completed":"2018-02-06T00:00:00.000","estimated_canopy_coverage":"176.714587","source":"City Nursery","program_year":"2018",":@computed_region_x6fk_ihs5":"128",":@computed_region_b3ci_nw94":"128",":@computed_region_38t5_wna6":"128",":@computed_region_25t2_rbz7":"2943"}},
{"type":"Feature","geometry":{"type":"Point","coordinates":[-76.257431,36.870493]},"properties":{":id":"row-jvdx.ihit_vpq7",":version":"rv-w2dj-g5j5.upvy",":created_at":"2019-08-20T12:51:30.666Z",":updated_at":"2019-08-20T12:51:31.403Z","genus":"Quercus","species":"laurifolia","common_name":"Laurel oak","street_number":"2820","street_name":"Chesapeake Blvd","site":"22FL","delivered":"2018-01-26T00:00:00.000","completed":"2018-02-01T00:00:00.000","estimated_canopy_coverage":"2827.43339","source":"City Nursery","program_year":"2018",":@computed_region_x6fk_ihs5":"3",":@computed_region_b3ci_nw94":"3",":@computed_region_38t5_wna6":"3",":@computed_region_25t2_rbz7":"2943"}},
{"type":"Feature","geometry":{"type":"Point","coordinates":[-76.189274,36.854841]},"properties":{":id":"row-f6m9_skdz-rkr7",":version":"rv-826t.zj6u-8x88",":created_at":"2019-08-20T12:51:30.666Z",":updated_at":"2019-08-20T12:51:31.403Z","genus":"Nyssa","species":"sylvatica","common_name":"Black tupelo","street_number":"6309","street_name":"E Virginia Beach Blvd","site":"2M","delivered":"2017-11-09T00:00:00.000","completed":"2017-11-15T00:00:00.000","estimated_canopy_coverage":"962.11275","source":"City Nursery","program_year":"2018",":@computed_region_x6fk_ihs5":"128",":@computed_region_b3ci_nw94":"128",":@computed_region_38t5_wna6":"128",":@computed_region_25t2_rbz7":"2943"}},
{"type":"Feature","geometry":{"type":"Point","coordinates":[-76.219485,36.902889]},"properties":{":id":"row-scnw~ghb2-bafk",":version":"rv-iv6z_2gsf_pgs8",":created_at":"2019-08-20T12:51:30.666Z",":updated_at":"2019-08-20T12:51:31.403Z","genus":"Cercis","species":"canadensis 'Merlot'","common_name":"Merlot redbud","street_number":"2001","street_name":"Kenlake Dr","site":"2S","delivered":"2017-12-04T00:00:00.000","completed":"2017-12-07T00:00:00.000","estimated_canopy_coverage":"490.873852","source":"City Nursery","program_year":"2018",":@computed_region_x6fk_ihs5":"54",":@computed_region_b3ci_nw94":"60",":@computed_region_38t5_wna6":"60",":@computed_region_25t2_rbz7":"2943"}},
{"type":"Feature","geometry":{"type":"Point","coordinates":[-76.202159,36.855598]},"properties":{":id":"row-kpqc~4ycc_7kqf",":version":"rv-e48m_2hjn~22hs",":created_at":"2019-08-20T12:51:30.666Z",":updated_at":"2019-08-20T12:51:31.403Z","genus":"Nyssa","species":"sylvatica","common_name":"Black tupelo","street_number":"5930","street_name":"E Virginia Beach Blvd","site":"3M","delivered":"2017-11-22T00:00:00.000","completed":"2017-11-28T00:00:00.000","estimated_canopy_coverage":"962.11275","source":"City Nursery","program_year":"2018",":@computed_region_x6fk_ihs5":"128",":@computed_region_b3ci_nw94":"128",":@computed_region_38t5_wna6":"128",":@computed_region_25t2_rbz7":"2943"}},
{"type":"Feature","geometry":{"type":"Point","coordinates":[-76.232082,36.916777]},"properties":{":id":"row-2sgf~rq7g.74ct",":version":"rv-nevq.weqd_cbbq",":created_at":"2019-08-20T12:51:30.666Z",":updated_at":"2019-08-20T12:51:31.403Z","genus":"Quercus","species":"phellos","common_name":"Willow oak","street_number":"1560","street_name":"E. Little Creek Rd","site":"3M","delivered":"2019-02-12T00:00:00.000","completed":"2019-02-13T00:00:00.000","estimated_canopy_coverage":"1963.49541","source":"City Nursery","program_year":"2019",":@computed_region_x6fk_ihs5":"5",":@computed_region_b3ci_nw94":"5",":@computed_region_38t5_wna6":"5",":@computed_region_25t2_rbz7":"2943"}},
{"type":"Feature","geometry":{"type":"Point","coordinates":[-76.289827,36.88181]},"properties":{":id":"row-bzrz_pg7r-xvxt",":version":"rv-agjs~vxys~m6q3",":created_at":"2019-08-20T12:51:30.666Z",":updated_at":"2019-08-20T12:51:31.403Z","genus":"Acer","species":"barbatum","common_name":"Florida maple","street_number":"4019","street_name":"Newport Ave","site":"4M","delivered":"2018-01-15T00:00:00.000","completed":"2018-01-16T00:00:00.000","estimated_canopy_coverage":"1256.63706","source":"City Nursery","program_year":"2018",":@computed_region_x6fk_ihs5":"19",":@computed_region_b3ci_nw94":"21",":@computed_region_38t5_wna6":"21",":@computed_region_25t2_rbz7":"2943"}},
{"type":"Feature","geometry":{"type":"Point","coordinates":[-76.252164,36.877428]},"properties":{":id":"row-keph-pk9i~gsj7",":version":"rv-vcu7-qvgn.bjcq",":created_at":"2019-08-20T12:51:30.666Z",":updated_at":"2019-08-20T12:51:31.403Z","genus":"Ulmus","species":"alata","common_name":"Winged elm","street_number":"3310","street_name":"Cromwell Dr","site":"6M","delivered":"2019-01-15T00:00:00.000","completed":"2019-03-01T00:00:00.000","estimated_canopy_coverage":"1256","source":"City Nursery","program_year":"2019",":@computed_region_x6fk_ihs5":"29",":@computed_region_b3ci_nw94":"29",":@computed_region_38t5_wna6":"29",":@computed_region_25t2_rbz7":"2943"}},
{"type":"Feature","geometry":{"type":"Point","coordinates":[-76.189274,36.854841]},"properties":{":id":"row-cuxp.vzh4-8p6z",":version":"rv-ujsf-xej5.k339",":created_at":"2019-08-20T12:51:30.666Z",":updated_at":"2019-08-20T12:51:31.403Z","genus":"Ostrya","species":"virginiana","common_name":"Hophornbeam","street_number":"6309","street_name":"E Virginia Beach Blvd","site":"1M","delivered":"2017-11-09T00:00:00.000","completed":"2017-11-15T00:00:00.000","estimated_canopy_coverage":"706.858347","source":"City Nursery","program_year":"2018",":@computed_region_x6fk_ihs5":"128",":@computed_region_b3ci_nw94":"128",":@computed_region_38t5_wna6":"128",":@computed_region_25t2_rbz7":"2943"}},
{"type":"Feature","geometry":null,"properties":{":id":"row-pyzf_dc8d.hmah",":version":"rv-sdg4~hp3t.q8r7",":created_at":"2019-08-20T12:51:30.666Z",":updated_at":"2019-08-20T12:51:31.403Z","genus":"Diospyros","species":"virginiana","common_name":"Persimmon","street_number":"1599","street_name":"Premium Outlets Blvd","site":"16P","delivered":"2018-11-27T00:00:00.000","completed":"2018-01-10T00:00:00.000","estimated_canopy_coverage":"921","source":"City Nursery","program_year":"2019",":@computed_region_x6fk_ihs5":null,":@computed_region_b3ci_nw94":null,":@computed_region_38t5_wna6":null,":@computed_region_25t2_rbz7":null}},
{"type":"Feature","geometry":{"type":"Point","coordinates":[-76.30333,36.878377]},"properties":{":id":"row-gf7t.zznk.he5i",":version":"rv-q22w~4ytm_524b",":created_at":"2019-08-20T12:51:30.666Z",":updated_at":"2019-08-20T12:51:31.403Z","genus":"Quercus","species":"phellos","common_name":"Willow oak","street_number":"3700","street_name":"Bowdens Ferry Rd","site":"1S","delivered":"2017-10-27T00:00:00.000","completed":"2017-12-06T00:00:00.000","estimated_canopy_coverage":"1963.49541","source":"City Nursery","program_year":"2018",":@computed_region_x6fk_ihs5":"48",":@computed_region_b3ci_nw94":"53",":@computed_region_38t5_wna6":"53",":@computed_region_25t2_rbz7":"2943"}},
{"type":"Feature","geometry":{"type":"Point","coordinates":[-76.283541,36.872568]},"properties":{":id":"row-egdw-8i4s_f899",":version":"rv-573b_mwz4_v5d7",":created_at":"2019-08-20T12:51:30.666Z",":updated_at":"2019-08-20T12:51:31.403Z","genus":"Quercus","species":"prinoides","common_name":"Dwarf chinquapin oak","street_number":"108","street_name":"W. 28th St","site":"2F","delivered":"2019-01-02T00:00:00.000","completed":"2018-12-06T00:00:00.000","estimated_canopy_coverage":"153.93804","source":"City Nursery","program_year":"2019",":@computed_region_x6fk_ihs5":"72",":@computed_region_b3ci_nw94":"78",":@computed_region_38t5_wna6":"78",":@computed_region_25t2_rbz7":"2943"}},
{"type":"Feature","geometry":{"type":"Point","coordinates":[-76.260503,36.82327]},"properties":{":id":"row-dj4d-bj6d-zbcm",":version":"rv-fafd~qy7j.ti3a",":created_at":"2019-08-20T12:51:30.666Z",":updated_at":"2019-08-20T12:51:31.403Z","genus":"Magnolia","species":"virginiana","common_name":"Sweetbay magnolia","street_number":"1750","street_name":"Campostella Rd","site":"7B","delivered":"2017-10-30T00:00:00.000","completed":"2017-11-03T00:00:00.000","estimated_canopy_coverage":"490.873852","source":"City Nursery","program_year":"2018",":@computed_region_x6fk_ihs5":"128",":@computed_region_b3ci_nw94":"128",":@computed_region_38t5_wna6":"128",":@computed_region_25t2_rbz7":"2943"}},
{"type":"Feature","geometry":{"type":"Point","coordinates":[-76.3005,36.853108]},"properties":{":id":"row-i5f3_5ism-ywjt",":version":"rv-9zzz.ewp6_7kdg",":created_at":"2019-08-20T12:51:30.666Z",":updated_at":"2019-08-20T12:51:31.403Z","genus":"Acer","species":"campestre","common_name":"Hedge maple","street_number":"40","street_name":"Rader St","site":"2S","delivered":"2017-12-28T00:00:00.000","completed":"2018-01-12T00:00:00.000","estimated_canopy_coverage":"490.873852","source":"Purchased","program_year":"2018",":@computed_region_x6fk_ihs5":"128",":@computed_region_b3ci_nw94":"128",":@computed_region_38t5_wna6":"128",":@computed_region_25t2_rbz7":"2943"}},
{"type":"Feature","geometry":{"type":"Point","coordinates":[-76.285538,36.879057]},"properties":{":id":"row-9ive~7jyf~hdq9",":version":"rv-m7v9.3tgm-nuir",":created_at":"2019-08-20T12:51:30.666Z",":updated_at":"2019-08-20T12:51:31.403Z","genus":"Prunus","species":"cerasifera 'Krauter Vesuvius'","common_name":"Krauter Vesuvius purple leaf plum","street_number":"313","street_name":"36th St","site":"1F","delivered":"2017-12-04T00:00:00.000","completed":"2017-12-07T00:00:00.000","estimated_canopy_coverage":"314.159265","source":"City Nursery","program_year":"2018",":@computed_region_x6fk_ihs5":"72",":@computed_region_b3ci_nw94":"78",":@computed_region_38t5_wna6":"78",":@computed_region_25t2_rbz7":"2943"}},
{"type":"Feature","geometry":{"type":"Point","coordinates":[-76.296985,36.857855]},"properties":{":id":"row-dgi2_m3sr.psf5",":version":"rv-ehww.7682_2yyi",":created_at":"2019-08-20T12:51:30.666Z",":updated_at":"2019-08-20T12:51:31.403Z","genus":"Ulmus","species":"alata","common_name":"Winged elm","street_number":"419","street_name":"Colonial Ave","site":"1F","delivered":"2018-11-28T00:00:00.000","completed":"2018-12-06T00:00:00.000","estimated_canopy_coverage":"1256","source":"City Nursery","program_year":"2019",":@computed_region_x6fk_ihs5":"33",":@computed_region_b3ci_nw94":"38",":@computed_region_38t5_wna6":"38",":@computed_region_25t2_rbz7":"2943"}},
{"type":"Feature","geometry":{"type":"Point","coordinates":[-76.240817,36.896514]},"properties":{":id":"row-jqz2_vkzd_t7rn",":version":"rv-whfk-uf7p-g9b9",":created_at":"2019-08-20T12:51:30.666Z",":updated_at":"2019-08-20T12:51:31.403Z","genus":"Acer","species":"buergerianum","common_name":"Trident maple","street_number":"6380","street_name":"Sewells Point Rd","site":"9M","delivered":"2018-11-06T00:00:00.000","completed":"2018-11-09T00:00:00.000","estimated_canopy_coverage":"1256.63706","source":"City Nursery","program_year":"2019",":@computed_region_x6fk_ihs5":"128",":@computed_region_b3ci_nw94":"128",":@computed_region_38t5_wna6":"128",":@computed_region_25t2_rbz7":"2943"}},
{"type":"Feature","geometry":{"type":"Point","coordinates":[-76.211039,36.868879]},"properties":{":id":"row-4ws8.2z5t_65ic",":version":"rv-mk5z-wtx9.g624",":created_at":"2019-08-20T12:51:30.666Z",":updated_at":"2019-08-20T12:51:31.403Z","genus":"Magnolia","species":"virginiana","common_name":"Sweetbay magnolia","street_number":"1330","street_name":"N. Military Hwy","site":"4B","delivered":"2018-12-07T00:00:00.000","completed":"2018-12-07T00:00:00.000","estimated_canopy_coverage":"490.873852","source":"City Nursery","program_year":"2019",":@computed_region_x6fk_ihs5":"128",":@computed_region_b3ci_nw94":"128",":@computed_region_38t5_wna6":"128",":@computed_region_25t2_rbz7":"2943"}},
{"type":"Feature","geometry":{"type":"Point","coordinates":[-76.26432,36.887196]},"properties":{":id":"row-djxf_mxuc_4bzk",":version":"rv-fkav.925x_xk4x",":created_at":"2019-08-20T12:51:30.666Z",":updated_at":"2019-08-20T12:51:31.403Z","genus":"Quercus","species":"muehlenbergii","common_name":"Chinquapin oak","street_number":"1610","street_name":"Cromwell Dr","site":"13L","delivered":"2018-11-27T00:00:00.000","completed":"2018-12-06T00:00:00.000","estimated_canopy_coverage":"2826","source":"City Nursery","program_year":"2019",":@computed_region_x6fk_ihs5":"122",":@computed_region_b3ci_nw94":"122",":@computed_region_38t5_wna6":"122",":@computed_region_25t2_rbz7":"2943"}},
{"type":"Feature","geometry":{"type":"Point","coordinates":[-76.251946,36.921147]},"properties":{":id":"row-snsy~ki7d_qwdr",":version":"rv-63e8_mnke-ifi4",":created_at":"2019-08-20T12:51:30.666Z",":updated_at":"2019-08-20T12:51:31.403Z","genus":"Quercus","species":"prinoides","common_name":"Dwarf chinquapin oak","street_number":"8140","street_name":"Kenwood Dr","site":"1S","delivered":"2018-02-20T00:00:00.000","completed":"2018-02-21T00:00:00.000","estimated_canopy_coverage":"153.93804","source":"City Nursery","program_year":"2018",":@computed_region_x6fk_ihs5":"126",":@computed_region_b3ci_nw94":"126",":@computed_region_38t5_wna6":"126",":@computed_region_25t2_rbz7":"2943"}},
{"type":"Feature","geometry":{"type":"Point","coordinates":[-76.247928,36.879641]},"properties":{":id":"row-nr52_emcm.maxw",":version":"rv-w5pq_undr.fmbk",":created_at":"2019-08-20T12:51:30.666Z",":updated_at":"2019-08-20T12:51:31.403Z","genus":"Acer","species":"campestre 'Evelyn'","common_name":"Queen Elizabeth hedge maple","street_number":"3613","street_name":"Nottaway St","site":"2F","delivered":"2018-11-26T00:00:00.000","completed":"2018-12-13T00:00:00.000","estimated_canopy_coverage":"490.873852","source":"City Nursery","program_year":"2019",":@computed_region_x6fk_ihs5":"28",":@computed_region_b3ci_nw94":"24",":@computed_region_38t5_wna6":"24",":@computed_region_25t2_rbz7":"2943"}},
{"type":"Feature","geometry":{"type":"Point","coordinates":[-76.29342700000001,36.874271]},"properties":{":id":"row-ixk6_ie5u_crqc",":version":"rv-48du~cukg_h4fr",":created_at":"2019-08-20T12:51:30.666Z",":updated_at":"2019-08-20T12:51:31.403Z","genus":"Malus","species":"pumila 'King David'","common_name":"King David apple","street_number":"2608","street_name":"Gosnold Ave","site":"5P","delivered":"2018-11-27T00:00:00.000","completed":"2018-11-30T00:00:00.000","estimated_canopy_coverage":"177","source":"City Nursery","program_year":"2019",":@computed_region_x6fk_ihs5":"128",":@computed_region_b3ci_nw94":"128",":@computed_region_38t5_wna6":"128",":@computed_region_25t2_rbz7":"2943"}},
{"type":"Feature","geometry":{"type":"Point","coordinates":[-76.304728,36.879555]},"properties":{":id":"row-t7kj_2qng~7xbe",":version":"rv-ddtb.jnbj_uawu",":created_at":"2019-08-20T12:51:30.666Z",":updated_at":"2019-08-20T12:51:31.403Z","genus":"Lagerstroemia","species":"indica x fauriei 'Natchez'","common_name":"Natchez crape myrtle","street_number":"1268","street_name":"W 38th St","site":"3F","delivered":"2018-02-14T00:00:00.000","completed":"2018-02-20T00:00:00.000","estimated_canopy_coverage":"314.159265","source":"Purchased","program_year":"2018",":@computed_region_x6fk_ihs5":"48",":@computed_region_b3ci_nw94":"53",":@computed_region_38t5_wna6":"53",":@computed_region_25t2_rbz7":"2943"}},
{"type":"Feature","geometry":{"type":"Point","coordinates":[-76.242375,36.934003000000004]},"properties":{":id":"row-ymeg_d6c3-9687",":version":"rv-4qjp~29pq.bccv",":created_at":"2019-08-20T12:51:30.666Z",":updated_at":"2019-08-20T12:51:31.403Z","genus":"Ulmus","species":"americana 'Princeton'","common_name":"Princeton American elm","street_number":"1044","street_name":"E. Bayview Blvd","site":"1F","delivered":"2019-01-02T00:00:00.000","completed":"2019-02-26T00:00:00.000","estimated_canopy_coverage":"1256.63706","source":"City Nursery","program_year":"2019",":@computed_region_x6fk_ihs5":"103",":@computed_region_b3ci_nw94":"103",":@computed_region_38t5_wna6":"103",":@computed_region_25t2_rbz7":"2943"}},
{"type":"Feature","geometry":{"type":"Point","coordinates":[-76.292494,36.879403]},"properties":{":id":"row-g9ph_4fhu.kvuf",":version":"rv-76pq.br3s-uhft",":created_at":"2019-08-20T12:51:30.666Z",":updated_at":"2019-08-20T12:51:31.403Z","genus":"Quercus","species":"muehlenbergii","common_name":"Chinquapin oak","street_number":"645","street_name":"37th St","site":"2F","delivered":"2019-01-15T00:00:00.000","completed":"2019-01-31T00:00:00.000","estimated_canopy_coverage":"2826","source":"City Nursery","program_year":"2019",":@computed_region_x6fk_ihs5":"72",":@computed_region_b3ci_nw94":"78",":@computed_region_38t5_wna6":"78",":@computed_region_25t2_rbz7":"2943"}},
{"type":"Feature","geometry":{"type":"Point","coordinates":[-76.308913,36.883068]},"properties":{":id":"row-9k76.aq6z_u7yi",":version":"rv-jwy7.jynj_rqs5",":created_at":"2019-08-20T12:51:30.666Z",":updated_at":"2019-08-20T12:51:31.403Z","genus":"Quercus","species":"prinoides","common_name":"Dwarf chinquapin oak","street_number":"1441","street_name":"43rd St","site":"1F","delivered":"2018-12-03T00:00:00.000","completed":"2018-12-12T00:00:00.000","estimated_canopy_coverage":"153.93804","source":"City Nursery","program_year":"2019",":@computed_region_x6fk_ihs5":"48",":@computed_region_b3ci_nw94":"53",":@computed_region_38t5_wna6":"53",":@computed_region_25t2_rbz7":"2943"}},
{"type":"Feature","geometry":{"type":"Point","coordinates":[-76.306143,36.915998]},"properties":{":id":"row-5k44~r858-yuy9",":version":"rv-sk47_q7ha.vetu",":created_at":"2019-08-20T12:51:30.666Z",":updated_at":"2019-08-20T12:51:31.403Z","genus":"Acer","species":"barbatum","common_name":"Florida maple","street_number":"1625","street_name":"W Little Creek Rd","site":"5P","delivered":"2018-12-07T00:00:00.000","completed":"2018-12-17T00:00:00.000","estimated_canopy_coverage":"1256.63706","source":"City Nursery","program_year":"2019",":@computed_region_x6fk_ihs5":"63",":@computed_region_b3ci_nw94":"72",":@computed_region_38t5_wna6":"72",":@computed_region_25t2_rbz7":"2943"}},
{"type":"Feature","geometry":{"type":"Point","coordinates":[-76.249237,36.875242]},"properties":{":id":"row-h8tp-6vu6_hkpe",":version":"rv-va49_hnw2_hqwz",":created_at":"2019-08-20T12:51:30.666Z",":updated_at":"2019-08-20T12:51:31.403Z","genus":"Magnolia","species":"virginiana","common_name":"Sweetbay magnolia","street_number":"3500","street_name":"Lafayette Blvd","site":"8P","delivered":"2019-01-02T00:00:00.000","completed":"2019-01-04T00:00:00.000","estimated_canopy_coverage":"490.873852","source":"City Nursery","program_year":"2019",":@computed_region_x6fk_ihs5":"28",":@computed_region_b3ci_nw94":"24",":@computed_region_38t5_wna6":"24",":@computed_region_25t2_rbz7":"2943"}},
{"type":"Feature","geometry":{"type":"Point","coordinates":[-76.217124,36.88066]},"properties":{":id":"row-fb25-u5gx.me35",":version":"rv-be6m.ij86_5iwn",":created_at":"2019-08-20T12:51:30.666Z",":updated_at":"2019-08-20T12:51:31.403Z","genus":"Prunus","species":"yeodensis","common_name":"Yoshino cherry","street_number":"2630","street_name":"Almeda Ave","site":"2FL","delivered":"2018-11-26T00:00:00.000","completed":"2018-11-29T00:00:00.000","estimated_canopy_coverage":"1256.63706","source":"City Nursery","program_year":"2019",":@computed_region_x6fk_ihs5":"31",":@computed_region_b3ci_nw94":"36",":@computed_region_38t5_wna6":"36",":@computed_region_25t2_rbz7":"2943"}},
{"type":"Feature","geometry":{"type":"Point","coordinates":[-76.240021,36.895143]},"properties":{":id":"row-v3tf.erjf_apgu",":version":"rv-vx7w-77x4~iz3v",":created_at":"2019-08-20T12:51:30.666Z",":updated_at":"2019-08-20T12:51:31.403Z","genus":"Taxodium","species":"distichum","common_name":"Bald cypress","street_number":"6325","street_name":"Sewells Point Rd","site":"8SC","delivered":"2018-11-06T00:00:00.000","completed":"2018-12-05T00:00:00.000","estimated_canopy_coverage":"490.873852","source":"City Nursery","program_year":"2019",":@computed_region_x6fk_ihs5":"81",":@computed_region_b3ci_nw94":"86",":@computed_region_38t5_wna6":"86",":@computed_region_25t2_rbz7":"2943"}},
{"type":"Feature","geometry":{"type":"Point","coordinates":[-76.255489,36.849273]},"properties":{":id":"row-63ez_kanp_k7c5",":version":"rv-mt3b_yr9f~tzix",":created_at":"2019-08-20T12:51:30.666Z",":updated_at":"2019-08-20T12:51:31.403Z","genus":"Ulmus","species":"alata","common_name":"Winged elm","street_number":"2705","street_name":"Park Cres","site":"1F","delivered":"2019-01-02T00:00:00.000","completed":"2019-01-08T00:00:00.000","estimated_canopy_coverage":"1256","source":"City Nursery","program_year":"2019",":@computed_region_x6fk_ihs5":"56",":@computed_region_b3ci_nw94":"63",":@computed_region_38t5_wna6":"63",":@computed_region_25t2_rbz7":"2943"}},
{"type":"Feature","geometry":{"type":"Point","coordinates":[-76.21544300000001,36.877984000000005]},"properties":{":id":"row-whxv.qh5d-fyby",":version":"rv-ckat-ichy_q6tw",":created_at":"2019-08-20T12:51:30.666Z",":updated_at":"2019-08-20T12:51:31.403Z","genus":"Taxodium","species":"distichum","common_name":"Bald cypress","street_number":"2410","street_name":"Almeda Ave","site":"9P","delivered":"2019-01-02T00:00:00.000","completed":"2019-01-07T00:00:00.000","estimated_canopy_coverage":"490.873852","source":"City Nursery","program_year":"2019",":@computed_region_x6fk_ihs5":"31",":@computed_region_b3ci_nw94":"36",":@computed_region_38t5_wna6":"36",":@computed_region_25t2_rbz7":"2943"}},
{"type":"Feature","geometry":{"type":"Point","coordinates":[-76.234779,36.885757]},"properties":{":id":"row-f5bx_ne69.bd9z",":version":"rv-zi45.s3sg-6vw7",":created_at":"2019-08-20T12:51:30.666Z",":updated_at":"2019-08-20T12:51:31.403Z","genus":"Prunus","species":"cerasifera 'Krauter Vesuvius'","common_name":"Krauter Vesuvius purple leaf plum","street_number":"4819","street_name":"Texas Ave","site":"1F","delivered":"2017-12-04T00:00:00.000","completed":"2017-12-07T00:00:00.000","estimated_canopy_coverage":"314.159265","source":"City Nursery","program_year":"2018",":@computed_region_x6fk_ihs5":"118",":@computed_region_b3ci_nw94":"118",":@computed_region_38t5_wna6":"118",":@computed_region_25t2_rbz7":"2943"}},
{"type":"Feature","geometry":{"type":"Point","coordinates":[-76.297492,36.858317]},"properties":{":id":"row-t7cj.mgn5_kakg",":version":"rv-ijih_pypv.ypi7",":created_at":"2019-08-20T12:51:30.666Z",":updated_at":"2019-08-20T12:51:31.403Z","genus":"Styrax","species":"japonicus","common_name":"Japanese snowbell","street_number":"512","street_name":"Fairfax Ave","site":"1F","delivered":"2017-12-06T00:00:00.000","completed":"2017-12-18T00:00:00.000","estimated_canopy_coverage":"706.858347","source":"City Nursery","program_year":"2018",":@computed_region_x6fk_ihs5":"33",":@computed_region_b3ci_nw94":"38",":@computed_region_38t5_wna6":"38",":@computed_region_25t2_rbz7":"2943"}},
{"type":"Feature","geometry":{"type":"Point","coordinates":[-76.248593,36.936379]},"properties":{":id":"row-xyrb_su9g~b27c",":version":"rv-jfyr_qsh3~ggkw",":created_at":"2019-08-20T12:51:30.666Z",":updated_at":"2019-08-20T12:51:31.403Z","genus":"Ulmus","species":"americana 'Princeton'","common_name":"Princeton American elm","street_number":"615","street_name":"Dune St","site":"2F","delivered":"2019-02-12T00:00:00.000","completed":"2019-03-04T00:00:00.000","estimated_canopy_coverage":"1256.63706","source":"City Nursery","program_year":"2019",":@computed_region_x6fk_ihs5":"101",":@computed_region_b3ci_nw94":"101",":@computed_region_38t5_wna6":"101",":@computed_region_25t2_rbz7":"2943"}},
{"type":"Feature","geometry":{"type":"Point","coordinates":[-76.233753,36.892326]},"properties":{":id":"row-2ncq-d84j~vzkh",":version":"rv-ypsv-jr68.kgdb",":created_at":"2019-08-20T12:51:30.666Z",":updated_at":"2019-08-20T12:51:31.403Z","genus":"Quercus","species":"laurifolia","common_name":"Laurel oak","street_number":"1287","street_name":"Pall Mall St","site":"5F","delivered":"2019-01-08T00:00:00.000","completed":"2019-01-08T00:00:00.000","estimated_canopy_coverage":"2827.43339","source":"City Nursery","program_year":"2019",":@computed_region_x6fk_ihs5":"128",":@computed_region_b3ci_nw94":"128",":@computed_region_38t5_wna6":"128",":@computed_region_25t2_rbz7":"2943"}},
{"type":"Feature","geometry":{"type":"Point","coordinates":[-76.310142,36.92754]},"properties":{":id":"row-7bsd-i3ng-54qd",":version":"rv-45e7~p4qb.ptnj",":created_at":"2019-08-20T12:51:30.666Z",":updated_at":"2019-08-20T12:51:31.403Z","genus":"Cercis","species":"canadensis 'Merlot'","common_name":"Merlot redbud","street_number":"8100","street_name":"Evergreen Ave","site":"4F","delivered":"2018-11-21T00:00:00.000","completed":"2018-11-28T00:00:00.000","estimated_canopy_coverage":"490.873852","source":"City Nursery","program_year":"2019",":@computed_region_x6fk_ihs5":"37",":@computed_region_b3ci_nw94":"42",":@computed_region_38t5_wna6":"42",":@computed_region_25t2_rbz7":"2943"}},
{"type":"Feature","geometry":{"type":"Point","coordinates":[-76.282311,36.871044]},"properties":{":id":"row-hsjb_wy7g-xhz4",":version":"rv-jcmc~adsp_5rh9",":created_at":"2019-08-20T12:51:30.666Z",":updated_at":"2019-08-20T12:51:31.403Z","genus":"Taxodium","species":"ascendens","common_name":"Pond cypress","street_number":"2612","street_name":"Monticello Ave","site":"6S","delivered":"2017-12-13T00:00:00.000","completed":"2018-01-11T00:00:00.000","estimated_canopy_coverage":"490.873852","source":"City Nursery","program_year":"2018",":@computed_region_x6fk_ihs5":"128",":@computed_region_b3ci_nw94":"128",":@computed_region_38t5_wna6":"128",":@computed_region_25t2_rbz7":"2943"}},
{"type":"Feature","geometry":{"type":"Point","coordinates":[-76.271948,36.909122]},"properties":{":id":"row-v93d~3h7t.pcpq",":version":"rv-unnw-8ynt.eigx",":created_at":"2019-08-20T12:51:30.666Z",":updated_at":"2019-08-20T12:51:31.403Z","genus":"Acer","species":"campestre","common_name":"Hedge maple","street_number":"201","street_name":"Granby Park","site":"1F","delivered":"2017-12-28T00:00:00.000","completed":"2018-01-12T00:00:00.000","estimated_canopy_coverage":"490.873852","source":"Purchased","program_year":"2018",":@computed_region_x6fk_ihs5":"127",":@computed_region_b3ci_nw94":"127",":@computed_region_38t5_wna6":"127",":@computed_region_25t2_rbz7":"2943"}},
{"type":"Feature","geometry":{"type":"Point","coordinates":[-76.303818,36.865622]},"properties":{":id":"row-sdug_hddj_w5su",":version":"rv-nxgh.exq7-fnik",":created_at":"2019-08-20T12:51:30.666Z",":updated_at":"2019-08-20T12:51:31.403Z","genus":"Taxodium","species":"ascendens","common_name":"Pond cypress","street_number":"930","street_name":"Greenway Ct","site":"2P","delivered":"2018-01-23T00:00:00.000","completed":"2018-01-25T00:00:00.000","estimated_canopy_coverage":"490.873852","source":"City Nursery","program_year":"2018",":@computed_region_x6fk_ihs5":"97",":@computed_region_b3ci_nw94":"98",":@computed_region_38t5_wna6":"98",":@computed_region_25t2_rbz7":"2943"}},
{"type":"Feature","geometry":{"type":"Point","coordinates":[-76.293608,36.879333]},"properties":{":id":"row-ubke.kdmz-vwc3",":version":"rv-i4xp-shgm~3gwz",":created_at":"2019-08-20T12:51:30.666Z",":updated_at":"2019-08-20T12:51:31.403Z","genus":"Quercus","species":"prinoides","common_name":"Dwarf chinquapin oak","street_number":"717","street_name":"37th St","site":"1F","delivered":"2019-01-07T00:00:00.000","completed":"2019-01-16T00:00:00.000","estimated_canopy_coverage":"153.93804","source":"City Nursery","program_year":"2019",":@computed_region_x6fk_ihs5":"46",":@computed_region_b3ci_nw94":"51",":@computed_region_38t5_wna6":"51",":@computed_region_25t2_rbz7":"2943"}},
{"type":"Feature","geometry":{"type":"Point","coordinates":[-76.292073,36.846857]},"properties":{":id":"row-xdh3~2hui~hdmk",":version":"rv-k3cn_m7vg-hxuk",":created_at":"2019-08-20T12:51:30.666Z",":updated_at":"2019-08-20T12:51:31.403Z","genus":"Ilex","species":"x attenuata","common_name":"East Palatka holly","street_number":"111","street_name":"Granby St","site":"6F","delivered":"2017-11-29T00:00:00.000","completed":"2017-12-20T00:00:00.000","estimated_canopy_coverage":"176.714587","source":"City Nursery","program_year":"2018",":@computed_region_x6fk_ihs5":"22",":@computed_region_b3ci_nw94":"26",":@computed_region_38t5_wna6":"26",":@computed_region_25t2_rbz7":"2943"}},
{"type":"Feature","geometry":{"type":"Point","coordinates":[-76.257431,36.870493]},"properties":{":id":"row-qqve~jb44_ijz8",":version":"rv-53rs~96kj~c7qj",":created_at":"2019-08-20T12:51:30.666Z",":updated_at":"2019-08-20T12:51:31.403Z","genus":"Betula","species":"nigra 'Heritage'","common_name":"Heritage river birch","street_number":"2820","street_name":"Chesapeake Blvd","site":"4FL","delivered":"2018-01-30T00:00:00.000","completed":"2018-02-01T00:00:00.000","estimated_canopy_coverage":"962.11275","source":"City Nursery","program_year":"2018",":@computed_region_x6fk_ihs5":"3",":@computed_region_b3ci_nw94":"3",":@computed_region_38t5_wna6":"3",":@computed_region_25t2_rbz7":"2943"}},
{"type":"Feature","geometry":{"type":"Point","coordinates":[-76.257431,36.870493]},"properties":{":id":"row-ptde_779p.gtqw",":version":"rv-bzhf_56ac_ep73",":created_at":"2019-08-20T12:51:30.666Z",":updated_at":"2019-08-20T12:51:31.403Z","genus":"Betula","species":"nigra 'Heritage'","common_name":"Heritage river birch","street_number":"2820","street_name":"Chesapeake Blvd","site":"6FL","delivered":"2018-01-30T00:00:00.000","completed":"2018-02-01T00:00:00.000","estimated_canopy_coverage":"962.11275","source":"City Nursery","program_year":"2018",":@computed_region_x6fk_ihs5":"3",":@computed_region_b3ci_nw94":"3",":@computed_region_38t5_wna6":"3",":@computed_region_25t2_rbz7":"2943"}},
{"type":"Feature","geometry":{"type":"Point","coordinates":[-76.251289,36.85527]},"properties":{":id":"row-8qds-repa~fz67",":version":"rv-5xf9_vi26~37rb",":created_at":"2019-08-20T12:51:30.666Z",":updated_at":"2019-08-20T12:51:31.403Z","genus":"Chionanthus","species":"virginicus","common_name":"White fringetree","street_number":"2955","street_name":"Hollister Ave","site":"1F","delivered":"2018-01-23T00:00:00.000","completed":"2018-01-25T00:00:00.000","estimated_canopy_coverage":"176.714587","source":"City Nursery","program_year":"2018",":@computed_region_x6fk_ihs5":"7",":@computed_region_b3ci_nw94":"7",":@computed_region_38t5_wna6":"7",":@computed_region_25t2_rbz7":"2943"}},
{"type":"Feature","geometry":{"type":"Point","coordinates":[-76.178189,36.852809]},"properties":{":id":"row-52pm-v8ig.2bsf",":version":"rv-t4dv.7xez_49pr",":created_at":"2019-08-20T12:51:30.666Z",":updated_at":"2019-08-20T12:51:31.403Z","genus":"Ostrya","species":"virginiana","common_name":"Hophornbeam","street_number":"953","street_name":"N Newtown Rd","site":"2M","delivered":"2017-11-09T00:00:00.000","completed":"2017-11-14T00:00:00.000","estimated_canopy_coverage":"706.858347","source":"City Nursery","program_year":"2018",":@computed_region_x6fk_ihs5":"59",":@computed_region_b3ci_nw94":"66",":@computed_region_38t5_wna6":"66",":@computed_region_25t2_rbz7":"2951"}},
{"type":"Feature","geometry":{"type":"Point","coordinates":[-76.200823,36.838308]},"properties":{":id":"row-rnax-a3ts.sc6f",":version":"rv-65tt-n4nd_uttp",":created_at":"2019-08-20T12:51:30.666Z",":updated_at":"2019-08-20T12:51:31.403Z","genus":"Cercis","species":"canadensis","common_name":"Redbud","street_number":"5944","street_name":"Sellger Dr","site":"2M","delivered":"2017-12-12T00:00:00.000","completed":"2017-12-13T00:00:00.000","estimated_canopy_coverage":"490.873852","source":"City Nursery","program_year":"2018",":@computed_region_x6fk_ihs5":"75",":@computed_region_b3ci_nw94":"81",":@computed_region_38t5_wna6":"81",":@computed_region_25t2_rbz7":"2943"}},
{"type":"Feature","geometry":{"type":"Point","coordinates":[-76.312034,36.879321]},"properties":{":id":"row-u7y3~n98q-qn7f",":version":"rv-4vw8-kv3s_ifsc",":created_at":"2019-08-20T12:51:30.666Z",":updated_at":"2019-08-20T12:51:31.403Z","genus":"Salix","species":"matsudana","common_name":"Corkscrew willow","street_number":"1546","street_name":"38th St","site":"3FL","delivered":"2018-12-03T00:00:00.000","completed":"2018-12-19T00:00:00.000","estimated_canopy_coverage":"314","source":"City Nursery","program_year":"2019",":@computed_region_x6fk_ihs5":"48",":@computed_region_b3ci_nw94":"53",":@computed_region_38t5_wna6":"53",":@computed_region_25t2_rbz7":"2943"}},
{"type":"Feature","geometry":{"type":"Point","coordinates":[-76.291123,36.845887]},"properties":{":id":"row-zkqw_7ng6~nb3u",":version":"rv-uycq-k6ik-x78s",":created_at":"2019-08-20T12:51:30.666Z",":updated_at":"2019-08-20T12:51:31.403Z","genus":"Ginkgo","species":"biloba 'Shangri-La'","common_name":"Ginkgo","street_number":"215","street_name":"E Main St","site":"4S","delivered":"2017-11-29T00:00:00.000","completed":"2017-12-14T00:00:00.000","estimated_canopy_coverage":"1256.63706","source":"City Nursery","program_year":"2018",":@computed_region_x6fk_ihs5":"22",":@computed_region_b3ci_nw94":"26",":@computed_region_38t5_wna6":"26",":@computed_region_25t2_rbz7":"2943"}},
{"type":"Feature","geometry":{"type":"Point","coordinates":[-76.290824,36.878781]},"properties":{":id":"row-r72t.4qd4~wrub",":version":"rv-gedp~xvcv.m5nu",":created_at":"2019-08-20T12:51:30.666Z",":updated_at":"2019-08-20T12:51:31.403Z","genus":"Quercus","species":"laurifolia","common_name":"Laurel oak","street_number":"605","street_name":"36th St","site":"2F","delivered":"2018-12-03T00:00:00.000","completed":"2018-12-12T00:00:00.000","estimated_canopy_coverage":"2827.43339","source":"City Nursery","program_year":"2019",":@computed_region_x6fk_ihs5":"72",":@computed_region_b3ci_nw94":"78",":@computed_region_38t5_wna6":"78",":@computed_region_25t2_rbz7":"2943"}},
{"type":"Feature","geometry":{"type":"Point","coordinates":[-76.255494,36.849314]},"properties":{":id":"row-nuv6_qtw3~5ncp",":version":"rv-ub5s.9v7p-cerg",":created_at":"2019-08-20T12:51:30.666Z",":updated_at":"2019-08-20T12:51:31.403Z","genus":"Ostrya","species":"virginiana","common_name":"Hophornbeam","street_number":"2724","street_name":"Park Cres","site":"14P","delivered":"2017-11-16T00:00:00.000","completed":"2017-12-12T00:00:00.000","estimated_canopy_coverage":"706.858347","source":"City Nursery","program_year":"2018",":@computed_region_x6fk_ihs5":"56",":@computed_region_b3ci_nw94":"63",":@computed_region_38t5_wna6":"63",":@computed_region_25t2_rbz7":"2943"}},
{"type":"Feature","geometry":null,"properties":{":id":"row-5ty4~9k57~3789",":version":"rv-k9kz.yhis-ivva",":created_at":"2019-08-20T12:51:30.666Z",":updated_at":"2019-08-20T12:51:31.403Z","genus":"Cercis","species":"canadensis","common_name":"Redbud","street_number":"7300","street_name":"Ludlow St","site":"1SC","delivered":"2018-02-02T00:00:00.000","completed":"2018-02-05T00:00:00.000","estimated_canopy_coverage":"490.873852","source":"City Nursery","program_year":"2018",":@computed_region_x6fk_ihs5":null,":@computed_region_b3ci_nw94":null,":@computed_region_38t5_wna6":null,":@computed_region_25t2_rbz7":null}},
{"type":"Feature","geometry":{"type":"Point","coordinates":[-76.29285400000002,36.86767]},"properties":{":id":"row-tjnt~36sa.5ipz",":version":"rv-aj6v-9mmw_rkzb",":created_at":"2019-08-20T12:51:30.666Z",":updated_at":"2019-08-20T12:51:31.403Z","genus":"Acer","species":"barbatum","common_name":"Florida maple","street_number":"502","street_name":"Washington Park","site":"2M","delivered":"2018-11-13T00:00:00.000","completed":"2018-11-20T00:00:00.000","estimated_canopy_coverage":"1256.63706","source":"City Nursery","program_year":"2019",":@computed_region_x6fk_ihs5":"33",":@computed_region_b3ci_nw94":"38",":@computed_region_38t5_wna6":"38",":@computed_region_25t2_rbz7":"2943"}},
{"type":"Feature","geometry":{"type":"Point","coordinates":[-76.290719,36.84585]},"properties":{":id":"row-a8gq.ubih.vm99",":version":"rv-d7ve_qhhb-3qyq",":created_at":"2019-08-20T12:51:30.666Z",":updated_at":"2019-08-20T12:51:31.403Z","genus":"Ilex","species":"x attenuata","common_name":"East Palatka holly","street_number":"235","street_name":"E Main St","site":"1F","delivered":"2018-01-31T00:00:00.000","completed":"2018-02-01T00:00:00.000","estimated_canopy_coverage":"176.714587","source":"City Nursery","program_year":"2018",":@computed_region_x6fk_ihs5":"22",":@computed_region_b3ci_nw94":"26",":@computed_region_38t5_wna6":"26",":@computed_region_25t2_rbz7":"2943"}},
{"type":"Feature","geometry":{"type":"Point","coordinates":[-76.277661,36.844183]},"properties":{":id":"row-y689-au83.k9ze",":version":"rv-bqbi-snja~9dst",":created_at":"2019-08-20T12:51:30.666Z",":updated_at":"2019-08-20T12:51:31.403Z","genus":"Ostrya","species":"virginiana","common_name":"Hophornbeam","street_number":"150","street_name":"Park Ave","site":"5F","delivered":"2019-01-22T00:00:00.000","completed":"2019-01-28T00:00:00.000","estimated_canopy_coverage":"706.858347","source":"City Nursery","program_year":"2019",":@computed_region_x6fk_ihs5":"128",":@computed_region_b3ci_nw94":"128",":@computed_region_38t5_wna6":"128",":@computed_region_25t2_rbz7":"2943"}},
{"type":"Feature","geometry":{"type":"Point","coordinates":[-76.304847,36.914005]},"properties":{":id":"row-d5q5-veh2_ssba",":version":"rv-ghu5-xgcp.44cs",":created_at":"2019-08-20T12:51:30.666Z",":updated_at":"2019-08-20T12:51:31.403Z","genus":"Platanus","species":"mexicana","common_name":"Mexican sycamore","street_number":"1514","street_name":"Runnymede Rd","site":"1F","delivered":"2017-10-26T00:00:00.000","completed":"2017-10-30T00:00:00.000","estimated_canopy_coverage":"1256.63706","source":"City Nursery","program_year":"2018",":@computed_region_x6fk_ihs5":"53",":@computed_region_b3ci_nw94":"59",":@computed_region_38t5_wna6":"59",":@computed_region_25t2_rbz7":"2943"}},
{"type":"Feature","geometry":{"type":"Point","coordinates":[-76.230205,36.867425]},"properties":{":id":"row-qbxj~gqsv-gubk",":version":"rv-gqqa~nm2g.jw8c",":created_at":"2019-08-20T12:51:30.666Z",":updated_at":"2019-08-20T12:51:31.403Z","genus":"Betula","species":"nigra 'Heritage'","common_name":"Heritage river birch","street_number":"4675","street_name":"E Princess Anne Rd","site":"4M","delivered":"2017-11-27T00:00:00.000","completed":"2017-11-29T00:00:00.000","estimated_canopy_coverage":"962.11275","source":"City Nursery","program_year":"2018",":@computed_region_x6fk_ihs5":"61",":@computed_region_b3ci_nw94":"70",":@computed_region_38t5_wna6":"70",":@computed_region_25t2_rbz7":"2943"}},
{"type":"Feature","geometry":{"type":"Point","coordinates":[-76.300641,36.89142]},"properties":{":id":"row-er4s_9wmx_ya5p",":version":"rv-nfa3~czdg~6c6i",":created_at":"2019-08-20T12:51:30.666Z",":updated_at":"2019-08-20T12:51:31.403Z","genus":"Taxodium","species":"distichum","common_name":"Bald cypress","street_number":"1145","street_name":"Bolling Ave","site":"26SC","delivered":"2017-12-04T00:00:00.000","completed":"2017-12-14T00:00:00.000","estimated_canopy_coverage":"490.873852","source":"City Nursery","program_year":"2018",":@computed_region_x6fk_ihs5":"49",":@computed_region_b3ci_nw94":"54",":@computed_region_38t5_wna6":"54",":@computed_region_25t2_rbz7":"2943"}},
{"type":"Feature","geometry":{"type":"Point","coordinates":[-76.251465,36.855263]},"properties":{":id":"row-xskt~9i38.5mcw",":version":"rv-p2tv~nes8-zdcd",":created_at":"2019-08-20T12:51:30.666Z",":updated_at":"2019-08-20T12:51:31.403Z","genus":"Chionanthus","species":"virginicus","common_name":"White fringetree","street_number":"2951","street_name":"Hollister Ave","site":"1F","delivered":"2018-01-23T00:00:00.000","completed":"2018-01-25T00:00:00.000","estimated_canopy_coverage":"176.714587","source":"City Nursery","program_year":"2018",":@computed_region_x6fk_ihs5":"7",":@computed_region_b3ci_nw94":"7",":@computed_region_38t5_wna6":"7",":@computed_region_25t2_rbz7":"2943"}},
{"type":"Feature","geometry":{"type":"Point","coordinates":[-76.278225,36.860051]},"properties":{":id":"row-4a8q_b7ws-vaks",":version":"rv-ayvy_d3kk-thtg",":created_at":"2019-08-20T12:51:30.666Z",":updated_at":"2019-08-20T12:51:31.403Z","genus":"Quercus","species":"phellos","common_name":"Willow oak","street_number":"1317","street_name":"Church St","site":"1F","delivered":"2018-01-19T00:00:00.000","completed":"2018-01-22T00:00:00.000","estimated_canopy_coverage":"1963.49541","source":"City Nursery","program_year":"2018",":@computed_region_x6fk_ihs5":"2",":@computed_region_b3ci_nw94":"2",":@computed_region_38t5_wna6":"2",":@computed_region_25t2_rbz7":"2943"}},
{"type":"Feature","geometry":{"type":"Point","coordinates":[-76.297994,36.858553]},"properties":{":id":"row-x23e_xxyp-57x7",":version":"rv-awc5~nws8_fp4t",":created_at":"2019-08-20T12:51:30.666Z",":updated_at":"2019-08-20T12:51:31.403Z","genus":"Quercus","species":"geminata","common_name":"Sand live oak","street_number":"524","street_name":"Fairfax Ave","site":"2F","delivered":"2018-11-26T00:00:00.000","completed":"2018-11-28T00:00:00.000","estimated_canopy_coverage":"2826","source":"City Nursery","program_year":"2019",":@computed_region_x6fk_ihs5":"33",":@computed_region_b3ci_nw94":"38",":@computed_region_38t5_wna6":"38",":@computed_region_25t2_rbz7":"2943"}},
{"type":"Feature","geometry":{"type":"Point","coordinates":[-76.292294,36.861914]},"properties":{":id":"row-kyq9_sgpk~ei44",":version":"rv-zdja~fzpx.twp6",":created_at":"2019-08-20T12:51:30.666Z",":updated_at":"2019-08-20T12:51:31.403Z","genus":"Acer","species":"barbatum","common_name":"Florida maple","street_number":"1111","street_name":"Botetourt Gdns","site":"1F","delivered":"2019-01-11T00:00:00.000","completed":"2019-01-15T00:00:00.000","estimated_canopy_coverage":"1256.63706","source":"City Nursery","program_year":"2019",":@computed_region_x6fk_ihs5":"34",":@computed_region_b3ci_nw94":"39",":@computed_region_38t5_wna6":"39",":@computed_region_25t2_rbz7":"2943"}},
{"type":"Feature","geometry":{"type":"Point","coordinates":[-76.301702,36.893811]},"properties":{":id":"row-ih85.5byh.5nxk",":version":"rv-9a9v_hffp~c6ma",":created_at":"2019-08-20T12:51:30.666Z",":updated_at":"2019-08-20T12:51:31.403Z","genus":"Acer","species":"barbatum","common_name":"Florida maple","street_number":"1114","street_name":"Westmoreland Ave","site":"1F","delivered":"2018-12-07T00:00:00.000","completed":"2019-01-08T00:00:00.000","estimated_canopy_coverage":"1256.63706","source":"City Nursery","program_year":"2019",":@computed_region_x6fk_ihs5":"49",":@computed_region_b3ci_nw94":"54",":@computed_region_38t5_wna6":"54",":@computed_region_25t2_rbz7":"2943"}},
{"type":"Feature","geometry":{"type":"Point","coordinates":[-76.284973,36.874573]},"properties":{":id":"row-gizs_sbqa_hher",":version":"rv-tjmi_typp-2hnf",":created_at":"2019-08-20T12:51:30.666Z",":updated_at":"2019-08-20T12:51:31.403Z","genus":"Quercus","species":"prinoides","common_name":"Dwarf chinquapin oak","street_number":"230","street_name":"W. 30th St","site":"1F","delivered":"2019-01-07T00:00:00.000","completed":"2019-01-16T00:00:00.000","estimated_canopy_coverage":"153.93804","source":"City Nursery","program_year":"2019",":@computed_region_x6fk_ihs5":"72",":@computed_region_b3ci_nw94":"78",":@computed_region_38t5_wna6":"78",":@computed_region_25t2_rbz7":"2943"}},
{"type":"Feature","geometry":{"type":"Point","coordinates":[-76.274246,36.866518]},"properties":{":id":"row-yu4h-9k4c~n3vr",":version":"rv-ww6e-y5bs-buph",":created_at":"2019-08-20T12:51:30.666Z",":updated_at":"2019-08-20T12:51:31.403Z","genus":"Acer","species":"campestre 'Evelyn'","common_name":"Queen Elizabeth hedge maple","street_number":"913","street_name":"Pollard St","site":"2F","delivered":"2018-11-27T00:00:00.000","completed":"2018-12-04T00:00:00.000","estimated_canopy_coverage":"490.873852","source":"City Nursery","program_year":"2019",":@computed_region_x6fk_ihs5":"51",":@computed_region_b3ci_nw94":"57",":@computed_region_38t5_wna6":"57",":@computed_region_25t2_rbz7":"2943"}},
{"type":"Feature","geometry":{"type":"Point","coordinates":[-76.21544300000001,36.877984000000005]},"properties":{":id":"row-mk6i.skaf_heg7",":version":"rv-vagv~ucmd~hziu",":created_at":"2019-08-20T12:51:30.666Z",":updated_at":"2019-08-20T12:51:31.403Z","genus":"Taxodium","species":"distichum","common_name":"Bald cypress","street_number":"2410","street_name":"Almeda Ave","site":"7P","delivered":"2019-01-02T00:00:00.000","completed":"2019-01-07T00:00:00.000","estimated_canopy_coverage":"490.873852","source":"City Nursery","program_year":"2019",":@computed_region_x6fk_ihs5":"31",":@computed_region_b3ci_nw94":"36",":@computed_region_38t5_wna6":"36",":@computed_region_25t2_rbz7":"2943"}},
{"type":"Feature","geometry":{"type":"Point","coordinates":[-76.290054,36.845811]},"properties":{":id":"row-rj45~kq2d.vc74",":version":"rv-da5r~9i25_j82a",":created_at":"2019-08-20T12:51:30.666Z",":updated_at":"2019-08-20T12:51:31.403Z","genus":"Ilex","species":"x attenuata","common_name":"East Palatka holly","street_number":"321","street_name":"E Main St","site":"3F","delivered":"2018-01-31T00:00:00.000","completed":"2018-02-01T00:00:00.000","estimated_canopy_coverage":"176.714587","source":"City Nursery","program_year":"2018",":@computed_region_x6fk_ihs5":"22",":@computed_region_b3ci_nw94":"26",":@computed_region_38t5_wna6":"26",":@computed_region_25t2_rbz7":"2943"}},
{"type":"Feature","geometry":{"type":"Point","coordinates":[-76.282311,36.871044]},"properties":{":id":"row-pafp_zc52.qmwh",":version":"rv-jn4n~xf6p.igax",":created_at":"2019-08-20T12:51:30.666Z",":updated_at":"2019-08-20T12:51:31.403Z","genus":"Taxodium","species":"ascendens","common_name":"Pond cypress","street_number":"2612","street_name":"Monticello Ave","site":"4S","delivered":"2017-12-13T00:00:00.000","completed":"2018-01-11T00:00:00.000","estimated_canopy_coverage":"490.873852","source":"City Nursery","program_year":"2018",":@computed_region_x6fk_ihs5":"128",":@computed_region_b3ci_nw94":"128",":@computed_region_38t5_wna6":"128",":@computed_region_25t2_rbz7":"2943"}},
{"type":"Feature","geometry":{"type":"Point","coordinates":[-76.295673,36.857474]},"properties":{":id":"row-snit.wkch_p8zv",":version":"rv-8b4b~k7m7-wnnh",":created_at":"2019-08-20T12:51:30.666Z",":updated_at":"2019-08-20T12:51:31.403Z","genus":"Platanus","species":"mexicana","common_name":"Mexican sycamore","street_number":"407","street_name":"Fairfax Ave","site":"2S","delivered":"2018-11-26T00:00:00.000","completed":"2018-11-29T00:00:00.000","estimated_canopy_coverage":"1256.63706","source":"City Nursery","program_year":"2019",":@computed_region_x6fk_ihs5":"128",":@computed_region_b3ci_nw94":"128",":@computed_region_38t5_wna6":"128",":@computed_region_25t2_rbz7":"2943"}},
{"type":"Feature","geometry":{"type":"Point","coordinates":[-76.222309,36.897814]},"properties":{":id":"row-y4gj~vggk~dvpb",":version":"rv-jdif_y7mg~fpkn",":created_at":"2019-08-20T12:51:30.666Z",":updated_at":"2019-08-20T12:51:31.403Z","genus":"Lagerstroemia","species":"indica x fauriei 'Natchez'","common_name":"Natchez crape myrtle","street_number":"6235","street_name":"Ball Ave","site":"1S","delivered":"2017-10-30T00:00:00.000","completed":"2017-11-02T00:00:00.000","estimated_canopy_coverage":"314.159265","source":"City Nursery","program_year":"2018",":@computed_region_x6fk_ihs5":"10",":@computed_region_b3ci_nw94":"10",":@computed_region_38t5_wna6":"10",":@computed_region_25t2_rbz7":"2943"}},
{"type":"Feature","geometry":null,"properties":{":id":"row-tcuc~wsuu~7vqy",":version":"rv-uaku_5bhu-y44a",":created_at":"2019-08-20T12:51:30.666Z",":updated_at":"2019-08-20T12:51:31.403Z","genus":"Quercus","species":"virginiana","common_name":"Live oak","street_number":null,"street_name":"Waterside Drive","site":null,"delivered":"2017-11-30T00:00:00.000","completed":"2017-12-05T00:00:00.000","estimated_canopy_coverage":"6361.72512","source":"City Nursery","program_year":"2018",":@computed_region_x6fk_ihs5":null,":@computed_region_b3ci_nw94":null,":@computed_region_38t5_wna6":null,":@computed_region_25t2_rbz7":null}},
{"type":"Feature","geometry":{"type":"Point","coordinates":[-76.297994,36.858553]},"properties":{":id":"row-3wj9.u345_zqrs",":version":"rv-przn.8y74.jymt",":created_at":"2019-08-20T12:51:30.666Z",":updated_at":"2019-08-20T12:51:31.403Z","genus":"Quercus","species":"geminata","common_name":"Sand live oak","street_number":"524","street_name":"Fairfax Ave","site":"1F","delivered":"2018-11-26T00:00:00.000","completed":"2018-11-28T00:00:00.000","estimated_canopy_coverage":"2826","source":"City Nursery","program_year":"2019",":@computed_region_x6fk_ihs5":"33",":@computed_region_b3ci_nw94":"38",":@computed_region_38t5_wna6":"38",":@computed_region_25t2_rbz7":"2943"}},
{"type":"Feature","geometry":{"type":"Point","coordinates":[-76.226623,36.869377]},"properties":{":id":"row-j8bn.ywhw.5qjj",":version":"rv-f5e4-hkk2-472g",":created_at":"2019-08-20T12:51:30.666Z",":updated_at":"2019-08-20T12:51:31.403Z","genus":"Betula","species":"nigra 'Heritage'","common_name":"Heritage river birch","street_number":"4914","street_name":"E Princess Anne Rd","site":"3M","delivered":"2017-11-27T00:00:00.000","completed":"2017-11-29T00:00:00.000","estimated_canopy_coverage":"962.11275","source":"City Nursery","program_year":"2018",":@computed_region_x6fk_ihs5":"31",":@computed_region_b3ci_nw94":"36",":@computed_region_38t5_wna6":"36",":@computed_region_25t2_rbz7":"2943"}},
{"type":"Feature","geometry":{"type":"Point","coordinates":[-76.20057400000002,36.8382]},"properties":{":id":"row-vxni.4zmw-hbar",":version":"rv-2xdt-e4xz.gfj5",":created_at":"2019-08-20T12:51:30.666Z",":updated_at":"2019-08-20T12:51:31.403Z","genus":"Cercis","species":"canadensis","common_name":"Redbud","street_number":"5948","street_name":"Sellger Dr","site":"1M","delivered":"2017-12-12T00:00:00.000","completed":"2018-01-30T00:00:00.000","estimated_canopy_coverage":"490.873852","source":"City Nursery","program_year":"2018",":@computed_region_x6fk_ihs5":"75",":@computed_region_b3ci_nw94":"81",":@computed_region_38t5_wna6":"81",":@computed_region_25t2_rbz7":"2943"}},
{"type":"Feature","geometry":{"type":"Point","coordinates":[-76.267243,36.963562]},"properties":{":id":"row-969f~pxe6_air5",":version":"rv-u584-77j4-9s7a",":created_at":"2019-08-20T12:51:30.666Z",":updated_at":"2019-08-20T12:51:31.403Z","genus":"Quercus","species":"virginiana","common_name":"Live oak","street_number":"635","street_name":"W. Ocean View Ave","site":"7M","delivered":"2019-02-07T00:00:00.000","completed":"2019-02-13T00:00:00.000","estimated_canopy_coverage":"6361.72512","source":"City Nursery","program_year":"2019",":@computed_region_x6fk_ihs5":"98",":@computed_region_b3ci_nw94":"31",":@computed_region_38t5_wna6":"31",":@computed_region_25t2_rbz7":"2943"}},
{"type":"Feature","geometry":{"type":"Point","coordinates":[-76.29303000000002,36.879365]},"properties":{":id":"row-j4yz-ybci_fw26",":version":"rv-mm6s_3wbg~qtqh",":created_at":"2019-08-20T12:51:30.666Z",":updated_at":"2019-08-20T12:51:31.403Z","genus":"Quercus","species":"muehlenbergii","common_name":"Chinquapin oak","street_number":"705","street_name":"37th St","site":"2F","delivered":"2019-01-15T00:00:00.000","completed":"2019-01-16T00:00:00.000","estimated_canopy_coverage":"2826","source":"City Nursery","program_year":"2019",":@computed_region_x6fk_ihs5":"46",":@computed_region_b3ci_nw94":"51",":@computed_region_38t5_wna6":"51",":@computed_region_25t2_rbz7":"2943"}},
{"type":"Feature","geometry":{"type":"Point","coordinates":[-76.282646,36.870203]},"properties":{":id":"row-7ip5~6tbs-2ism",":version":"rv-2eek_32z4_gs44",":created_at":"2019-08-20T12:51:30.666Z",":updated_at":"2019-08-20T12:51:31.403Z","genus":"Ostrya","species":"virginiana","common_name":"Hophornbeam","street_number":"2500","street_name":"Monticello Ave","site":"3S","delivered":"2017-12-13T00:00:00.000","completed":"2018-01-11T00:00:00.000","estimated_canopy_coverage":"706.858347","source":"City Nursery","program_year":"2018",":@computed_region_x6fk_ihs5":"128",":@computed_region_b3ci_nw94":"128",":@computed_region_38t5_wna6":"128",":@computed_region_25t2_rbz7":"2943"}},
{"type":"Feature","geometry":{"type":"Point","coordinates":[-76.232701,36.934134]},"properties":{":id":"row-qv5g-u6xf_rpad",":version":"rv-9wh7_px7x-fe6q",":created_at":"2019-08-20T12:51:30.666Z",":updated_at":"2019-08-20T12:51:31.403Z","genus":"Quercus","species":"bicolor","common_name":"Bicolor oak","street_number":"1611","street_name":"Croyden Rd","site":"1S","delivered":"2019-02-08T00:00:00.000","completed":"2019-02-13T00:00:00.000","estimated_canopy_coverage":"3846","source":"City Nursery","program_year":"2019",":@computed_region_x6fk_ihs5":"103",":@computed_region_b3ci_nw94":"103",":@computed_region_38t5_wna6":"103",":@computed_region_25t2_rbz7":"2943"}},
{"type":"Feature","geometry":{"type":"Point","coordinates":[-76.294603,36.856987]},"properties":{":id":"row-gr8f~6atr.2hhy",":version":"rv-dd32.5zfu_83tn",":created_at":"2019-08-20T12:51:30.666Z",":updated_at":"2019-08-20T12:51:31.403Z","genus":"Quercus","species":"geminata","common_name":"Sand live oak","street_number":"328","street_name":"Fairfax Ave","site":"1F","delivered":"2018-12-07T00:00:00.000","completed":"2018-11-28T00:00:00.000","estimated_canopy_coverage":"2826","source":"City Nursery","program_year":"2019",":@computed_region_x6fk_ihs5":"128",":@computed_region_b3ci_nw94":"128",":@computed_region_38t5_wna6":"128",":@computed_region_25t2_rbz7":"2943"}},
{"type":"Feature","geometry":{"type":"Point","coordinates":[-76.299017,36.862918]},"properties":{":id":"row-hsxz_7nwx~5i8b",":version":"rv-idke.thrd.2rz3",":created_at":"2019-08-20T12:51:30.666Z",":updated_at":"2019-08-20T12:51:31.403Z","genus":"Styrax","species":"japonicus","common_name":"Japanese snowbell","street_number":"710","street_name":"Redgate Ave","site":"1F","delivered":"2018-11-28T00:00:00.000","completed":"2018-12-05T00:00:00.000","estimated_canopy_coverage":"706.858347","source":"City Nursery","program_year":"2019",":@computed_region_x6fk_ihs5":"33",":@computed_region_b3ci_nw94":"38",":@computed_region_38t5_wna6":"38",":@computed_region_25t2_rbz7":"2943"}},
{"type":"Feature","geometry":{"type":"Point","coordinates":[-76.293277,36.879353]},"properties":{":id":"row-3qzb_p84i~wrhh",":version":"rv-pm25.gr82~jbux",":created_at":"2019-08-20T12:51:30.666Z",":updated_at":"2019-08-20T12:51:31.403Z","genus":"Quercus","species":"prinoides","common_name":"Dwarf chinquapin oak","street_number":"710","street_name":"37th St","site":"1F","delivered":"2019-01-07T00:00:00.000","completed":"2019-01-23T00:00:00.000","estimated_canopy_coverage":"153.93804","source":"City Nursery","program_year":"2019",":@computed_region_x6fk_ihs5":"46",":@computed_region_b3ci_nw94":"51",":@computed_region_38t5_wna6":"51",":@computed_region_25t2_rbz7":"2943"}},
{"type":"Feature","geometry":{"type":"Point","coordinates":[-76.29285400000002,36.86767]},"properties":{":id":"row-cnzy.x2gy-vuas",":version":"rv-zdba.bgiu~yf6k",":created_at":"2019-08-20T12:51:30.666Z",":updated_at":"2019-08-20T12:51:31.403Z","genus":"Acer","species":"barbatum","common_name":"Florida maple","street_number":"502","street_name":"Washington Park","site":"6M","delivered":"2018-11-13T00:00:00.000","completed":"2018-11-20T00:00:00.000","estimated_canopy_coverage":"1256.63706","source":"City Nursery","program_year":"2019",":@computed_region_x6fk_ihs5":"33",":@computed_region_b3ci_nw94":"38",":@computed_region_38t5_wna6":"38",":@computed_region_25t2_rbz7":"2943"}},
{"type":"Feature","geometry":{"type":"Point","coordinates":[-76.234679,36.851632]},"properties":{":id":"row-tnnh.6pv8~wvuw",":version":"rv-yjpr_m8s7_dtet",":created_at":"2019-08-20T12:51:30.666Z",":updated_at":"2019-08-20T12:51:31.403Z","genus":"Prunus","species":"cerasifera 'Krauter Vesuvius'","common_name":"Krauter Vesuvius purple leaf plum","street_number":"954","street_name":"Elm St","site":"3F","delivered":"2018-12-12T00:00:00.000","completed":"2019-01-07T00:00:00.000","estimated_canopy_coverage":"314.159265","source":"City Nursery","program_year":"2019",":@computed_region_x6fk_ihs5":"44",":@computed_region_b3ci_nw94":"49",":@computed_region_38t5_wna6":"49",":@computed_region_25t2_rbz7":"2943"}},
{"type":"Feature","geometry":{"type":"Point","coordinates":[-76.29285400000002,36.86767]},"properties":{":id":"row-xn3x.g375.a239",":version":"rv-u3wi-6xb3-bhft",":created_at":"2019-08-20T12:51:30.666Z",":updated_at":"2019-08-20T12:51:31.403Z","genus":"Acer","species":"barbatum","common_name":"Florida maple","street_number":"502","street_name":"Washington Park","site":"8M","delivered":"2018-11-13T00:00:00.000","completed":"2018-11-20T00:00:00.000","estimated_canopy_coverage":"1256.63706","source":"City Nursery","program_year":"2019",":@computed_region_x6fk_ihs5":"33",":@computed_region_b3ci_nw94":"38",":@computed_region_38t5_wna6":"38",":@computed_region_25t2_rbz7":"2943"}},
{"type":"Feature","geometry":{"type":"Point","coordinates":[-76.312116,36.915222]},"properties":{":id":"row-69bb-4j7j.nnfp",":version":"rv-meby-a9uc~6cip",":created_at":"2019-08-20T12:51:30.666Z",":updated_at":"2019-08-20T12:51:31.403Z","genus":"Platanus","species":"mexicana","common_name":"Mexican sycamore","street_number":"7721","street_name":"Argyle Ave","site":"1F","delivered":"2017-10-26T00:00:00.000","completed":"2017-10-30T00:00:00.000","estimated_canopy_coverage":"1256.63706","source":"City Nursery","program_year":"2018",":@computed_region_x6fk_ihs5":"52",":@computed_region_b3ci_nw94":"58",":@computed_region_38t5_wna6":"58",":@computed_region_25t2_rbz7":"2943"}},
{"type":"Feature","geometry":{"type":"Point","coordinates":[-76.24024,36.934219000000006]},"properties":{":id":"row-x3bj.g59j.3wwh",":version":"rv-pwkd.89gs_7i9a",":created_at":"2019-08-20T12:51:30.666Z",":updated_at":"2019-08-20T12:51:31.403Z","genus":"Ulmus","species":"americana 'Princeton'","common_name":"Princeton American elm","street_number":"1324","street_name":"E. Bayview Blvd","site":"1F","delivered":"2019-01-02T00:00:00.000","completed":"2019-02-26T00:00:00.000","estimated_canopy_coverage":"1256.63706","source":"City Nursery","program_year":"2019",":@computed_region_x6fk_ihs5":"103",":@computed_region_b3ci_nw94":"103",":@computed_region_38t5_wna6":"103",":@computed_region_25t2_rbz7":"2943"}},
{"type":"Feature","geometry":{"type":"Point","coordinates":[-76.304057,36.867196]},"properties":{":id":"row-pm2v.k8f9-k3dv",":version":"rv-e3ky.dsgu~x9dd",":created_at":"2019-08-20T12:51:30.666Z",":updated_at":"2019-08-20T12:51:31.403Z","genus":"Cercis","species":"canadensis","common_name":"Redbud","street_number":"1030","street_name":"Graydon Ave","site":"1F","delivered":"2018-01-19T00:00:00.000","completed":"2018-01-22T00:00:00.000","estimated_canopy_coverage":"490.873852","source":"City Nursery","program_year":"2018",":@computed_region_x6fk_ihs5":"97",":@computed_region_b3ci_nw94":"98",":@computed_region_38t5_wna6":"98",":@computed_region_25t2_rbz7":"2943"}},
{"type":"Feature","geometry":{"type":"Point","coordinates":[-76.219257,36.901711]},"properties":{":id":"row-7iue~atna~xrib",":version":"rv-8dtr.v5en-ttcy",":created_at":"2019-08-20T12:51:30.666Z",":updated_at":"2019-08-20T12:51:31.403Z","genus":"Cercis","species":"canadensis 'Merlot'","common_name":"Merlot redbud","street_number":"6435","street_name":"Aldow Dr","site":"1F","delivered":"2017-12-04T00:00:00.000","completed":"2017-11-30T00:00:00.000","estimated_canopy_coverage":"490.873852","source":"City Nursery","program_year":"2018",":@computed_region_x6fk_ihs5":"54",":@computed_region_b3ci_nw94":"60",":@computed_region_38t5_wna6":"60",":@computed_region_25t2_rbz7":"2943"}},
{"type":"Feature","geometry":{"type":"Point","coordinates":[-76.177096,36.856544]},"properties":{":id":"row-cgvj-edk8-d3mt",":version":"rv-4m78_pt3u-daru",":created_at":"2019-08-20T12:51:30.666Z",":updated_at":"2019-08-20T12:51:31.403Z","genus":"Ostrya","species":"virginiana","common_name":"Hophornbeam","street_number":"115","street_name":"N Newtown Rd","site":"6M","delivered":"2017-11-09T00:00:00.000","completed":"2017-11-14T00:00:00.000","estimated_canopy_coverage":"706.858347","source":"City Nursery","program_year":"2018",":@computed_region_x6fk_ihs5":null,":@computed_region_b3ci_nw94":null,":@computed_region_38t5_wna6":null,":@computed_region_25t2_rbz7":"2951"}},
{"type":"Feature","geometry":{"type":"Point","coordinates":[-76.260503,36.82327]},"properties":{":id":"row-75yp-u4j4.htbs",":version":"rv-dae2.btch~m6fy",":created_at":"2019-08-20T12:51:30.666Z",":updated_at":"2019-08-20T12:51:31.403Z","genus":"Magnolia","species":"virginiana","common_name":"Sweetbay magnolia","street_number":"1750","street_name":"Campostella Rd","site":"6B","delivered":"2017-10-30T00:00:00.000","completed":"2017-11-03T00:00:00.000","estimated_canopy_coverage":"490.873852","source":"City Nursery","program_year":"2018",":@computed_region_x6fk_ihs5":"128",":@computed_region_b3ci_nw94":"128",":@computed_region_38t5_wna6":"128",":@computed_region_25t2_rbz7":"2943"}},
{"type":"Feature","geometry":{"type":"Point","coordinates":[-76.265672,36.86659]},"properties":{":id":"row-qtp6.88eh-qe8j",":version":"rv-q633~x8ac_p26a",":created_at":"2019-08-20T12:51:30.666Z",":updated_at":"2019-08-20T12:51:31.403Z","genus":"Acer","species":"buergerianum","common_name":"Trident maple","street_number":"1136","street_name":"Vista Ave","site":"1P","delivered":"2019-01-07T00:00:00.000","completed":"2019-01-09T00:00:00.000","estimated_canopy_coverage":"1256.63706","source":"City Nursery","program_year":"2019",":@computed_region_x6fk_ihs5":"51",":@computed_region_b3ci_nw94":"57",":@computed_region_38t5_wna6":"57",":@computed_region_25t2_rbz7":"2943"}},
{"type":"Feature","geometry":{"type":"Point","coordinates":[-76.18022,36.848987]},"properties":{":id":"row-dxwj.xzuz-9qt5",":version":"rv-75za.vd6u_iqia",":created_at":"2019-08-20T12:51:30.666Z",":updated_at":"2019-08-20T12:51:31.403Z","genus":"Ostrya","species":"virginiana","common_name":"Hophornbeam","street_number":"701","street_name":"N Newtown Rd","site":"10M","delivered":"2017-11-16T00:00:00.000","completed":"2017-11-15T00:00:00.000","estimated_canopy_coverage":"706.858347","source":"City Nursery","program_year":"2018",":@computed_region_x6fk_ihs5":"59",":@computed_region_b3ci_nw94":"66",":@computed_region_38t5_wna6":"66",":@computed_region_25t2_rbz7":"2951"}},
{"type":"Feature","geometry":{"type":"Point","coordinates":[-76.304728,36.879555]},"properties":{":id":"row-wp62-rv8h_ky76",":version":"rv-vdsn_jwsq~45p7",":created_at":"2019-08-20T12:51:30.666Z",":updated_at":"2019-08-20T12:51:31.403Z","genus":"Betula","species":"nigra 'Heritage'","common_name":"Heritage river birch","street_number":"1268","street_name":"W 38th St","site":"5S","delivered":"2014-12-04T00:00:00.000","completed":"2017-12-06T00:00:00.000","estimated_canopy_coverage":"962.11275","source":"City Nursery","program_year":"2018",":@computed_region_x6fk_ihs5":"48",":@computed_region_b3ci_nw94":"53",":@computed_region_38t5_wna6":"53",":@computed_region_25t2_rbz7":"2943"}},
{"type":"Feature","geometry":{"type":"Point","coordinates":[-76.30445,36.870987]},"properties":{":id":"row-ka8r.daph_ymxf",":version":"rv-4g4y_u3ta.yecm",":created_at":"2019-08-20T12:51:30.666Z",":updated_at":"2019-08-20T12:51:31.403Z","genus":"Styrax","species":"japonicus","common_name":"Japanese snowbell","street_number":"1215","street_name":"Brandon Ave","site":"1F","delivered":"2017-12-06T00:00:00.000","completed":"2017-12-15T00:00:00.000","estimated_canopy_coverage":"706.858347","source":"City Nursery","program_year":"2018",":@computed_region_x6fk_ihs5":"97",":@computed_region_b3ci_nw94":"98",":@computed_region_38t5_wna6":"98",":@computed_region_25t2_rbz7":"2943"}},
{"type":"Feature","geometry":{"type":"Point","coordinates":[-76.304015,36.867908]},"properties":{":id":"row-n62y_smu2_kfgs",":version":"rv-ikdy_fm2y-j8db",":created_at":"2019-08-20T12:51:30.666Z",":updated_at":"2019-08-20T12:51:31.403Z","genus":"Halesia","species":"diptera","common_name":"Two-winged silverbell","street_number":"1119","street_name":"Matoaka Ave","site":"3F","delivered":"2018-12-07T00:00:00.000","completed":"2018-11-19T00:00:00.000","estimated_canopy_coverage":"706.5","source":"City Nursery","program_year":"2019",":@computed_region_x6fk_ihs5":"97",":@computed_region_b3ci_nw94":"98",":@computed_region_38t5_wna6":"98",":@computed_region_25t2_rbz7":"2943"}},
{"type":"Feature","geometry":{"type":"Point","coordinates":[-76.239567,36.894818]},"properties":{":id":"row-zb86.hy8j.tyha",":version":"rv-7mtv_sr2d.pqnh",":created_at":"2019-08-20T12:51:30.666Z",":updated_at":"2019-08-20T12:51:31.403Z","genus":"Cercis","species":"canadensis","common_name":"Redbud","street_number":"6326","street_name":"6326 Sewells Point Rd","site":"2SC","delivered":"2018-01-24T00:00:00.000","completed":"2018-01-26T00:00:00.000","estimated_canopy_coverage":"490.873852","source":"City Nursery","program_year":"2018",":@computed_region_x6fk_ihs5":null,":@computed_region_b3ci_nw94":null,":@computed_region_38t5_wna6":null,":@computed_region_25t2_rbz7":"2943"}},
{"type":"Feature","geometry":{"type":"Point","coordinates":[-76.239275,36.900374]},"properties":{":id":"row-35zp.i55j-qjbg",":version":"rv-2mvb_tt8g~pt52",":created_at":"2019-08-20T12:51:30.666Z",":updated_at":"2019-08-20T12:51:31.403Z","genus":"Quercus","species":"prinoides","common_name":"Dwarf chinquapin oak","street_number":"6501","street_name":"Chesapeake Blvd","site":"5SC","delivered":"2018-01-10T00:00:00.000","completed":"2018-01-19T00:00:00.000","estimated_canopy_coverage":"153.93804","source":"City Nursery","program_year":"2018",":@computed_region_x6fk_ihs5":"128",":@computed_region_b3ci_nw94":"128",":@computed_region_38t5_wna6":"128",":@computed_region_25t2_rbz7":"2943"}},
{"type":"Feature","geometry":{"type":"Point","coordinates":[-76.304529,36.871027]},"properties":{":id":"row-c77f_r3nz.cseb",":version":"rv-ct47_ips4_m5pq",":created_at":"2019-08-20T12:51:30.666Z",":updated_at":"2019-08-20T12:51:31.403Z","genus":"Acer","species":"buergerianum","common_name":"Trident maple","street_number":"1214","street_name":"1214 Brandon Ave","site":"2F","delivered":"2017-12-18T00:00:00.000","completed":"2017-12-20T00:00:00.000","estimated_canopy_coverage":"1256.63706","source":"City Nursery","program_year":"2018",":@computed_region_x6fk_ihs5":"97",":@computed_region_b3ci_nw94":"98",":@computed_region_38t5_wna6":"98",":@computed_region_25t2_rbz7":"2943"}},
{"type":"Feature","geometry":{"type":"Point","coordinates":[-76.240021,36.895143]},"properties":{":id":"row-5zet_jyp5~2qtb",":version":"rv-tysf_5gyu~9fgq",":created_at":"2019-08-20T12:51:30.666Z",":updated_at":"2019-08-20T12:51:31.403Z","genus":"Taxodium","species":"distichum","common_name":"Bald cypress","street_number":"6325","street_name":"Sewells Point Rd","site":"8SC","delivered":"2018-01-10T00:00:00.000","completed":"2018-01-22T00:00:00.000","estimated_canopy_coverage":"490.873852","source":"City Nursery","program_year":"2018",":@computed_region_x6fk_ihs5":"81",":@computed_region_b3ci_nw94":"86",":@computed_region_38t5_wna6":"86",":@computed_region_25t2_rbz7":"2943"}},
{"type":"Feature","geometry":{"type":"Point","coordinates":[-76.252164,36.877428]},"properties":{":id":"row-fv4x_zw36_z8de",":version":"rv-24f9-n7wh~c6jb",":created_at":"2019-08-20T12:51:30.666Z",":updated_at":"2019-08-20T12:51:31.403Z","genus":"Ulmus","species":"alata","common_name":"Winged elm","street_number":"3310","street_name":"Cromwell Dr","site":"2M","delivered":"2019-01-15T00:00:00.000","completed":"2019-03-01T00:00:00.000","estimated_canopy_coverage":"1256","source":"City Nursery","program_year":"2019",":@computed_region_x6fk_ihs5":"29",":@computed_region_b3ci_nw94":"29",":@computed_region_38t5_wna6":"29",":@computed_region_25t2_rbz7":"2943"}},
{"type":"Feature","geometry":null,"properties":{":id":"row-t2sh-vnda~duen",":version":"rv-i9in~vqtn.qqij",":created_at":"2019-08-20T12:51:30.666Z",":updated_at":"2019-08-20T12:51:31.403Z","genus":"Quercus","species":"phellos","common_name":"Willow oak","street_number":"1001","street_name":"W. Brambleton Ave","site":"1P","delivered":"2018-01-19T00:00:00.000","completed":"2018-01-25T00:00:00.000","estimated_canopy_coverage":"1963.49541","source":"City Nursery","program_year":"2018",":@computed_region_x6fk_ihs5":null,":@computed_region_b3ci_nw94":null,":@computed_region_38t5_wna6":null,":@computed_region_25t2_rbz7":null}},
{"type":"Feature","geometry":{"type":"Point","coordinates":[-76.30333,36.878377]},"properties":{":id":"row-hz3d.6ndy-kfur",":version":"rv-wxdd-t2ec.4ejf",":created_at":"2019-08-20T12:51:30.666Z",":updated_at":"2019-08-20T12:51:31.403Z","genus":"Cercis","species":"canadensis","common_name":"Redbud","street_number":"3700","street_name":"Bowdens Ferry Rd","site":"3S","delivered":"2017-12-04T00:00:00.000","completed":"2017-12-06T00:00:00.000","estimated_canopy_coverage":"490.873852","source":"City Nursery","program_year":"2018",":@computed_region_x6fk_ihs5":"48",":@computed_region_b3ci_nw94":"53",":@computed_region_38t5_wna6":"53",":@computed_region_25t2_rbz7":"2943"}},
{"type":"Feature","geometry":{"type":"Point","coordinates":[-76.29285400000002,36.86767]},"properties":{":id":"row-p972_n3x9-bciy",":version":"rv-wenn_92k2_9nck",":created_at":"2019-08-20T12:51:30.666Z",":updated_at":"2019-08-20T12:51:31.403Z","genus":"Acer","species":"barbatum","common_name":"Florida maple","street_number":"502","street_name":"Washington Park","site":"1M","delivered":"2018-11-13T00:00:00.000","completed":"2018-11-20T00:00:00.000","estimated_canopy_coverage":"1256.63706","source":"City Nursery","program_year":"2019",":@computed_region_x6fk_ihs5":"33",":@computed_region_b3ci_nw94":"38",":@computed_region_38t5_wna6":"38",":@computed_region_25t2_rbz7":"2943"}},
{"type":"Feature","geometry":{"type":"Point","coordinates":[-76.2123,36.879587]},"properties":{":id":"row-emg5_x9jy~2gyt",":version":"rv-r5zp-n8yc~8px8",":created_at":"2019-08-20T12:51:30.666Z",":updated_at":"2019-08-20T12:51:31.403Z","genus":"Prunus","species":"yeodensis","common_name":"Yoshino cherry","street_number":"2500","street_name":"N Military Hwy","site":"1B","delivered":"2017-12-04T00:00:00.000","completed":"2017-12-05T00:00:00.000","estimated_canopy_coverage":"1256.63706","source":"City Nursery","program_year":"2018",":@computed_region_x6fk_ihs5":"128",":@computed_region_b3ci_nw94":"128",":@computed_region_38t5_wna6":"128",":@computed_region_25t2_rbz7":"2943"}},
{"type":"Feature","geometry":{"type":"Point","coordinates":[-76.218879,36.906077]},"properties":{":id":"row-vyq4-2h2f_7iav",":version":"rv-j2nv.ssbg~ayfw",":created_at":"2019-08-20T12:51:30.666Z",":updated_at":"2019-08-20T12:51:31.403Z","genus":"Cercis","species":"canadensis 'Merlot'","common_name":"Merlot redbud","street_number":"1952","street_name":"Paddock Rd","site":"4M","delivered":"2018-11-20T00:00:00.000","completed":"2018-12-17T00:00:00.000","estimated_canopy_coverage":"490.873852","source":"City Nursery","program_year":"2019",":@computed_region_x6fk_ihs5":"54",":@computed_region_b3ci_nw94":"60",":@computed_region_38t5_wna6":"60",":@computed_region_25t2_rbz7":"2943"}},
{"type":"Feature","geometry":{"type":"Point","coordinates":[-76.296543,36.868314]},"properties":{":id":"row-4ma9_pvy9_a5t2",":version":"rv-c8c3~jtrr-euc7",":created_at":"2019-08-20T12:51:30.666Z",":updated_at":"2019-08-20T12:51:31.403Z","genus":"Quercus","species":"phellos","common_name":"Willow oak","street_number":"730","street_name":"Spotswood Ave","site":"6SC","delivered":"2018-11-28T00:00:00.000","completed":"2018-11-27T00:00:00.000","estimated_canopy_coverage":"1963.49541","source":"City Nursery","program_year":"2019",":@computed_region_x6fk_ihs5":"33",":@computed_region_b3ci_nw94":"38",":@computed_region_38t5_wna6":"38",":@computed_region_25t2_rbz7":"2943"}},
{"type":"Feature","geometry":{"type":"Point","coordinates":[-76.300641,36.89142]},"properties":{":id":"row-6nfr-3rzt-nxn2",":version":"rv-gax2-g4sh_qskm",":created_at":"2019-08-20T12:51:30.666Z",":updated_at":"2019-08-20T12:51:31.403Z","genus":"Chionanthus","species":"virginicus","common_name":"White fringetree","street_number":"1145","street_name":"Bolling Ave","site":"7SC","delivered":"2017-12-04T00:00:00.000","completed":"2017-12-12T00:00:00.000","estimated_canopy_coverage":"176.714587","source":"City Nursery","program_year":"2018",":@computed_region_x6fk_ihs5":"49",":@computed_region_b3ci_nw94":"54",":@computed_region_38t5_wna6":"54",":@computed_region_25t2_rbz7":"2943"}},
{"type":"Feature","geometry":{"type":"Point","coordinates":[-76.28486,36.874539]},"properties":{":id":"row-4i6c-wywz-92n9",":version":"rv-uad4~25h3_atj7",":created_at":"2019-08-20T12:51:30.666Z",":updated_at":"2019-08-20T12:51:31.403Z","genus":"Prunus","species":"cerasifera 'Krauter Vesuvius'","common_name":"Krauter Vesuvius purple leaf plum","street_number":"226","street_name":"W. 30th St","site":"2F","delivered":"2018-12-12T00:00:00.000","completed":"2019-01-23T00:00:00.000","estimated_canopy_coverage":"314.159265","source":"City Nursery","program_year":"2019",":@computed_region_x6fk_ihs5":"72",":@computed_region_b3ci_nw94":"78",":@computed_region_38t5_wna6":"78",":@computed_region_25t2_rbz7":"2943"}},
{"type":"Feature","geometry":{"type":"Point","coordinates":[-76.30171,36.899819]},"properties":{":id":"row-gcg7_dkhh.jmn5",":version":"rv-3j3b-3k34.xsa8",":created_at":"2019-08-20T12:51:30.666Z",":updated_at":"2019-08-20T12:51:31.403Z","genus":"Lagerstroemia","species":"indica x fauriei 'Tuscarora'","common_name":"Tuscarora crape myrtle","street_number":"1138","street_name":"Bedford Ave","site":"1F","delivered":"2017-12-28T00:00:00.000","completed":"2018-01-17T00:00:00.000","estimated_canopy_coverage":"314.159265","source":"Purchased","program_year":"2018",":@computed_region_x6fk_ihs5":"49",":@computed_region_b3ci_nw94":"54",":@computed_region_38t5_wna6":"54",":@computed_region_25t2_rbz7":"2943"}},
{"type":"Feature","geometry":{"type":"Point","coordinates":[-76.252413,36.898319]},"properties":{":id":"row-myz6-dakt~mkxz",":version":"rv-xga6-9nn5_dk7d",":created_at":"2019-08-20T12:51:30.666Z",":updated_at":"2019-08-20T12:51:31.403Z","genus":"Cercis","species":"canadensis","common_name":"Redbud","street_number":"880","street_name":"Philpotts Rd","site":"2F","delivered":"2017-10-26T00:00:00.000","completed":"2017-10-30T00:00:00.000","estimated_canopy_coverage":"490.873852","source":"City Nursery","program_year":"2018",":@computed_region_x6fk_ihs5":"109",":@computed_region_b3ci_nw94":"110",":@computed_region_38t5_wna6":"110",":@computed_region_25t2_rbz7":"2943"}},
{"type":"Feature","geometry":{"type":"Point","coordinates":[-76.275163,36.867087]},"properties":{":id":"row-y4ic~q79z_wudu",":version":"rv-7mg3~gvhz.vazf",":created_at":"2019-08-20T12:51:30.666Z",":updated_at":"2019-08-20T12:51:31.403Z","genus":"Acer","species":"campestre 'Evelyn'","common_name":"Queen Elizabeth hedge maple","street_number":"833","street_name":"Pollard St","site":"1F","delivered":"2018-11-27T00:00:00.000","completed":"2018-12-04T00:00:00.000","estimated_canopy_coverage":"490.873852","source":"City Nursery","program_year":"2019",":@computed_region_x6fk_ihs5":"51",":@computed_region_b3ci_nw94":"57",":@computed_region_38t5_wna6":"57",":@computed_region_25t2_rbz7":"2943"}},
{"type":"Feature","geometry":{"type":"Point","coordinates":[-76.257431,36.870493]},"properties":{":id":"row-8wx9.w8xp.f68f",":version":"rv-6ahq.rkqp~xg22",":created_at":"2019-08-20T12:51:30.666Z",":updated_at":"2019-08-20T12:51:31.403Z","genus":"Taxodium","species":"distichum 'Shawnee Brave'","common_name":"Shawnee Brave bald cypress","street_number":"2820","street_name":"Chesapeake Blvd","site":"30FL","delivered":"2018-01-31T00:00:00.000","completed":"2018-02-01T00:00:00.000","estimated_canopy_coverage":"490.873852","source":"City Nursery","program_year":"2018",":@computed_region_x6fk_ihs5":"3",":@computed_region_b3ci_nw94":"3",":@computed_region_38t5_wna6":"3",":@computed_region_25t2_rbz7":"2943"}},
{"type":"Feature","geometry":{"type":"Point","coordinates":[-76.2123,36.879587]},"properties":{":id":"row-qyax.pqgm_pmzu",":version":"rv-jkge_kq92_5sat",":created_at":"2019-08-20T12:51:30.666Z",":updated_at":"2019-08-20T12:51:31.403Z","genus":"Quercus","species":"laurifolia","common_name":"Laurel oak","street_number":"2500","street_name":"N Military Hwy","site":"10B","delivered":"2017-12-12T00:00:00.000","completed":"2017-12-12T00:00:00.000","estimated_canopy_coverage":"2827.43339","source":"City Nursery","program_year":"2018",":@computed_region_x6fk_ihs5":"128",":@computed_region_b3ci_nw94":"128",":@computed_region_38t5_wna6":"128",":@computed_region_25t2_rbz7":"2943"}},
{"type":"Feature","geometry":{"type":"Point","coordinates":[-76.185443,36.843475]},"properties":{":id":"row-fz5z~gaij_xkkr",":version":"rv-2afc_zz94_undd",":created_at":"2019-08-20T12:51:30.666Z",":updated_at":"2019-08-20T12:51:31.403Z","genus":"Nyssa","species":"sylvatica","common_name":"Black tupelo","street_number":"6370","street_name":"Newtown Rd","site":"1M","delivered":"2017-11-09T00:00:00.000","completed":"2017-11-14T00:00:00.000","estimated_canopy_coverage":"962.11275","source":"City Nursery","program_year":"2018",":@computed_region_x6fk_ihs5":"128",":@computed_region_b3ci_nw94":"128",":@computed_region_38t5_wna6":"128",":@computed_region_25t2_rbz7":"2951"}},
{"type":"Feature","geometry":{"type":"Point","coordinates":[-76.295614,36.85744700000001]},"properties":{":id":"row-vhvn.dgvu.k4a9",":version":"rv-6v6q.xxri~w3dv",":created_at":"2019-08-20T12:51:30.666Z",":updated_at":"2019-08-20T12:51:31.403Z","genus":"Ulmus","species":"alata","common_name":"Winged elm","street_number":"400","street_name":"Fairfax Ave","site":"1S","delivered":"2018-11-28T00:00:00.000","completed":"2018-12-06T00:00:00.000","estimated_canopy_coverage":"1256","source":"City Nursery","program_year":"2019",":@computed_region_x6fk_ihs5":"128",":@computed_region_b3ci_nw94":"128",":@computed_region_38t5_wna6":"128",":@computed_region_25t2_rbz7":"2943"}},
{"type":"Feature","geometry":{"type":"Point","coordinates":[-76.283541,36.872568]},"properties":{":id":"row-7kn6~435v_em7k",":version":"rv-pzs2.bp3g~rtev",":created_at":"2019-08-20T12:51:30.666Z",":updated_at":"2019-08-20T12:51:31.403Z","genus":"Quercus","species":"prinoides","common_name":"Dwarf chinquapin oak","street_number":"108","street_name":"W. 28th St","site":"1F","delivered":"2019-01-02T00:00:00.000","completed":"2018-12-06T00:00:00.000","estimated_canopy_coverage":"153.93804","source":"City Nursery","program_year":"2019",":@computed_region_x6fk_ihs5":"72",":@computed_region_b3ci_nw94":"78",":@computed_region_38t5_wna6":"78",":@computed_region_25t2_rbz7":"2943"}},
{"type":"Feature","geometry":{"type":"Point","coordinates":[-76.290719,36.84585]},"properties":{":id":"row-hndg_gbu9_ak7f",":version":"rv-k52x_uh8p_stx4",":created_at":"2019-08-20T12:51:30.666Z",":updated_at":"2019-08-20T12:51:31.403Z","genus":"Ilex","species":"x attenuata","common_name":"East Palatka holly","street_number":"235","street_name":"E Main St","site":"2F","delivered":"2018-01-31T00:00:00.000","completed":"2018-02-01T00:00:00.000","estimated_canopy_coverage":"176.714587","source":"City Nursery","program_year":"2018",":@computed_region_x6fk_ihs5":"22",":@computed_region_b3ci_nw94":"26",":@computed_region_38t5_wna6":"26",":@computed_region_25t2_rbz7":"2943"}},
{"type":"Feature","geometry":{"type":"Point","coordinates":[-76.259201,36.881798]},"properties":{":id":"row-tz2s_czwq_ihvf",":version":"rv-a36p.75uj-g692",":created_at":"2019-08-20T12:51:30.666Z",":updated_at":"2019-08-20T12:51:31.403Z","genus":"Prunus","species":"cerasifera 'Krauter Vesuvius'","common_name":"Krauter Vesuvius purple leaf plum","street_number":"3415","street_name":"Dunkirk Ave","site":"3S","delivered":"2018-12-12T00:00:00.000","completed":"2019-01-28T00:00:00.000","estimated_canopy_coverage":"314.159265","source":"City Nursery","program_year":"2019",":@computed_region_x6fk_ihs5":"29",":@computed_region_b3ci_nw94":"29",":@computed_region_38t5_wna6":"29",":@computed_region_25t2_rbz7":"2943"}},
{"type":"Feature","geometry":{"type":"Point","coordinates":[-76.263448,36.885922]},"properties":{":id":"row-y48d_6sts.7xnm",":version":"rv-gntg~mh6e_zn4s",":created_at":"2019-08-20T12:51:30.666Z",":updated_at":"2019-08-20T12:51:31.403Z","genus":"Ulmus","species":"alata","common_name":"Winged elm","street_number":"3519","street_name":"Elmore Pl","site":"1F","delivered":"2019-01-31T00:00:00.000","completed":"2019-03-07T00:00:00.000","estimated_canopy_coverage":"1256","source":"City Nursery","program_year":"2019",":@computed_region_x6fk_ihs5":"122",":@computed_region_b3ci_nw94":"122",":@computed_region_38t5_wna6":"122",":@computed_region_25t2_rbz7":"2943"}},
{"type":"Feature","geometry":{"type":"Point","coordinates":[-76.279323,36.911895]},"properties":{":id":"row-w93j.vew5~82ab",":version":"rv-df24.mawv~jzgp",":created_at":"2019-08-20T12:51:30.666Z",":updated_at":"2019-08-20T12:51:31.403Z","genus":"Quercus","species":"margarettae","common_name":"Sand post oak","street_number":"7300","street_name":"Newport Ave","site":"2B","delivered":"2018-01-10T00:00:00.000","completed":"2018-01-11T00:00:00.000","estimated_canopy_coverage":"706.858347","source":"City Nursery","program_year":"2018",":@computed_region_x6fk_ihs5":"94",":@computed_region_b3ci_nw94":"95",":@computed_region_38t5_wna6":"95",":@computed_region_25t2_rbz7":"2943"}},
{"type":"Feature","geometry":{"type":"Point","coordinates":[-76.240817,36.896514]},"properties":{":id":"row-dagc~8whc-g83w",":version":"rv-3h35_ab3v-zxcm",":created_at":"2019-08-20T12:51:30.666Z",":updated_at":"2019-08-20T12:51:31.403Z","genus":"Acer","species":"buergerianum","common_name":"Trident maple","street_number":"6380","street_name":"Sewells Point Rd","site":"8M","delivered":"2018-11-06T00:00:00.000","completed":"2018-11-09T00:00:00.000","estimated_canopy_coverage":"1256.63706","source":"City Nursery","program_year":"2019",":@computed_region_x6fk_ihs5":"128",":@computed_region_b3ci_nw94":"128",":@computed_region_38t5_wna6":"128",":@computed_region_25t2_rbz7":"2943"}},
{"type":"Feature","geometry":{"type":"Point","coordinates":[-76.255706,36.883275]},"properties":{":id":"row-fdvs-7e6y-hz3g",":version":"rv-2ciw.i78g_78h6",":created_at":"2019-08-20T12:51:30.666Z",":updated_at":"2019-08-20T12:51:31.403Z","genus":"Cercis","species":"canadensis 'Merlot'","common_name":"Merlot redbud","street_number":"3533","street_name":"Brest Ave","site":"1S","delivered":"2017-12-04T00:00:00.000","completed":"2017-12-06T00:00:00.000","estimated_canopy_coverage":"490.873852","source":"City Nursery","program_year":"2018",":@computed_region_x6fk_ihs5":"29",":@computed_region_b3ci_nw94":"29",":@computed_region_38t5_wna6":"29",":@computed_region_25t2_rbz7":"2943"}},
{"type":"Feature","geometry":{"type":"Point","coordinates":[-76.290719,36.84585]},"properties":{":id":"row-d2p9~d78m_8nus",":version":"rv-cjga~vcxc-mjy3",":created_at":"2019-08-20T12:51:30.666Z",":updated_at":"2019-08-20T12:51:31.403Z","genus":"Ginkgo","species":"biloba 'Shangri-La'","common_name":"Ginkgo","street_number":"235","street_name":"E Main St","site":"1S","delivered":"2017-11-29T00:00:00.000","completed":"2017-12-14T00:00:00.000","estimated_canopy_coverage":"1256.63706","source":"City Nursery","program_year":"2018",":@computed_region_x6fk_ihs5":"22",":@computed_region_b3ci_nw94":"26",":@computed_region_38t5_wna6":"26",":@computed_region_25t2_rbz7":"2943"}},
{"type":"Feature","geometry":{"type":"Point","coordinates":[-76.220555,36.888923]},"properties":{":id":"row-y297.8ytc_nwx2",":version":"rv-it5i_zefr-eubh",":created_at":"2019-08-20T12:51:30.666Z",":updated_at":"2019-08-20T12:51:31.403Z","genus":"Malus","species":"pumila 'King David'","common_name":"King David apple","street_number":"3475","street_name":"Azalea Garden Rd","site":"3M","delivered":"2018-11-28T00:00:00.000","completed":"2018-11-30T00:00:00.000","estimated_canopy_coverage":"177","source":"City Nursery","program_year":"2019",":@computed_region_x6fk_ihs5":"64",":@computed_region_b3ci_nw94":"48",":@computed_region_38t5_wna6":"48",":@computed_region_25t2_rbz7":"2943"}},
{"type":"Feature","geometry":{"type":"Point","coordinates":[-76.26432,36.887196]},"properties":{":id":"row-h6zv-hvs9.mywh",":version":"rv-rw7e.vxq2~ms3s",":created_at":"2019-08-20T12:51:30.666Z",":updated_at":"2019-08-20T12:51:31.403Z","genus":"Quercus","species":"muehlenbergii","common_name":"Chinquapin oak","street_number":"1610","street_name":"Cromwell Dr","site":"12L","delivered":"2018-11-27T00:00:00.000","completed":"2018-12-06T00:00:00.000","estimated_canopy_coverage":"2826","source":"City Nursery","program_year":"2019",":@computed_region_x6fk_ihs5":"122",":@computed_region_b3ci_nw94":"122",":@computed_region_38t5_wna6":"122",":@computed_region_25t2_rbz7":"2943"}},
{"type":"Feature","geometry":{"type":"Point","coordinates":[-76.26432,36.887196]},"properties":{":id":"row-9kre_e3mq-6x6i",":version":"rv-9imd.7eq6_hr4w",":created_at":"2019-08-20T12:51:30.666Z",":updated_at":"2019-08-20T12:51:31.403Z","genus":"Asminia","species":"triloba","common_name":"Pawpaw","street_number":"1610","street_name":"Cromwell Dr","site":"15L","delivered":"2018-12-03T00:00:00.000","completed":"2018-12-06T00:00:00.000","estimated_canopy_coverage":"706.5","source":"City Nursery","program_year":"2019",":@computed_region_x6fk_ihs5":"122",":@computed_region_b3ci_nw94":"122",":@computed_region_38t5_wna6":"122",":@computed_region_25t2_rbz7":"2943"}},
{"type":"Feature","geometry":{"type":"Point","coordinates":[-76.288903,36.845771]},"properties":{":id":"row-86j9.hzpc-ce8j",":version":"rv-tx3t-35xq_4bk8",":created_at":"2019-08-20T12:51:30.666Z",":updated_at":"2019-08-20T12:51:31.403Z","genus":"Ilex","species":"x attenuata","common_name":"East Palatka holly","street_number":"480","street_name":"Main St","site":"2F","delivered":"2018-01-31T00:00:00.000","completed":"2018-02-01T00:00:00.000","estimated_canopy_coverage":"176.714587","source":"City Nursery","program_year":"2018",":@computed_region_x6fk_ihs5":"22",":@computed_region_b3ci_nw94":"26",":@computed_region_38t5_wna6":"26",":@computed_region_25t2_rbz7":"2943"}},
{"type":"Feature","geometry":{"type":"Point","coordinates":[-76.21544300000001,36.877984000000005]},"properties":{":id":"row-zfnb.6sjt.wh2i",":version":"rv-xjgm.s8t9~rkeq",":created_at":"2019-08-20T12:51:30.666Z",":updated_at":"2019-08-20T12:51:31.403Z","genus":"Taxodium","species":"distichum","common_name":"Bald cypress","street_number":"2410","street_name":"Almeda Ave","site":"3P","delivered":"2019-01-02T00:00:00.000","completed":"2019-01-07T00:00:00.000","estimated_canopy_coverage":"490.873852","source":"City Nursery","program_year":"2019",":@computed_region_x6fk_ihs5":"31",":@computed_region_b3ci_nw94":"36",":@computed_region_38t5_wna6":"36",":@computed_region_25t2_rbz7":"2943"}},
{"type":"Feature","geometry":{"type":"Point","coordinates":[-76.294095,36.85167]},"properties":{":id":"row-k8z6_jrhw.tn39",":version":"rv-uxu7~wp4s.66jw",":created_at":"2019-08-20T12:51:30.666Z",":updated_at":"2019-08-20T12:51:31.403Z","genus":"Quercus","species":"virginiana","common_name":"Live oak","street_number":"323","street_name":"Freemason Ave","site":"4F","delivered":"2017-11-30T00:00:00.000","completed":"2017-12-05T00:00:00.000","estimated_canopy_coverage":"6361.72512","source":"City Nursery","program_year":"2018",":@computed_region_x6fk_ihs5":"32",":@computed_region_b3ci_nw94":"37",":@computed_region_38t5_wna6":"37",":@computed_region_25t2_rbz7":"2943"}},
{"type":"Feature","geometry":{"type":"Point","coordinates":[-76.288056,36.845733]},"properties":{":id":"row-szqr~dht2_ijs6",":version":"rv-64iz~467t_25wd",":created_at":"2019-08-20T12:51:30.666Z",":updated_at":"2019-08-20T12:51:31.403Z","genus":"Ilex","species":"x attenuata","common_name":"East Palatka holly","street_number":"500","street_name":"Main St","site":"3F","delivered":"2018-01-31T00:00:00.000","completed":"2018-02-01T00:00:00.000","estimated_canopy_coverage":"176.714587","source":"City Nursery","program_year":"2018",":@computed_region_x6fk_ihs5":"22",":@computed_region_b3ci_nw94":"26",":@computed_region_38t5_wna6":"26",":@computed_region_25t2_rbz7":"2943"}},
{"type":"Feature","geometry":{"type":"Point","coordinates":[-76.231533,36.903352]},"properties":{":id":"row-ywzt-2b8t~a8a9",":version":"rv-n9st.8n9w.dwyt",":created_at":"2019-08-20T12:51:30.666Z",":updated_at":"2019-08-20T12:51:31.403Z","genus":"Quercus","species":"virginiana","common_name":"Live oak","street_number":"6837","street_name":"Silverwood Ct","site":"1M","delivered":"2018-12-12T00:00:00.000","completed":"2019-01-04T00:00:00.000","estimated_canopy_coverage":"6361.72512","source":"City Nursery","program_year":"2019",":@computed_region_x6fk_ihs5":"55",":@computed_region_b3ci_nw94":"62",":@computed_region_38t5_wna6":"62",":@computed_region_25t2_rbz7":"2943"}},
{"type":"Feature","geometry":{"type":"Point","coordinates":[-76.219325,36.901894]},"properties":{":id":"row-sk2m_er9j.95vm",":version":"rv-g8ng.283d~y78h",":created_at":"2019-08-20T12:51:30.666Z",":updated_at":"2019-08-20T12:51:31.403Z","genus":"Cercis","species":"canadensis 'Merlot'","common_name":"Merlot redbud","street_number":"6441","street_name":"Aldow Dr","site":"1F","delivered":"2017-12-04T00:00:00.000","completed":"2018-01-25T00:00:00.000","estimated_canopy_coverage":"490.873852","source":"City Nursery","program_year":"2018",":@computed_region_x6fk_ihs5":"54",":@computed_region_b3ci_nw94":"60",":@computed_region_38t5_wna6":"60",":@computed_region_25t2_rbz7":"2943"}},
{"type":"Feature","geometry":{"type":"Point","coordinates":[-76.30154,36.857035]},"properties":{":id":"row-36pa~kvuy~pza9",":version":"rv-p3rt-dijp-52qp",":created_at":"2019-08-20T12:51:30.666Z",":updated_at":"2019-08-20T12:51:31.403Z","genus":"Nyssa","species":"sylvatica","common_name":"Black tupelo","street_number":"700","street_name":"Brambleton Ave","site":"9P","delivered":"2018-11-13T00:00:00.000","completed":"2018-11-16T00:00:00.000","estimated_canopy_coverage":"962.11275","source":"City Nursery","program_year":"2019",":@computed_region_x6fk_ihs5":"33",":@computed_region_b3ci_nw94":"38",":@computed_region_38t5_wna6":"38",":@computed_region_25t2_rbz7":"2943"}},
{"type":"Feature","geometry":{"type":"Point","coordinates":[-76.306719,36.871368]},"properties":{":id":"row-gv5h_y3pi~3jyi",":version":"rv-ms6x-7wav.77jc",":created_at":"2019-08-20T12:51:30.666Z",":updated_at":"2019-08-20T12:51:31.403Z","genus":"Nyssa","species":"sylvatica","common_name":"Black tupelo","street_number":"1406","street_name":"W Princess Anne Rd","site":"1F","delivered":"2017-11-29T00:00:00.000","completed":"2017-12-19T00:00:00.000","estimated_canopy_coverage":"962.11275","source":"City Nursery","program_year":"2018",":@computed_region_x6fk_ihs5":"97",":@computed_region_b3ci_nw94":"98",":@computed_region_38t5_wna6":"98",":@computed_region_25t2_rbz7":"2943"}},
{"type":"Feature","geometry":{"type":"Point","coordinates":[-76.255494,36.849314]},"properties":{":id":"row-8ajx~w5jd~qwtn",":version":"rv-thkn_7rih_rhre",":created_at":"2019-08-20T12:51:30.666Z",":updated_at":"2019-08-20T12:51:31.403Z","genus":"Ostrya","species":"virginiana","common_name":"Hophornbeam","street_number":"2724","street_name":"Park Cres","site":"9P","delivered":"2017-11-16T00:00:00.000","completed":"2017-12-12T00:00:00.000","estimated_canopy_coverage":"706.858347","source":"City Nursery","program_year":"2018",":@computed_region_x6fk_ihs5":"56",":@computed_region_b3ci_nw94":"63",":@computed_region_38t5_wna6":"63",":@computed_region_25t2_rbz7":"2943"}},
{"type":"Feature","geometry":{"type":"Point","coordinates":[-76.296543,36.868314]},"properties":{":id":"row-csyr-8wq2-d4cg",":version":"rv-jpwp-x7vq-8fhn",":created_at":"2019-08-20T12:51:30.666Z",":updated_at":"2019-08-20T12:51:31.403Z","genus":"Quercus","species":"phellos","common_name":"Willow oak","street_number":"730","street_name":"Spotswood Ave","site":"3SC","delivered":"2018-11-28T00:00:00.000","completed":"2018-11-27T00:00:00.000","estimated_canopy_coverage":"1963.49541","source":"City Nursery","program_year":"2019",":@computed_region_x6fk_ihs5":"33",":@computed_region_b3ci_nw94":"38",":@computed_region_38t5_wna6":"38",":@computed_region_25t2_rbz7":"2943"}},
{"type":"Feature","geometry":{"type":"Point","coordinates":[-76.240817,36.896514]},"properties":{":id":"row-vwbw_2a3k-ngj3",":version":"rv-tyff.25r2-ymcx",":created_at":"2019-08-20T12:51:30.666Z",":updated_at":"2019-08-20T12:51:31.403Z","genus":"Styrax","species":"japonicus","common_name":"Japanese snowbell","street_number":"6380","street_name":"Sewells Point Rd","site":"2B","delivered":"2018-01-10T00:00:00.000","completed":"2018-01-11T00:00:00.000","estimated_canopy_coverage":"706.858347","source":"City Nursery","program_year":"2018",":@computed_region_x6fk_ihs5":"128",":@computed_region_b3ci_nw94":"128",":@computed_region_38t5_wna6":"128",":@computed_region_25t2_rbz7":"2943"}},
{"type":"Feature","geometry":{"type":"Point","coordinates":[-76.306075,36.91202]},"properties":{":id":"row-63f2-tnbd~zj98",":version":"rv-8d86_8xqw-qsp2",":created_at":"2019-08-20T12:51:30.666Z",":updated_at":"2019-08-20T12:51:31.403Z","genus":"Cercis","species":"canadensis 'Forest Pansy'","common_name":"Forest Pansy redbud","street_number":"7403","street_name":"Hampton Blvd","site":"2F","delivered":"2017-10-26T00:00:00.000","completed":"2017-11-01T00:00:00.000","estimated_canopy_coverage":"490.873852","source":"City Nursery","program_year":"2018",":@computed_region_x6fk_ihs5":"52",":@computed_region_b3ci_nw94":"58",":@computed_region_38t5_wna6":"58",":@computed_region_25t2_rbz7":"2943"}},
{"type":"Feature","geometry":{"type":"Point","coordinates":[-76.298385,36.858734]},"properties":{":id":"row-uvfp-av5f~tbiz",":version":"rv-dwgn.pg93~hd9u",":created_at":"2019-08-20T12:51:30.666Z",":updated_at":"2019-08-20T12:51:31.403Z","genus":"Quercus","species":"geminata","common_name":"Sand live oak","street_number":"535","street_name":"Fairfax Ave","site":"3F","delivered":"2018-11-26T00:00:00.000","completed":"2018-11-21T00:00:00.000","estimated_canopy_coverage":"2826","source":"City Nursery","program_year":"2019",":@computed_region_x6fk_ihs5":"33",":@computed_region_b3ci_nw94":"38",":@computed_region_38t5_wna6":"38",":@computed_region_25t2_rbz7":"2943"}},
{"type":"Feature","geometry":{"type":"Point","coordinates":[-76.278371,36.861688]},"properties":{":id":"row-du65~cpae_effz",":version":"rv-rx5p_udcj.kwqg",":created_at":"2019-08-20T12:51:30.666Z",":updated_at":"2019-08-20T12:51:31.403Z","genus":"Quercus","species":"phellos","common_name":"Willow oak","street_number":"1512","street_name":"Church St","site":"1F","delivered":"2018-01-19T00:00:00.000","completed":"2018-01-23T00:00:00.000","estimated_canopy_coverage":"1963.49541","source":"City Nursery","program_year":"2018",":@computed_region_x6fk_ihs5":"2",":@computed_region_b3ci_nw94":"2",":@computed_region_38t5_wna6":"2",":@computed_region_25t2_rbz7":"2943"}},
{"type":"Feature","geometry":{"type":"Point","coordinates":[-76.18022,36.848987]},"properties":{":id":"row-bvsz_q6w7.zizx",":version":"rv-7n3w-s96r-vxcj",":created_at":"2019-08-20T12:51:30.666Z",":updated_at":"2019-08-20T12:51:31.403Z","genus":"Nyssa","species":"sylvatica","common_name":"Black tupelo","street_number":"701","street_name":"Newtown Rd","site":"2M","delivered":"2017-11-09T00:00:00.000","completed":"2017-11-15T00:00:00.000","estimated_canopy_coverage":"962.11275","source":"City Nursery","program_year":"2018",":@computed_region_x6fk_ihs5":"59",":@computed_region_b3ci_nw94":"66",":@computed_region_38t5_wna6":"66",":@computed_region_25t2_rbz7":"2951"}},
{"type":"Feature","geometry":{"type":"Point","coordinates":[-76.300641,36.89142]},"properties":{":id":"row-kuux.kx6t_5psd",":version":"rv-xd9y.aij7~apyy",":created_at":"2019-08-20T12:51:30.666Z",":updated_at":"2019-08-20T12:51:31.403Z","genus":"Quercus","species":"phellos","common_name":"Willow oak","street_number":"1145","street_name":"Bolling Ave","site":"11SC","delivered":"2017-12-06T00:00:00.000","completed":"2017-12-14T00:00:00.000","estimated_canopy_coverage":"1963.49541","source":"City Nursery","program_year":"2018",":@computed_region_x6fk_ihs5":"49",":@computed_region_b3ci_nw94":"54",":@computed_region_38t5_wna6":"54",":@computed_region_25t2_rbz7":"2943"}},
{"type":"Feature","geometry":{"type":"Point","coordinates":[-76.240021,36.895143]},"properties":{":id":"row-84sa-qk6e-razz",":version":"rv-382d_3ue8~9ndw",":created_at":"2019-08-20T12:51:30.666Z",":updated_at":"2019-08-20T12:51:31.403Z","genus":"Taxodium","species":"distichum","common_name":"Bald cypress","street_number":"6325","street_name":"Sewells Point Rd","site":"14SC","delivered":"2018-01-10T00:00:00.000","completed":"2018-01-22T00:00:00.000","estimated_canopy_coverage":"490.873852","source":"City Nursery","program_year":"2018",":@computed_region_x6fk_ihs5":"81",":@computed_region_b3ci_nw94":"86",":@computed_region_38t5_wna6":"86",":@computed_region_25t2_rbz7":"2943"}},
{"type":"Feature","geometry":{"type":"Point","coordinates":[-76.219607,36.902655]},"properties":{":id":"row-qpra.37hc~g4mq",":version":"rv-hrh7-5c7z~rfp9",":created_at":"2019-08-20T12:51:30.666Z",":updated_at":"2019-08-20T12:51:31.403Z","genus":"Cercis","species":"canadensis 'Forest Pansy'","common_name":"Forest Pansy redbud","street_number":"6465","street_name":"Aldow Dr","site":"1F","delivered":"2017-11-22T00:00:00.000","completed":"2017-11-30T00:00:00.000","estimated_canopy_coverage":"490.873852","source":"City Nursery","program_year":"2018",":@computed_region_x6fk_ihs5":"54",":@computed_region_b3ci_nw94":"60",":@computed_region_38t5_wna6":"60",":@computed_region_25t2_rbz7":"2943"}},
{"type":"Feature","geometry":{"type":"Point","coordinates":[-76.252466,36.925404]},"properties":{":id":"row-k3cr-3kqf~vhvs",":version":"rv-t4pr.xist~bqjc",":created_at":"2019-08-20T12:51:30.666Z",":updated_at":"2019-08-20T12:51:31.403Z","genus":"Acer","species":"barbatum","common_name":"Florida maple","street_number":"8400","street_name":"Tidewater Dr","site":"1P","delivered":"2018-02-23T00:00:00.000","completed":"2018-02-26T00:00:00.000","estimated_canopy_coverage":"1256.63706","source":"City Nursery","program_year":"2018",":@computed_region_x6fk_ihs5":"128",":@computed_region_b3ci_nw94":"128",":@computed_region_38t5_wna6":"128",":@computed_region_25t2_rbz7":"2943"}},
{"type":"Feature","geometry":{"type":"Point","coordinates":[-76.260028,36.881908]},"properties":{":id":"row-7n8e~ef2k~bb84",":version":"rv-6fg3_5m4d.5am3",":created_at":"2019-08-20T12:51:30.666Z",":updated_at":"2019-08-20T12:51:31.403Z","genus":"Ostrya","species":"virginiana","common_name":"Hophornbeam","street_number":"3415","street_name":"Vimy Ridge Ave","site":"1F","delivered":"2017-11-09T00:00:00.000","completed":"2017-11-17T00:00:00.000","estimated_canopy_coverage":"706.858347","source":"City Nursery","program_year":"2018",":@computed_region_x6fk_ihs5":"29",":@computed_region_b3ci_nw94":"29",":@computed_region_38t5_wna6":"29",":@computed_region_25t2_rbz7":"2943"}},
{"type":"Feature","geometry":{"type":"Point","coordinates":[-76.298385,36.858734]},"properties":{":id":"row-ubrx-sbk5.7vve",":version":"rv-af5c~svpc_csda",":created_at":"2019-08-20T12:51:30.666Z",":updated_at":"2019-08-20T12:51:31.403Z","genus":"Quercus","species":"geminata","common_name":"Sand live oak","street_number":"535","street_name":"Fairfax Ave","site":"4F","delivered":"2018-11-26T00:00:00.000","completed":"2018-11-21T00:00:00.000","estimated_canopy_coverage":"2826","source":"City Nursery","program_year":"2019",":@computed_region_x6fk_ihs5":"33",":@computed_region_b3ci_nw94":"38",":@computed_region_38t5_wna6":"38",":@computed_region_25t2_rbz7":"2943"}},
{"type":"Feature","geometry":{"type":"Point","coordinates":[-76.2123,36.879587]},"properties":{":id":"row-573d-gzed-mbyx",":version":"rv-esvx_kx9h_c6ft",":created_at":"2019-08-20T12:51:30.666Z",":updated_at":"2019-08-20T12:51:31.403Z","genus":"Prunus","species":"yeodensis","common_name":"Yoshino cherry","street_number":"2500","street_name":"N Military Hwy","site":"6B","delivered":"2017-12-04T00:00:00.000","completed":"2017-12-05T00:00:00.000","estimated_canopy_coverage":"1256.63706","source":"City Nursery","program_year":"2018",":@computed_region_x6fk_ihs5":"128",":@computed_region_b3ci_nw94":"128",":@computed_region_38t5_wna6":"128",":@computed_region_25t2_rbz7":"2943"}},
{"type":"Feature","geometry":{"type":"Point","coordinates":[-76.3005,36.853108]},"properties":{":id":"row-x5tf.fhvn_vskc",":version":"rv-4jdt.kwui_fi9x",":created_at":"2019-08-20T12:51:30.666Z",":updated_at":"2019-08-20T12:51:31.403Z","genus":"Acer","species":"campestre","common_name":"Hedge maple","street_number":"40","street_name":"Rader St","site":"3S","delivered":"2017-12-28T00:00:00.000","completed":"2018-01-12T00:00:00.000","estimated_canopy_coverage":"490.873852","source":"Purchased","program_year":"2018",":@computed_region_x6fk_ihs5":"128",":@computed_region_b3ci_nw94":"128",":@computed_region_38t5_wna6":"128",":@computed_region_25t2_rbz7":"2943"}},
{"type":"Feature","geometry":{"type":"Point","coordinates":[-76.296985,36.857855]},"properties":{":id":"row-2gqu~3h6y-qt94",":version":"rv-q8qu_trhi-i8c3",":created_at":"2019-08-20T12:51:30.666Z",":updated_at":"2019-08-20T12:51:31.403Z","genus":"Styrax","species":"japonicus","common_name":"Japanese snowbell","street_number":"419","street_name":"Colonial Ave","site":"1S","delivered":"2018-11-28T00:00:00.000","completed":"2018-12-05T00:00:00.000","estimated_canopy_coverage":"706.858347","source":"City Nursery","program_year":"2019",":@computed_region_x6fk_ihs5":"33",":@computed_region_b3ci_nw94":"38",":@computed_region_38t5_wna6":"38",":@computed_region_25t2_rbz7":"2943"}},
{"type":"Feature","geometry":{"type":"Point","coordinates":[-76.257431,36.870493]},"properties":{":id":"row-rvja_pusj.t7yc",":version":"rv-x4ek~sqru-e4kw",":created_at":"2019-08-20T12:51:30.666Z",":updated_at":"2019-08-20T12:51:31.403Z","genus":"Betula","species":"nigra 'Heritage'","common_name":"Heritage river birch","street_number":"2820","street_name":"Chesapeake Blvd","site":"11FL","delivered":"2018-01-30T00:00:00.000","completed":"2018-02-01T00:00:00.000","estimated_canopy_coverage":"962.11275","source":"City Nursery","program_year":"2018",":@computed_region_x6fk_ihs5":"3",":@computed_region_b3ci_nw94":"3",":@computed_region_38t5_wna6":"3",":@computed_region_25t2_rbz7":"2943"}},
{"type":"Feature","geometry":{"type":"Point","coordinates":[-76.265648,36.93687]},"properties":{":id":"row-q3u7~u85w-2pbn",":version":"rv-6sub.euax~286q",":created_at":"2019-08-20T12:51:30.666Z",":updated_at":"2019-08-20T12:51:31.403Z","genus":"Halesia","species":"diptera","common_name":"Two-winged silverbell","street_number":"8709","street_name":"Executive Dr","site":"2FL","delivered":"2019-01-11T00:00:00.000","completed":"2019-02-06T00:00:00.000","estimated_canopy_coverage":"706.5","source":"City Nursery","program_year":"2019",":@computed_region_x6fk_ihs5":"101",":@computed_region_b3ci_nw94":"101",":@computed_region_38t5_wna6":"101",":@computed_region_25t2_rbz7":"2943"}},
{"type":"Feature","geometry":{"type":"Point","coordinates":[-76.270654,36.868408]},"properties":{":id":"row-ds66.z7jq_5ga8",":version":"rv-7wt2-8xyt.5mh4",":created_at":"2019-08-20T12:51:30.666Z",":updated_at":"2019-08-20T12:51:31.403Z","genus":"Taxodium","species":"ascendens","common_name":"Pond cypress","street_number":"2700","street_name":"Ludlow St","site":"6SC","delivered":"2018-01-23T00:00:00.000","completed":"2018-02-05T00:00:00.000","estimated_canopy_coverage":"490.873852","source":"City Nursery","program_year":"2018",":@computed_region_x6fk_ihs5":"51",":@computed_region_b3ci_nw94":"57",":@computed_region_38t5_wna6":"57",":@computed_region_25t2_rbz7":"2943"}},
{"type":"Feature","geometry":{"type":"Point","coordinates":[-76.260727,36.823644]},"properties":{":id":"row-nyer~9563~2qsm",":version":"rv-qdbn-m3nb_kf6i",":created_at":"2019-08-20T12:51:30.666Z",":updated_at":"2019-08-20T12:51:31.403Z","genus":"Cercis","species":"canadensis 'Merlot'","common_name":"Merlot redbud","street_number":"1753","street_name":"Campostella Rd","site":"4B","delivered":"2017-11-02T00:00:00.000","completed":"2017-11-03T00:00:00.000","estimated_canopy_coverage":"490.873852","source":"City Nursery","program_year":"2018",":@computed_region_x6fk_ihs5":"128",":@computed_region_b3ci_nw94":"128",":@computed_region_38t5_wna6":"128",":@computed_region_25t2_rbz7":"2943"}},
{"type":"Feature","geometry":{"type":"Point","coordinates":[-76.310142,36.92754]},"properties":{":id":"row-9bki_fw85.37tw",":version":"rv-wug5_sa3w~7mcw",":created_at":"2019-08-20T12:51:30.666Z",":updated_at":"2019-08-20T12:51:31.403Z","genus":"Cercis","species":"canadensis 'Merlot'","common_name":"Merlot redbud","street_number":"8100","street_name":"Evergreen Ave","site":"1F","delivered":"2018-11-21T00:00:00.000","completed":"2018-11-28T00:00:00.000","estimated_canopy_coverage":"490.873852","source":"City Nursery","program_year":"2019",":@computed_region_x6fk_ihs5":"37",":@computed_region_b3ci_nw94":"42",":@computed_region_38t5_wna6":"42",":@computed_region_25t2_rbz7":"2943"}},
{"type":"Feature","geometry":{"type":"Point","coordinates":[-76.249347,36.856072]},"properties":{":id":"row-242y-4s5t_jf5d",":version":"rv-w6te_98m4_tuxf",":created_at":"2019-08-20T12:51:30.666Z",":updated_at":"2019-08-20T12:51:31.403Z","genus":"Prunus","species":"cerasifera 'Krauter Vesuvius'","common_name":"Krauter Vesuvius purple leaf plum","street_number":"3258","street_name":"Woodland Ave","site":"2F","delivered":"2018-01-23T00:00:00.000","completed":"2018-01-25T00:00:00.000","estimated_canopy_coverage":"314.159265","source":"City Nursery","program_year":"2018",":@computed_region_x6fk_ihs5":"7",":@computed_region_b3ci_nw94":"7",":@computed_region_38t5_wna6":"7",":@computed_region_25t2_rbz7":"2943"}},
{"type":"Feature","geometry":{"type":"Point","coordinates":[-76.255494,36.849314]},"properties":{":id":"row-8i7p-ajrf~xupa",":version":"rv-qd5d.564i~kkkg",":created_at":"2019-08-20T12:51:30.666Z",":updated_at":"2019-08-20T12:51:31.403Z","genus":"Ostrya","species":"virginiana","common_name":"Hophornbeam","street_number":"2724","street_name":"Park Cres","site":"6P","delivered":"2017-11-16T00:00:00.000","completed":"2017-12-12T00:00:00.000","estimated_canopy_coverage":"706.858347","source":"City Nursery","program_year":"2018",":@computed_region_x6fk_ihs5":"56",":@computed_region_b3ci_nw94":"63",":@computed_region_38t5_wna6":"63",":@computed_region_25t2_rbz7":"2943"}},
{"type":"Feature","geometry":{"type":"Point","coordinates":[-76.255494,36.849314]},"properties":{":id":"row-wxxa~cmmx~g4ej",":version":"rv-cbc4~b998_yjt8",":created_at":"2019-08-20T12:51:30.666Z",":updated_at":"2019-08-20T12:51:31.403Z","genus":"Magnolia","species":"virginiana","common_name":"Sweetbay magnolia","street_number":"2724","street_name":"Park Cres","site":"4P","delivered":"2017-02-28T00:00:00.000","completed":"2018-03-01T00:00:00.000","estimated_canopy_coverage":"490.873852","source":"City Nursery","program_year":"2018",":@computed_region_x6fk_ihs5":"56",":@computed_region_b3ci_nw94":"63",":@computed_region_38t5_wna6":"63",":@computed_region_25t2_rbz7":"2943"}},
{"type":"Feature","geometry":{"type":"Point","coordinates":[-76.296776,36.8666]},"properties":{":id":"row-j2mb_vvjv~yqg6",":version":"rv-f7bm_vp48.8m46",":created_at":"2019-08-20T12:51:30.666Z",":updated_at":"2019-08-20T12:51:31.403Z","genus":"Acer","species":"barbatum","common_name":"Florida maple","street_number":"719","street_name":"Baldwin Ave","site":"1F","delivered":"2019-01-11T00:00:00.000","completed":"2019-01-15T00:00:00.000","estimated_canopy_coverage":"1256.63706","source":"City Nursery","program_year":"2019",":@computed_region_x6fk_ihs5":"33",":@computed_region_b3ci_nw94":"38",":@computed_region_38t5_wna6":"38",":@computed_region_25t2_rbz7":"2943"}},
{"type":"Feature","geometry":{"type":"Point","coordinates":[-76.264249,36.887922]},"properties":{":id":"row-h9hh_ekyc~594p",":version":"rv-3bfx_49qe-6djm",":created_at":"2019-08-20T12:51:30.666Z",":updated_at":"2019-08-20T12:51:31.403Z","genus":"Salix","species":"matsudana","common_name":"Corkscrew willow","street_number":"1612","street_name":"Willow Wood Dr","site":"10FL","delivered":"2019-02-07T00:00:00.000","completed":"2019-02-08T00:00:00.000","estimated_canopy_coverage":"314","source":"City Nursery","program_year":"2019",":@computed_region_x6fk_ihs5":"122",":@computed_region_b3ci_nw94":"122",":@computed_region_38t5_wna6":"122",":@computed_region_25t2_rbz7":"2943"}},
{"type":"Feature","geometry":{"type":"Point","coordinates":[-76.240021,36.895143]},"properties":{":id":"row-u5un~rz36~nba9",":version":"rv-icc2.qedn~ds38",":created_at":"2019-08-20T12:51:30.666Z",":updated_at":"2019-08-20T12:51:31.403Z","genus":"Taxodium","species":"distichum","common_name":"Bald cypress","street_number":"6325","street_name":"Sewells Point Rd","site":"10SC","delivered":"2018-11-06T00:00:00.000","completed":"2018-12-05T00:00:00.000","estimated_canopy_coverage":"490.873852","source":"City Nursery","program_year":"2019",":@computed_region_x6fk_ihs5":"81",":@computed_region_b3ci_nw94":"86",":@computed_region_38t5_wna6":"86",":@computed_region_25t2_rbz7":"2943"}},
{"type":"Feature","geometry":{"type":"Point","coordinates":[-76.290158,36.887699]},"properties":{":id":"row-t8bz.s266.eqe7",":version":"rv-dxtn-fctq~naft",":created_at":"2019-08-20T12:51:30.666Z",":updated_at":"2019-08-20T12:51:31.403Z","genus":"Lagerstroemia","species":"indica x fauriei 'Tuscarora'","common_name":"Tuscarora crape myrtle","street_number":"4815","street_name":"Gosnold Ave","site":"1F","delivered":"2017-12-28T00:00:00.000","completed":"2018-01-17T00:00:00.000","estimated_canopy_coverage":"314.159265","source":"Purchased","program_year":"2018",":@computed_region_x6fk_ihs5":"19",":@computed_region_b3ci_nw94":"21",":@computed_region_38t5_wna6":"21",":@computed_region_25t2_rbz7":"2943"}},
{"type":"Feature","geometry":{"type":"Point","coordinates":[-76.307727,36.895923]},"properties":{":id":"row-97df~gvxv.rmzq",":version":"rv-wer4-4pw9_v4fj",":created_at":"2019-08-20T12:51:30.666Z",":updated_at":"2019-08-20T12:51:31.403Z","genus":"Quercus","species":"prinoides","common_name":"Dwarf chinquapin oak","street_number":"6000","street_name":"Eastwood Terr","site":"2F","delivered":"2019-01-11T00:00:00.000","completed":"2019-01-03T00:00:00.000","estimated_canopy_coverage":"153.93804","source":"City Nursery","program_year":"2019",":@computed_region_x6fk_ihs5":"49",":@computed_region_b3ci_nw94":"54",":@computed_region_38t5_wna6":"54",":@computed_region_25t2_rbz7":"2943"}},
{"type":"Feature","geometry":{"type":"Point","coordinates":[-76.239275,36.900374]},"properties":{":id":"row-7npe-kgth~jbq4",":version":"rv-iasg-abpm.fs6i",":created_at":"2019-08-20T12:51:30.666Z",":updated_at":"2019-08-20T12:51:31.403Z","genus":"Quercus","species":"prinoides","common_name":"Dwarf chinquapin oak","street_number":"6501","street_name":"Chesapeake Blvd","site":"1SC","delivered":"2018-01-10T00:00:00.000","completed":"2018-01-19T00:00:00.000","estimated_canopy_coverage":"153.93804","source":"City Nursery","program_year":"2018",":@computed_region_x6fk_ihs5":"128",":@computed_region_b3ci_nw94":"128",":@computed_region_38t5_wna6":"128",":@computed_region_25t2_rbz7":"2943"}},
{"type":"Feature","geometry":{"type":"Point","coordinates":[-76.28523,36.851257]},"properties":{":id":"row-e4d3~3rit_5njc",":version":"rv-s3h3~8cp3_eazb",":created_at":"2019-08-20T12:51:30.666Z",":updated_at":"2019-08-20T12:51:31.403Z","genus":"Ulmus","species":"parvifolia 'Bosque'","common_name":"Bosque elm","street_number":"485","street_name":"Saint Pauls Blvd","site":"2S","delivered":"2017-12-05T00:00:00.000","completed":"2017-12-12T00:00:00.000","estimated_canopy_coverage":"706.858347","source":"Purchased","program_year":"2018",":@computed_region_x6fk_ihs5":"22",":@computed_region_b3ci_nw94":"26",":@computed_region_38t5_wna6":"26",":@computed_region_25t2_rbz7":"2943"}},
{"type":"Feature","geometry":null,"properties":{":id":"row-8u9r_scpd-mm5s",":version":"rv-zfpp_w8zs.deba",":created_at":"2019-08-20T12:51:30.666Z",":updated_at":"2019-08-20T12:51:31.403Z","genus":"Diospyros","species":"virginiana","common_name":"Persimmon","street_number":"1599","street_name":"Premium Outlets Blvd","site":"14P","delivered":"2018-11-27T00:00:00.000","completed":"2018-01-10T00:00:00.000","estimated_canopy_coverage":"921","source":"City Nursery","program_year":"2019",":@computed_region_x6fk_ihs5":null,":@computed_region_b3ci_nw94":null,":@computed_region_38t5_wna6":null,":@computed_region_25t2_rbz7":null}},
{"type":"Feature","geometry":{"type":"Point","coordinates":[-76.251325,36.949772]},"properties":{":id":"row-uxe6.sue8.r8ub",":version":"rv-ia7p.ihzj_vjue",":created_at":"2019-08-20T12:51:30.666Z",":updated_at":"2019-08-20T12:51:31.403Z","genus":"Quercus","species":"michauxii","common_name":"Swamp chestnut oak","street_number":"9536","street_name":"Wells Pkwy","site":"7M","delivered":"2019-01-15T00:00:00.000","completed":"2019-02-12T00:00:00.000","estimated_canopy_coverage":"2826","source":"City Nursery","program_year":"2019",":@computed_region_x6fk_ihs5":"102",":@computed_region_b3ci_nw94":"102",":@computed_region_38t5_wna6":"102",":@computed_region_25t2_rbz7":"2943"}},
{"type":"Feature","geometry":{"type":"Point","coordinates":[-76.257431,36.870493]},"properties":{":id":"row-rfjy~x4js~nkbe",":version":"rv-nf7e_5tvq.qwjr",":created_at":"2019-08-20T12:51:30.666Z",":updated_at":"2019-08-20T12:51:31.403Z","genus":"Quercus","species":"laurifolia","common_name":"Laurel oak","street_number":"2820","street_name":"Chesapeake Blvd","site":"24FL","delivered":"2018-01-26T00:00:00.000","completed":"2018-02-01T00:00:00.000","estimated_canopy_coverage":"2827.43339","source":"City Nursery","program_year":"2018",":@computed_region_x6fk_ihs5":"3",":@computed_region_b3ci_nw94":"3",":@computed_region_38t5_wna6":"3",":@computed_region_25t2_rbz7":"2943"}},
{"type":"Feature","geometry":{"type":"Point","coordinates":[-76.264249,36.887922]},"properties":{":id":"row-ef3d~s3z9.nie4",":version":"rv-tq6f.tprd_h8q5",":created_at":"2019-08-20T12:51:30.666Z",":updated_at":"2019-08-20T12:51:31.403Z","genus":"Salix","species":"matsudana","common_name":"Corkscrew willow","street_number":"1612","street_name":"Willow Wood Dr","site":"25P","delivered":"2018-12-03T00:00:00.000","completed":"2018-12-14T00:00:00.000","estimated_canopy_coverage":"314","source":"City Nursery","program_year":"2019",":@computed_region_x6fk_ihs5":"122",":@computed_region_b3ci_nw94":"122",":@computed_region_38t5_wna6":"122",":@computed_region_25t2_rbz7":"2943"}},
{"type":"Feature","geometry":{"type":"Point","coordinates":[-76.300641,36.89142]},"properties":{":id":"row-45pf.b5km_tyq9",":version":"rv-pws6~dfy4.qnv9",":created_at":"2019-08-20T12:51:30.666Z",":updated_at":"2019-08-20T12:51:31.403Z","genus":"Quercus","species":"phellos","common_name":"Willow oak","street_number":"1145","street_name":"Bolling Ave","site":"16SC","delivered":"2017-12-06T00:00:00.000","completed":"2017-12-14T00:00:00.000","estimated_canopy_coverage":"1963.49541","source":"City Nursery","program_year":"2018",":@computed_region_x6fk_ihs5":"49",":@computed_region_b3ci_nw94":"54",":@computed_region_38t5_wna6":"54",":@computed_region_25t2_rbz7":"2943"}},
{"type":"Feature","geometry":{"type":"Point","coordinates":[-76.257665,36.841955]},"properties":{":id":"row-undc.mwy3-8fge",":version":"rv-ice2~szsk.6quq",":created_at":"2019-08-20T12:51:30.666Z",":updated_at":"2019-08-20T12:51:31.403Z","genus":"Acer","species":"campestre 'Evelyn'","common_name":"Queen Elizabeth hedge maple","street_number":"2702","street_name":"Marlboro Ave","site":"1F","delivered":"2018-11-26T00:00:00.000","completed":"2018-12-14T00:00:00.000","estimated_canopy_coverage":"490.873852","source":"City Nursery","program_year":"2019",":@computed_region_x6fk_ihs5":"17",":@computed_region_b3ci_nw94":"19",":@computed_region_38t5_wna6":"19",":@computed_region_25t2_rbz7":"2943"}},
{"type":"Feature","geometry":{"type":"Point","coordinates":[-76.240817,36.896514]},"properties":{":id":"row-4i45-mizj-zz76",":version":"rv-qj5z-4eiq_j5aq",":created_at":"2019-08-20T12:51:30.666Z",":updated_at":"2019-08-20T12:51:31.403Z","genus":"Acer","species":"buergerianum","common_name":"Trident maple","street_number":"6380","street_name":"Sewells Point Rd","site":"3M","delivered":"2018-11-06T00:00:00.000","completed":"2018-11-09T00:00:00.000","estimated_canopy_coverage":"1256.63706","source":"City Nursery","program_year":"2019",":@computed_region_x6fk_ihs5":"128",":@computed_region_b3ci_nw94":"128",":@computed_region_38t5_wna6":"128",":@computed_region_25t2_rbz7":"2943"}},
{"type":"Feature","geometry":{"type":"Point","coordinates":[-76.295185,36.889661]},"properties":{":id":"row-3g3c~944e-pj8m",":version":"rv-tnix.k2sd~k73m",":created_at":"2019-08-20T12:51:30.666Z",":updated_at":"2019-08-20T12:51:31.403Z","genus":"Quercus","species":"prinoides","common_name":"Dwarf chinquapin oak","street_number":"5104","street_name":"Colley Ave","site":"1S","delivered":"2019-01-07T00:00:00.000","completed":"2019-01-11T00:00:00.000","estimated_canopy_coverage":"153.93804","source":"City Nursery","program_year":"2019",":@computed_region_x6fk_ihs5":"40",":@computed_region_b3ci_nw94":"44",":@computed_region_38t5_wna6":"44",":@computed_region_25t2_rbz7":"2943"}},
{"type":"Feature","geometry":{"type":"Point","coordinates":[-76.219121,36.901992]},"properties":{":id":"row-xu5x_4eye~8jgx",":version":"rv-dyub.5k8t-4nw8",":created_at":"2019-08-20T12:51:30.666Z",":updated_at":"2019-08-20T12:51:31.403Z","genus":"Cercis","species":"canadensis 'Merlot'","common_name":"Merlot redbud","street_number":"2000","street_name":"Colane Rd","site":"5S","delivered":"2017-12-04T00:00:00.000","completed":"2017-12-07T00:00:00.000","estimated_canopy_coverage":"490.873852","source":"City Nursery","program_year":"2018",":@computed_region_x6fk_ihs5":"54",":@computed_region_b3ci_nw94":"60",":@computed_region_38t5_wna6":"60",":@computed_region_25t2_rbz7":"2943"}},
{"type":"Feature","geometry":{"type":"Point","coordinates":[-76.257431,36.870493]},"properties":{":id":"row-5tfd_c5tk_kexc",":version":"rv-bstd-vcuy~csuq",":created_at":"2019-08-20T12:51:30.666Z",":updated_at":"2019-08-20T12:51:31.403Z","genus":"Betula","species":"nigra","common_name":"River birch","street_number":"2820","street_name":"Chesapeake Blvd","site":"10FL","delivered":"2018-11-26T00:00:00.000","completed":"2018-11-30T00:00:00.000","estimated_canopy_coverage":"962.11275","source":"City Nursery","program_year":"2019",":@computed_region_x6fk_ihs5":"3",":@computed_region_b3ci_nw94":"3",":@computed_region_38t5_wna6":"3",":@computed_region_25t2_rbz7":"2943"}},
{"type":"Feature","geometry":{"type":"Point","coordinates":[-76.267621,36.829706]},"properties":{":id":"row-xz5u.kbm3.scvx",":version":"rv-dhsk-gzpc-auan",":created_at":"2019-08-20T12:51:30.666Z",":updated_at":"2019-08-20T12:51:31.403Z","genus":"Prunus","species":"yeodensis","common_name":"Yoshino cherry","street_number":"1130","street_name":"Leake St","site":"2B","delivered":"2017-11-22T00:00:00.000","completed":"2017-11-27T00:00:00.000","estimated_canopy_coverage":"1256.63706","source":"City Nursery","program_year":"2018",":@computed_region_x6fk_ihs5":"15",":@computed_region_b3ci_nw94":"13",":@computed_region_38t5_wna6":"13",":@computed_region_25t2_rbz7":"2943"}},
{"type":"Feature","geometry":{"type":"Point","coordinates":[-76.211039,36.868879]},"properties":{":id":"row-audb.6x85.2xuq",":version":"rv-jtv4.g6rm.gvne",":created_at":"2019-08-20T12:51:30.666Z",":updated_at":"2019-08-20T12:51:31.403Z","genus":"Acer","species":"barbatum","common_name":"Florida maple","street_number":"1330","street_name":"N. Military Hwy","site":"2B","delivered":"2019-01-02T00:00:00.000","completed":"2019-01-04T00:00:00.000","estimated_canopy_coverage":"1256.63706","source":"City Nursery","program_year":"2019",":@computed_region_x6fk_ihs5":"128",":@computed_region_b3ci_nw94":"128",":@computed_region_38t5_wna6":"128",":@computed_region_25t2_rbz7":"2943"}},
{"type":"Feature","geometry":{"type":"Point","coordinates":[-76.300641,36.89142]},"properties":{":id":"row-gjap.wdja-idib",":version":"rv-y7w8-mq9k.3pfs",":created_at":"2019-08-20T12:51:30.666Z",":updated_at":"2019-08-20T12:51:31.403Z","genus":"Chionanthus","species":"virginicus","common_name":"White fringetree","street_number":"1145","street_name":"Bolling Ave","site":"3SC","delivered":"2017-12-04T00:00:00.000","completed":"2017-12-12T00:00:00.000","estimated_canopy_coverage":"176.714587","source":"City Nursery","program_year":"2018",":@computed_region_x6fk_ihs5":"49",":@computed_region_b3ci_nw94":"54",":@computed_region_38t5_wna6":"54",":@computed_region_25t2_rbz7":"2943"}},
{"type":"Feature","geometry":{"type":"Point","coordinates":[-76.295064,36.887545]},"properties":{":id":"row-p4h7.eegd.ygzk",":version":"rv-8cpd.p5b8.rs7c",":created_at":"2019-08-20T12:51:30.666Z",":updated_at":"2019-08-20T12:51:31.403Z","genus":"Quercus","species":"prinoides","common_name":"Dwarf chinquapin oak","street_number":"4800","street_name":"Colley Ave","site":"1F","delivered":"2018-12-07T00:00:00.000","completed":"2019-01-03T00:00:00.000","estimated_canopy_coverage":"153.93804","source":"City Nursery","program_year":"2019",":@computed_region_x6fk_ihs5":"40",":@computed_region_b3ci_nw94":"44",":@computed_region_38t5_wna6":"44",":@computed_region_25t2_rbz7":"2943"}},
{"type":"Feature","geometry":{"type":"Point","coordinates":[-76.277982,36.859747]},"properties":{":id":"row-zbsb.azdu-fc5q",":version":"rv-r6tv.hruy~pefv",":created_at":"2019-08-20T12:51:30.666Z",":updated_at":"2019-08-20T12:51:31.403Z","genus":"Magnolia","species":"virginiana","common_name":"Sweetbay magnolia","street_number":"1312","street_name":"Church St","site":"1M","delivered":"2017-12-12T00:00:00.000","completed":"2017-12-14T00:00:00.000","estimated_canopy_coverage":"490.873852","source":"City Nursery","program_year":"2018",":@computed_region_x6fk_ihs5":"2",":@computed_region_b3ci_nw94":"2",":@computed_region_38t5_wna6":"2",":@computed_region_25t2_rbz7":"2943"}},
{"type":"Feature","geometry":{"type":"Point","coordinates":[-76.232701,36.934134]},"properties":{":id":"row-fwrk.r2wp-qn8n",":version":"rv-3rdu_u8sn-zmey",":created_at":"2019-08-20T12:51:30.666Z",":updated_at":"2019-08-20T12:51:31.403Z","genus":"Quercus","species":"bicolor","common_name":"Bicolor oak","street_number":"1611","street_name":"Croyden Rd","site":"1F","delivered":"2019-02-08T00:00:00.000","completed":"2019-02-13T00:00:00.000","estimated_canopy_coverage":"3846","source":"City Nursery","program_year":"2019",":@computed_region_x6fk_ihs5":"103",":@computed_region_b3ci_nw94":"103",":@computed_region_38t5_wna6":"103",":@computed_region_25t2_rbz7":"2943"}},
{"type":"Feature","geometry":{"type":"Point","coordinates":[-76.256296,36.855815]},"properties":{":id":"row-znra_afby-musq",":version":"rv-m9b2_4e4v.zi6p",":created_at":"2019-08-20T12:51:30.666Z",":updated_at":"2019-08-20T12:51:31.403Z","genus":"Cercis","species":"canadensis 'Merlot'","common_name":"Merlot redbud","street_number":"2760","street_name":"E. Princess Anne Rd","site":"1L","delivered":"2018-11-21T00:00:00.000","completed":"2018-11-07T00:00:00.000","estimated_canopy_coverage":"490.873852","source":"City Nursery","program_year":"2019",":@computed_region_x6fk_ihs5":"78",":@computed_region_b3ci_nw94":"55",":@computed_region_38t5_wna6":"55",":@computed_region_25t2_rbz7":"2943"}},
{"type":"Feature","geometry":{"type":"Point","coordinates":[-76.255706,36.883275]},"properties":{":id":"row-bk58.rc6g.286t",":version":"rv-c6si.jsn9.6mzt",":created_at":"2019-08-20T12:51:30.666Z",":updated_at":"2019-08-20T12:51:31.403Z","genus":"Cercis","species":"canadensis 'Merlot'","common_name":"Merlot redbud","street_number":"3533","street_name":"Brest Ave","site":"6S","delivered":"2017-12-04T00:00:00.000","completed":"2017-12-06T00:00:00.000","estimated_canopy_coverage":"490.873852","source":"City Nursery","program_year":"2018",":@computed_region_x6fk_ihs5":"29",":@computed_region_b3ci_nw94":"29",":@computed_region_38t5_wna6":"29",":@computed_region_25t2_rbz7":"2943"}},
{"type":"Feature","geometry":{"type":"Point","coordinates":[-76.292785,36.849782]},"properties":{":id":"row-3xi2.kkv4-43kk",":version":"rv-svze_2wjg~pzrc",":created_at":"2019-08-20T12:51:30.666Z",":updated_at":"2019-08-20T12:51:31.403Z","genus":"Ulmus","species":"parvifolia 'Bosque'","common_name":"Bosque elm","street_number":"201","street_name":"W Tazewell St","site":"3F","delivered":"2017-11-22T00:00:00.000","completed":"2017-11-29T00:00:00.000","estimated_canopy_coverage":"706.858347","source":"Purchased","program_year":"2018",":@computed_region_x6fk_ihs5":"32",":@computed_region_b3ci_nw94":"37",":@computed_region_38t5_wna6":"37",":@computed_region_25t2_rbz7":"2943"}},
{"type":"Feature","geometry":{"type":"Point","coordinates":[-76.295162,36.889139]},"properties":{":id":"row-xq3k.ad5v.a3gn",":version":"rv-wegy.bh32-jpry",":created_at":"2019-08-20T12:51:30.666Z",":updated_at":"2019-08-20T12:51:31.403Z","genus":"Sassafras","species":"albidum","common_name":"Sassafras","street_number":"5015","street_name":"Colley Ave","site":"1F","delivered":"2018-12-12T00:00:00.000","completed":"2019-01-08T00:00:00.000","estimated_canopy_coverage":"452.389342","source":"City Nursery","program_year":"2019",":@computed_region_x6fk_ihs5":"40",":@computed_region_b3ci_nw94":"44",":@computed_region_38t5_wna6":"44",":@computed_region_25t2_rbz7":"2943"}},
{"type":"Feature","geometry":{"type":"Point","coordinates":[-76.284775,36.876089]},"properties":{":id":"row-2ve6-mkvg~gie6",":version":"rv-jg2e~t6vw.dgbr",":created_at":"2019-08-20T12:51:30.666Z",":updated_at":"2019-08-20T12:51:31.403Z","genus":"Prunus","species":"cerasifera 'Krauter Vesuvius'","common_name":"Krauter Vesuvius purple leaf plum","street_number":"243","street_name":"W. 32nd St","site":"1F","delivered":"2018-12-03T00:00:00.000","completed":"2018-12-12T00:00:00.000","estimated_canopy_coverage":"314.159265","source":"City Nursery","program_year":"2019",":@computed_region_x6fk_ihs5":"72",":@computed_region_b3ci_nw94":"78",":@computed_region_38t5_wna6":"78",":@computed_region_25t2_rbz7":"2943"}},
{"type":"Feature","geometry":{"type":"Point","coordinates":[-76.291639,36.847668]},"properties":{":id":"row-vjg7.6z5h_c3c5",":version":"rv-cvgv_x43a_9n6v",":created_at":"2019-08-20T12:51:30.666Z",":updated_at":"2019-08-20T12:51:31.403Z","genus":"Gingko","species":"biloba","common_name":"Gingko","street_number":"150","street_name":"Granby St","site":"3S","delivered":"2018-03-23T00:00:00.000","completed":"2018-03-30T00:00:00.000","estimated_canopy_coverage":"490.873852","source":"Purchased","program_year":"2018",":@computed_region_x6fk_ihs5":"22",":@computed_region_b3ci_nw94":"26",":@computed_region_38t5_wna6":"26",":@computed_region_25t2_rbz7":"2943"}},
{"type":"Feature","geometry":null,"properties":{":id":"row-trrh-m9d8~2yxk",":version":"rv-e5u2_v3rn_2ahv",":created_at":"2019-08-20T12:51:30.666Z",":updated_at":"2019-08-20T12:51:31.403Z","genus":"Cercis","species":"canadensis","common_name":"Redbud","street_number":"7300","street_name":"Ludlow St","site":"3SC","delivered":"2018-02-02T00:00:00.000","completed":"2018-02-05T00:00:00.000","estimated_canopy_coverage":"490.873852","source":"City Nursery","program_year":"2018",":@computed_region_x6fk_ihs5":null,":@computed_region_b3ci_nw94":null,":@computed_region_38t5_wna6":null,":@computed_region_25t2_rbz7":null}},
{"type":"Feature","geometry":{"type":"Point","coordinates":[-76.177096,36.856544]},"properties":{":id":"row-ing9~tfcg.et48",":version":"rv-hgbv-z9a5.wfau",":created_at":"2019-08-20T12:51:30.666Z",":updated_at":"2019-08-20T12:51:31.403Z","genus":"Nyssa","species":"sylvatica","common_name":"Black tupelo","street_number":"115","street_name":"N Newtown Rd","site":"2M","delivered":"2017-11-09T00:00:00.000","completed":"2017-11-14T00:00:00.000","estimated_canopy_coverage":"962.11275","source":"City Nursery","program_year":"2018",":@computed_region_x6fk_ihs5":null,":@computed_region_b3ci_nw94":null,":@computed_region_38t5_wna6":null,":@computed_region_25t2_rbz7":"2951"}},
{"type":"Feature","geometry":{"type":"Point","coordinates":[-76.231923,36.904551]},"properties":{":id":"row-jmrr.se67.dkh9",":version":"rv-pi9q_vte7.4qu7",":created_at":"2019-08-20T12:51:30.666Z",":updated_at":"2019-08-20T12:51:31.403Z","genus":"Ostrya","species":"virginiana","common_name":"Hophornbeam","street_number":"1448","street_name":"Arbor Ave","site":"1M","delivered":"2017-11-16T00:00:00.000","completed":"2017-11-17T00:00:00.000","estimated_canopy_coverage":"706.858347","source":"City Nursery","program_year":"2018",":@computed_region_x6fk_ihs5":"55",":@computed_region_b3ci_nw94":"62",":@computed_region_38t5_wna6":"62",":@computed_region_25t2_rbz7":"2943"}},
{"type":"Feature","geometry":{"type":"Point","coordinates":[-76.282108,36.878534]},"properties":{":id":"row-7brm_nj33.7mx9",":version":"rv-mb5e-3qrk.g6x2",":created_at":"2019-08-20T12:51:30.666Z",":updated_at":"2019-08-20T12:51:31.403Z","genus":"Taxodium","species":"distichum","common_name":"Bald cypress","street_number":"3500","street_name":"Granby St","site":"5P","delivered":"2018-12-14T00:00:00.000","completed":"2019-01-04T00:00:00.000","estimated_canopy_coverage":"490.873852","source":"City Nursery","program_year":"2019",":@computed_region_x6fk_ihs5":"72",":@computed_region_b3ci_nw94":"78",":@computed_region_38t5_wna6":"78",":@computed_region_25t2_rbz7":"2943"}},
{"type":"Feature","geometry":{"type":"Point","coordinates":[-76.248593,36.936379]},"properties":{":id":"row-4bju-yn2p~4xee",":version":"rv-rnbd-gw9r.vg3m",":created_at":"2019-08-20T12:51:30.666Z",":updated_at":"2019-08-20T12:51:31.403Z","genus":"Ulmus","species":"americana 'Princeton'","common_name":"Princeton American elm","street_number":"615","street_name":"Dune St","site":"1F","delivered":"2019-02-12T00:00:00.000","completed":"2019-03-04T00:00:00.000","estimated_canopy_coverage":"1256.63706","source":"City Nursery","program_year":"2019",":@computed_region_x6fk_ihs5":"101",":@computed_region_b3ci_nw94":"101",":@computed_region_38t5_wna6":"101",":@computed_region_25t2_rbz7":"2943"}},
{"type":"Feature","geometry":{"type":"Point","coordinates":[-76.190846,36.875803]},"properties":{":id":"row-dbp7_vy9n_ka2h",":version":"rv-ivit-vqne-axn7",":created_at":"2019-08-20T12:51:30.666Z",":updated_at":"2019-08-20T12:51:31.403Z","genus":"Cercis","species":"canadensis 'Merlot'","common_name":"Merlot redbud","street_number":"1585","street_name":"Weslyan Dr","site":"4FL","delivered":"2018-11-21T00:00:00.000","completed":"2018-12-14T00:00:00.000","estimated_canopy_coverage":"490.873852","source":"City Nursery","program_year":"2019",":@computed_region_x6fk_ihs5":"128",":@computed_region_b3ci_nw94":"128",":@computed_region_38t5_wna6":"128",":@computed_region_25t2_rbz7":"2943"}},
{"type":"Feature","geometry":{"type":"Point","coordinates":[-76.266484,36.963179]},"properties":{":id":"row-x4bx_rst5-9ier",":version":"rv-q5pz-y65a~bxcp",":created_at":"2019-08-20T12:51:30.666Z",":updated_at":"2019-08-20T12:51:31.403Z","genus":"Taxodium","species":"distichum","common_name":"Bald cypress","street_number":"613","street_name":"W. Ocean View Ave","site":"1M","delivered":"2019-01-02T00:00:00.000","completed":"2019-02-13T00:00:00.000","estimated_canopy_coverage":"490.873852","source":"City Nursery","program_year":"2019",":@computed_region_x6fk_ihs5":"98",":@computed_region_b3ci_nw94":"31",":@computed_region_38t5_wna6":"31",":@computed_region_25t2_rbz7":"2943"}},
{"type":"Feature","geometry":{"type":"Point","coordinates":[-76.301456,36.899031]},"properties":{":id":"row-p6yg-6qs6_a9th",":version":"rv-uarw~3dvz_yd6y",":created_at":"2019-08-20T12:51:30.666Z",":updated_at":"2019-08-20T12:51:31.403Z","genus":"Quercus","species":"muehlenbergii","common_name":"Chinquapin oak","street_number":"1130","street_name":"Manchester Ave","site":"1F","delivered":"2018-12-12T00:00:00.000","completed":"2019-01-11T00:00:00.000","estimated_canopy_coverage":"2826","source":"City Nursery","program_year":"2019",":@computed_region_x6fk_ihs5":"49",":@computed_region_b3ci_nw94":"54",":@computed_region_38t5_wna6":"54",":@computed_region_25t2_rbz7":"2943"}},
{"type":"Feature","geometry":{"type":"Point","coordinates":[-76.252399,36.933023]},"properties":{":id":"row-thcq-bi2y~4u9w",":version":"rv-d3yv_gkee.2wv5",":created_at":"2019-08-20T12:51:30.666Z",":updated_at":"2019-08-20T12:51:31.403Z","genus":"Ulmus","species":"alata","common_name":"Winged elm","street_number":"406","street_name":"E. Bayview Blvd","site":"1F","delivered":"2019-01-15T00:00:00.000","completed":"2019-02-26T00:00:00.000","estimated_canopy_coverage":"1256","source":"City Nursery","program_year":"2019",":@computed_region_x6fk_ihs5":"126",":@computed_region_b3ci_nw94":"126",":@computed_region_38t5_wna6":"126",":@computed_region_25t2_rbz7":"2943"}},
{"type":"Feature","geometry":{"type":"Point","coordinates":[-76.204217,36.87028]},"properties":{":id":"row-ugag.ew3e_a43y",":version":"rv-mcbv~8cwp~3n2a",":created_at":"2019-08-20T12:51:30.666Z",":updated_at":"2019-08-20T12:51:31.403Z","genus":"Magnolia","species":"virginiana","common_name":"Sweetbay magnolia","street_number":"1371","street_name":"Kempsville Rd","site":"3P","delivered":"2019-01-02T00:00:00.000","completed":"2019-01-04T00:00:00.000","estimated_canopy_coverage":"490.873852","source":"City Nursery","program_year":"2019",":@computed_region_x6fk_ihs5":"128",":@computed_region_b3ci_nw94":"128",":@computed_region_38t5_wna6":"128",":@computed_region_25t2_rbz7":"2943"}},
{"type":"Feature","geometry":{"type":"Point","coordinates":[-76.286859,36.851029]},"properties":{":id":"row-6brq.wa5e_e58s",":version":"rv-exes~cbda_aaa3",":created_at":"2019-08-20T12:51:30.666Z",":updated_at":"2019-08-20T12:51:31.403Z","genus":"Ginkgo","species":"biloba 'Shangri-La'","common_name":"Ginkgo","street_number":"421","street_name":"Bank St","site":"3F","delivered":"2017-11-29T00:00:00.000","completed":"2017-12-14T00:00:00.000","estimated_canopy_coverage":"1256.63706","source":"City Nursery","program_year":"2018",":@computed_region_x6fk_ihs5":"22",":@computed_region_b3ci_nw94":"26",":@computed_region_38t5_wna6":"26",":@computed_region_25t2_rbz7":"2943"}},
{"type":"Feature","geometry":{"type":"Point","coordinates":[-76.314457,36.913393]},"properties":{":id":"row-cqr8_9its-hr22",":version":"rv-akdk_u2ns_zfdq",":created_at":"2019-08-20T12:51:30.666Z",":updated_at":"2019-08-20T12:51:31.403Z","genus":"Lagerstroemia","species":"indica x fauriei 'Natchez'","common_name":"Natchez crape myrtle","street_number":"1511","street_name":"Cloncurry Rd","site":"1M","delivered":"2017-10-26T00:00:00.000","completed":"2017-10-30T00:00:00.000","estimated_canopy_coverage":"314.159265","source":"City Nursery","program_year":"2018",":@computed_region_x6fk_ihs5":"52",":@computed_region_b3ci_nw94":"58",":@computed_region_38t5_wna6":"58",":@computed_region_25t2_rbz7":"2943"}},
{"type":"Feature","geometry":{"type":"Point","coordinates":[-76.219395,36.902082]},"properties":{":id":"row-bhr4.m249~vwng",":version":"rv-dy5s.pj2b_tfpx",":created_at":"2019-08-20T12:51:30.666Z",":updated_at":"2019-08-20T12:51:31.403Z","genus":"Cercis","species":"canadensis 'Merlot'","common_name":"Merlot redbud","street_number":"6445","street_name":"Aldow Dr","site":"1F","delivered":"2017-11-22T00:00:00.000","completed":"2017-11-30T00:00:00.000","estimated_canopy_coverage":"490.873852","source":"City Nursery","program_year":"2018",":@computed_region_x6fk_ihs5":"54",":@computed_region_b3ci_nw94":"60",":@computed_region_38t5_wna6":"60",":@computed_region_25t2_rbz7":"2943"}},
{"type":"Feature","geometry":{"type":"Point","coordinates":[-76.267621,36.829706]},"properties":{":id":"row-prn6_rurq~zyiw",":version":"rv-hssy_7tzs.2kxn",":created_at":"2019-08-20T12:51:30.666Z",":updated_at":"2019-08-20T12:51:31.403Z","genus":"Prunus","species":"yeodensis","common_name":"Yoshino cherry","street_number":"1130","street_name":"Leake St","site":"9B","delivered":"2017-11-22T00:00:00.000","completed":"2017-11-27T00:00:00.000","estimated_canopy_coverage":"1256.63706","source":"City Nursery","program_year":"2018",":@computed_region_x6fk_ihs5":"15",":@computed_region_b3ci_nw94":"13",":@computed_region_38t5_wna6":"13",":@computed_region_25t2_rbz7":"2943"}},
{"type":"Feature","geometry":{"type":"Point","coordinates":[-76.239614,36.894882]},"properties":{":id":"row-h92k~5ex9.u2qi",":version":"rv-jnkt-7iec~qqn2",":created_at":"2019-08-20T12:51:30.666Z",":updated_at":"2019-08-20T12:51:31.403Z","genus":"Taxodium","species":"distichum 'Shawnee Brave'","common_name":"Shawnee Brave bald cypress","street_number":"6329","street_name":"Sewells Point Rd","site":"20SC","delivered":"2018-01-31T00:00:00.000","completed":"2018-02-07T00:00:00.000","estimated_canopy_coverage":"490.873852","source":"City Nursery","program_year":"2018",":@computed_region_x6fk_ihs5":null,":@computed_region_b3ci_nw94":null,":@computed_region_38t5_wna6":null,":@computed_region_25t2_rbz7":"2943"}},
{"type":"Feature","geometry":{"type":"Point","coordinates":[-76.254714,36.849466]},"properties":{":id":"row-wq52~4s33~f7bj",":version":"rv-ia5t~wmpv-vumz",":created_at":"2019-08-20T12:51:30.666Z",":updated_at":"2019-08-20T12:51:31.403Z","genus":"Ulmus","species":"alata","common_name":"Winged elm","street_number":"2821","street_name":"Park Cres","site":"1F","delivered":"2019-01-08T00:00:00.000","completed":"2019-01-08T00:00:00.000","estimated_canopy_coverage":"1256","source":"City Nursery","program_year":"2019",":@computed_region_x6fk_ihs5":"56",":@computed_region_b3ci_nw94":"63",":@computed_region_38t5_wna6":"63",":@computed_region_25t2_rbz7":"2943"}},
{"type":"Feature","geometry":{"type":"Point","coordinates":[-76.280268,36.966979]},"properties":{":id":"row-ik6u-3qis~gats",":version":"rv-in78~jdb4-7x5i",":created_at":"2019-08-20T12:51:30.666Z",":updated_at":"2019-08-20T12:51:31.403Z","genus":"Taxodium","species":"distichum","common_name":"Bald cypress","street_number":"1061","street_name":"W. Ocean View Ave","site":"8M","delivered":"2019-01-02T00:00:00.000","completed":"2019-02-13T00:00:00.000","estimated_canopy_coverage":"490.873852","source":"City Nursery","program_year":"2019",":@computed_region_x6fk_ihs5":"98",":@computed_region_b3ci_nw94":"31",":@computed_region_38t5_wna6":"31",":@computed_region_25t2_rbz7":null}},
{"type":"Feature","geometry":{"type":"Point","coordinates":[-76.30154,36.857035]},"properties":{":id":"row-gkea-xxxk-c3iv",":version":"rv-9uv3.2uur_rxak",":created_at":"2019-08-20T12:51:30.666Z",":updated_at":"2019-08-20T12:51:31.403Z","genus":"Nyssa","species":"sylvatica","common_name":"Black tupelo","street_number":"700","street_name":"Brambleton Ave","site":"13P","delivered":"2018-11-13T00:00:00.000","completed":"2018-11-16T00:00:00.000","estimated_canopy_coverage":"962.11275","source":"City Nursery","program_year":"2019",":@computed_region_x6fk_ihs5":"33",":@computed_region_b3ci_nw94":"38",":@computed_region_38t5_wna6":"38",":@computed_region_25t2_rbz7":"2943"}},
{"type":"Feature","geometry":{"type":"Point","coordinates":[-76.262231,36.938526]},"properties":{":id":"row-ujjy~bpk3_h4xw",":version":"rv-ft2u~8w7r_nhug",":created_at":"2019-08-20T12:51:30.666Z",":updated_at":"2019-08-20T12:51:31.403Z","genus":"Lagerstroemia","species":"indica x fauriei 'Natchez'","common_name":"Natchez crape myrtle","street_number":"8811","street_name":"Granby St","site":"1F","delivered":"2017-12-28T00:00:00.000","completed":"2018-02-26T00:00:00.000","estimated_canopy_coverage":"314.159265","source":"Purchased","program_year":"2018",":@computed_region_x6fk_ihs5":"101",":@computed_region_b3ci_nw94":"101",":@computed_region_38t5_wna6":"101",":@computed_region_25t2_rbz7":"2943"}},
{"type":"Feature","geometry":{"type":"Point","coordinates":[-76.217909,36.864908]},"properties":{":id":"row-qb29-zuuy_hmqh",":version":"rv-prii-jrq7.mt5r",":created_at":"2019-08-20T12:51:30.666Z",":updated_at":"2019-08-20T12:51:31.403Z","genus":"Chionanthus","species":"retusus","common_name":"Chinese fringetree","street_number":"1188","street_name":"Lance Rd","site":"9B","delivered":"2017-12-12T00:00:00.000","completed":"2018-02-06T00:00:00.000","estimated_canopy_coverage":"176.714587","source":"City Nursery","program_year":"2018",":@computed_region_x6fk_ihs5":"128",":@computed_region_b3ci_nw94":"128",":@computed_region_38t5_wna6":"128",":@computed_region_25t2_rbz7":"2943"}},
{"type":"Feature","geometry":{"type":"Point","coordinates":[-76.251946,36.921147]},"properties":{":id":"row-ctim.wk2t-9rzk",":version":"rv-xjcy.thqt~2j5p",":created_at":"2019-08-20T12:51:30.666Z",":updated_at":"2019-08-20T12:51:31.403Z","genus":"Quercus","species":"prinoides","common_name":"Dwarf chinquapin oak","street_number":"8140","street_name":"Kenwood Dr","site":"2S","delivered":"2018-02-20T00:00:00.000","completed":"2018-02-21T00:00:00.000","estimated_canopy_coverage":"153.93804","source":"City Nursery","program_year":"2018",":@computed_region_x6fk_ihs5":"126",":@computed_region_b3ci_nw94":"126",":@computed_region_38t5_wna6":"126",":@computed_region_25t2_rbz7":"2943"}},
{"type":"Feature","geometry":{"type":"Point","coordinates":[-76.246209,36.933658]},"properties":{":id":"row-f33y.cyts-8nwj",":version":"rv-swyj-ubxr_sx7f",":created_at":"2019-08-20T12:51:30.666Z",":updated_at":"2019-08-20T12:51:31.403Z","genus":"Ulmus","species":"americana 'Princeton'","common_name":"Princeton American elm","street_number":"702","street_name":"E. Bayview Blvd","site":"1F","delivered":"2019-01-02T00:00:00.000","completed":"2019-02-26T00:00:00.000","estimated_canopy_coverage":"1256.63706","source":"City Nursery","program_year":"2019",":@computed_region_x6fk_ihs5":"101",":@computed_region_b3ci_nw94":"101",":@computed_region_38t5_wna6":"101",":@computed_region_25t2_rbz7":"2943"}},
{"type":"Feature","geometry":{"type":"Point","coordinates":[-76.272231,36.90836]},"properties":{":id":"row-aqjy_7gvb_b2aj",":version":"rv-zc9b.2d3y~j7ka",":created_at":"2019-08-20T12:51:30.666Z",":updated_at":"2019-08-20T12:51:31.403Z","genus":"Quercus","species":"muehlenbergii","common_name":"Chinquapin oak","street_number":"200","street_name":"Glen Echo Dr","site":"1F","delivered":"2018-12-03T00:00:00.000","completed":"2018-11-29T00:00:00.000","estimated_canopy_coverage":"2826","source":"City Nursery","program_year":"2019",":@computed_region_x6fk_ihs5":"127",":@computed_region_b3ci_nw94":"127",":@computed_region_38t5_wna6":"127",":@computed_region_25t2_rbz7":"2943"}},
{"type":"Feature","geometry":{"type":"Point","coordinates":[-76.293505,36.87934]},"properties":{":id":"row-tekk.zmbt-fh2u",":version":"rv-wzmz-7iiv-55k3",":created_at":"2019-08-20T12:51:30.666Z",":updated_at":"2019-08-20T12:51:31.403Z","genus":"Quercus","species":"prinoides","common_name":"Dwarf chinquapin oak","street_number":"716","street_name":"37th St","site":"1F","delivered":"2019-01-07T00:00:00.000","completed":"2019-01-16T00:00:00.000","estimated_canopy_coverage":"153.93804","source":"City Nursery","program_year":"2019",":@computed_region_x6fk_ihs5":"46",":@computed_region_b3ci_nw94":"51",":@computed_region_38t5_wna6":"51",":@computed_region_25t2_rbz7":"2943"}},
{"type":"Feature","geometry":null,"properties":{":id":"row-w6pd~redw.2tav",":version":"rv-69dv_2dsm_yca8",":created_at":"2019-08-20T12:51:30.666Z",":updated_at":"2019-08-20T12:51:31.403Z","genus":"Diospyros","species":"virginiana","common_name":"Persimmon","street_number":"1599","street_name":"Premium Outlets Blvd","site":"19P","delivered":"2018-11-27T00:00:00.000","completed":"2018-01-10T00:00:00.000","estimated_canopy_coverage":"921","source":"City Nursery","program_year":"2019",":@computed_region_x6fk_ihs5":null,":@computed_region_b3ci_nw94":null,":@computed_region_38t5_wna6":null,":@computed_region_25t2_rbz7":null}},
{"type":"Feature","geometry":{"type":"Point","coordinates":[-76.203089,36.909414]},"properties":{":id":"row-pk8t.93z5-y2xi",":version":"rv-z64p_fh5b~sdk7",":created_at":"2019-08-20T12:51:30.666Z",":updated_at":"2019-08-20T12:51:31.403Z","genus":"Prunus","species":"cerasifera 'Krauter Vesuvius'","common_name":"Krauter Vesuvius purple leaf plum","street_number":"2625","street_name":"Wingfield Rd","site":"1F","delivered":"2018-11-26T00:00:00.000","completed":"2018-12-12T00:00:00.000","estimated_canopy_coverage":"314.159265","source":"City Nursery","program_year":"2019",":@computed_region_x6fk_ihs5":"90",":@computed_region_b3ci_nw94":"91",":@computed_region_38t5_wna6":"91",":@computed_region_25t2_rbz7":"2943"}},
{"type":"Feature","geometry":{"type":"Point","coordinates":[-76.255494,36.849314]},"properties":{":id":"row-itv6~iv2d~8pjh",":version":"rv-wssi_db2k-tifa",":created_at":"2019-08-20T12:51:30.666Z",":updated_at":"2019-08-20T12:51:31.403Z","genus":"Ostrya","species":"virginiana","common_name":"Hophornbeam","street_number":"2724","street_name":"Park Cres","site":"13P","delivered":"2017-11-16T00:00:00.000","completed":"2017-12-12T00:00:00.000","estimated_canopy_coverage":"706.858347","source":"City Nursery","program_year":"2018",":@computed_region_x6fk_ihs5":"56",":@computed_region_b3ci_nw94":"63",":@computed_region_38t5_wna6":"63",":@computed_region_25t2_rbz7":"2943"}},
{"type":"Feature","geometry":{"type":"Point","coordinates":[-76.282108,36.878534]},"properties":{":id":"row-griz.pbdn_uqai",":version":"rv-md97_4na8_sece",":created_at":"2019-08-20T12:51:30.666Z",":updated_at":"2019-08-20T12:51:31.403Z","genus":"Styrax","species":"americanus","common_name":"American snowbell","street_number":"3500","street_name":"Granby St","site":"14P","delivered":"2018-11-27T00:00:00.000","completed":"2019-01-04T00:00:00.000","estimated_canopy_coverage":"706","source":"City Nursery","program_year":"2019",":@computed_region_x6fk_ihs5":"72",":@computed_region_b3ci_nw94":"78",":@computed_region_38t5_wna6":"78",":@computed_region_25t2_rbz7":"2943"}},
{"type":"Feature","geometry":{"type":"Point","coordinates":[-76.293507,36.865216]},"properties":{":id":"row-djma_paa8_m2yp",":version":"rv-nneq-emis_jhix",":created_at":"2019-08-20T12:51:30.666Z",":updated_at":"2019-08-20T12:51:31.403Z","genus":"Quercus","species":"phellos","common_name":"Willow oak","street_number":"1401","street_name":"Colonial Ave","site":"1F","delivered":"2018-11-21T00:00:00.000","completed":"2018-12-06T00:00:00.000","estimated_canopy_coverage":"1963.49541","source":"City Nursery","program_year":"2019",":@computed_region_x6fk_ihs5":"33",":@computed_region_b3ci_nw94":"38",":@computed_region_38t5_wna6":"38",":@computed_region_25t2_rbz7":"2943"}},
{"type":"Feature","geometry":{"type":"Point","coordinates":[-76.267621,36.829706]},"properties":{":id":"row-mgd7-bgp9_izkr",":version":"rv-ntzm.xyqz~672s",":created_at":"2019-08-20T12:51:30.666Z",":updated_at":"2019-08-20T12:51:31.403Z","genus":"Taxodium","species":"distichum 'Shawnee Brave'","common_name":"Shawnee Brave bald cypress","street_number":"1130","street_name":"Leake St","site":"11B","delivered":"2017-11-22T00:00:00.000","completed":"2017-11-27T00:00:00.000","estimated_canopy_coverage":"490.873852","source":"City Nursery","program_year":"2018",":@computed_region_x6fk_ihs5":"15",":@computed_region_b3ci_nw94":"13",":@computed_region_38t5_wna6":"13",":@computed_region_25t2_rbz7":"2943"}},
{"type":"Feature","geometry":{"type":"Point","coordinates":[-76.262095,36.916534]},"properties":{":id":"row-iik8_qu43~3ind",":version":"rv-cei7.zvdu_3twk",":created_at":"2019-08-20T12:51:30.666Z",":updated_at":"2019-08-20T12:51:31.403Z","genus":"Styrax","species":"japonicus","common_name":"Japanese snowbell","street_number":"7819","street_name":"Galveston Blvd","site":"1F","delivered":"2018-11-27T00:00:00.000","completed":"2018-11-30T00:00:00.000","estimated_canopy_coverage":"706.858347","source":"City Nursery","program_year":"2019",":@computed_region_x6fk_ihs5":"119",":@computed_region_b3ci_nw94":"119",":@computed_region_38t5_wna6":"119",":@computed_region_25t2_rbz7":"2943"}},
{"type":"Feature","geometry":{"type":"Point","coordinates":[-76.232662,36.904316]},"properties":{":id":"row-pw2h-9f8k~7as6",":version":"rv-4dg8.vgpf-8ii9",":created_at":"2019-08-20T12:51:30.666Z",":updated_at":"2019-08-20T12:51:31.403Z","genus":"Nyssa","species":"sylvatica","common_name":"Black tupelo","street_number":"1430","street_name":"Arbor Ave","site":"1F","delivered":"2017-11-09T00:00:00.000","completed":"2017-11-17T00:00:00.000","estimated_canopy_coverage":"962.11275","source":"City Nursery","program_year":"2018",":@computed_region_x6fk_ihs5":"55",":@computed_region_b3ci_nw94":"62",":@computed_region_38t5_wna6":"62",":@computed_region_25t2_rbz7":"2943"}},
{"type":"Feature","geometry":{"type":"Point","coordinates":[-76.257431,36.870493]},"properties":{":id":"row-m8hf~5fnx-k88a",":version":"rv-9g5g~5dty~dtgu",":created_at":"2019-08-20T12:51:30.666Z",":updated_at":"2019-08-20T12:51:31.403Z","genus":"Betula","species":"nigra","common_name":"River birch","street_number":"2820","street_name":"Chesapeake Blvd","site":"9FL","delivered":"2018-11-26T00:00:00.000","completed":"2018-11-30T00:00:00.000","estimated_canopy_coverage":"962.11275","source":"City Nursery","program_year":"2019",":@computed_region_x6fk_ihs5":"3",":@computed_region_b3ci_nw94":"3",":@computed_region_38t5_wna6":"3",":@computed_region_25t2_rbz7":"2943"}},
{"type":"Feature","geometry":{"type":"Point","coordinates":[-76.243262,36.937748]},"properties":{":id":"row-ct4m~te9j.jt3x",":version":"rv-xugy~jief-mtjh",":created_at":"2019-08-20T12:51:30.666Z",":updated_at":"2019-08-20T12:51:31.403Z","genus":"Quercus","species":"prinoides","common_name":"Dwarf chinquapin oak","street_number":"8817","street_name":"Plymouth St","site":"1F","delivered":"2018-02-20T00:00:00.000","completed":"2018-02-22T00:00:00.000","estimated_canopy_coverage":"153.93804","source":"City Nursery","program_year":"2018",":@computed_region_x6fk_ihs5":"103",":@computed_region_b3ci_nw94":"103",":@computed_region_38t5_wna6":"103",":@computed_region_25t2_rbz7":"2943"}},
{"type":"Feature","geometry":{"type":"Point","coordinates":[-76.24927400000001,36.855203]},"properties":{":id":"row-qi24~s498_u3he",":version":"rv-k2ys.2whv_wrin",":created_at":"2019-08-20T12:51:30.666Z",":updated_at":"2019-08-20T12:51:31.403Z","genus":"Prunus","species":"cerasifera 'Krauter Vesuvius'","common_name":"Krauter Vesuvius purple leaf plum","street_number":"3224","street_name":"Woodland Ave","site":"1F","delivered":"2018-01-23T00:00:00.000","completed":"2018-01-25T00:00:00.000","estimated_canopy_coverage":"314.159265","source":"City Nursery","program_year":"2018",":@computed_region_x6fk_ihs5":"7",":@computed_region_b3ci_nw94":"7",":@computed_region_38t5_wna6":"7",":@computed_region_25t2_rbz7":"2943"}},
{"type":"Feature","geometry":{"type":"Point","coordinates":[-76.298768,36.859907]},"properties":{":id":"row-a9d2.hiqk.6f7g",":version":"rv-69pm-zh9p-4jtj",":created_at":"2019-08-20T12:51:30.666Z",":updated_at":"2019-08-20T12:51:31.403Z","genus":"Chionanthus","species":"virginicus","common_name":"White fringetree","street_number":"601","street_name":"Stockley Gdns","site":"1F","delivered":"2017-11-29T00:00:00.000","completed":"2017-12-15T00:00:00.000","estimated_canopy_coverage":"176.714587","source":"City Nursery","program_year":"2018",":@computed_region_x6fk_ihs5":"33",":@computed_region_b3ci_nw94":"38",":@computed_region_38t5_wna6":"38",":@computed_region_25t2_rbz7":"2943"}},
{"type":"Feature","geometry":{"type":"Point","coordinates":[-76.274246,36.866518]},"properties":{":id":"row-nqnv~c9nd~qg6b",":version":"rv-ih2k-3tsi-2qrm",":created_at":"2019-08-20T12:51:30.666Z",":updated_at":"2019-08-20T12:51:31.403Z","genus":"Acer","species":"campestre 'Evelyn'","common_name":"Queen Elizabeth hedge maple","street_number":"913","street_name":"Pollard St","site":"3F","delivered":"2018-11-27T00:00:00.000","completed":"2018-12-04T00:00:00.000","estimated_canopy_coverage":"490.873852","source":"City Nursery","program_year":"2019",":@computed_region_x6fk_ihs5":"51",":@computed_region_b3ci_nw94":"57",":@computed_region_38t5_wna6":"57",":@computed_region_25t2_rbz7":"2943"}},
{"type":"Feature","geometry":{"type":"Point","coordinates":[-76.234779,36.885757]},"properties":{":id":"row-3e3i~hjua_qbyk",":version":"rv-x3f7.fm6g_wc2i",":created_at":"2019-08-20T12:51:30.666Z",":updated_at":"2019-08-20T12:51:31.403Z","genus":"Prunus","species":"cerasifera 'Krauter Vesuvius'","common_name":"Krauter Vesuvius purple leaf plum","street_number":"4819","street_name":"Texas Ave","site":"1S","delivered":"2017-12-04T00:00:00.000","completed":"2017-12-07T00:00:00.000","estimated_canopy_coverage":"314.159265","source":"City Nursery","program_year":"2018",":@computed_region_x6fk_ihs5":"118",":@computed_region_b3ci_nw94":"118",":@computed_region_38t5_wna6":"118",":@computed_region_25t2_rbz7":"2943"}},
{"type":"Feature","geometry":{"type":"Point","coordinates":[-76.232049,36.904294]},"properties":{":id":"row-8rdp-d26r.5vu4",":version":"rv-kdd7_4yga-yvn9",":created_at":"2019-08-20T12:51:30.666Z",":updated_at":"2019-08-20T12:51:31.403Z","genus":"Nyssa","species":"sylvatica","common_name":"Black tupelo","street_number":"6868","street_name":"Silverwood Ct","site":"2S","delivered":"2017-11-22T00:00:00.000","completed":"2017-11-30T00:00:00.000","estimated_canopy_coverage":"962.11275","source":"City Nursery","program_year":"2018",":@computed_region_x6fk_ihs5":"55",":@computed_region_b3ci_nw94":"62",":@computed_region_38t5_wna6":"62",":@computed_region_25t2_rbz7":"2943"}},
{"type":"Feature","geometry":{"type":"Point","coordinates":[-76.28801,36.863656]},"properties":{":id":"row-jfdg.wxbi-zagg",":version":"rv-tyke_s9ba-93nh",":created_at":"2019-08-20T12:51:30.666Z",":updated_at":"2019-08-20T12:51:31.403Z","genus":"Acer","species":"barbatum","common_name":"Florida maple","street_number":"200","street_name":"Shirley Ave","site":"1SC","delivered":"2018-01-22T00:00:00.000","completed":"2018-01-24T00:00:00.000","estimated_canopy_coverage":"1256.63706","source":"City Nursery","program_year":"2018",":@computed_region_x6fk_ihs5":"22",":@computed_region_b3ci_nw94":"26",":@computed_region_38t5_wna6":"26",":@computed_region_25t2_rbz7":"2943"}},
{"type":"Feature","geometry":{"type":"Point","coordinates":[-76.189274,36.854841]},"properties":{":id":"row-2p2g.shri.yxai",":version":"rv-ciyn_iaai-4ue4",":created_at":"2019-08-20T12:51:30.666Z",":updated_at":"2019-08-20T12:51:31.403Z","genus":"Ostrya","species":"virginiana","common_name":"Hophornbeam","street_number":"6309","street_name":"E Virginia Beach Blvd","site":"3M","delivered":"2017-11-09T00:00:00.000","completed":"2017-11-15T00:00:00.000","estimated_canopy_coverage":"706.858347","source":"City Nursery","program_year":"2018",":@computed_region_x6fk_ihs5":"128",":@computed_region_b3ci_nw94":"128",":@computed_region_38t5_wna6":"128",":@computed_region_25t2_rbz7":"2943"}},
{"type":"Feature","geometry":{"type":"Point","coordinates":[-76.264963,36.89892]},"properties":{":id":"row-d3sm.zcdj~ap22",":version":"rv-qvqg~q2y5-m4rf",":created_at":"2019-08-20T12:51:30.666Z",":updated_at":"2019-08-20T12:51:31.403Z","genus":"Salix","species":"matsudana","common_name":"Corkscrew willow","street_number":"535","street_name":"Garren Ave","site":"3FL","delivered":"2018-12-03T00:00:00.000","completed":"2018-12-12T00:00:00.000","estimated_canopy_coverage":"314","source":"City Nursery","program_year":"2019",":@computed_region_x6fk_ihs5":"79",":@computed_region_b3ci_nw94":"84",":@computed_region_38t5_wna6":"84",":@computed_region_25t2_rbz7":"2943"}},
{"type":"Feature","geometry":{"type":"Point","coordinates":[-76.22293200000001,36.88248900000001]},"properties":{":id":"row-ywux_nkyk.k4fy",":version":"rv-aay2_ep96~8z2y",":created_at":"2019-08-20T12:51:30.666Z",":updated_at":"2019-08-20T12:51:31.403Z","genus":"Acer","species":"campestre","common_name":"Hedge maple","street_number":"3131","street_name":"Dunway St","site":"1F","delivered":"2017-12-28T00:00:00.000","completed":"2018-01-26T00:00:00.000","estimated_canopy_coverage":"490.873852","source":"Purchased","program_year":"2018",":@computed_region_x6fk_ihs5":"107",":@computed_region_b3ci_nw94":"107",":@computed_region_38t5_wna6":"107",":@computed_region_25t2_rbz7":"2943"}},
{"type":"Feature","geometry":{"type":"Point","coordinates":[-76.257431,36.870493]},"properties":{":id":"row-ue3r.w6ih_ft74",":version":"rv-3m2m_rep4.yvkk",":created_at":"2019-08-20T12:51:30.666Z",":updated_at":"2019-08-20T12:51:31.403Z","genus":"Taxodium","species":"ascendens","common_name":"Pond cypress","street_number":"2820","street_name":"Chesapeake Blvd","site":"29FL","delivered":"2018-01-31T00:00:00.000","completed":"2018-02-01T00:00:00.000","estimated_canopy_coverage":"490.873852","source":"City Nursery","program_year":"2018",":@computed_region_x6fk_ihs5":"3",":@computed_region_b3ci_nw94":"3",":@computed_region_38t5_wna6":"3",":@computed_region_25t2_rbz7":"2943"}},
{"type":"Feature","geometry":{"type":"Point","coordinates":[-76.303818,36.865622]},"properties":{":id":"row-fkdq_95u7.28tw",":version":"rv-haf2~y3ma_hh2n",":created_at":"2019-08-20T12:51:30.666Z",":updated_at":"2019-08-20T12:51:31.403Z","genus":"Taxodium","species":"ascendens","common_name":"Pond cypress","street_number":"930","street_name":"Greenway Ct","site":"3P","delivered":"2018-01-23T00:00:00.000","completed":"2018-01-25T00:00:00.000","estimated_canopy_coverage":"490.873852","source":"City Nursery","program_year":"2018",":@computed_region_x6fk_ihs5":"97",":@computed_region_b3ci_nw94":"98",":@computed_region_38t5_wna6":"98",":@computed_region_25t2_rbz7":"2943"}},
{"type":"Feature","geometry":{"type":"Point","coordinates":[-76.177096,36.856544]},"properties":{":id":"row-wdxg.r72m-jvnu",":version":"rv-bti2~34aw_eivp",":created_at":"2019-08-20T12:51:30.666Z",":updated_at":"2019-08-20T12:51:31.403Z","genus":"Nyssa","species":"sylvatica","common_name":"Black tupelo","street_number":"115","street_name":"N Newtown Rd","site":"3M","delivered":"2017-11-09T00:00:00.000","completed":"2017-11-14T00:00:00.000","estimated_canopy_coverage":"962.11275","source":"City Nursery","program_year":"2018",":@computed_region_x6fk_ihs5":null,":@computed_region_b3ci_nw94":null,":@computed_region_38t5_wna6":null,":@computed_region_25t2_rbz7":"2951"}},
{"type":"Feature","geometry":{"type":"Point","coordinates":[-76.306075,36.91202]},"properties":{":id":"row-gj78_kbsm~v7d4",":version":"rv-ucn4~2ugj-5fu9",":created_at":"2019-08-20T12:51:30.666Z",":updated_at":"2019-08-20T12:51:31.403Z","genus":"Cercis","species":"canadensis 'Forest Pansy'","common_name":"Forest Pansy redbud","street_number":"7403","street_name":"Hampton Blvd","site":"1F","delivered":"2017-10-26T00:00:00.000","completed":"2017-11-01T00:00:00.000","estimated_canopy_coverage":"490.873852","source":"City Nursery","program_year":"2018",":@computed_region_x6fk_ihs5":"52",":@computed_region_b3ci_nw94":"58",":@computed_region_38t5_wna6":"58",":@computed_region_25t2_rbz7":"2943"}},
{"type":"Feature","geometry":{"type":"Point","coordinates":[-76.254116,36.900585]},"properties":{":id":"row-qfbv_jzxq~xvfz",":version":"rv-wjgx.yrgr-yxxz",":created_at":"2019-08-20T12:51:30.666Z",":updated_at":"2019-08-20T12:51:31.403Z","genus":"Lagerstroemia","species":"indica 'twilight'","common_name":"Twilight crape myrtle","street_number":"6604","street_name":"Whitehorn Dr","site":"1S","delivered":"2018-11-27T00:00:00.000","completed":"2018-11-28T00:00:00.000","estimated_canopy_coverage":"314.159265","source":"City Nursery","program_year":"2019",":@computed_region_x6fk_ihs5":"106",":@computed_region_b3ci_nw94":"106",":@computed_region_38t5_wna6":"106",":@computed_region_25t2_rbz7":"2943"}},
{"type":"Feature","geometry":{"type":"Point","coordinates":[-76.234677,36.851737]},"properties":{":id":"row-mcsk_58ed~kqki",":version":"rv-bvyc_j7x6_7ewn",":created_at":"2019-08-20T12:51:30.666Z",":updated_at":"2019-08-20T12:51:31.403Z","genus":"Ulmus","species":"alata","common_name":"Winged elm","street_number":"957","street_name":"Elm St","site":"1F","delivered":"2019-01-02T00:00:00.000","completed":"2019-01-04T00:00:00.000","estimated_canopy_coverage":"1256","source":"City Nursery","program_year":"2019",":@computed_region_x6fk_ihs5":"44",":@computed_region_b3ci_nw94":"49",":@computed_region_38t5_wna6":"49",":@computed_region_25t2_rbz7":"2943"}},
{"type":"Feature","geometry":{"type":"Point","coordinates":[-76.240658,36.854601]},"properties":{":id":"row-uq29_4t8u-jc4n",":version":"rv-3sve~ga28_gs5y",":created_at":"2019-08-20T12:51:30.666Z",":updated_at":"2019-08-20T12:51:31.403Z","genus":"Ilex","species":"x attenuata","common_name":"East Palatka holly","street_number":"3550","street_name":"E Virginia Beach Blvd","site":"1F","delivered":"2017-10-26T00:00:00.000","completed":"2017-10-26T00:00:00.000","estimated_canopy_coverage":"176.714587","source":"City Nursery","program_year":"2018",":@computed_region_x6fk_ihs5":"61",":@computed_region_b3ci_nw94":"70",":@computed_region_38t5_wna6":"70",":@computed_region_25t2_rbz7":"2943"}},
{"type":"Feature","geometry":{"type":"Point","coordinates":[-76.257431,36.870493]},"properties":{":id":"row-pyc6-rhz7~true",":version":"rv-xm9k_7vaq~ussp",":created_at":"2019-08-20T12:51:30.666Z",":updated_at":"2019-08-20T12:51:31.403Z","genus":"Betula","species":"nigra 'Heritage'","common_name":"Heritage river birch","street_number":"2820","street_name":"Chesapeake Blvd","site":"7FL","delivered":"2018-01-30T00:00:00.000","completed":"2018-02-01T00:00:00.000","estimated_canopy_coverage":"962.11275","source":"City Nursery","program_year":"2018",":@computed_region_x6fk_ihs5":"3",":@computed_region_b3ci_nw94":"3",":@computed_region_38t5_wna6":"3",":@computed_region_25t2_rbz7":"2943"}},
{"type":"Feature","geometry":{"type":"Point","coordinates":[-76.211039,36.868879]},"properties":{":id":"row-7jbm~c7ei-bz8v",":version":"rv-qnc5.6d96-sfrn",":created_at":"2019-08-20T12:51:30.666Z",":updated_at":"2019-08-20T12:51:31.403Z","genus":"Magnolia","species":"virginiana","common_name":"Sweetbay magnolia","street_number":"1330","street_name":"N. Military Hwy","site":"5B","delivered":"2018-12-07T00:00:00.000","completed":"2018-12-07T00:00:00.000","estimated_canopy_coverage":"490.873852","source":"City Nursery","program_year":"2019",":@computed_region_x6fk_ihs5":"128",":@computed_region_b3ci_nw94":"128",":@computed_region_38t5_wna6":"128",":@computed_region_25t2_rbz7":"2943"}},
{"type":"Feature","geometry":{"type":"Point","coordinates":[-76.287712,36.887276]},"properties":{":id":"row-j7pi-kg3z~ucxu",":version":"rv-8qu7.vgx2_sex3",":created_at":"2019-08-20T12:51:30.666Z",":updated_at":"2019-08-20T12:51:31.403Z","genus":"Ulmus","species":"americana 'Princeton'","common_name":"Princeton American elm","street_number":"4815","street_name":"Newport Ave","site":"1M","delivered":"2017-12-13T00:00:00.000","completed":"2018-01-12T00:00:00.000","estimated_canopy_coverage":"1256.63706","source":"City Nursery","program_year":"2018",":@computed_region_x6fk_ihs5":"19",":@computed_region_b3ci_nw94":"21",":@computed_region_38t5_wna6":"21",":@computed_region_25t2_rbz7":"2943"}},
{"type":"Feature","geometry":{"type":"Point","coordinates":[-76.217124,36.88066]},"properties":{":id":"row-hw46-56z7.69pd",":version":"rv-gwik.tpcz-42tg",":created_at":"2019-08-20T12:51:30.666Z",":updated_at":"2019-08-20T12:51:31.403Z","genus":"Prunus","species":"yeodensis","common_name":"Yoshino cherry","street_number":"2630","street_name":"Almeda Ave","site":"6FL","delivered":"2018-11-26T00:00:00.000","completed":"2018-11-29T00:00:00.000","estimated_canopy_coverage":"1256.63706","source":"City Nursery","program_year":"2019",":@computed_region_x6fk_ihs5":"31",":@computed_region_b3ci_nw94":"36",":@computed_region_38t5_wna6":"36",":@computed_region_25t2_rbz7":"2943"}},
{"type":"Feature","geometry":{"type":"Point","coordinates":[-76.277661,36.844183]},"properties":{":id":"row-pmwz~ntfe~ezh9",":version":"rv-3wve_b2qe~3ygu",":created_at":"2019-08-20T12:51:30.666Z",":updated_at":"2019-08-20T12:51:31.403Z","genus":"Ulmus","species":"parvifolia 'Bosque'","common_name":"Bosque elm","street_number":"150","street_name":"Park Ave","site":"3P","delivered":"2017-12-05T00:00:00.000","completed":"2017-12-07T00:00:00.000","estimated_canopy_coverage":"706.858347","source":"Purchased","program_year":"2018",":@computed_region_x6fk_ihs5":"128",":@computed_region_b3ci_nw94":"128",":@computed_region_38t5_wna6":"128",":@computed_region_25t2_rbz7":"2943"}},
{"type":"Feature","geometry":{"type":"Point","coordinates":[-76.26432,36.887196]},"properties":{":id":"row-wxmy~vqq3_hmua",":version":"rv-8gzh~xkn4.7b8f",":created_at":"2019-08-20T12:51:30.666Z",":updated_at":"2019-08-20T12:51:31.403Z","genus":"Malus","species":"pumila 'Roxburry Russet'","common_name":"Roxburry Russet apple","street_number":"1610","street_name":"Cromwell Dr","site":"3F","delivered":"2018-11-21T00:00:00.000","completed":"2018-11-29T00:00:00.000","estimated_canopy_coverage":"177","source":"City Nursery","program_year":"2019",":@computed_region_x6fk_ihs5":"122",":@computed_region_b3ci_nw94":"122",":@computed_region_38t5_wna6":"122",":@computed_region_25t2_rbz7":"2943"}},
{"type":"Feature","geometry":{"type":"Point","coordinates":[-76.289797,36.856207]},"properties":{":id":"row-4ze5-cxjg-ucvb",":version":"rv-my79-thni.tr3j",":created_at":"2019-08-20T12:51:30.666Z",":updated_at":"2019-08-20T12:51:31.403Z","genus":"Taxodium","species":"ascendens","common_name":"Pond cypress","street_number":"138","street_name":"W Olney Rd","site":"1P","delivered":"2017-10-13T00:00:00.000","completed":"2017-10-13T00:00:00.000","estimated_canopy_coverage":"490.873852","source":"City Nursery","program_year":"2018",":@computed_region_x6fk_ihs5":"22",":@computed_region_b3ci_nw94":"26",":@computed_region_38t5_wna6":"26",":@computed_region_25t2_rbz7":"2943"}},
{"type":"Feature","geometry":{"type":"Point","coordinates":[-76.26432,36.887196]},"properties":{":id":"row-m4f4~23iv-z6gg",":version":"rv-u72m-a6f7-7pa2",":created_at":"2019-08-20T12:51:30.666Z",":updated_at":"2019-08-20T12:51:31.403Z","genus":"Acer","species":"barbatum","common_name":"Florida maple","street_number":"1610","street_name":"Cromwell Dr","site":"20L","delivered":"2018-12-07T00:00:00.000","completed":"2018-12-14T00:00:00.000","estimated_canopy_coverage":"1256.63706","source":"City Nursery","program_year":"2019",":@computed_region_x6fk_ihs5":"122",":@computed_region_b3ci_nw94":"122",":@computed_region_38t5_wna6":"122",":@computed_region_25t2_rbz7":"2943"}},
{"type":"Feature","geometry":{"type":"Point","coordinates":[-76.279593,36.884132]},"properties":{":id":"row-935p_tbje~r7wy",":version":"rv-m3ge.k7jq~q8c4",":created_at":"2019-08-20T12:51:30.666Z",":updated_at":"2019-08-20T12:51:31.403Z","genus":"Ginkgo","species":"biloba 'Shangri-La'","common_name":"Ginkgo","street_number":"208","street_name":"E 41st St","site":"1F","delivered":"2017-10-26T00:00:00.000","completed":"2017-11-28T00:00:00.000","estimated_canopy_coverage":"1256.63706","source":"City Nursery","program_year":"2018",":@computed_region_x6fk_ihs5":"19",":@computed_region_b3ci_nw94":"21",":@computed_region_38t5_wna6":"21",":@computed_region_25t2_rbz7":"2943"}},
{"type":"Feature","geometry":{"type":"Point","coordinates":[-76.304728,36.879555]},"properties":{":id":"row-g9q6.2dv6-p8rz",":version":"rv-97p5.nrdg.5h87",":created_at":"2019-08-20T12:51:30.666Z",":updated_at":"2019-08-20T12:51:31.403Z","genus":"Lagerstroemia","species":"indica x fauriei 'Natchez'","common_name":"Natchez crape myrtle","street_number":"1268","street_name":"W 38th St","site":"4F","delivered":"2018-02-14T00:00:00.000","completed":"2018-02-20T00:00:00.000","estimated_canopy_coverage":"314.159265","source":"Purchased","program_year":"2018",":@computed_region_x6fk_ihs5":"48",":@computed_region_b3ci_nw94":"53",":@computed_region_38t5_wna6":"53",":@computed_region_25t2_rbz7":"2943"}},
{"type":"Feature","geometry":{"type":"Point","coordinates":[-76.252399,36.933023]},"properties":{":id":"row-n5uy~5h3v-iwvz",":version":"rv-wg27.ueqi_f6k8",":created_at":"2019-08-20T12:51:30.666Z",":updated_at":"2019-08-20T12:51:31.403Z","genus":"Ulmus","species":"alata","common_name":"Winged elm","street_number":"406","street_name":"E. Bayview Blvd","site":"2F","delivered":"2019-01-15T00:00:00.000","completed":"2019-02-26T00:00:00.000","estimated_canopy_coverage":"1256","source":"City Nursery","program_year":"2019",":@computed_region_x6fk_ihs5":"126",":@computed_region_b3ci_nw94":"126",":@computed_region_38t5_wna6":"126",":@computed_region_25t2_rbz7":"2943"}},
{"type":"Feature","geometry":{"type":"Point","coordinates":[-76.308569,36.883082]},"properties":{":id":"row-vnwq-z78f.k96f",":version":"rv-bag9.zkvt~xky8",":created_at":"2019-08-20T12:51:30.666Z",":updated_at":"2019-08-20T12:51:31.403Z","genus":"Quercus","species":"prinoides","common_name":"Dwarf chinquapin oak","street_number":"1417","street_name":"43rd St","site":"1F","delivered":"2018-12-03T00:00:00.000","completed":"2018-12-12T00:00:00.000","estimated_canopy_coverage":"153.93804","source":"City Nursery","program_year":"2019",":@computed_region_x6fk_ihs5":"48",":@computed_region_b3ci_nw94":"53",":@computed_region_38t5_wna6":"53",":@computed_region_25t2_rbz7":"2943"}},
{"type":"Feature","geometry":{"type":"Point","coordinates":[-76.224077,36.899159]},"properties":{":id":"row-kdnw~4sh4-3qym",":version":"rv-8ct5.g2rm_jg2q",":created_at":"2019-08-20T12:51:30.666Z",":updated_at":"2019-08-20T12:51:31.403Z","genus":"Nyssa","species":"sylvatica","common_name":"Black tupelo","street_number":"1717","street_name":"Meadow Lake Dr","site":"1F","delivered":"2018-11-28T00:00:00.000","completed":"2018-12-17T00:00:00.000","estimated_canopy_coverage":"962.11275","source":"City Nursery","program_year":"2019",":@computed_region_x6fk_ihs5":"54",":@computed_region_b3ci_nw94":"60",":@computed_region_38t5_wna6":"60",":@computed_region_25t2_rbz7":"2943"}},
{"type":"Feature","geometry":{"type":"Point","coordinates":[-76.249237,36.875242]},"properties":{":id":"row-rf9i.ietj~eybm",":version":"rv-jzq6~gi9q.sbau",":created_at":"2019-08-20T12:51:30.666Z",":updated_at":"2019-08-20T12:51:31.403Z","genus":"Magnolia","species":"virginiana","common_name":"Sweetbay magnolia","street_number":"3500","street_name":"Lafayette Blvd","site":"9P","delivered":"2019-01-02T00:00:00.000","completed":"2019-01-04T00:00:00.000","estimated_canopy_coverage":"490.873852","source":"City Nursery","program_year":"2019",":@computed_region_x6fk_ihs5":"28",":@computed_region_b3ci_nw94":"24",":@computed_region_38t5_wna6":"24",":@computed_region_25t2_rbz7":"2943"}},
{"type":"Feature","geometry":{"type":"Point","coordinates":[-76.243865,36.930905]},"properties":{":id":"row-zqvd-jnnn~2stg",":version":"rv-28f9~wbdg-w8j9",":created_at":"2019-08-20T12:51:30.666Z",":updated_at":"2019-08-20T12:51:31.403Z","genus":"Acer","species":"buergerianum","common_name":"Trident maple","street_number":"8528","street_name":"Chesapeake Blvd","site":"3M","delivered":"2019-01-07T00:00:00.000","completed":"2019-03-04T00:00:00.000","estimated_canopy_coverage":"1256.63706","source":"City Nursery","program_year":"2019",":@computed_region_x6fk_ihs5":"103",":@computed_region_b3ci_nw94":"103",":@computed_region_38t5_wna6":"103",":@computed_region_25t2_rbz7":"2943"}},
{"type":"Feature","geometry":{"type":"Point","coordinates":[-76.255464,36.849197]},"properties":{":id":"row-dipt.nup7_h4ug",":version":"rv-npu2_xjkg_ynpu",":created_at":"2019-08-20T12:51:30.666Z",":updated_at":"2019-08-20T12:51:31.403Z","genus":"Ulmus","species":"alata","common_name":"Winged elm","street_number":"2709","street_name":"Park Cres","site":"1F","delivered":"2019-01-08T00:00:00.000","completed":"2019-01-08T00:00:00.000","estimated_canopy_coverage":"1256","source":"City Nursery","program_year":"2019",":@computed_region_x6fk_ihs5":"56",":@computed_region_b3ci_nw94":"63",":@computed_region_38t5_wna6":"63",":@computed_region_25t2_rbz7":"2943"}},
{"type":"Feature","geometry":{"type":"Point","coordinates":[-76.278017,36.859885]},"properties":{":id":"row-vwjp-qh6k.zf48",":version":"rv-788f.96xr_tfjq",":created_at":"2019-08-20T12:51:30.666Z",":updated_at":"2019-08-20T12:51:31.403Z","genus":"Quercus","species":"phellos","common_name":"Willow oak","street_number":"1320","street_name":"Church St","site":"1F","delivered":"2018-01-19T00:00:00.000","completed":"2018-01-22T00:00:00.000","estimated_canopy_coverage":"1963.49541","source":"City Nursery","program_year":"2018",":@computed_region_x6fk_ihs5":"2",":@computed_region_b3ci_nw94":"2",":@computed_region_38t5_wna6":"2",":@computed_region_25t2_rbz7":"2943"}},
{"type":"Feature","geometry":{"type":"Point","coordinates":[-76.231659,36.904635]},"properties":{":id":"row-4s9m~7gii.ggrj",":version":"rv-qkfz.tb3r.v6jh",":created_at":"2019-08-20T12:51:30.666Z",":updated_at":"2019-08-20T12:51:31.403Z","genus":"Ostrya","species":"virginiana","common_name":"Hophornbeam","street_number":"1454","street_name":"Arbor Ave","site":"2M","delivered":"2017-11-09T00:00:00.000","completed":"2017-11-17T00:00:00.000","estimated_canopy_coverage":"706.858347","source":"City Nursery","program_year":"2018",":@computed_region_x6fk_ihs5":"55",":@computed_region_b3ci_nw94":"62",":@computed_region_38t5_wna6":"62",":@computed_region_25t2_rbz7":"2943"}},
{"type":"Feature","geometry":{"type":"Point","coordinates":[-76.265648,36.93687]},"properties":{":id":"row-v23z~vzre-wjhe",":version":"rv-muai-ag37~u9c5",":created_at":"2019-08-20T12:51:30.666Z",":updated_at":"2019-08-20T12:51:31.403Z","genus":"Halesia","species":"diptera","common_name":"Two-winged silverbell","street_number":"8709","street_name":"Executive Dr","site":"1FL","delivered":"2019-01-11T00:00:00.000","completed":"2019-02-06T00:00:00.000","estimated_canopy_coverage":"706.5","source":"City Nursery","program_year":"2019",":@computed_region_x6fk_ihs5":"101",":@computed_region_b3ci_nw94":"101",":@computed_region_38t5_wna6":"101",":@computed_region_25t2_rbz7":"2943"}},
{"type":"Feature","geometry":{"type":"Point","coordinates":[-76.255494,36.849314]},"properties":{":id":"row-rmk6-d6it_85iu",":version":"rv-xnig~3fjw~39bt",":created_at":"2019-08-20T12:51:30.666Z",":updated_at":"2019-08-20T12:51:31.403Z","genus":"Magnolia","species":"virginiana","common_name":"Sweetbay magnolia","street_number":"2724","street_name":"Park Cres","site":"5P","delivered":"2017-02-28T00:00:00.000","completed":"2018-03-01T00:00:00.000","estimated_canopy_coverage":"490.873852","source":"City Nursery","program_year":"2018",":@computed_region_x6fk_ihs5":"56",":@computed_region_b3ci_nw94":"63",":@computed_region_38t5_wna6":"63",":@computed_region_25t2_rbz7":"2943"}},
{"type":"Feature","geometry":{"type":"Point","coordinates":[-76.292785,36.849782]},"properties":{":id":"row-adwm~s573.8sw4",":version":"rv-pmdw_td2g~j8qh",":created_at":"2019-08-20T12:51:30.666Z",":updated_at":"2019-08-20T12:51:31.403Z","genus":"Ulmus","species":"parvifolia 'Bosque'","common_name":"Bosque elm","street_number":"201","street_name":"W Tazewell St","site":"6S","delivered":"2017-11-22T00:00:00.000","completed":"2017-11-29T00:00:00.000","estimated_canopy_coverage":"706.858347","source":"Purchased","program_year":"2018",":@computed_region_x6fk_ihs5":"32",":@computed_region_b3ci_nw94":"37",":@computed_region_38t5_wna6":"37",":@computed_region_25t2_rbz7":"2943"}},
{"type":"Feature","geometry":{"type":"Point","coordinates":[-76.250954,36.847778]},"properties":{":id":"row-dztr_vji4~87be",":version":"rv-jp9g~qepb_gqx2",":created_at":"2019-08-20T12:51:30.666Z",":updated_at":"2019-08-20T12:51:31.403Z","genus":"Cercis","species":"canadensis 'Merlot'","common_name":"Merlot redbud","street_number":"3025","street_name":"N Lakebridge Rd","site":"4P","delivered":"2017-10-30T00:00:00.000","completed":"2017-11-01T00:00:00.000","estimated_canopy_coverage":"490.873852","source":"City Nursery","program_year":"2018",":@computed_region_x6fk_ihs5":"88",":@computed_region_b3ci_nw94":"17",":@computed_region_38t5_wna6":"17",":@computed_region_25t2_rbz7":"2943"}},
{"type":"Feature","geometry":{"type":"Point","coordinates":[-76.294967,36.885325]},"properties":{":id":"row-2idv~gk6d~vyhu",":version":"rv-tvex_id79~hsdv",":created_at":"2019-08-20T12:51:30.666Z",":updated_at":"2019-08-20T12:51:31.403Z","genus":"Quercus","species":"prinoides","common_name":"Dwarf chinquapin oak","street_number":"4504","street_name":"Colley Ave","site":"1F","delivered":"2019-01-07T00:00:00.000","completed":"2019-01-09T00:00:00.000","estimated_canopy_coverage":"153.93804","source":"City Nursery","program_year":"2019",":@computed_region_x6fk_ihs5":"40",":@computed_region_b3ci_nw94":"44",":@computed_region_38t5_wna6":"44",":@computed_region_25t2_rbz7":"2943"}},
{"type":"Feature","geometry":{"type":"Point","coordinates":[-76.233753,36.892326]},"properties":{":id":"row-bm4g_9zbk-66j7",":version":"rv-ysiv_gbwu-xk3c",":created_at":"2019-08-20T12:51:30.666Z",":updated_at":"2019-08-20T12:51:31.403Z","genus":"Quercus","species":"laurifolia","common_name":"Laurel oak","street_number":"1287","street_name":"Pall Mall St","site":"4F","delivered":"2019-01-08T00:00:00.000","completed":"2019-01-08T00:00:00.000","estimated_canopy_coverage":"2827.43339","source":"City Nursery","program_year":"2019",":@computed_region_x6fk_ihs5":"128",":@computed_region_b3ci_nw94":"128",":@computed_region_38t5_wna6":"128",":@computed_region_25t2_rbz7":"2943"}},
{"type":"Feature","geometry":{"type":"Point","coordinates":[-76.310142,36.92754]},"properties":{":id":"row-d4p3_ak7j~fi4k",":version":"rv-y3h5-t5xy-un6f",":created_at":"2019-08-20T12:51:30.666Z",":updated_at":"2019-08-20T12:51:31.403Z","genus":"Cercis","species":"canadensis 'Merlot'","common_name":"Merlot redbud","street_number":"8100","street_name":"Evergreen Ave","site":"2F","delivered":"2018-11-21T00:00:00.000","completed":"2018-11-28T00:00:00.000","estimated_canopy_coverage":"490.873852","source":"City Nursery","program_year":"2019",":@computed_region_x6fk_ihs5":"37",":@computed_region_b3ci_nw94":"42",":@computed_region_38t5_wna6":"42",":@computed_region_25t2_rbz7":"2943"}},
{"type":"Feature","geometry":{"type":"Point","coordinates":[-76.246101,36.899867]},"properties":{":id":"row-zxte-v8aj.xy22",":version":"rv-fmyb_y3ex_wv3c",":created_at":"2019-08-20T12:51:30.666Z",":updated_at":"2019-08-20T12:51:31.403Z","genus":"Lagerstroemia","species":"indica x fauriei 'Tuscarora'","common_name":"Tuscarora crape myrtle","street_number":"985","street_name":"Marietta Ave","site":"2F","delivered":"2017-12-28T00:00:00.000","completed":"2018-01-16T00:00:00.000","estimated_canopy_coverage":"314.159265","source":"Purchased","program_year":"2018",":@computed_region_x6fk_ihs5":"106",":@computed_region_b3ci_nw94":"106",":@computed_region_38t5_wna6":"106",":@computed_region_25t2_rbz7":"2943"}},
{"type":"Feature","geometry":{"type":"Point","coordinates":[-76.252164,36.877428]},"properties":{":id":"row-2kcu~f22h-e22e",":version":"rv-xmy3.vses.gxyv",":created_at":"2019-08-20T12:51:30.666Z",":updated_at":"2019-08-20T12:51:31.403Z","genus":"Ulmus","species":"alata","common_name":"Winged elm","street_number":"3310","street_name":"Cromwell Dr","site":"7M","delivered":"2019-01-15T00:00:00.000","completed":"2019-03-01T00:00:00.000","estimated_canopy_coverage":"1256","source":"City Nursery","program_year":"2019",":@computed_region_x6fk_ihs5":"29",":@computed_region_b3ci_nw94":"29",":@computed_region_38t5_wna6":"29",":@computed_region_25t2_rbz7":"2943"}},
{"type":"Feature","geometry":{"type":"Point","coordinates":[-76.257431,36.870493]},"properties":{":id":"row-7vcr~ci86~aduz",":version":"rv-hbzj.n5j7-36wy",":created_at":"2019-08-20T12:51:30.666Z",":updated_at":"2019-08-20T12:51:31.403Z","genus":"Quercus","species":"laurifolia","common_name":"Laurel oak","street_number":"2820","street_name":"Chesapeake Blvd","site":"21FL","delivered":"2018-01-26T00:00:00.000","completed":"2018-02-01T00:00:00.000","estimated_canopy_coverage":"2827.43339","source":"City Nursery","program_year":"2018",":@computed_region_x6fk_ihs5":"3",":@computed_region_b3ci_nw94":"3",":@computed_region_38t5_wna6":"3",":@computed_region_25t2_rbz7":"2943"}},
{"type":"Feature","geometry":{"type":"Point","coordinates":[-76.217909,36.864908]},"properties":{":id":"row-bzjj_xfqd~4mxg",":version":"rv-3ktc-d5na~kqra",":created_at":"2019-08-20T12:51:30.666Z",":updated_at":"2019-08-20T12:51:31.403Z","genus":"Chionanthus","species":"retusus","common_name":"Chinese fringetree","street_number":"1188","street_name":"Lance Rd","site":"2B","delivered":"2017-12-12T00:00:00.000","completed":"2018-02-06T00:00:00.000","estimated_canopy_coverage":"176.714587","source":"City Nursery","program_year":"2018",":@computed_region_x6fk_ihs5":"128",":@computed_region_b3ci_nw94":"128",":@computed_region_38t5_wna6":"128",":@computed_region_25t2_rbz7":"2943"}},
{"type":"Feature","geometry":{"type":"Point","coordinates":[-76.298107,36.891868]},"properties":{":id":"row-qjqk~n887_3brt",":version":"rv-fqrq-87qs.c9ir",":created_at":"2019-08-20T12:51:30.666Z",":updated_at":"2019-08-20T12:51:31.403Z","genus":"Quercus","species":"phellos","common_name":"Willow oak","street_number":"1027","street_name":"Bolling Ave","site":"2F","delivered":"2017-10-27T00:00:00.000","completed":"2017-12-12T00:00:00.000","estimated_canopy_coverage":"1963.49541","source":"City Nursery","program_year":"2018",":@computed_region_x6fk_ihs5":"49",":@computed_region_b3ci_nw94":"54",":@computed_region_38t5_wna6":"54",":@computed_region_25t2_rbz7":"2943"}},
{"type":"Feature","geometry":{"type":"Point","coordinates":[-76.252037,36.949121]},"properties":{":id":"row-xucb~9qp4_twdr",":version":"rv-ntrh_z94f~jh2q",":created_at":"2019-08-20T12:51:30.666Z",":updated_at":"2019-08-20T12:51:31.403Z","genus":"Quercus","species":"michauxii","common_name":"Swamp chestnut oak","street_number":"9508","street_name":"Wells Pkwy","site":"1M","delivered":"2019-01-15T00:00:00.000","completed":"2019-02-12T00:00:00.000","estimated_canopy_coverage":"2826","source":"City Nursery","program_year":"2019",":@computed_region_x6fk_ihs5":"102",":@computed_region_b3ci_nw94":"102",":@computed_region_38t5_wna6":"102",":@computed_region_25t2_rbz7":"2943"}},
{"type":"Feature","geometry":{"type":"Point","coordinates":[-76.29402900000001,36.850177]},"properties":{":id":"row-3vkb_vyy2-7w7s",":version":"rv-i7b3~67uh.k37a",":created_at":"2019-08-20T12:51:30.666Z",":updated_at":"2019-08-20T12:51:31.403Z","genus":"Acer","species":"campestre 'Evelyn'","common_name":"Queen Elizabeth hedge maple","street_number":"258","street_name":"Tazewell St","site":"1F","delivered":"2018-11-13T00:00:00.000","completed":"2018-11-20T00:00:00.000","estimated_canopy_coverage":"490.873852","source":"City Nursery","program_year":"2019",":@computed_region_x6fk_ihs5":"32",":@computed_region_b3ci_nw94":"37",":@computed_region_38t5_wna6":"37",":@computed_region_25t2_rbz7":"2943"}},
{"type":"Feature","geometry":{"type":"Point","coordinates":[-76.264249,36.887922]},"properties":{":id":"row-u2fu~bu4i.hg2y",":version":"rv-criu-4cdj_tvky",":created_at":"2019-08-20T12:51:30.666Z",":updated_at":"2019-08-20T12:51:31.403Z","genus":"Ulmus","species":"americana 'Princeton'","common_name":"Princeton American elm","street_number":"1612","street_name":"Willow Wood Dr","site":"30FL","delivered":"2019-02-12T00:00:00.000","completed":"2019-02-26T00:00:00.000","estimated_canopy_coverage":"1256.63706","source":"City Nursery","program_year":"2019",":@computed_region_x6fk_ihs5":"122",":@computed_region_b3ci_nw94":"122",":@computed_region_38t5_wna6":"122",":@computed_region_25t2_rbz7":"2943"}},
{"type":"Feature","geometry":{"type":"Point","coordinates":[-76.240021,36.895143]},"properties":{":id":"row-wqws.ytvb_r6w8",":version":"rv-vmjt_uz2j.r759",":created_at":"2019-08-20T12:51:30.666Z",":updated_at":"2019-08-20T12:51:31.403Z","genus":"Taxodium","species":"distichum 'Shawnee Brave'","common_name":"Shawnee Brave bald cypress","street_number":"6325","street_name":"Sewells Point Rd","site":"16SC","delivered":"2018-01-31T00:00:00.000","completed":"2018-02-07T00:00:00.000","estimated_canopy_coverage":"490.873852","source":"City Nursery","program_year":"2018",":@computed_region_x6fk_ihs5":"81",":@computed_region_b3ci_nw94":"86",":@computed_region_38t5_wna6":"86",":@computed_region_25t2_rbz7":"2943"}},
{"type":"Feature","geometry":{"type":"Point","coordinates":[-76.234135,36.927341]},"properties":{":id":"row-8e7i~vjve.2mwx",":version":"rv-8zh9.2nh5_cfn8",":created_at":"2019-08-20T12:51:30.666Z",":updated_at":"2019-08-20T12:51:31.403Z","genus":"Quercus","species":"prinoides","common_name":"Dwarf chinquapin oak","street_number":"1630","street_name":"Tallwood St","site":"2F","delivered":"2019-01-07T00:00:00.000","completed":"2019-02-13T00:00:00.000","estimated_canopy_coverage":"153.93804","source":"City Nursery","program_year":"2019",":@computed_region_x6fk_ihs5":"84",":@computed_region_b3ci_nw94":"89",":@computed_region_38t5_wna6":"89",":@computed_region_25t2_rbz7":"2943"}},
{"type":"Feature","geometry":{"type":"Point","coordinates":[-76.282108,36.878534]},"properties":{":id":"row-7pk2~cv75.947j",":version":"rv-a7qp-7f5a.qii6",":created_at":"2019-08-20T12:51:30.666Z",":updated_at":"2019-08-20T12:51:31.403Z","genus":"Quercus","species":"virginiana","common_name":"Live oak","street_number":"3500","street_name":"Granby St","site":"1M","delivered":"2019-01-02T00:00:00.000","completed":"2019-01-04T00:00:00.000","estimated_canopy_coverage":"6361.72512","source":"City Nursery","program_year":"2019",":@computed_region_x6fk_ihs5":"72",":@computed_region_b3ci_nw94":"78",":@computed_region_38t5_wna6":"78",":@computed_region_25t2_rbz7":"2943"}},
{"type":"Feature","geometry":{"type":"Point","coordinates":[-76.22410500000001,36.856410000000004]},"properties":{":id":"row-2a49.x2gp_iasm",":version":"rv-drcd-6r38~s6au",":created_at":"2019-08-20T12:51:30.666Z",":updated_at":"2019-08-20T12:51:31.403Z","genus":"Lagerstroemia","species":"indica x fauriei 'Natchez'","common_name":"Natchez crape myrtle","street_number":"5100","street_name":"E Virginia Beach Blvd","site":"2M","delivered":"2017-10-26T00:00:00.000","completed":"2017-10-27T00:00:00.000","estimated_canopy_coverage":"314.159265","source":"City Nursery","program_year":"2018",":@computed_region_x6fk_ihs5":"20",":@computed_region_b3ci_nw94":"22",":@computed_region_38t5_wna6":"22",":@computed_region_25t2_rbz7":"2943"}},
{"type":"Feature","geometry":{"type":"Point","coordinates":[-76.300641,36.89142]},"properties":{":id":"row-j2sa-macs_cazw",":version":"rv-vrj6-a4yg~n5tj",":created_at":"2019-08-20T12:51:30.666Z",":updated_at":"2019-08-20T12:51:31.403Z","genus":"Chionanthus","species":"virginicus","common_name":"White fringetree","street_number":"1145","street_name":"Bolling Ave","site":"8SC","delivered":"2017-12-04T00:00:00.000","completed":"2017-12-12T00:00:00.000","estimated_canopy_coverage":"176.714587","source":"City Nursery","program_year":"2018",":@computed_region_x6fk_ihs5":"49",":@computed_region_b3ci_nw94":"54",":@computed_region_38t5_wna6":"54",":@computed_region_25t2_rbz7":"2943"}},
{"type":"Feature","geometry":{"type":"Point","coordinates":[-76.298107,36.891868]},"properties":{":id":"row-tkxw.8ufw.enzt",":version":"rv-gsfz_afgz.kuyp",":created_at":"2019-08-20T12:51:30.666Z",":updated_at":"2019-08-20T12:51:31.403Z","genus":"Quercus","species":"phellos","common_name":"Willow oak","street_number":"1027","street_name":"Bolling Ave","site":"5F","delivered":"2018-11-21T00:00:00.000","completed":"2018-11-28T00:00:00.000","estimated_canopy_coverage":"1963.49541","source":"City Nursery","program_year":"2019",":@computed_region_x6fk_ihs5":"49",":@computed_region_b3ci_nw94":"54",":@computed_region_38t5_wna6":"54",":@computed_region_25t2_rbz7":"2943"}},
{"type":"Feature","geometry":{"type":"Point","coordinates":[-76.252413,36.898319]},"properties":{":id":"row-nrri_6icz-4u4d",":version":"rv-ar8h-2wm9-s3e5",":created_at":"2019-08-20T12:51:30.666Z",":updated_at":"2019-08-20T12:51:31.403Z","genus":"Cercis","species":"canadensis","common_name":"Redbud","street_number":"880","street_name":"Philpotts Rd","site":"1F","delivered":"2017-10-26T00:00:00.000","completed":"2017-10-30T00:00:00.000","estimated_canopy_coverage":"490.873852","source":"City Nursery","program_year":"2018",":@computed_region_x6fk_ihs5":"109",":@computed_region_b3ci_nw94":"110",":@computed_region_38t5_wna6":"110",":@computed_region_25t2_rbz7":"2943"}},
{"type":"Feature","geometry":{"type":"Point","coordinates":[-76.294148,36.859964]},"properties":{":id":"row-nrdc-vbfp-9xrm",":version":"rv-n8bv~7kwk~nmxd",":created_at":"2019-08-20T12:51:30.666Z",":updated_at":"2019-08-20T12:51:31.403Z","genus":"Quercus","species":"phellos","common_name":"Willow oak","street_number":"803","street_name":"Botetourt Gdns","site":"1F","delivered":"2018-01-22T00:00:00.000","completed":"2018-01-23T00:00:00.000","estimated_canopy_coverage":"1963.49541","source":"Purchased","program_year":"2018",":@computed_region_x6fk_ihs5":"34",":@computed_region_b3ci_nw94":"39",":@computed_region_38t5_wna6":"39",":@computed_region_25t2_rbz7":"2943"}},
{"type":"Feature","geometry":{"type":"Point","coordinates":[-76.234679,36.851632]},"properties":{":id":"row-w3ev_m787-h2fm",":version":"rv-997f_trnu_vmtw",":created_at":"2019-08-20T12:51:30.666Z",":updated_at":"2019-08-20T12:51:31.403Z","genus":"Prunus","species":"cerasifera 'Krauter Vesuvius'","common_name":"Krauter Vesuvius purple leaf plum","street_number":"954","street_name":"Elm St","site":"4F","delivered":"2018-12-12T00:00:00.000","completed":"2019-01-07T00:00:00.000","estimated_canopy_coverage":"314.159265","source":"City Nursery","program_year":"2019",":@computed_region_x6fk_ihs5":"44",":@computed_region_b3ci_nw94":"49",":@computed_region_38t5_wna6":"49",":@computed_region_25t2_rbz7":"2943"}},
{"type":"Feature","geometry":{"type":"Point","coordinates":[-76.247928,36.879641]},"properties":{":id":"row-nhmm.heq7.45b9",":version":"rv-7v3t_fnuu.38yw",":created_at":"2019-08-20T12:51:30.666Z",":updated_at":"2019-08-20T12:51:31.403Z","genus":"Acer","species":"campestre 'Evelyn'","common_name":"Queen Elizabeth hedge maple","street_number":"3613","street_name":"Nottaway St","site":"1F","delivered":"2018-11-26T00:00:00.000","completed":"2018-12-13T00:00:00.000","estimated_canopy_coverage":"490.873852","source":"City Nursery","program_year":"2019",":@computed_region_x6fk_ihs5":"28",":@computed_region_b3ci_nw94":"24",":@computed_region_38t5_wna6":"24",":@computed_region_25t2_rbz7":"2943"}},
{"type":"Feature","geometry":{"type":"Point","coordinates":[-76.29285400000002,36.86767]},"properties":{":id":"row-pmbi.bhs6.tcpy",":version":"rv-wii2_tasq.6wvu",":created_at":"2019-08-20T12:51:30.666Z",":updated_at":"2019-08-20T12:51:31.403Z","genus":"Acer","species":"barbatum","common_name":"Florida maple","street_number":"502","street_name":"Washington Park","site":"9M","delivered":"2018-11-13T00:00:00.000","completed":"2018-11-20T00:00:00.000","estimated_canopy_coverage":"1256.63706","source":"City Nursery","program_year":"2019",":@computed_region_x6fk_ihs5":"33",":@computed_region_b3ci_nw94":"38",":@computed_region_38t5_wna6":"38",":@computed_region_25t2_rbz7":"2943"}},
{"type":"Feature","geometry":{"type":"Point","coordinates":[-76.312034,36.879321]},"properties":{":id":"row-ysr2_rz4n-phtq",":version":"rv-9fxr_7bpf~t4nx",":created_at":"2019-08-20T12:51:30.666Z",":updated_at":"2019-08-20T12:51:31.403Z","genus":"Salix","species":"matsudana","common_name":"Corkscrew willow","street_number":"1546","street_name":"38th St","site":"2FL","delivered":"2018-12-03T00:00:00.000","completed":"2018-12-19T00:00:00.000","estimated_canopy_coverage":"314","source":"City Nursery","program_year":"2019",":@computed_region_x6fk_ihs5":"48",":@computed_region_b3ci_nw94":"53",":@computed_region_38t5_wna6":"53",":@computed_region_25t2_rbz7":"2943"}},
{"type":"Feature","geometry":{"type":"Point","coordinates":[-76.277661,36.844183]},"properties":{":id":"row-zdu8-sdu4-gvx5",":version":"rv-2p69~g2rs_u2ch",":created_at":"2019-08-20T12:51:30.666Z",":updated_at":"2019-08-20T12:51:31.403Z","genus":"Ostrya","species":"virginiana","common_name":"Hophornbeam","street_number":"150","street_name":"Park Ave","site":"10F","delivered":"2019-01-22T00:00:00.000","completed":"2019-01-28T00:00:00.000","estimated_canopy_coverage":"706.858347","source":"City Nursery","program_year":"2019",":@computed_region_x6fk_ihs5":"128",":@computed_region_b3ci_nw94":"128",":@computed_region_38t5_wna6":"128",":@computed_region_25t2_rbz7":"2943"}},
{"type":"Feature","geometry":{"type":"Point","coordinates":[-76.29342700000001,36.874271]},"properties":{":id":"row-dgum_h4qc.7s8n",":version":"rv-w4c6.r2ib_cwdi",":created_at":"2019-08-20T12:51:30.666Z",":updated_at":"2019-08-20T12:51:31.403Z","genus":"Cercis","species":"canadensis","common_name":"Redbud","street_number":"2608","street_name":"Gosnold Ave","site":"3P","delivered":"2018-02-02T00:00:00.000","completed":"2018-02-05T00:00:00.000","estimated_canopy_coverage":"490.873852","source":"City Nursery","program_year":"2018",":@computed_region_x6fk_ihs5":"128",":@computed_region_b3ci_nw94":"128",":@computed_region_38t5_wna6":"128",":@computed_region_25t2_rbz7":"2943"}},
{"type":"Feature","geometry":{"type":"Point","coordinates":[-76.304015,36.867908]},"properties":{":id":"row-2azy_ici7.7jd8",":version":"rv-5y8m.8qz4~hrbg",":created_at":"2019-08-20T12:51:30.666Z",":updated_at":"2019-08-20T12:51:31.403Z","genus":"Halesia","species":"diptera","common_name":"Two-winged silverbell","street_number":"1119","street_name":"Matoaka Ave","site":"2F","delivered":"2018-12-07T00:00:00.000","completed":"2018-11-19T00:00:00.000","estimated_canopy_coverage":"706.5","source":"City Nursery","program_year":"2019",":@computed_region_x6fk_ihs5":"97",":@computed_region_b3ci_nw94":"98",":@computed_region_38t5_wna6":"98",":@computed_region_25t2_rbz7":"2943"}},
{"type":"Feature","geometry":{"type":"Point","coordinates":[-76.314457,36.913393]},"properties":{":id":"row-gz8s_h6d7_55fn",":version":"rv-66bu-5b8k.rqkk",":created_at":"2019-08-20T12:51:30.666Z",":updated_at":"2019-08-20T12:51:31.403Z","genus":"Platanus","species":"mexicana","common_name":"Mexican sycamore","street_number":"1511","street_name":"Cloncurry Rd","site":"2S","delivered":"2017-10-26T00:00:00.000","completed":"2017-10-30T00:00:00.000","estimated_canopy_coverage":"1256.63706","source":"City Nursery","program_year":"2018",":@computed_region_x6fk_ihs5":"52",":@computed_region_b3ci_nw94":"58",":@computed_region_38t5_wna6":"58",":@computed_region_25t2_rbz7":"2943"}},
{"type":"Feature","geometry":{"type":"Point","coordinates":[-76.230205,36.867425]},"properties":{":id":"row-ujth-uebz-rbzu",":version":"rv-s5dw~pv3c_66f3",":created_at":"2019-08-20T12:51:30.666Z",":updated_at":"2019-08-20T12:51:31.403Z","genus":"Betula","species":"nigra 'Heritage'","common_name":"Heritage river birch","street_number":"4675","street_name":"E Princess Anne Rd","site":"5M","delivered":"2017-11-27T00:00:00.000","completed":"2017-11-29T00:00:00.000","estimated_canopy_coverage":"962.11275","source":"City Nursery","program_year":"2018",":@computed_region_x6fk_ihs5":"61",":@computed_region_b3ci_nw94":"70",":@computed_region_38t5_wna6":"70",":@computed_region_25t2_rbz7":"2943"}},
{"type":"Feature","geometry":{"type":"Point","coordinates":[-76.276495,36.903065]},"properties":{":id":"row-8rrg.b7f8-2pqu",":version":"rv-pjn6_36yp~ytj7",":created_at":"2019-08-20T12:51:30.666Z",":updated_at":"2019-08-20T12:51:31.403Z","genus":"Styrax","species":"japonicus","common_name":"Japanese snowbell","street_number":"111","street_name":"Blake Rd","site":"1F","delivered":"2018-11-28T00:00:00.000","completed":"2018-12-12T00:00:00.000","estimated_canopy_coverage":"706.858347","source":"City Nursery","program_year":"2019",":@computed_region_x6fk_ihs5":"114",":@computed_region_b3ci_nw94":"115",":@computed_region_38t5_wna6":"115",":@computed_region_25t2_rbz7":"2943"}},
{"type":"Feature","geometry":{"type":"Point","coordinates":[-76.259201,36.881798]},"properties":{":id":"row-qvwe~s7p2_fhra",":version":"rv-phdh~ijdg_twps",":created_at":"2019-08-20T12:51:30.666Z",":updated_at":"2019-08-20T12:51:31.403Z","genus":"Prunus","species":"cerasifera 'Krauter Vesuvius'","common_name":"Krauter Vesuvius purple leaf plum","street_number":"3415","street_name":"Dunkirk Ave","site":"4S","delivered":"2018-12-12T00:00:00.000","completed":"2019-01-28T00:00:00.000","estimated_canopy_coverage":"314.159265","source":"City Nursery","program_year":"2019",":@computed_region_x6fk_ihs5":"29",":@computed_region_b3ci_nw94":"29",":@computed_region_38t5_wna6":"29",":@computed_region_25t2_rbz7":"2943"}},
{"type":"Feature","geometry":{"type":"Point","coordinates":[-76.300641,36.89142]},"properties":{":id":"row-wkb8~5hbx_zk24",":version":"rv-fd55_p5kw~eue7",":created_at":"2019-08-20T12:51:30.666Z",":updated_at":"2019-08-20T12:51:31.403Z","genus":"Ostrya","species":"virginiana","common_name":"Hophornbeam","street_number":"1145","street_name":"Bolling Ave","site":"9SC","delivered":"2017-12-04T00:00:00.000","completed":"2017-12-12T00:00:00.000","estimated_canopy_coverage":"706.858347","source":"City Nursery","program_year":"2018",":@computed_region_x6fk_ihs5":"49",":@computed_region_b3ci_nw94":"54",":@computed_region_38t5_wna6":"54",":@computed_region_25t2_rbz7":"2943"}},
{"type":"Feature","geometry":{"type":"Point","coordinates":[-76.251452,36.855263]},"properties":{":id":"row-z8pv~e2qf.vas7",":version":"rv-9289_8env-i5kx",":created_at":"2019-08-20T12:51:30.666Z",":updated_at":"2019-08-20T12:51:31.403Z","genus":"Chionanthus","species":"virginicus","common_name":"White fringetree","street_number":"2948","street_name":"Hollister Ave","site":"1F","delivered":"2018-01-23T00:00:00.000","completed":"2018-01-25T00:00:00.000","estimated_canopy_coverage":"176.714587","source":"City Nursery","program_year":"2018",":@computed_region_x6fk_ihs5":"7",":@computed_region_b3ci_nw94":"7",":@computed_region_38t5_wna6":"7",":@computed_region_25t2_rbz7":"2943"}},
{"type":"Feature","geometry":{"type":"Point","coordinates":[-76.25174,36.89846]},"properties":{":id":"row-5yx7~u7dx.ph7u",":version":"rv-cau4_gd9e.3aup",":created_at":"2019-08-20T12:51:30.666Z",":updated_at":"2019-08-20T12:51:31.403Z","genus":"Prunus","species":"cerasifera 'Krauter Vesuvius'","common_name":"Krauter Vesuvius purple leaf plum","street_number":"901","street_name":"Philpotts Rd","site":"2F","delivered":"2018-12-12T00:00:00.000","completed":"2018-12-17T00:00:00.000","estimated_canopy_coverage":"314.159265","source":"City Nursery","program_year":"2019",":@computed_region_x6fk_ihs5":"109",":@computed_region_b3ci_nw94":"110",":@computed_region_38t5_wna6":"110",":@computed_region_25t2_rbz7":"2943"}},
{"type":"Feature","geometry":{"type":"Point","coordinates":[-76.240021,36.895143]},"properties":{":id":"row-5hqs-ew76_gygx",":version":"rv-r6w5-79db~42ni",":created_at":"2019-08-20T12:51:30.666Z",":updated_at":"2019-08-20T12:51:31.403Z","genus":"Taxodium","species":"distichum","common_name":"Bald cypress","street_number":"6325","street_name":"Sewells Point Rd","site":"7SC","delivered":"2018-11-06T00:00:00.000","completed":"2018-12-05T00:00:00.000","estimated_canopy_coverage":"490.873852","source":"City Nursery","program_year":"2019",":@computed_region_x6fk_ihs5":"81",":@computed_region_b3ci_nw94":"86",":@computed_region_38t5_wna6":"86",":@computed_region_25t2_rbz7":"2943"}},
{"type":"Feature","geometry":{"type":"Point","coordinates":[-76.30445,36.870987]},"properties":{":id":"row-rfh6_guwh~w4d2",":version":"rv-r3d5.rruy~gr8c",":created_at":"2019-08-20T12:51:30.666Z",":updated_at":"2019-08-20T12:51:31.403Z","genus":"Styrax","species":"japonicus","common_name":"Japanese snowbell","street_number":"1215","street_name":"Brandon Ave","site":"2F","delivered":"2017-12-06T00:00:00.000","completed":"2017-12-15T00:00:00.000","estimated_canopy_coverage":"706.858347","source":"City Nursery","program_year":"2018",":@computed_region_x6fk_ihs5":"97",":@computed_region_b3ci_nw94":"98",":@computed_region_38t5_wna6":"98",":@computed_region_25t2_rbz7":"2943"}},
{"type":"Feature","geometry":{"type":"Point","coordinates":[-76.245093,36.933767]},"properties":{":id":"row-gwah_kav5.rgyy",":version":"rv-ptsn.hngd~rkrk",":created_at":"2019-08-20T12:51:30.666Z",":updated_at":"2019-08-20T12:51:31.403Z","genus":"Ulmus","species":"americana 'Princeton'","common_name":"Princeton American elm","street_number":"738","street_name":"E. Bayview Blvd","site":"3F","delivered":"2019-02-12T00:00:00.000","completed":"2019-02-26T00:00:00.000","estimated_canopy_coverage":"1256.63706","source":"City Nursery","program_year":"2019",":@computed_region_x6fk_ihs5":"101",":@computed_region_b3ci_nw94":"101",":@computed_region_38t5_wna6":"101",":@computed_region_25t2_rbz7":"2943"}},
{"type":"Feature","geometry":{"type":"Point","coordinates":[-76.260503,36.82327]},"properties":{":id":"row-dtvh-6ipn-a5ne",":version":"rv-n3ak_ab9e_cs37",":created_at":"2019-08-20T12:51:30.666Z",":updated_at":"2019-08-20T12:51:31.403Z","genus":"Cercis","species":"canadensis 'Merlot'","common_name":"Merlot redbud","street_number":"1750","street_name":"Campostella Rd","site":"1B","delivered":"2017-11-02T00:00:00.000","completed":"2017-11-03T00:00:00.000","estimated_canopy_coverage":"490.873852","source":"City Nursery","program_year":"2018",":@computed_region_x6fk_ihs5":"128",":@computed_region_b3ci_nw94":"128",":@computed_region_38t5_wna6":"128",":@computed_region_25t2_rbz7":"2943"}},
{"type":"Feature","geometry":{"type":"Point","coordinates":[-76.267621,36.829706]},"properties":{":id":"row-grix_96x2-mmae",":version":"rv-47ab~se3f_ccvi",":created_at":"2019-08-20T12:51:30.666Z",":updated_at":"2019-08-20T12:51:31.403Z","genus":"Prunus","species":"yeodensis","common_name":"Yoshino cherry","street_number":"1130","street_name":"Leake St","site":"6B","delivered":"2017-11-22T00:00:00.000","completed":"2017-11-27T00:00:00.000","estimated_canopy_coverage":"1256.63706","source":"City Nursery","program_year":"2018",":@computed_region_x6fk_ihs5":"15",":@computed_region_b3ci_nw94":"13",":@computed_region_38t5_wna6":"13",":@computed_region_25t2_rbz7":"2943"}},
{"type":"Feature","geometry":{"type":"Point","coordinates":[-76.239917,36.93425]},"properties":{":id":"row-ugm6-duni-hnun",":version":"rv-79wk~7m22~vgie",":created_at":"2019-08-20T12:51:30.666Z",":updated_at":"2019-08-20T12:51:31.403Z","genus":"Ulmus","species":"americana 'Princeton'","common_name":"Princeton American elm","street_number":"1330","street_name":"E. Bayview Blvd","site":"1F","delivered":"2019-01-02T00:00:00.000","completed":"2019-02-26T00:00:00.000","estimated_canopy_coverage":"1256.63706","source":"City Nursery","program_year":"2019",":@computed_region_x6fk_ihs5":"103",":@computed_region_b3ci_nw94":"103",":@computed_region_38t5_wna6":"103",":@computed_region_25t2_rbz7":"2943"}},
{"type":"Feature","geometry":{"type":"Point","coordinates":[-76.298293,36.85773]},"properties":{":id":"row-37vf.h6zm~8npw",":version":"rv-mv25-vy67~tjg7",":created_at":"2019-08-20T12:51:30.666Z",":updated_at":"2019-08-20T12:51:31.403Z","genus":"Quercus","species":"geminata","common_name":"Sand live oak","street_number":"530","street_name":"Pembroke Ave","site":"1F","delivered":"2018-11-26T00:00:00.000","completed":"2018-11-28T00:00:00.000","estimated_canopy_coverage":"2826","source":"City Nursery","program_year":"2019",":@computed_region_x6fk_ihs5":"33",":@computed_region_b3ci_nw94":"38",":@computed_region_38t5_wna6":"38",":@computed_region_25t2_rbz7":"2943"}},
{"type":"Feature","geometry":{"type":"Point","coordinates":[-76.289827,36.88181]},"properties":{":id":"row-mygv-948f.smcf",":version":"rv-8fmg.jxts~wnsq",":created_at":"2019-08-20T12:51:30.666Z",":updated_at":"2019-08-20T12:51:31.403Z","genus":"Sassafras","species":"albidum","common_name":"Sassafras","street_number":"4019","street_name":"Newport Ave","site":"2M","delivered":"2018-01-10T00:00:00.000","completed":"2018-02-06T00:00:00.000","estimated_canopy_coverage":"452.389342","source":"City Nursery","program_year":"2018",":@computed_region_x6fk_ihs5":"19",":@computed_region_b3ci_nw94":"21",":@computed_region_38t5_wna6":"21",":@computed_region_25t2_rbz7":"2943"}},
{"type":"Feature","geometry":{"type":"Point","coordinates":[-76.178189,36.852809]},"properties":{":id":"row-ssk6_7bki.dac5",":version":"rv-s99c.kntp-akie",":created_at":"2019-08-20T12:51:30.666Z",":updated_at":"2019-08-20T12:51:31.403Z","genus":"Ostrya","species":"virginiana","common_name":"Hophornbeam","street_number":"953","street_name":"N Newtown Rd","site":"1M","delivered":"2017-11-09T00:00:00.000","completed":"2017-11-14T00:00:00.000","estimated_canopy_coverage":"706.858347","source":"City Nursery","program_year":"2018",":@computed_region_x6fk_ihs5":"59",":@computed_region_b3ci_nw94":"66",":@computed_region_38t5_wna6":"66",":@computed_region_25t2_rbz7":"2951"}},
{"type":"Feature","geometry":{"type":"Point","coordinates":[-76.303736,36.86705]},"properties":{":id":"row-38xa.sy6k_c8s7",":version":"rv-9g9i~8ap9~cmie",":created_at":"2019-08-20T12:51:30.666Z",":updated_at":"2019-08-20T12:51:31.403Z","genus":"Prunus","species":"cerasifera 'Krauter Vesuvius'","common_name":"Krauter Vesuvius purple leaf plum","street_number":"1024","street_name":"Graydon Ave","site":"1F","delivered":"2017-12-06T00:00:00.000","completed":"2017-12-15T00:00:00.000","estimated_canopy_coverage":"314.159265","source":"City Nursery","program_year":"2018",":@computed_region_x6fk_ihs5":"97",":@computed_region_b3ci_nw94":"98",":@computed_region_38t5_wna6":"98",":@computed_region_25t2_rbz7":"2943"}},
{"type":"Feature","geometry":{"type":"Point","coordinates":[-76.284084,36.873007]},"properties":{":id":"row-ezet.adg6.nxqf",":version":"rv-43g3-xurc~whvm",":created_at":"2019-08-20T12:51:30.666Z",":updated_at":"2019-08-20T12:51:31.403Z","genus":"Cercis","species":"canadensis","common_name":"Redbud","street_number":"2800","street_name":"Omohundro Ave","site":"2F","delivered":"2017-11-02T00:00:00.000","completed":"2017-12-12T00:00:00.000","estimated_canopy_coverage":"490.873852","source":"City Nursery","program_year":"2018",":@computed_region_x6fk_ihs5":"72",":@computed_region_b3ci_nw94":"78",":@computed_region_38t5_wna6":"78",":@computed_region_25t2_rbz7":"2943"}},
{"type":"Feature","geometry":{"type":"Point","coordinates":[-76.270202,36.877699]},"properties":{":id":"row-5qd2_mnuf_sikk",":version":"rv-mdpr.b5a9.pd89",":created_at":"2019-08-20T12:51:30.666Z",":updated_at":"2019-08-20T12:51:31.403Z","genus":"Cercis","species":"canadensis","common_name":"Redbud","street_number":"3031","street_name":"Luxemburg Ave","site":"1F","delivered":"2018-01-24T00:00:00.000","completed":"2018-01-26T00:00:00.000","estimated_canopy_coverage":"490.873852","source":"City Nursery","program_year":"2018",":@computed_region_x6fk_ihs5":"122",":@computed_region_b3ci_nw94":"122",":@computed_region_38t5_wna6":"122",":@computed_region_25t2_rbz7":"2943"}},
{"type":"Feature","geometry":{"type":"Point","coordinates":[-76.314457,36.913393]},"properties":{":id":"row-w8r2_cd96.dw6j",":version":"rv-ds7u_btka.ikv8",":created_at":"2019-08-20T12:51:30.666Z",":updated_at":"2019-08-20T12:51:31.403Z","genus":"Lagerstroemia","species":"indica x fauriei 'Natchez'","common_name":"Natchez crape myrtle","street_number":"1511","street_name":"Cloncurry Rd","site":"2M","delivered":"2017-10-26T00:00:00.000","completed":"2017-10-30T00:00:00.000","estimated_canopy_coverage":"314.159265","source":"City Nursery","program_year":"2018",":@computed_region_x6fk_ihs5":"52",":@computed_region_b3ci_nw94":"58",":@computed_region_38t5_wna6":"58",":@computed_region_25t2_rbz7":"2943"}},
{"type":"Feature","geometry":{"type":"Point","coordinates":[-76.29342700000001,36.874271]},"properties":{":id":"row-jvrh-36gr~rtya",":version":"rv-3288_chv8_7smq",":created_at":"2019-08-20T12:51:30.666Z",":updated_at":"2019-08-20T12:51:31.403Z","genus":"Malus","species":"pumila 'King David'","common_name":"King David apple","street_number":"2608","street_name":"Gosnold Ave","site":"4P","delivered":"2018-11-27T00:00:00.000","completed":"2018-11-30T00:00:00.000","estimated_canopy_coverage":"177","source":"City Nursery","program_year":"2019",":@computed_region_x6fk_ihs5":"128",":@computed_region_b3ci_nw94":"128",":@computed_region_38t5_wna6":"128",":@computed_region_25t2_rbz7":"2943"}},
{"type":"Feature","geometry":{"type":"Point","coordinates":[-76.290054,36.845811]},"properties":{":id":"row-c9jk.k2nq~uggh",":version":"rv-fxqc~3w9m-buuq",":created_at":"2019-08-20T12:51:30.666Z",":updated_at":"2019-08-20T12:51:31.403Z","genus":"Ilex","species":"x attenuata","common_name":"East Palatka holly","street_number":"321","street_name":"E Main St","site":"4F","delivered":"2018-01-31T00:00:00.000","completed":"2018-02-01T00:00:00.000","estimated_canopy_coverage":"176.714587","source":"City Nursery","program_year":"2018",":@computed_region_x6fk_ihs5":"22",":@computed_region_b3ci_nw94":"26",":@computed_region_38t5_wna6":"26",":@computed_region_25t2_rbz7":"2943"}},
{"type":"Feature","geometry":{"type":"Point","coordinates":[-76.235983,36.915836]},"properties":{":id":"row-mqqv.szrm~bgx8",":version":"rv-ki4e-w8cx-c3fc",":created_at":"2019-08-20T12:51:30.666Z",":updated_at":"2019-08-20T12:51:31.403Z","genus":"Quercus","species":"phellos","common_name":"Willow oak","street_number":"1326","street_name":"E. Little Creek Rd","site":"2M","delivered":"2018-11-21T00:00:00.000","completed":"2019-01-25T00:00:00.000","estimated_canopy_coverage":"1963.49541","source":"City Nursery","program_year":"2019",":@computed_region_x6fk_ihs5":"84",":@computed_region_b3ci_nw94":"89",":@computed_region_38t5_wna6":"89",":@computed_region_25t2_rbz7":"2943"}},
{"type":"Feature","geometry":{"type":"Point","coordinates":[-76.290719,36.84585]},"properties":{":id":"row-4264_dhyu.zzzi",":version":"rv-xpf6.gdyj.atsy",":created_at":"2019-08-20T12:51:30.666Z",":updated_at":"2019-08-20T12:51:31.403Z","genus":"Ilex","species":"x attenuata","common_name":"East Palatka holly","street_number":"235","street_name":"E Main St","site":"3F","delivered":"2018-01-31T00:00:00.000","completed":"2018-02-01T00:00:00.000","estimated_canopy_coverage":"176.714587","source":"City Nursery","program_year":"2018",":@computed_region_x6fk_ihs5":"22",":@computed_region_b3ci_nw94":"26",":@computed_region_38t5_wna6":"26",":@computed_region_25t2_rbz7":"2943"}},
{"type":"Feature","geometry":{"type":"Point","coordinates":[-76.267621,36.829706]},"properties":{":id":"row-uatt_8nf4-5zdp",":version":"rv-vev4.ecec.8grs",":created_at":"2019-08-20T12:51:30.666Z",":updated_at":"2019-08-20T12:51:31.403Z","genus":"Prunus","species":"yeodensis","common_name":"Yoshino cherry","street_number":"1130","street_name":"Leake St","site":"10B","delivered":"2017-11-22T00:00:00.000","completed":"2017-11-27T00:00:00.000","estimated_canopy_coverage":"1256.63706","source":"City Nursery","program_year":"2018",":@computed_region_x6fk_ihs5":"15",":@computed_region_b3ci_nw94":"13",":@computed_region_38t5_wna6":"13",":@computed_region_25t2_rbz7":"2943"}},
{"type":"Feature","geometry":{"type":"Point","coordinates":[-76.300641,36.89142]},"properties":{":id":"row-5h38.b222.gzyq",":version":"rv-jxwq-pxrx_4x4g",":created_at":"2019-08-20T12:51:30.666Z",":updated_at":"2019-08-20T12:51:31.403Z","genus":"Taxodium","species":"distichum","common_name":"Bald cypress","street_number":"1145","street_name":"Bolling Ave","site":"23SC","delivered":"2017-12-04T00:00:00.000","completed":"2017-12-14T00:00:00.000","estimated_canopy_coverage":"490.873852","source":"City Nursery","program_year":"2018",":@computed_region_x6fk_ihs5":"49",":@computed_region_b3ci_nw94":"54",":@computed_region_38t5_wna6":"54",":@computed_region_25t2_rbz7":"2943"}},
{"type":"Feature","geometry":{"type":"Point","coordinates":[-76.227492,36.868927]},"properties":{":id":"row-2s4p~gesa_gumx",":version":"rv-7fb8-3a6g.bdwu",":created_at":"2019-08-20T12:51:30.666Z",":updated_at":"2019-08-20T12:51:31.403Z","genus":"Betula","species":"nigra 'Heritage'","common_name":"Heritage river birch","street_number":"4858","street_name":"E Princess Anne Rd","site":"3M","delivered":"2017-11-27T00:00:00.000","completed":"2017-11-29T00:00:00.000","estimated_canopy_coverage":"962.11275","source":"City Nursery","program_year":"2018",":@computed_region_x6fk_ihs5":"31",":@computed_region_b3ci_nw94":"36",":@computed_region_38t5_wna6":"36",":@computed_region_25t2_rbz7":"2943"}},
{"type":"Feature","geometry":{"type":"Point","coordinates":[-76.306143,36.915998]},"properties":{":id":"row-gpqi.b9v5.bbxe",":version":"rv-25s9~7umh-8q7c",":created_at":"2019-08-20T12:51:30.666Z",":updated_at":"2019-08-20T12:51:31.403Z","genus":"Acer","species":"barbatum","common_name":"Florida maple","street_number":"1625","street_name":"W Little Creek Rd","site":"4P","delivered":"2018-12-07T00:00:00.000","completed":"2018-12-17T00:00:00.000","estimated_canopy_coverage":"1256.63706","source":"City Nursery","program_year":"2019",":@computed_region_x6fk_ihs5":"63",":@computed_region_b3ci_nw94":"72",":@computed_region_38t5_wna6":"72",":@computed_region_25t2_rbz7":"2943"}},
{"type":"Feature","geometry":{"type":"Point","coordinates":[-76.300641,36.89142]},"properties":{":id":"row-4xpp_48e4_drna",":version":"rv-z8rn_an3c_vemy",":created_at":"2019-08-20T12:51:30.666Z",":updated_at":"2019-08-20T12:51:31.403Z","genus":"Quercus","species":"phellos","common_name":"Willow oak","street_number":"1145","street_name":"Bolling Ave","site":"19SC","delivered":"2017-12-06T00:00:00.000","completed":"2017-12-14T00:00:00.000","estimated_canopy_coverage":"1963.49541","source":"City Nursery","program_year":"2018",":@computed_region_x6fk_ihs5":"49",":@computed_region_b3ci_nw94":"54",":@computed_region_38t5_wna6":"54",":@computed_region_25t2_rbz7":"2943"}},
{"type":"Feature","geometry":{"type":"Point","coordinates":[-76.217124,36.88066]},"properties":{":id":"row-gsji.fkhe_x3g4",":version":"rv-bfum.5ah3.cjfm",":created_at":"2019-08-20T12:51:30.666Z",":updated_at":"2019-08-20T12:51:31.403Z","genus":"Prunus","species":"yeodensis","common_name":"Yoshino cherry","street_number":"2630","street_name":"Almeda Ave","site":"1FL","delivered":"2018-11-26T00:00:00.000","completed":"2018-11-29T00:00:00.000","estimated_canopy_coverage":"1256.63706","source":"City Nursery","program_year":"2019",":@computed_region_x6fk_ihs5":"31",":@computed_region_b3ci_nw94":"36",":@computed_region_38t5_wna6":"36",":@computed_region_25t2_rbz7":"2943"}},
{"type":"Feature","geometry":{"type":"Point","coordinates":[-76.267471,36.87187200000001]},"properties":{":id":"row-3h64.h3vv~4uk8",":version":"rv-f5e4-qdn6-vxew",":created_at":"2019-08-20T12:51:30.666Z",":updated_at":"2019-08-20T12:51:31.403Z","genus":"Lagerstroemia","species":"indica x fauriei 'Tuscarora'","common_name":"Tuscarora crape myrtle","street_number":"1779","street_name":"Farragut Ave","site":"1F","delivered":"2017-12-28T00:00:00.000","completed":"2018-01-26T00:00:00.000","estimated_canopy_coverage":"314.159265","source":"Purchased","program_year":"2018",":@computed_region_x6fk_ihs5":"122",":@computed_region_b3ci_nw94":"122",":@computed_region_38t5_wna6":"122",":@computed_region_25t2_rbz7":"2943"}},
{"type":"Feature","geometry":{"type":"Point","coordinates":[-76.267243,36.963562]},"properties":{":id":"row-q6a3-tpu7.swpf",":version":"rv-zpb3.g6pk-aze6",":created_at":"2019-08-20T12:51:30.666Z",":updated_at":"2019-08-20T12:51:31.403Z","genus":"Quercus","species":"virginiana","common_name":"Live oak","street_number":"635","street_name":"W. Ocean View Ave","site":"4M","delivered":"2019-02-07T00:00:00.000","completed":"2019-02-13T00:00:00.000","estimated_canopy_coverage":"6361.72512","source":"City Nursery","program_year":"2019",":@computed_region_x6fk_ihs5":"98",":@computed_region_b3ci_nw94":"31",":@computed_region_38t5_wna6":"31",":@computed_region_25t2_rbz7":"2943"}},
{"type":"Feature","geometry":{"type":"Point","coordinates":[-76.239662,36.894947]},"properties":{":id":"row-v5cv-meqj-476p",":version":"rv-35c8~22qd-dpu5",":created_at":"2019-08-20T12:51:30.666Z",":updated_at":"2019-08-20T12:51:31.403Z","genus":"Taxodium","species":"distichum 'Shawnee Brave'","common_name":"Shawnee Brave bald cypress","street_number":"6330","street_name":"Sewells Point Rd","site":"21SC","delivered":"2018-01-31T00:00:00.000","completed":"2018-02-07T00:00:00.000","estimated_canopy_coverage":"490.873852","source":"City Nursery","program_year":"2018",":@computed_region_x6fk_ihs5":null,":@computed_region_b3ci_nw94":null,":@computed_region_38t5_wna6":null,":@computed_region_25t2_rbz7":"2943"}},
{"type":"Feature","geometry":{"type":"Point","coordinates":[-76.217909,36.864908]},"properties":{":id":"row-mpa9.duzk.e4fz",":version":"rv-5q96~fn2k_vp6x",":created_at":"2019-08-20T12:51:30.666Z",":updated_at":"2019-08-20T12:51:31.403Z","genus":"Chionanthus","species":"retusus","common_name":"Chinese fringetree","street_number":"1188","street_name":"Lance Rd","site":"6B","delivered":"2017-12-12T00:00:00.000","completed":"2018-02-06T00:00:00.000","estimated_canopy_coverage":"176.714587","source":"City Nursery","program_year":"2018",":@computed_region_x6fk_ihs5":"128",":@computed_region_b3ci_nw94":"128",":@computed_region_38t5_wna6":"128",":@computed_region_25t2_rbz7":"2943"}},
{"type":"Feature","geometry":{"type":"Point","coordinates":[-76.257431,36.870493]},"properties":{":id":"row-vg8n-uzg3~d9cy",":version":"rv-69mx~835a-rp33",":created_at":"2019-08-20T12:51:30.666Z",":updated_at":"2019-08-20T12:51:31.403Z","genus":"Quercus","species":"laurifolia","common_name":"Laurel oak","street_number":"2820","street_name":"Chesapeake Blvd","site":"17FL","delivered":"2018-01-26T00:00:00.000","completed":"2018-02-01T00:00:00.000","estimated_canopy_coverage":"2827.43339","source":"City Nursery","program_year":"2018",":@computed_region_x6fk_ihs5":"3",":@computed_region_b3ci_nw94":"3",":@computed_region_38t5_wna6":"3",":@computed_region_25t2_rbz7":"2943"}},
{"type":"Feature","geometry":{"type":"Point","coordinates":[-76.300641,36.89142]},"properties":{":id":"row-cdvv~7dzw_5rf7",":version":"rv-43fv.x4jh-rsu9",":created_at":"2019-08-20T12:51:30.666Z",":updated_at":"2019-08-20T12:51:31.403Z","genus":"Ulmus","species":"americana 'Princeton'","common_name":"Princeton American elm","street_number":"1145","street_name":"Bolling Ave","site":"27SC","delivered":"2017-12-04T00:00:00.000","completed":"2017-12-12T00:00:00.000","estimated_canopy_coverage":"1256.63706","source":"City Nursery","program_year":"2018",":@computed_region_x6fk_ihs5":"49",":@computed_region_b3ci_nw94":"54",":@computed_region_38t5_wna6":"54",":@computed_region_25t2_rbz7":"2943"}},
{"type":"Feature","geometry":{"type":"Point","coordinates":[-76.29285400000002,36.86767]},"properties":{":id":"row-yr6r-d6zi~75h3",":version":"rv-k54c-mbsi-utf7",":created_at":"2019-08-20T12:51:30.666Z",":updated_at":"2019-08-20T12:51:31.403Z","genus":"Acer","species":"barbatum","common_name":"Florida maple","street_number":"502","street_name":"Washington Park","site":"5M","delivered":"2018-11-13T00:00:00.000","completed":"2018-11-20T00:00:00.000","estimated_canopy_coverage":"1256.63706","source":"City Nursery","program_year":"2019",":@computed_region_x6fk_ihs5":"33",":@computed_region_b3ci_nw94":"38",":@computed_region_38t5_wna6":"38",":@computed_region_25t2_rbz7":"2943"}},
{"type":"Feature","geometry":{"type":"Point","coordinates":[-76.240817,36.896514]},"properties":{":id":"row-ccpw.9zfx~at7t",":version":"rv-5jyz_8758~5cr7",":created_at":"2019-08-20T12:51:30.666Z",":updated_at":"2019-08-20T12:51:31.403Z","genus":"Ulmus","species":"americana 'Princeton'","common_name":"Princeton American elm","street_number":"6380","street_name":"Sewells Point Rd","site":"11M","delivered":"2018-11-06T00:00:00.000","completed":"2018-11-30T00:00:00.000","estimated_canopy_coverage":"1256.63706","source":"City Nursery","program_year":"2019",":@computed_region_x6fk_ihs5":"128",":@computed_region_b3ci_nw94":"128",":@computed_region_38t5_wna6":"128",":@computed_region_25t2_rbz7":"2943"}},
{"type":"Feature","geometry":{"type":"Point","coordinates":[-76.261554,36.870749]},"properties":{":id":"row-v2u3-8gjj_hf6u",":version":"rv-9e8v_rmde-r9dq",":created_at":"2019-08-20T12:51:30.666Z",":updated_at":"2019-08-20T12:51:31.403Z","genus":"Quercus","species":"prinoides","common_name":"Dwarf chinquapin oak","street_number":"2400","street_name":"Shoop Ave","site":"5P","delivered":"2018-12-03T00:00:00.000","completed":"2018-12-14T00:00:00.000","estimated_canopy_coverage":"153.93804","source":"City Nursery","program_year":"2019",":@computed_region_x6fk_ihs5":"29",":@computed_region_b3ci_nw94":"29",":@computed_region_38t5_wna6":"29",":@computed_region_25t2_rbz7":"2943"}},
{"type":"Feature","geometry":{"type":"Point","coordinates":[-76.311546,36.902925]},"properties":{":id":"row-yu9b_9n34-6y59",":version":"rv-ej2a_ajf5~4ax5",":created_at":"2019-08-20T12:51:30.666Z",":updated_at":"2019-08-20T12:51:31.403Z","genus":"Quercus","species":"phellos","common_name":"Willow oak","street_number":"1411","street_name":"Eleanor Ct","site":"3F","delivered":"2017-10-27T00:00:00.000","completed":"2017-10-31T00:00:00.000","estimated_canopy_coverage":"1963.49541","source":"City Nursery","program_year":"2018",":@computed_region_x6fk_ihs5":"49",":@computed_region_b3ci_nw94":"54",":@computed_region_38t5_wna6":"54",":@computed_region_25t2_rbz7":"2943"}},
{"type":"Feature","geometry":{"type":"Point","coordinates":[-76.306143,36.915998]},"properties":{":id":"row-bewc_usu4~evwk",":version":"rv-u6br~qiu5-t273",":created_at":"2019-08-20T12:51:30.666Z",":updated_at":"2019-08-20T12:51:31.403Z","genus":"Halesia","species":"diptera","common_name":"Two-winged silverbell","street_number":"1625","street_name":"W Little Creek Rd","site":"2P","delivered":"2018-12-03T00:00:00.000","completed":"2018-12-05T00:00:00.000","estimated_canopy_coverage":"706.5","source":"City Nursery","program_year":"2019",":@computed_region_x6fk_ihs5":"63",":@computed_region_b3ci_nw94":"72",":@computed_region_38t5_wna6":"72",":@computed_region_25t2_rbz7":"2943"}},
{"type":"Feature","geometry":{"type":"Point","coordinates":[-76.26432,36.887196]},"properties":{":id":"row-7w8p-g6t8.fxpx",":version":"rv-hkp7-7kja-kk5p",":created_at":"2019-08-20T12:51:30.666Z",":updated_at":"2019-08-20T12:51:31.403Z","genus":"Acer","species":"buergerianum","common_name":"Trident maple","street_number":"1610","street_name":"Cromwell Dr","site":"3S","delivered":"2018-12-07T00:00:00.000","completed":"2018-12-12T00:00:00.000","estimated_canopy_coverage":"1256.63706","source":"City Nursery","program_year":"2019",":@computed_region_x6fk_ihs5":"122",":@computed_region_b3ci_nw94":"122",":@computed_region_38t5_wna6":"122",":@computed_region_25t2_rbz7":"2943"}},
{"type":"Feature","geometry":{"type":"Point","coordinates":[-76.289989,36.967073]},"properties":{":id":"row-3m3d~w2ac_3bdr",":version":"rv-mkji.bbyi-nigg",":created_at":"2019-08-20T12:51:30.666Z",":updated_at":"2019-08-20T12:51:31.403Z","genus":"Taxodium","species":"distichum","common_name":"Bald cypress","street_number":"1357","street_name":"W. Ocean View Ave","site":"7M","delivered":"2019-01-02T00:00:00.000","completed":"2019-02-13T00:00:00.000","estimated_canopy_coverage":"490.873852","source":"City Nursery","program_year":"2019",":@computed_region_x6fk_ihs5":"98",":@computed_region_b3ci_nw94":"31",":@computed_region_38t5_wna6":"31",":@computed_region_25t2_rbz7":null}},
{"type":"Feature","geometry":{"type":"Point","coordinates":[-76.257431,36.870493]},"properties":{":id":"row-2yme~djzh_fkb6",":version":"rv-fnmy_fh9m-xww4",":created_at":"2019-08-20T12:51:30.666Z",":updated_at":"2019-08-20T12:51:31.403Z","genus":"Betula","species":"nigra 'Heritage'","common_name":"Heritage river birch","street_number":"2820","street_name":"Chesapeake Blvd","site":"3FL","delivered":"2018-01-30T00:00:00.000","completed":"2018-02-01T00:00:00.000","estimated_canopy_coverage":"962.11275","source":"City Nursery","program_year":"2018",":@computed_region_x6fk_ihs5":"3",":@computed_region_b3ci_nw94":"3",":@computed_region_38t5_wna6":"3",":@computed_region_25t2_rbz7":"2943"}},
{"type":"Feature","geometry":{"type":"Point","coordinates":[-76.29415,36.856791]},"properties":{":id":"row-xxki_pk54~jinn",":version":"rv-vpcm~3rm4.kzik",":created_at":"2019-08-20T12:51:30.666Z",":updated_at":"2019-08-20T12:51:31.403Z","genus":"Quercus","species":"geminata","common_name":"Sand live oak","street_number":"316","street_name":"Fairfax Ave","site":"1F","delivered":"2018-12-12T00:00:00.000","completed":"2018-12-14T00:00:00.000","estimated_canopy_coverage":"2826","source":"City Nursery","program_year":"2019",":@computed_region_x6fk_ihs5":"128",":@computed_region_b3ci_nw94":"128",":@computed_region_38t5_wna6":"128",":@computed_region_25t2_rbz7":"2943"}},
{"type":"Feature","geometry":{"type":"Point","coordinates":[-76.257277,36.863551]},"properties":{":id":"row-uspm.ygiu~uxir",":version":"rv-xtfp.k3dz.79af",":created_at":"2019-08-20T12:51:30.666Z",":updated_at":"2019-08-20T12:51:31.403Z","genus":"Quercus","species":"laurifolia","common_name":"Laurel oak","street_number":"2800","street_name":"Tarrant St","site":"1B","delivered":"2018-01-26T00:00:00.000","completed":"2018-01-30T00:00:00.000","estimated_canopy_coverage":"2827.43339","source":"City Nursery","program_year":"2018",":@computed_region_x6fk_ihs5":"128",":@computed_region_b3ci_nw94":"128",":@computed_region_38t5_wna6":"128",":@computed_region_25t2_rbz7":"2943"}},
{"type":"Feature","geometry":{"type":"Point","coordinates":[-76.293264,36.879353]},"properties":{":id":"row-cs5t~tn9a-2g6d",":version":"rv-uegg-facn-m5g8",":created_at":"2019-08-20T12:51:30.666Z",":updated_at":"2019-08-20T12:51:31.403Z","genus":"Prunus","species":"cerasifera 'Krauter Vesuvius'","common_name":"Krauter Vesuvius purple leaf plum","street_number":"711","street_name":"37th St","site":"1F","delivered":"2018-12-12T00:00:00.000","completed":"2019-01-09T00:00:00.000","estimated_canopy_coverage":"314.159265","source":"City Nursery","program_year":"2019",":@computed_region_x6fk_ihs5":"46",":@computed_region_b3ci_nw94":"51",":@computed_region_38t5_wna6":"51",":@computed_region_25t2_rbz7":"2943"}},
{"type":"Feature","geometry":{"type":"Point","coordinates":[-76.260503,36.82327]},"properties":{":id":"row-8bdb~7bz3~c3j9",":version":"rv-mnsy~jvnf_ni5p",":created_at":"2019-08-20T12:51:30.666Z",":updated_at":"2019-08-20T12:51:31.403Z","genus":"Magnolia","species":"virginiana","common_name":"Sweetbay magnolia","street_number":"1750","street_name":"Campostella Rd","site":"7B","delivered":"2018-11-08T00:00:00.000","completed":"2018-11-07T00:00:00.000","estimated_canopy_coverage":"490.873852","source":"City Nursery","program_year":"2019",":@computed_region_x6fk_ihs5":"128",":@computed_region_b3ci_nw94":"128",":@computed_region_38t5_wna6":"128",":@computed_region_25t2_rbz7":"2943"}},
{"type":"Feature","geometry":{"type":"Point","coordinates":[-76.261826,36.86680500000001]},"properties":{":id":"row-gv4b-brne.5r7v",":version":"rv-xybv.nmxe~5nsa",":created_at":"2019-08-20T12:51:30.666Z",":updated_at":"2019-08-20T12:51:31.403Z","genus":"Cercis","species":"canadensis 'Merlot'","common_name":"Merlot redbud","street_number":"2616","street_name":"Tait Terr","site":"1F","delivered":"2018-11-21T00:00:00.000","completed":"2018-12-17T00:00:00.000","estimated_canopy_coverage":"490.873852","source":"City Nursery","program_year":"2019",":@computed_region_x6fk_ihs5":"29",":@computed_region_b3ci_nw94":"29",":@computed_region_38t5_wna6":"29",":@computed_region_25t2_rbz7":"2943"}},
{"type":"Feature","geometry":{"type":"Point","coordinates":[-76.286705,36.851327]},"properties":{":id":"row-iw37_w35w_x4b9",":version":"rv-7y67~g2d4-cwkq",":created_at":"2019-08-20T12:51:30.666Z",":updated_at":"2019-08-20T12:51:31.403Z","genus":"Ginkgo","species":"biloba 'Shangri-La'","common_name":"Ginkgo","street_number":"440","street_name":"Bank St","site":"3F","delivered":"2017-11-29T00:00:00.000","completed":"2017-12-14T00:00:00.000","estimated_canopy_coverage":"1256.63706","source":"City Nursery","program_year":"2018",":@computed_region_x6fk_ihs5":"22",":@computed_region_b3ci_nw94":"26",":@computed_region_38t5_wna6":"26",":@computed_region_25t2_rbz7":"2943"}},
{"type":"Feature","geometry":{"type":"Point","coordinates":[-76.292461,36.861719]},"properties":{":id":"row-kppn.czi7_mmvq",":version":"rv-y2k9~epba.65ka",":created_at":"2019-08-20T12:51:30.666Z",":updated_at":"2019-08-20T12:51:31.403Z","genus":"Acer","species":"barbatum","common_name":"Florida maple","street_number":"1107","street_name":"Botetourt Gdns","site":"1F","delivered":"2019-01-11T00:00:00.000","completed":"2019-01-15T00:00:00.000","estimated_canopy_coverage":"1256.63706","source":"City Nursery","program_year":"2019",":@computed_region_x6fk_ihs5":"34",":@computed_region_b3ci_nw94":"39",":@computed_region_38t5_wna6":"39",":@computed_region_25t2_rbz7":"2943"}},
{"type":"Feature","geometry":{"type":"Point","coordinates":[-76.282108,36.878534]},"properties":{":id":"row-xi9m.yzuu~6w55",":version":"rv-crsj.f84q-kbmn",":created_at":"2019-08-20T12:51:30.666Z",":updated_at":"2019-08-20T12:51:31.403Z","genus":"Styrax","species":"americanus","common_name":"American snowbell","street_number":"3500","street_name":"Granby St","site":"10P","delivered":"2018-11-27T00:00:00.000","completed":"2019-01-04T00:00:00.000","estimated_canopy_coverage":"706","source":"City Nursery","program_year":"2019",":@computed_region_x6fk_ihs5":"72",":@computed_region_b3ci_nw94":"78",":@computed_region_38t5_wna6":"78",":@computed_region_25t2_rbz7":"2943"}},
{"type":"Feature","geometry":{"type":"Point","coordinates":[-76.304529,36.871027]},"properties":{":id":"row-r52n.7q7z_b3p5",":version":"rv-36bf~3yzc.7var",":created_at":"2019-08-20T12:51:30.666Z",":updated_at":"2019-08-20T12:51:31.403Z","genus":"Acer","species":"buergerianum","common_name":"Trident maple","street_number":"1214","street_name":"1214 Brandon Ave","site":"1F","delivered":"2017-12-18T00:00:00.000","completed":"2017-12-20T00:00:00.000","estimated_canopy_coverage":"1256.63706","source":"City Nursery","program_year":"2018",":@computed_region_x6fk_ihs5":"97",":@computed_region_b3ci_nw94":"98",":@computed_region_38t5_wna6":"98",":@computed_region_25t2_rbz7":"2943"}},
{"type":"Feature","geometry":{"type":"Point","coordinates":[-76.239567,36.894818]},"properties":{":id":"row-3qeh_62gf_figu",":version":"rv-fpr3.7dht-p7jy",":created_at":"2019-08-20T12:51:30.666Z",":updated_at":"2019-08-20T12:51:31.403Z","genus":"Cercis","species":"canadensis","common_name":"Redbud","street_number":"6327","street_name":"6327 Sewells Point Rd","site":"3SC","delivered":"2018-01-24T00:00:00.000","completed":"2018-01-26T00:00:00.000","estimated_canopy_coverage":"490.873852","source":"City Nursery","program_year":"2018",":@computed_region_x6fk_ihs5":null,":@computed_region_b3ci_nw94":null,":@computed_region_38t5_wna6":null,":@computed_region_25t2_rbz7":"2943"}},
{"type":"Feature","geometry":{"type":"Point","coordinates":[-76.290054,36.845811]},"properties":{":id":"row-k6qe-9gyg~iwrv",":version":"rv-pn6d.d2y3-zzaq",":created_at":"2019-08-20T12:51:30.666Z",":updated_at":"2019-08-20T12:51:31.403Z","genus":"Ilex","species":"x attenuata","common_name":"East Palatka holly","street_number":"321","street_name":"E Main St","site":"2F","delivered":"2018-01-31T00:00:00.000","completed":"2018-02-01T00:00:00.000","estimated_canopy_coverage":"176.714587","source":"City Nursery","program_year":"2018",":@computed_region_x6fk_ihs5":"22",":@computed_region_b3ci_nw94":"26",":@computed_region_38t5_wna6":"26",":@computed_region_25t2_rbz7":"2943"}},
{"type":"Feature","geometry":{"type":"Point","coordinates":[-76.282864,36.876093]},"properties":{":id":"row-9eh9~chng~8ks9",":version":"rv-2gvj~rnbs.y7bx",":created_at":"2019-08-20T12:51:30.666Z",":updated_at":"2019-08-20T12:51:31.403Z","genus":"Quercus","species":"prinoides","common_name":"Dwarf chinquapin oak","street_number":"203","street_name":"Broadway St","site":"1F","delivered":"2017-12-13T00:00:00.000","completed":"2018-01-12T00:00:00.000","estimated_canopy_coverage":"153.93804","source":"City Nursery","program_year":"2018",":@computed_region_x6fk_ihs5":"72",":@computed_region_b3ci_nw94":"78",":@computed_region_38t5_wna6":"78",":@computed_region_25t2_rbz7":"2943"}},
{"type":"Feature","geometry":{"type":"Point","coordinates":[-76.2123,36.879587]},"properties":{":id":"row-5hmg.hd8g-a8bp",":version":"rv-x24t-x2qf~z6ah",":created_at":"2019-08-20T12:51:30.666Z",":updated_at":"2019-08-20T12:51:31.403Z","genus":"Prunus","species":"yeodensis","common_name":"Yoshino cherry","street_number":"2500","street_name":"N Military Hwy","site":"2B","delivered":"2017-12-04T00:00:00.000","completed":"2017-12-05T00:00:00.000","estimated_canopy_coverage":"1256.63706","source":"City Nursery","program_year":"2018",":@computed_region_x6fk_ihs5":"128",":@computed_region_b3ci_nw94":"128",":@computed_region_38t5_wna6":"128",":@computed_region_25t2_rbz7":"2943"}},
{"type":"Feature","geometry":{"type":"Point","coordinates":[-76.240021,36.895143]},"properties":{":id":"row-kp5v_7x88~9wyr",":version":"rv-yxu7~6ik7-x39u",":created_at":"2019-08-20T12:51:30.666Z",":updated_at":"2019-08-20T12:51:31.403Z","genus":"Taxodium","species":"distichum","common_name":"Bald cypress","street_number":"6325","street_name":"Sewells Point Rd","site":"9SC","delivered":"2018-01-10T00:00:00.000","completed":"2018-01-22T00:00:00.000","estimated_canopy_coverage":"490.873852","source":"City Nursery","program_year":"2018",":@computed_region_x6fk_ihs5":"81",":@computed_region_b3ci_nw94":"86",":@computed_region_38t5_wna6":"86",":@computed_region_25t2_rbz7":"2943"}},
{"type":"Feature","geometry":{"type":"Point","coordinates":[-76.295721,36.866109]},"properties":{":id":"row-vpiw~jfhh-adqq",":version":"rv-55mi-n2qu-g5g3",":created_at":"2019-08-20T12:51:30.666Z",":updated_at":"2019-08-20T12:51:31.403Z","genus":"Acer","species":"barbatum","common_name":"Florida maple","street_number":"626","street_name":"Baldwin Ave","site":"1F","delivered":"2018-11-13T00:00:00.000","completed":"2018-11-20T00:00:00.000","estimated_canopy_coverage":"1256.63706","source":"City Nursery","program_year":"2019",":@computed_region_x6fk_ihs5":"33",":@computed_region_b3ci_nw94":"38",":@computed_region_38t5_wna6":"38",":@computed_region_25t2_rbz7":"2943"}},
{"type":"Feature","geometry":{"type":"Point","coordinates":[-76.211039,36.868879]},"properties":{":id":"row-4q5a_tijq~6hki",":version":"rv-5ui6-qb9v_6i3w",":created_at":"2019-08-20T12:51:30.666Z",":updated_at":"2019-08-20T12:51:31.403Z","genus":"Acer","species":"barbatum","common_name":"Florida maple","street_number":"1330","street_name":"N. Military Hwy","site":"3B","delivered":"2019-01-02T00:00:00.000","completed":"2019-01-04T00:00:00.000","estimated_canopy_coverage":"1256.63706","source":"City Nursery","program_year":"2019",":@computed_region_x6fk_ihs5":"128",":@computed_region_b3ci_nw94":"128",":@computed_region_38t5_wna6":"128",":@computed_region_25t2_rbz7":"2943"}},
{"type":"Feature","geometry":{"type":"Point","coordinates":[-76.218871,36.906073]},"properties":{":id":"row-2utz~2jqs~8ia2",":version":"rv-ngiq.mwzc~34ui",":created_at":"2019-08-20T12:51:30.666Z",":updated_at":"2019-08-20T12:51:31.403Z","genus":"Cercis","species":"canadensis 'Merlot'","common_name":"Merlot redbud","street_number":"1953","street_name":"Paddock Rd","site":"5M","delivered":"2018-11-20T00:00:00.000","completed":"2018-12-17T00:00:00.000","estimated_canopy_coverage":"490.873852","source":"City Nursery","program_year":"2019",":@computed_region_x6fk_ihs5":"54",":@computed_region_b3ci_nw94":"60",":@computed_region_38t5_wna6":"60",":@computed_region_25t2_rbz7":"2943"}},
{"type":"Feature","geometry":{"type":"Point","coordinates":[-76.300641,36.89142]},"properties":{":id":"row-sea9_33j2-s32d",":version":"rv-zrix~jve8.ne26",":created_at":"2019-08-20T12:51:30.666Z",":updated_at":"2019-08-20T12:51:31.403Z","genus":"Chionanthus","species":"virginicus","common_name":"White fringetree","street_number":"1145","street_name":"Bolling Ave","site":"6SC","delivered":"2017-12-04T00:00:00.000","completed":"2017-12-12T00:00:00.000","estimated_canopy_coverage":"176.714587","source":"City Nursery","program_year":"2018",":@computed_region_x6fk_ihs5":"49",":@computed_region_b3ci_nw94":"54",":@computed_region_38t5_wna6":"54",":@computed_region_25t2_rbz7":"2943"}},
{"type":"Feature","geometry":{"type":"Point","coordinates":[-76.24359,36.879952]},"properties":{":id":"row-nxen-pxkz_h2ry",":version":"rv-pg3y-265y-mpmc",":created_at":"2019-08-20T12:51:30.666Z",":updated_at":"2019-08-20T12:51:31.403Z","genus":"Lagerstroemia","species":"indica x fauriei 'Tuscarora'","common_name":"Tuscarora crape myrtle","street_number":"3728","street_name":"Buckingham Dr","site":"1F","delivered":"2017-12-28T00:00:00.000","completed":"2018-01-26T00:00:00.000","estimated_canopy_coverage":"314.159265","source":"Purchased","program_year":"2018",":@computed_region_x6fk_ihs5":"28",":@computed_region_b3ci_nw94":"24",":@computed_region_38t5_wna6":"24",":@computed_region_25t2_rbz7":"2943"}},
{"type":"Feature","geometry":{"type":"Point","coordinates":[-76.257431,36.870493]},"properties":{":id":"row-wwhw_wa4c-9dqd",":version":"rv-vjj7~meca~h3mz",":created_at":"2019-08-20T12:51:30.666Z",":updated_at":"2019-08-20T12:51:31.403Z","genus":"Betula","species":"nigra 'Heritage'","common_name":"Heritage river birch","street_number":"2820","street_name":"Chesapeake Blvd","site":"15FL","delivered":"2018-01-30T00:00:00.000","completed":"2018-02-01T00:00:00.000","estimated_canopy_coverage":"962.11275","source":"City Nursery","program_year":"2018",":@computed_region_x6fk_ihs5":"3",":@computed_region_b3ci_nw94":"3",":@computed_region_38t5_wna6":"3",":@computed_region_25t2_rbz7":"2943"}},
{"type":"Feature","geometry":{"type":"Point","coordinates":[-76.299017,36.862918]},"properties":{":id":"row-289q~i7vp-ne2y",":version":"rv-isbg_g56f~7gic",":created_at":"2019-08-20T12:51:30.666Z",":updated_at":"2019-08-20T12:51:31.403Z","genus":"Styrax","species":"japonicus","common_name":"Japanese snowbell","street_number":"710","street_name":"Redgate Ave","site":"2F","delivered":"2018-11-28T00:00:00.000","completed":"2018-12-05T00:00:00.000","estimated_canopy_coverage":"706.858347","source":"City Nursery","program_year":"2019",":@computed_region_x6fk_ihs5":"33",":@computed_region_b3ci_nw94":"38",":@computed_region_38t5_wna6":"38",":@computed_region_25t2_rbz7":"2943"}},
{"type":"Feature","geometry":{"type":"Point","coordinates":[-76.264249,36.887922]},"properties":{":id":"row-awwe-gbrf.7den",":version":"rv-gvit_g5ts-6vie",":created_at":"2019-08-20T12:51:30.666Z",":updated_at":"2019-08-20T12:51:31.403Z","genus":"Salix","species":"matsudana","common_name":"Corkscrew willow","street_number":"1612","street_name":"Willow Wood Dr","site":"5FL","delivered":"2019-02-07T00:00:00.000","completed":"2019-02-08T00:00:00.000","estimated_canopy_coverage":"314","source":"City Nursery","program_year":"2019",":@computed_region_x6fk_ihs5":"122",":@computed_region_b3ci_nw94":"122",":@computed_region_38t5_wna6":"122",":@computed_region_25t2_rbz7":"2943"}},
{"type":"Feature","geometry":{"type":"Point","coordinates":[-76.271342,36.964877]},"properties":{":id":"row-e5ib.vsv3_b6ng",":version":"rv-qi53_t4i6_vebk",":created_at":"2019-08-20T12:51:30.666Z",":updated_at":"2019-08-20T12:51:31.403Z","genus":"Quercus","species":"virginiana","common_name":"Live oak","street_number":"773","street_name":"W. Ocean View Ave","site":"15M","delivered":"2019-02-07T00:00:00.000","completed":"2019-02-13T00:00:00.000","estimated_canopy_coverage":"6361.72512","source":"City Nursery","program_year":"2019",":@computed_region_x6fk_ihs5":"98",":@computed_region_b3ci_nw94":"31",":@computed_region_38t5_wna6":"31",":@computed_region_25t2_rbz7":null}},
{"type":"Feature","geometry":{"type":"Point","coordinates":[-76.270569,36.884666]},"properties":{":id":"row-pve5_6hz2.3bdf",":version":"rv-w7hm-3ugc-fhtd",":created_at":"2019-08-20T12:51:30.666Z",":updated_at":"2019-08-20T12:51:31.403Z","genus":"Ostrya","species":"virginiana","common_name":"Hophornbeam","street_number":"1416","street_name":"South Veaux Loop","site":"1F","delivered":"2017-10-26T00:00:00.000","completed":"2017-10-31T00:00:00.000","estimated_canopy_coverage":"706.858347","source":"City Nursery","program_year":"2018",":@computed_region_x6fk_ihs5":"121",":@computed_region_b3ci_nw94":"121",":@computed_region_38t5_wna6":"121",":@computed_region_25t2_rbz7":"2943"}},
{"type":"Feature","geometry":{"type":"Point","coordinates":[-76.239709,36.895011000000004]},"properties":{":id":"row-fc2d-cqxe~uq4k",":version":"rv-g77j~cdd6.c76i",":created_at":"2019-08-20T12:51:30.666Z",":updated_at":"2019-08-20T12:51:31.403Z","genus":"Taxodium","species":"distichum 'Shawnee Brave'","common_name":"Shawnee Brave bald cypress","street_number":"6332","street_name":"Sewells Point Rd","site":"23SC","delivered":"2018-01-31T00:00:00.000","completed":"2018-02-07T00:00:00.000","estimated_canopy_coverage":"490.873852","source":"City Nursery","program_year":"2018",":@computed_region_x6fk_ihs5":null,":@computed_region_b3ci_nw94":null,":@computed_region_38t5_wna6":null,":@computed_region_25t2_rbz7":"2943"}},
{"type":"Feature","geometry":{"type":"Point","coordinates":[-76.18022,36.848987]},"properties":{":id":"row-9nid_mxt7~82tm",":version":"rv-ra83_7zsc.irup",":created_at":"2019-08-20T12:51:30.666Z",":updated_at":"2019-08-20T12:51:31.403Z","genus":"Nyssa","species":"sylvatica","common_name":"Black tupelo","street_number":"701","street_name":"Newtown Rd","site":"3M","delivered":"2017-11-09T00:00:00.000","completed":"2017-11-15T00:00:00.000","estimated_canopy_coverage":"962.11275","source":"City Nursery","program_year":"2018",":@computed_region_x6fk_ihs5":"59",":@computed_region_b3ci_nw94":"66",":@computed_region_38t5_wna6":"66",":@computed_region_25t2_rbz7":"2951"}},
{"type":"Feature","geometry":{"type":"Point","coordinates":[-76.311348,36.895779]},"properties":{":id":"row-gvpn.xrpj_c7su",":version":"rv-u9mg-6d3r-3itt",":created_at":"2019-08-20T12:51:30.666Z",":updated_at":"2019-08-20T12:51:31.403Z","genus":"Cercis","species":"canadensis 'Merlot'","common_name":"Merlot redbud","street_number":"5952","street_name":"Glenhaven Cres","site":"1F","delivered":"2018-11-21T00:00:00.000","completed":"2018-11-28T00:00:00.000","estimated_canopy_coverage":"490.873852","source":"City Nursery","program_year":"2019",":@computed_region_x6fk_ihs5":"49",":@computed_region_b3ci_nw94":"54",":@computed_region_38t5_wna6":"54",":@computed_region_25t2_rbz7":"2943"}},
{"type":"Feature","geometry":{"type":"Point","coordinates":[-76.240021,36.895143]},"properties":{":id":"row-ysyi~e9ui-8gde",":version":"rv-6x6i-duk9_iz5q",":created_at":"2019-08-20T12:51:30.666Z",":updated_at":"2019-08-20T12:51:31.403Z","genus":"Taxodium","species":"distichum","common_name":"Bald cypress","street_number":"6325","street_name":"Sewells Point Rd","site":"13SC","delivered":"2018-01-10T00:00:00.000","completed":"2018-01-22T00:00:00.000","estimated_canopy_coverage":"490.873852","source":"City Nursery","program_year":"2018",":@computed_region_x6fk_ihs5":"81",":@computed_region_b3ci_nw94":"86",":@computed_region_38t5_wna6":"86",":@computed_region_25t2_rbz7":"2943"}},
{"type":"Feature","geometry":{"type":"Point","coordinates":[-76.219121,36.901992]},"properties":{":id":"row-yizw-9n7y~x8yb",":version":"rv-8vs4_xiw9.8buk",":created_at":"2019-08-20T12:51:30.666Z",":updated_at":"2019-08-20T12:51:31.403Z","genus":"Cercis","species":"canadensis 'Merlot'","common_name":"Merlot redbud","street_number":"2000","street_name":"Colane Rd","site":"1S","delivered":"2017-12-04T00:00:00.000","completed":"2017-12-07T00:00:00.000","estimated_canopy_coverage":"490.873852","source":"City Nursery","program_year":"2018",":@computed_region_x6fk_ihs5":"54",":@computed_region_b3ci_nw94":"60",":@computed_region_38t5_wna6":"60",":@computed_region_25t2_rbz7":"2943"}},
{"type":"Feature","geometry":{"type":"Point","coordinates":[-76.300641,36.89142]},"properties":{":id":"row-f96p_5z69~7zju",":version":"rv-72ku.fu4f.66yw",":created_at":"2019-08-20T12:51:30.666Z",":updated_at":"2019-08-20T12:51:31.403Z","genus":"Quercus","species":"phellos","common_name":"Willow oak","street_number":"1145","street_name":"Bolling Ave","site":"12SC","delivered":"2017-12-06T00:00:00.000","completed":"2017-12-14T00:00:00.000","estimated_canopy_coverage":"1963.49541","source":"City Nursery","program_year":"2018",":@computed_region_x6fk_ihs5":"49",":@computed_region_b3ci_nw94":"54",":@computed_region_38t5_wna6":"54",":@computed_region_25t2_rbz7":"2943"}},
{"type":"Feature","geometry":{"type":"Point","coordinates":[-76.212187,36.909423]},"properties":{":id":"row-3qry_sfqq_25ze",":version":"rv-m7qb~3hui.ctpv",":created_at":"2019-08-20T12:51:30.666Z",":updated_at":"2019-08-20T12:51:31.403Z","genus":"Acer","species":"campestre 'Evelyn'","common_name":"Queen Elizabeth hedge maple","street_number":"7708","street_name":"Leafwood Dr","site":"1F","delivered":"2018-11-26T00:00:00.000","completed":"2018-12-13T00:00:00.000","estimated_canopy_coverage":"490.873852","source":"City Nursery","program_year":"2019",":@computed_region_x6fk_ihs5":"24",":@computed_region_b3ci_nw94":"28",":@computed_region_38t5_wna6":"28",":@computed_region_25t2_rbz7":"2943"}},
{"type":"Feature","geometry":{"type":"Point","coordinates":[-76.254709,36.849311]},"properties":{":id":"row-nbha~tdkj.4pmx",":version":"rv-55rs_ms59-zkjy",":created_at":"2019-08-20T12:51:30.666Z",":updated_at":"2019-08-20T12:51:31.403Z","genus":"Ulmus","species":"alata","common_name":"Winged elm","street_number":"2817","street_name":"Park Cres","site":"1F","delivered":"2019-01-08T00:00:00.000","completed":"2019-01-08T00:00:00.000","estimated_canopy_coverage":"1256","source":"City Nursery","program_year":"2019",":@computed_region_x6fk_ihs5":"56",":@computed_region_b3ci_nw94":"63",":@computed_region_38t5_wna6":"63",":@computed_region_25t2_rbz7":"2943"}},
{"type":"Feature","geometry":{"type":"Point","coordinates":[-76.240817,36.896514]},"properties":{":id":"row-yuex.djuj_6dsp",":version":"rv-5ape-qnei_92tk",":created_at":"2019-08-20T12:51:30.666Z",":updated_at":"2019-08-20T12:51:31.403Z","genus":"Acer","species":"buergerianum","common_name":"Trident maple","street_number":"6380","street_name":"Sewells Point Rd","site":"7M","delivered":"2018-11-06T00:00:00.000","completed":"2018-11-09T00:00:00.000","estimated_canopy_coverage":"1256.63706","source":"City Nursery","program_year":"2019",":@computed_region_x6fk_ihs5":"128",":@computed_region_b3ci_nw94":"128",":@computed_region_38t5_wna6":"128",":@computed_region_25t2_rbz7":"2943"}},
{"type":"Feature","geometry":{"type":"Point","coordinates":[-76.255706,36.883275]},"properties":{":id":"row-xpky~c96t-vdny",":version":"rv-jf2i_2mj4-ccb9",":created_at":"2019-08-20T12:51:30.666Z",":updated_at":"2019-08-20T12:51:31.403Z","genus":"Cercis","species":"canadensis 'Merlot'","common_name":"Merlot redbud","street_number":"3533","street_name":"Brest Ave","site":"2S","delivered":"2017-12-04T00:00:00.000","completed":"2017-12-06T00:00:00.000","estimated_canopy_coverage":"490.873852","source":"City Nursery","program_year":"2018",":@computed_region_x6fk_ihs5":"29",":@computed_region_b3ci_nw94":"29",":@computed_region_38t5_wna6":"29",":@computed_region_25t2_rbz7":"2943"}},
{"type":"Feature","geometry":{"type":"Point","coordinates":[-76.292785,36.849782]},"properties":{":id":"row-bp9d_ex5i_utv4",":version":"rv-gpxd-uk83~cc9g",":created_at":"2019-08-20T12:51:30.666Z",":updated_at":"2019-08-20T12:51:31.403Z","genus":"Ulmus","species":"parvifolia 'Bosque'","common_name":"Bosque elm","street_number":"201","street_name":"W Tazewell St","site":"2F","delivered":"2017-11-22T00:00:00.000","completed":"2017-11-29T00:00:00.000","estimated_canopy_coverage":"706.858347","source":"Purchased","program_year":"2018",":@computed_region_x6fk_ihs5":"32",":@computed_region_b3ci_nw94":"37",":@computed_region_38t5_wna6":"37",":@computed_region_25t2_rbz7":"2943"}},
{"type":"Feature","geometry":{"type":"Point","coordinates":[-76.260503,36.82327]},"properties":{":id":"row-xvk4~dmtq-3hdn",":version":"rv-4cp2~y2w4-japp",":created_at":"2019-08-20T12:51:30.666Z",":updated_at":"2019-08-20T12:51:31.403Z","genus":"Magnolia","species":"virginiana","common_name":"Sweetbay magnolia","street_number":"1750","street_name":"Campostella Rd","site":"5B","delivered":"2017-10-30T00:00:00.000","completed":"2017-11-03T00:00:00.000","estimated_canopy_coverage":"490.873852","source":"City Nursery","program_year":"2018",":@computed_region_x6fk_ihs5":"128",":@computed_region_b3ci_nw94":"128",":@computed_region_38t5_wna6":"128",":@computed_region_25t2_rbz7":"2943"}},
{"type":"Feature","geometry":{"type":"Point","coordinates":[-76.220555,36.888923]},"properties":{":id":"row-8gjf-mbau_rif7",":version":"rv-xa69-w94y.mki4",":created_at":"2019-08-20T12:51:30.666Z",":updated_at":"2019-08-20T12:51:31.403Z","genus":"Malus","species":"pumila 'King David'","common_name":"King David apple","street_number":"3475","street_name":"Azalea Garden Rd","site":"2M","delivered":"2018-11-28T00:00:00.000","completed":"2018-11-30T00:00:00.000","estimated_canopy_coverage":"177","source":"City Nursery","program_year":"2019",":@computed_region_x6fk_ihs5":"64",":@computed_region_b3ci_nw94":"48",":@computed_region_38t5_wna6":"48",":@computed_region_25t2_rbz7":"2943"}},
{"type":"Feature","geometry":{"type":"Point","coordinates":[-76.277661,36.844183]},"properties":{":id":"row-p5gp~3erv~fqwe",":version":"rv-fzcx~6ft5-wxrj",":created_at":"2019-08-20T12:51:30.666Z",":updated_at":"2019-08-20T12:51:31.403Z","genus":"Ostrya","species":"virginiana","common_name":"Hophornbeam","street_number":"150","street_name":"Park Ave","site":"2F","delivered":"2019-01-22T00:00:00.000","completed":"2019-01-28T00:00:00.000","estimated_canopy_coverage":"706.858347","source":"City Nursery","program_year":"2019",":@computed_region_x6fk_ihs5":"128",":@computed_region_b3ci_nw94":"128",":@computed_region_38t5_wna6":"128",":@computed_region_25t2_rbz7":"2943"}},
{"type":"Feature","geometry":{"type":"Point","coordinates":[-76.21544300000001,36.877984000000005]},"properties":{":id":"row-3ni7.gj4r.6bmp",":version":"rv-3bkb_vr5m.a4hd",":created_at":"2019-08-20T12:51:30.666Z",":updated_at":"2019-08-20T12:51:31.403Z","genus":"Taxodium","species":"distichum","common_name":"Bald cypress","street_number":"2410","street_name":"Almeda Ave","site":"6P","delivered":"2019-01-02T00:00:00.000","completed":"2019-01-07T00:00:00.000","estimated_canopy_coverage":"490.873852","source":"City Nursery","program_year":"2019",":@computed_region_x6fk_ihs5":"31",":@computed_region_b3ci_nw94":"36",":@computed_region_38t5_wna6":"36",":@computed_region_25t2_rbz7":"2943"}},
{"type":"Feature","geometry":{"type":"Point","coordinates":[-76.22410500000001,36.856410000000004]},"properties":{":id":"row-5bdc_tf9c~ttjk",":version":"rv-z4tt~buhh_ahia",":created_at":"2019-08-20T12:51:30.666Z",":updated_at":"2019-08-20T12:51:31.403Z","genus":"Lagerstroemia","species":"indica x fauriei 'Natchez'","common_name":"Natchez crape myrtle","street_number":"5100","street_name":"E Virginia Beach Blvd","site":"2M","delivered":"2017-12-28T00:00:00.000","completed":"2018-02-01T00:00:00.000","estimated_canopy_coverage":"314.159265","source":"Purchased","program_year":"2018",":@computed_region_x6fk_ihs5":"20",":@computed_region_b3ci_nw94":"22",":@computed_region_38t5_wna6":"22",":@computed_region_25t2_rbz7":"2943"}},
{"type":"Feature","geometry":{"type":"Point","coordinates":[-76.29285400000002,36.86767]},"properties":{":id":"row-7svu_pef2~87tz",":version":"rv-hgsy~as2k_uwzx",":created_at":"2019-08-20T12:51:30.666Z",":updated_at":"2019-08-20T12:51:31.403Z","genus":"Acer","species":"barbatum","common_name":"Florida maple","street_number":"502","street_name":"Washington Park","site":"10M","delivered":"2018-11-13T00:00:00.000","completed":"2018-11-20T00:00:00.000","estimated_canopy_coverage":"1256.63706","source":"City Nursery","program_year":"2019",":@computed_region_x6fk_ihs5":"33",":@computed_region_b3ci_nw94":"38",":@computed_region_38t5_wna6":"38",":@computed_region_25t2_rbz7":"2943"}},
{"type":"Feature","geometry":{"type":"Point","coordinates":[-76.28523,36.851257]},"properties":{":id":"row-z7zy-6emc-znh9",":version":"rv-nz8g-ausg-7syc",":created_at":"2019-08-20T12:51:30.666Z",":updated_at":"2019-08-20T12:51:31.403Z","genus":"Ulmus","species":"parvifolia 'Bosque'","common_name":"Bosque elm","street_number":"485","street_name":"Saint Pauls Blvd","site":"3S","delivered":"2017-12-05T00:00:00.000","completed":"2017-12-12T00:00:00.000","estimated_canopy_coverage":"706.858347","source":"Purchased","program_year":"2018",":@computed_region_x6fk_ihs5":"22",":@computed_region_b3ci_nw94":"26",":@computed_region_38t5_wna6":"26",":@computed_region_25t2_rbz7":"2943"}},
{"type":"Feature","geometry":{"type":"Point","coordinates":[-76.22048,36.92472800000001]},"properties":{":id":"row-swin.uz6i-ur9q",":version":"rv-irky.6uu3-2zzf",":created_at":"2019-08-20T12:51:30.666Z",":updated_at":"2019-08-20T12:51:31.403Z","genus":"Quercus","species":"michauxii","common_name":"Swamp chestnut oak","street_number":"2100","street_name":"Tarrallton Dr","site":"1P","delivered":"2019-02-08T00:00:00.000","completed":"2019-02-28T00:00:00.000","estimated_canopy_coverage":"2826","source":"City Nursery","program_year":"2019",":@computed_region_x6fk_ihs5":"80",":@computed_region_b3ci_nw94":"85",":@computed_region_38t5_wna6":"85",":@computed_region_25t2_rbz7":"2943"}},
{"type":"Feature","geometry":{"type":"Point","coordinates":[-76.240021,36.895143]},"properties":{":id":"row-rpcw_v8k6~4j6s",":version":"rv-hxka-j9um.8dii",":created_at":"2019-08-20T12:51:30.666Z",":updated_at":"2019-08-20T12:51:31.403Z","genus":"Taxodium","species":"distichum","common_name":"Bald cypress","street_number":"6325","street_name":"Sewells Point Rd","site":"11SC","delivered":"2018-11-06T00:00:00.000","completed":"2018-12-05T00:00:00.000","estimated_canopy_coverage":"490.873852","source":"City Nursery","program_year":"2019",":@computed_region_x6fk_ihs5":"81",":@computed_region_b3ci_nw94":"86",":@computed_region_38t5_wna6":"86",":@computed_region_25t2_rbz7":"2943"}},
{"type":"Feature","geometry":{"type":"Point","coordinates":[-76.264249,36.887922]},"properties":{":id":"row-2h7n_jd99.xfpu",":version":"rv-7fhi~jiyr~3fri",":created_at":"2019-08-20T12:51:30.666Z",":updated_at":"2019-08-20T12:51:31.403Z","genus":"Nyssa","species":"sylvatica","common_name":"Black tupelo","street_number":"1612","street_name":"Willow Wood Dr","site":"6P","delivered":"2017-12-13T00:00:00.000","completed":"2018-02-06T00:00:00.000","estimated_canopy_coverage":"962.11275","source":"City Nursery","program_year":"2018",":@computed_region_x6fk_ihs5":"122",":@computed_region_b3ci_nw94":"122",":@computed_region_38t5_wna6":"122",":@computed_region_25t2_rbz7":"2943"}},
{"type":"Feature","geometry":{"type":"Point","coordinates":[-76.219485,36.902889]},"properties":{":id":"row-2pvz~ki8d_94f8",":version":"rv-283q~47ua.hn49",":created_at":"2019-08-20T12:51:30.666Z",":updated_at":"2019-08-20T12:51:31.403Z","genus":"Cercis","species":"canadensis 'Merlot'","common_name":"Merlot redbud","street_number":"2001","street_name":"Kenlake Dr","site":"1S","delivered":"2017-12-04T00:00:00.000","completed":"2017-12-07T00:00:00.000","estimated_canopy_coverage":"490.873852","source":"City Nursery","program_year":"2018",":@computed_region_x6fk_ihs5":"54",":@computed_region_b3ci_nw94":"60",":@computed_region_38t5_wna6":"60",":@computed_region_25t2_rbz7":"2943"}},
{"type":"Feature","geometry":{"type":"Point","coordinates":[-76.300641,36.89142]},"properties":{":id":"row-ifwi.jd2t-4eqk",":version":"rv-eew5~n8hh_udmq",":created_at":"2019-08-20T12:51:30.666Z",":updated_at":"2019-08-20T12:51:31.403Z","genus":"Quercus","species":"phellos","common_name":"Willow oak","street_number":"1145","street_name":"Bolling Ave","site":"17SC","delivered":"2017-12-06T00:00:00.000","completed":"2017-12-14T00:00:00.000","estimated_canopy_coverage":"1963.49541","source":"City Nursery","program_year":"2018",":@computed_region_x6fk_ihs5":"49",":@computed_region_b3ci_nw94":"54",":@computed_region_38t5_wna6":"54",":@computed_region_25t2_rbz7":"2943"}},
{"type":"Feature","geometry":{"type":"Point","coordinates":[-76.267243,36.963562]},"properties":{":id":"row-dhx3~t2s9-hwcq",":version":"rv-9njm.9wph_kwda",":created_at":"2019-08-20T12:51:30.666Z",":updated_at":"2019-08-20T12:51:31.403Z","genus":"Quercus","species":"virginiana","common_name":"Live oak","street_number":"635","street_name":"W. Ocean View Ave","site":"8M","delivered":"2019-02-07T00:00:00.000","completed":"2019-02-13T00:00:00.000","estimated_canopy_coverage":"6361.72512","source":"City Nursery","program_year":"2019",":@computed_region_x6fk_ihs5":"98",":@computed_region_b3ci_nw94":"31",":@computed_region_38t5_wna6":"31",":@computed_region_25t2_rbz7":"2943"}},
{"type":"Feature","geometry":{"type":"Point","coordinates":[-76.294213,36.879295]},"properties":{":id":"row-bffu_e7zg.abs7",":version":"rv-kiwv-bgye~hn3g",":created_at":"2019-08-20T12:51:30.666Z",":updated_at":"2019-08-20T12:51:31.403Z","genus":"Quercus","species":"muehlenbergii","common_name":"Chinquapin oak","street_number":"733","street_name":"37th St","site":"1F","delivered":"2019-01-15T00:00:00.000","completed":"2019-01-16T00:00:00.000","estimated_canopy_coverage":"2826","source":"City Nursery","program_year":"2019",":@computed_region_x6fk_ihs5":"46",":@computed_region_b3ci_nw94":"51",":@computed_region_38t5_wna6":"51",":@computed_region_25t2_rbz7":"2943"}},
{"type":"Feature","geometry":{"type":"Point","coordinates":[-76.306143,36.915998]},"properties":{":id":"row-35fs.5qrx~ydbs",":version":"rv-7w9t_sn8i-vank",":created_at":"2019-08-20T12:51:30.666Z",":updated_at":"2019-08-20T12:51:31.403Z","genus":"Acer","species":"barbatum","common_name":"Florida maple","street_number":"1625","street_name":"W Little Creek Rd","site":"7P","delivered":"2018-12-07T00:00:00.000","completed":"2018-12-17T00:00:00.000","estimated_canopy_coverage":"1256.63706","source":"City Nursery","program_year":"2019",":@computed_region_x6fk_ihs5":"63",":@computed_region_b3ci_nw94":"72",":@computed_region_38t5_wna6":"72",":@computed_region_25t2_rbz7":"2943"}},
{"type":"Feature","geometry":{"type":"Point","coordinates":[-76.284783,36.876091]},"properties":{":id":"row-r3b4.g5cb.jpvz",":version":"rv-7r35-z255_bpec",":created_at":"2019-08-20T12:51:30.666Z",":updated_at":"2019-08-20T12:51:31.403Z","genus":"Prunus","species":"cerasifera 'Krauter Vesuvius'","common_name":"Krauter Vesuvius purple leaf plum","street_number":"244","street_name":"W. 32nd St","site":"1F","delivered":"2018-12-03T00:00:00.000","completed":"2019-01-23T00:00:00.000","estimated_canopy_coverage":"314.159265","source":"City Nursery","program_year":"2019",":@computed_region_x6fk_ihs5":"72",":@computed_region_b3ci_nw94":"78",":@computed_region_38t5_wna6":"78",":@computed_region_25t2_rbz7":"2943"}},
{"type":"Feature","geometry":{"type":"Point","coordinates":[-76.256241,36.831355]},"properties":{":id":"row-p4qw_8ssn~jcce",":version":"rv-wngr_yf75_a9jw",":created_at":"2019-08-20T12:51:30.666Z",":updated_at":"2019-08-20T12:51:31.403Z","genus":"Ulmus","species":"americana 'Princeton'","common_name":"Princeton American elm","street_number":"2110","street_name":"E. Indian River Rd","site":"2M","delivered":"2019-02-07T00:00:00.000","completed":"2019-02-13T00:00:00.000","estimated_canopy_coverage":"1256.63706","source":"City Nursery","program_year":"2019",":@computed_region_x6fk_ihs5":"105",":@computed_region_b3ci_nw94":"105",":@computed_region_38t5_wna6":"105",":@computed_region_25t2_rbz7":"2943"}},
{"type":"Feature","geometry":{"type":"Point","coordinates":[-76.29483,36.882719]},"properties":{":id":"row-tsb4~4akh~g94k",":version":"rv-3ch6~z3jy.thwd",":created_at":"2019-08-20T12:51:30.666Z",":updated_at":"2019-08-20T12:51:31.403Z","genus":"Quercus","species":"prinoides","common_name":"Dwarf chinquapin oak","street_number":"4110","street_name":"Colley Ave","site":"1F","delivered":"2019-01-07T00:00:00.000","completed":"2019-01-08T00:00:00.000","estimated_canopy_coverage":"153.93804","source":"City Nursery","program_year":"2019",":@computed_region_x6fk_ihs5":"40",":@computed_region_b3ci_nw94":"44",":@computed_region_38t5_wna6":"44",":@computed_region_25t2_rbz7":"2943"}},
{"type":"Feature","geometry":{"type":"Point","coordinates":[-76.256241,36.831355]},"properties":{":id":"row-fc86.whei-edf9",":version":"rv-dhtd~ahwm~7icw",":created_at":"2019-08-20T12:51:30.666Z",":updated_at":"2019-08-20T12:51:31.403Z","genus":"Ulmus","species":"americana 'Princeton'","common_name":"Princeton American elm","street_number":"2110","street_name":"E. Indian River Rd","site":"4M","delivered":"2019-02-07T00:00:00.000","completed":"2019-02-13T00:00:00.000","estimated_canopy_coverage":"1256.63706","source":"City Nursery","program_year":"2019",":@computed_region_x6fk_ihs5":"105",":@computed_region_b3ci_nw94":"105",":@computed_region_38t5_wna6":"105",":@computed_region_25t2_rbz7":"2943"}},
{"type":"Feature","geometry":{"type":"Point","coordinates":[-76.291863,36.846137]},"properties":{":id":"row-7hhs_gqnb_cnxs",":version":"rv-ph68-j6xc-mv7j",":created_at":"2019-08-20T12:51:30.666Z",":updated_at":"2019-08-20T12:51:31.403Z","genus":"Gingko","species":"biloba","common_name":"Gingko","street_number":"109","street_name":"E Main St","site":"1S","delivered":"2017-12-11T00:00:00.000","completed":"2017-12-14T00:00:00.000","estimated_canopy_coverage":"490.873852","source":"Purchased","program_year":"2018",":@computed_region_x6fk_ihs5":"22",":@computed_region_b3ci_nw94":"26",":@computed_region_38t5_wna6":"26",":@computed_region_25t2_rbz7":"2943"}},
{"type":"Feature","geometry":{"type":"Point","coordinates":[-76.2123,36.879587]},"properties":{":id":"row-f9yu-ru59~rpbt",":version":"rv-dmz5_dkm3.vcxs",":created_at":"2019-08-20T12:51:30.666Z",":updated_at":"2019-08-20T12:51:31.403Z","genus":"Prunus","species":"yeodensis","common_name":"Yoshino cherry","street_number":"2500","street_name":"N Military Hwy","site":"7B","delivered":"2017-12-04T00:00:00.000","completed":"2017-12-05T00:00:00.000","estimated_canopy_coverage":"1256.63706","source":"City Nursery","program_year":"2018",":@computed_region_x6fk_ihs5":"128",":@computed_region_b3ci_nw94":"128",":@computed_region_38t5_wna6":"128",":@computed_region_25t2_rbz7":"2943"}},
{"type":"Feature","geometry":{"type":"Point","coordinates":[-76.282108,36.878534]},"properties":{":id":"row-dk5u_37jp-y5gn",":version":"rv-r3xb.g4c6-aw8r",":created_at":"2019-08-20T12:51:30.666Z",":updated_at":"2019-08-20T12:51:31.403Z","genus":"Taxodium","species":"distichum","common_name":"Bald cypress","street_number":"3500","street_name":"Granby St","site":"6P","delivered":"2018-12-14T00:00:00.000","completed":"2019-01-04T00:00:00.000","estimated_canopy_coverage":"490.873852","source":"City Nursery","program_year":"2019",":@computed_region_x6fk_ihs5":"72",":@computed_region_b3ci_nw94":"78",":@computed_region_38t5_wna6":"78",":@computed_region_25t2_rbz7":"2943"}},
{"type":"Feature","geometry":{"type":"Point","coordinates":[-76.233753,36.892326]},"properties":{":id":"row-xwnn.wkmw~v5zj",":version":"rv-cu6c~csjk~fyku",":created_at":"2019-08-20T12:51:30.666Z",":updated_at":"2019-08-20T12:51:31.403Z","genus":"Quercus","species":"laurifolia","common_name":"Laurel oak","street_number":"1287","street_name":"Pall Mall St","site":"3F","delivered":"2019-01-08T00:00:00.000","completed":"2019-01-08T00:00:00.000","estimated_canopy_coverage":"2827.43339","source":"City Nursery","program_year":"2019",":@computed_region_x6fk_ihs5":"128",":@computed_region_b3ci_nw94":"128",":@computed_region_38t5_wna6":"128",":@computed_region_25t2_rbz7":"2943"}},
{"type":"Feature","geometry":{"type":"Point","coordinates":[-76.257431,36.870493]},"properties":{":id":"row-invp-tu65_umhq",":version":"rv-dzii-nyj9_4vpn",":created_at":"2019-08-20T12:51:30.666Z",":updated_at":"2019-08-20T12:51:31.403Z","genus":"Betula","species":"nigra 'Heritage'","common_name":"Heritage river birch","street_number":"2820","street_name":"Chesapeake Blvd","site":"12FL","delivered":"2018-01-30T00:00:00.000","completed":"2018-02-01T00:00:00.000","estimated_canopy_coverage":"962.11275","source":"City Nursery","program_year":"2018",":@computed_region_x6fk_ihs5":"3",":@computed_region_b3ci_nw94":"3",":@computed_region_38t5_wna6":"3",":@computed_region_25t2_rbz7":"2943"}},
{"type":"Feature","geometry":{"type":"Point","coordinates":[-76.24927,36.855926]},"properties":{":id":"row-e2w8~avev~nuqm",":version":"rv-ybex.5tan_4pxk",":created_at":"2019-08-20T12:51:30.666Z",":updated_at":"2019-08-20T12:51:31.403Z","genus":"Prunus","species":"cerasifera 'Krauter Vesuvius'","common_name":"Krauter Vesuvius purple leaf plum","street_number":"3254","street_name":"Woodland Ave","site":"2F","delivered":"2018-01-23T00:00:00.000","completed":"2018-01-25T00:00:00.000","estimated_canopy_coverage":"314.159265","source":"City Nursery","program_year":"2018",":@computed_region_x6fk_ihs5":"7",":@computed_region_b3ci_nw94":"7",":@computed_region_38t5_wna6":"7",":@computed_region_25t2_rbz7":"2943"}},
{"type":"Feature","geometry":{"type":"Point","coordinates":[-76.217135,36.87453]},"properties":{":id":"row-vdvq_wtzy~cr2f",":version":"rv-42sj.xfxr_c3n9",":created_at":"2019-08-20T12:51:30.666Z",":updated_at":"2019-08-20T12:51:31.403Z","genus":"Betula","species":"nigra 'Heritage'","common_name":"Heritage river birch","street_number":"5392","street_name":"E Princess Anne Rd","site":"1M","delivered":"2017-11-27T00:00:00.000","completed":"2017-11-28T00:00:00.000","estimated_canopy_coverage":"962.11275","source":"City Nursery","program_year":"2018",":@computed_region_x6fk_ihs5":"31",":@computed_region_b3ci_nw94":"36",":@computed_region_38t5_wna6":"36",":@computed_region_25t2_rbz7":"2943"}},
{"type":"Feature","geometry":{"type":"Point","coordinates":[-76.263741,36.939652]},"properties":{":id":"row-hjnp_4jj8.rq43",":version":"rv-wund~ufcd_mv73",":created_at":"2019-08-20T12:51:30.666Z",":updated_at":"2019-08-20T12:51:31.403Z","genus":"Ulmus","species":"alata","common_name":"Winged elm","street_number":"8816","street_name":"Gramel St","site":"2F","delivered":"2019-01-31T00:00:00.000","completed":"2019-02-26T00:00:00.000","estimated_canopy_coverage":"1256","source":"City Nursery","program_year":"2019",":@computed_region_x6fk_ihs5":"101",":@computed_region_b3ci_nw94":"101",":@computed_region_38t5_wna6":"101",":@computed_region_25t2_rbz7":"2943"}},
{"type":"Feature","geometry":{"type":"Point","coordinates":[-76.18022,36.848987]},"properties":{":id":"row-wm59.kidv~97nm",":version":"rv-ezv2-d4wt_yney",":created_at":"2019-08-20T12:51:30.666Z",":updated_at":"2019-08-20T12:51:31.403Z","genus":"Ostrya","species":"virginiana","common_name":"Hophornbeam","street_number":"701","street_name":"N Newtown Rd","site":"7M","delivered":"2017-11-16T00:00:00.000","completed":"2017-11-15T00:00:00.000","estimated_canopy_coverage":"706.858347","source":"City Nursery","program_year":"2018",":@computed_region_x6fk_ihs5":"59",":@computed_region_b3ci_nw94":"66",":@computed_region_38t5_wna6":"66",":@computed_region_25t2_rbz7":"2951"}},
{"type":"Feature","geometry":{"type":"Point","coordinates":[-76.29183,36.845619000000006]},"properties":{":id":"row-3g2e-832d_n9nm",":version":"rv-5eq6~m7tt-thp8",":created_at":"2019-08-20T12:51:30.666Z",":updated_at":"2019-08-20T12:51:31.403Z","genus":"Ginkgo","species":"biloba 'Shangri-La'","common_name":"Ginkgo","street_number":"50","street_name":"Martins Ln","site":"2S","delivered":"2017-11-29T00:00:00.000","completed":"2017-12-01T00:00:00.000","estimated_canopy_coverage":"1256.63706","source":"City Nursery","program_year":"2018",":@computed_region_x6fk_ihs5":"22",":@computed_region_b3ci_nw94":"26",":@computed_region_38t5_wna6":"26",":@computed_region_25t2_rbz7":"2943"}},
{"type":"Feature","geometry":{"type":"Point","coordinates":[-76.246204,36.899865]},"properties":{":id":"row-da2q~ypu7-v234",":version":"rv-x7bf_r9jr_2m7h",":created_at":"2019-08-20T12:51:30.666Z",":updated_at":"2019-08-20T12:51:31.403Z","genus":"Lagerstroemia","species":"indica 'twilight'","common_name":"Twilight crape myrtle","street_number":"984","street_name":"Marietta Ave","site":"1F","delivered":"2018-11-27T00:00:00.000","completed":"2018-11-28T00:00:00.000","estimated_canopy_coverage":"314.159265","source":"City Nursery","program_year":"2019",":@computed_region_x6fk_ihs5":"106",":@computed_region_b3ci_nw94":"106",":@computed_region_38t5_wna6":"106",":@computed_region_25t2_rbz7":"2943"}},
{"type":"Feature","geometry":{"type":"Point","coordinates":[-76.279323,36.911895]},"properties":{":id":"row-frza-bnv9-8ygz",":version":"rv-gnbf.mfxq_z8yu",":created_at":"2019-08-20T12:51:30.666Z",":updated_at":"2019-08-20T12:51:31.403Z","genus":"Quercus","species":"margarettae","common_name":"Sand post oak","street_number":"7300","street_name":"Newport Ave","site":"3B","delivered":"2018-01-10T00:00:00.000","completed":"2018-01-11T00:00:00.000","estimated_canopy_coverage":"706.858347","source":"City Nursery","program_year":"2018",":@computed_region_x6fk_ihs5":"94",":@computed_region_b3ci_nw94":"95",":@computed_region_38t5_wna6":"95",":@computed_region_25t2_rbz7":"2943"}},
{"type":"Feature","geometry":{"type":"Point","coordinates":[-76.239275,36.900374]},"properties":{":id":"row-68zg~7yjx_g73h",":version":"rv-aff6~53s3.uhid",":created_at":"2019-08-20T12:51:30.666Z",":updated_at":"2019-08-20T12:51:31.403Z","genus":"Quercus","species":"prinoides","common_name":"Dwarf chinquapin oak","street_number":"6501","street_name":"Chesapeake Blvd","site":"4SC","delivered":"2018-01-10T00:00:00.000","completed":"2018-01-19T00:00:00.000","estimated_canopy_coverage":"153.93804","source":"City Nursery","program_year":"2018",":@computed_region_x6fk_ihs5":"128",":@computed_region_b3ci_nw94":"128",":@computed_region_38t5_wna6":"128",":@computed_region_25t2_rbz7":"2943"}},
{"type":"Feature","geometry":{"type":"Point","coordinates":[-76.288903,36.845771]},"properties":{":id":"row-vnaa~gh2j.33hv",":version":"rv-4kdk_wc95~w572",":created_at":"2019-08-20T12:51:30.666Z",":updated_at":"2019-08-20T12:51:31.403Z","genus":"Ilex","species":"x attenuata","common_name":"East Palatka holly","street_number":"480","street_name":"Main St","site":"1F","delivered":"2018-01-31T00:00:00.000","completed":"2018-02-01T00:00:00.000","estimated_canopy_coverage":"176.714587","source":"City Nursery","program_year":"2018",":@computed_region_x6fk_ihs5":"22",":@computed_region_b3ci_nw94":"26",":@computed_region_38t5_wna6":"26",":@computed_region_25t2_rbz7":"2943"}},
{"type":"Feature","geometry":{"type":"Point","coordinates":[-76.30333,36.878377]},"properties":{":id":"row-3nrt_7kkd.nnih",":version":"rv-3n6t_aa56.2zmd",":created_at":"2019-08-20T12:51:30.666Z",":updated_at":"2019-08-20T12:51:31.403Z","genus":"Cercis","species":"canadensis","common_name":"Redbud","street_number":"3700","street_name":"Bowdens Ferry Rd","site":"4S","delivered":"2017-12-04T00:00:00.000","completed":"2017-12-06T00:00:00.000","estimated_canopy_coverage":"490.873852","source":"City Nursery","program_year":"2018",":@computed_region_x6fk_ihs5":"48",":@computed_region_b3ci_nw94":"53",":@computed_region_38t5_wna6":"53",":@computed_region_25t2_rbz7":"2943"}},
{"type":"Feature","geometry":{"type":"Point","coordinates":[-76.219325,36.901894]},"properties":{":id":"row-bdn8-iy99-5gug",":version":"rv-svtf~x9t4-2vks",":created_at":"2019-08-20T12:51:30.666Z",":updated_at":"2019-08-20T12:51:31.403Z","genus":"Cercis","species":"canadensis 'Merlot'","common_name":"Merlot redbud","street_number":"6441","street_name":"Aldow Dr","site":"2F","delivered":"2017-12-04T00:00:00.000","completed":"2018-01-25T00:00:00.000","estimated_canopy_coverage":"490.873852","source":"City Nursery","program_year":"2018",":@computed_region_x6fk_ihs5":"54",":@computed_region_b3ci_nw94":"60",":@computed_region_38t5_wna6":"60",":@computed_region_25t2_rbz7":"2943"}},
{"type":"Feature","geometry":null,"properties":{":id":"row-7ivb-rvwz_q95m",":version":"rv-v2i8_62xu-q8qe",":created_at":"2019-08-20T12:51:30.666Z",":updated_at":"2019-08-20T12:51:31.403Z","genus":"Diospyros","species":"virginiana","common_name":"Persimmon","street_number":"1599","street_name":"Premium Outlets Blvd","site":"15P","delivered":"2018-11-27T00:00:00.000","completed":"2018-01-10T00:00:00.000","estimated_canopy_coverage":"921","source":"City Nursery","program_year":"2019",":@computed_region_x6fk_ihs5":null,":@computed_region_b3ci_nw94":null,":@computed_region_38t5_wna6":null,":@computed_region_25t2_rbz7":null}},
{"type":"Feature","geometry":{"type":"Point","coordinates":[-76.243262,36.937748]},"properties":{":id":"row-3wxm.n52w.mrb9",":version":"rv-cz9h_nqz9-nxds",":created_at":"2019-08-20T12:51:30.666Z",":updated_at":"2019-08-20T12:51:31.403Z","genus":"Quercus","species":"prinoides","common_name":"Dwarf chinquapin oak","street_number":"8817","street_name":"Plymouth St","site":"2F","delivered":"2018-02-20T00:00:00.000","completed":"2018-02-21T00:00:00.000","estimated_canopy_coverage":"153.93804","source":"City Nursery","program_year":"2018",":@computed_region_x6fk_ihs5":"103",":@computed_region_b3ci_nw94":"103",":@computed_region_38t5_wna6":"103",":@computed_region_25t2_rbz7":"2943"}},
{"type":"Feature","geometry":{"type":"Point","coordinates":[-76.288056,36.845733]},"properties":{":id":"row-iht7.we45-v76d",":version":"rv-ekzw~i3kw~spxp",":created_at":"2019-08-20T12:51:30.666Z",":updated_at":"2019-08-20T12:51:31.403Z","genus":"Ilex","species":"x attenuata","common_name":"East Palatka holly","street_number":"500","street_name":"Main St","site":"2F","delivered":"2018-01-31T00:00:00.000","completed":"2018-02-01T00:00:00.000","estimated_canopy_coverage":"176.714587","source":"City Nursery","program_year":"2018",":@computed_region_x6fk_ihs5":"22",":@computed_region_b3ci_nw94":"26",":@computed_region_38t5_wna6":"26",":@computed_region_25t2_rbz7":"2943"}},
{"type":"Feature","geometry":{"type":"Point","coordinates":[-76.300641,36.89142]},"properties":{":id":"row-4n7h_yrhc~9pif",":version":"rv-npex.wjqh~5pda",":created_at":"2019-08-20T12:51:30.666Z",":updated_at":"2019-08-20T12:51:31.403Z","genus":"Chionanthus","species":"virginicus","common_name":"White fringetree","street_number":"1145","street_name":"Bolling Ave","site":"2SC","delivered":"2017-12-04T00:00:00.000","completed":"2017-12-12T00:00:00.000","estimated_canopy_coverage":"176.714587","source":"City Nursery","program_year":"2018",":@computed_region_x6fk_ihs5":"49",":@computed_region_b3ci_nw94":"54",":@computed_region_38t5_wna6":"54",":@computed_region_25t2_rbz7":"2943"}},
{"type":"Feature","geometry":{"type":"Point","coordinates":[-76.29599,36.857624]},"properties":{":id":"row-y282~6ndd.m7r9",":version":"rv-nzte.3cuj~hwad",":created_at":"2019-08-20T12:51:30.666Z",":updated_at":"2019-08-20T12:51:31.403Z","genus":"Quercus","species":"geminata","common_name":"Sand live oak","street_number":"415","street_name":"Fairfax Ave","site":"1F","delivered":"2018-11-26T00:00:00.000","completed":"2018-11-28T00:00:00.000","estimated_canopy_coverage":"2826","source":"City Nursery","program_year":"2019",":@computed_region_x6fk_ihs5":"128",":@computed_region_b3ci_nw94":"128",":@computed_region_38t5_wna6":"128",":@computed_region_25t2_rbz7":"2943"}},
{"type":"Feature","geometry":{"type":"Point","coordinates":[-76.240817,36.896514]},"properties":{":id":"row-3n28.irgb~rms6",":version":"rv-9i2v~bycq~khrv",":created_at":"2019-08-20T12:51:30.666Z",":updated_at":"2019-08-20T12:51:31.403Z","genus":"Styrax","species":"japonicus","common_name":"Japanese snowbell","street_number":"6380","street_name":"Sewells Point Rd","site":"1B","delivered":"2018-01-10T00:00:00.000","completed":"2018-01-11T00:00:00.000","estimated_canopy_coverage":"706.858347","source":"City Nursery","program_year":"2018",":@computed_region_x6fk_ihs5":"128",":@computed_region_b3ci_nw94":"128",":@computed_region_38t5_wna6":"128",":@computed_region_25t2_rbz7":"2943"}},
{"type":"Feature","geometry":{"type":"Point","coordinates":[-76.296543,36.868314]},"properties":{":id":"row-zxzi~u2bm~87f6",":version":"rv-68gb-yf7x_qjty",":created_at":"2019-08-20T12:51:30.666Z",":updated_at":"2019-08-20T12:51:31.403Z","genus":"Quercus","species":"phellos","common_name":"Willow oak","street_number":"730","street_name":"Spotswood Ave","site":"5SC","delivered":"2018-11-28T00:00:00.000","completed":"2018-11-27T00:00:00.000","estimated_canopy_coverage":"1963.49541","source":"City Nursery","program_year":"2019",":@computed_region_x6fk_ihs5":"33",":@computed_region_b3ci_nw94":"38",":@computed_region_38t5_wna6":"38",":@computed_region_25t2_rbz7":"2943"}},
{"type":"Feature","geometry":{"type":"Point","coordinates":[-76.293856,36.864387]},"properties":{":id":"row-tu5e.sitv-cxdt",":version":"rv-k2ib_jv4r-akde",":created_at":"2019-08-20T12:51:30.666Z",":updated_at":"2019-08-20T12:51:31.403Z","genus":"Quercus","species":"phellos","common_name":"Willow oak","street_number":"1217","street_name":"Colonial Ave","site":"1F","delivered":"2018-11-21T00:00:00.000","completed":"2018-12-06T00:00:00.000","estimated_canopy_coverage":"1963.49541","source":"City Nursery","program_year":"2019",":@computed_region_x6fk_ihs5":"33",":@computed_region_b3ci_nw94":"38",":@computed_region_38t5_wna6":"38",":@computed_region_25t2_rbz7":"2943"}},
{"type":"Feature","geometry":{"type":"Point","coordinates":[-76.225689,36.869873]},"properties":{":id":"row-mvgm-tc8u-d8sq",":version":"rv-jkwi.c4dr-i5wg",":created_at":"2019-08-20T12:51:30.666Z",":updated_at":"2019-08-20T12:51:31.403Z","genus":"Betula","species":"nigra 'Heritage'","common_name":"Heritage river birch","street_number":"5010","street_name":"E Princess Anne Rd","site":"1M","delivered":"2017-11-27T00:00:00.000","completed":"2017-11-28T00:00:00.000","estimated_canopy_coverage":"962.11275","source":"City Nursery","program_year":"2018",":@computed_region_x6fk_ihs5":"31",":@computed_region_b3ci_nw94":"36",":@computed_region_38t5_wna6":"36",":@computed_region_25t2_rbz7":"2943"}},
{"type":"Feature","geometry":{"type":"Point","coordinates":[-76.267245,36.857025]},"properties":{":id":"row-as42_trxb_rmjw",":version":"rv-xp9i-ievn-e5i8",":created_at":"2019-08-20T12:51:30.666Z",":updated_at":"2019-08-20T12:51:31.403Z","genus":"Acer","species":"barbatum","common_name":"Florida maple","street_number":"1305","street_name":"Maltby Ave","site":"1P","delivered":"2018-01-31T00:00:00.000","completed":"2018-02-02T00:00:00.000","estimated_canopy_coverage":"1256.63706","source":"City Nursery","program_year":"2018",":@computed_region_x6fk_ihs5":"11",":@computed_region_b3ci_nw94":"11",":@computed_region_38t5_wna6":"11",":@computed_region_25t2_rbz7":"2943"}},
{"type":"Feature","geometry":{"type":"Point","coordinates":[-76.295486,36.859378]},"properties":{":id":"row-4es9-zvv4.n835",":version":"rv-wy69~xbip~efj6",":created_at":"2019-08-20T12:51:30.666Z",":updated_at":"2019-08-20T12:51:31.403Z","genus":"Cercis","species":"canadensis 'Forest Pansy'","common_name":"Forest Pansy redbud","street_number":"404","street_name":"Boissevain Ave","site":"1F","delivered":"2017-11-29T00:00:00.000","completed":"2017-12-19T00:00:00.000","estimated_canopy_coverage":"490.873852","source":"City Nursery","program_year":"2018",":@computed_region_x6fk_ihs5":"34",":@computed_region_b3ci_nw94":"39",":@computed_region_38t5_wna6":"39",":@computed_region_25t2_rbz7":"2943"}},
{"type":"Feature","geometry":{"type":"Point","coordinates":[-76.275163,36.867087]},"properties":{":id":"row-rni5.yjh2~69us",":version":"rv-93v6~nih3_t2i6",":created_at":"2019-08-20T12:51:30.666Z",":updated_at":"2019-08-20T12:51:31.403Z","genus":"Acer","species":"campestre 'Evelyn'","common_name":"Queen Elizabeth hedge maple","street_number":"833","street_name":"Pollard St","site":"2F","delivered":"2018-11-27T00:00:00.000","completed":"2018-12-04T00:00:00.000","estimated_canopy_coverage":"490.873852","source":"City Nursery","program_year":"2019",":@computed_region_x6fk_ihs5":"51",":@computed_region_b3ci_nw94":"57",":@computed_region_38t5_wna6":"57",":@computed_region_25t2_rbz7":"2943"}},
{"type":"Feature","geometry":{"type":"Point","coordinates":[-76.24927,36.855926]},"properties":{":id":"row-k6eq_3aws~ed4r",":version":"rv-ghe4~gt7d-qc53",":created_at":"2019-08-20T12:51:30.666Z",":updated_at":"2019-08-20T12:51:31.403Z","genus":"Oxydendrum","species":"arboreum","common_name":"Sourwood","street_number":"3254","street_name":"Woodland Ave","site":"1F","delivered":"2017-12-13T00:00:00.000","completed":"2018-02-01T00:00:00.000","estimated_canopy_coverage":"706.858347","source":"City Nursery","program_year":"2018",":@computed_region_x6fk_ihs5":"7",":@computed_region_b3ci_nw94":"7",":@computed_region_38t5_wna6":"7",":@computed_region_25t2_rbz7":"2943"}},
{"type":"Feature","geometry":{"type":"Point","coordinates":[-76.29489300000002,36.883863]},"properties":{":id":"row-a6dd~dvbp~33vg",":version":"rv-agaj_dtux~6a75",":created_at":"2019-08-20T12:51:30.666Z",":updated_at":"2019-08-20T12:51:31.403Z","genus":"Cercis","species":"canadensis 'Merlot'","common_name":"Merlot redbud","street_number":"4301","street_name":"Colley Ave","site":"1S","delivered":"2017-12-04T00:00:00.000","completed":"2018-01-22T00:00:00.000","estimated_canopy_coverage":"490.873852","source":"City Nursery","program_year":"2018",":@computed_region_x6fk_ihs5":"40",":@computed_region_b3ci_nw94":"44",":@computed_region_38t5_wna6":"44",":@computed_region_25t2_rbz7":"2943"}},
{"type":"Feature","geometry":{"type":"Point","coordinates":[-76.310142,36.92754]},"properties":{":id":"row-5rpv.7qma-5ca2",":version":"rv-bb4w_nbuj-xmqk",":created_at":"2019-08-20T12:51:30.666Z",":updated_at":"2019-08-20T12:51:31.403Z","genus":"Cercis","species":"canadensis","common_name":"Redbud","street_number":"8100","street_name":"Evergreen Ave","site":"1P","delivered":"2018-01-12T00:00:00.000","completed":"2018-01-16T00:00:00.000","estimated_canopy_coverage":"490.873852","source":"City Nursery","program_year":"2018",":@computed_region_x6fk_ihs5":"37",":@computed_region_b3ci_nw94":"42",":@computed_region_38t5_wna6":"42",":@computed_region_25t2_rbz7":"2943"}},
{"type":"Feature","geometry":{"type":"Point","coordinates":[-76.280063,36.966965]},"properties":{":id":"row-4bka.wu5v~9trp",":version":"rv-6ut7.jjbt.9rfv",":created_at":"2019-08-20T12:51:30.666Z",":updated_at":"2019-08-20T12:51:31.403Z","genus":"Taxodium","species":"distichum","common_name":"Bald cypress","street_number":"1057","street_name":"W. Ocean View Ave","site":"13M","delivered":"2019-01-02T00:00:00.000","completed":"2019-02-13T00:00:00.000","estimated_canopy_coverage":"490.873852","source":"City Nursery","program_year":"2019",":@computed_region_x6fk_ihs5":"98",":@computed_region_b3ci_nw94":"31",":@computed_region_38t5_wna6":"31",":@computed_region_25t2_rbz7":null}},
{"type":"Feature","geometry":{"type":"Point","coordinates":[-76.278666,36.863259]},"properties":{":id":"row-yaj8_hb4i.basm",":version":"rv-gc4d~b5qe~xb3g",":created_at":"2019-08-20T12:51:30.666Z",":updated_at":"2019-08-20T12:51:31.403Z","genus":"Quercus","species":"phellos","common_name":"Willow oak","street_number":"1654","street_name":"Church St","site":"1F","delivered":"2018-01-19T00:00:00.000","completed":"2018-01-23T00:00:00.000","estimated_canopy_coverage":"1963.49541","source":"City Nursery","program_year":"2018",":@computed_region_x6fk_ihs5":"128",":@computed_region_b3ci_nw94":"128",":@computed_region_38t5_wna6":"128",":@computed_region_25t2_rbz7":"2943"}},
{"type":"Feature","geometry":{"type":"Point","coordinates":[-76.18022,36.848987]},"properties":{":id":"row-6a4t~68j7~dhnz",":version":"rv-29c2-haeu.g226",":created_at":"2019-08-20T12:51:30.666Z",":updated_at":"2019-08-20T12:51:31.403Z","genus":"Nyssa","species":"sylvatica","common_name":"Black tupelo","street_number":"701","street_name":"Newtown Rd","site":"9M","delivered":"2017-11-09T00:00:00.000","completed":"2017-11-15T00:00:00.000","estimated_canopy_coverage":"962.11275","source":"City Nursery","program_year":"2018",":@computed_region_x6fk_ihs5":"59",":@computed_region_b3ci_nw94":"66",":@computed_region_38t5_wna6":"66",":@computed_region_25t2_rbz7":"2951"}},
{"type":"Feature","geometry":{"type":"Point","coordinates":[-76.282646,36.870203]},"properties":{":id":"row-ct7p_jibb_5z78",":version":"rv-sf27.fgyx_t4ua",":created_at":"2019-08-20T12:51:30.666Z",":updated_at":"2019-08-20T12:51:31.403Z","genus":"Ostrya","species":"virginiana","common_name":"Hophornbeam","street_number":"2500","street_name":"Monticello Ave","site":"1S","delivered":"2017-12-13T00:00:00.000","completed":"2018-01-11T00:00:00.000","estimated_canopy_coverage":"706.858347","source":"City Nursery","program_year":"2018",":@computed_region_x6fk_ihs5":"128",":@computed_region_b3ci_nw94":"128",":@computed_region_38t5_wna6":"128",":@computed_region_25t2_rbz7":"2943"}},
{"type":"Feature","geometry":{"type":"Point","coordinates":[-76.270654,36.868408]},"properties":{":id":"row-qphg~ssbm.u6eu",":version":"rv-uy8a~gb4g.9jw4",":created_at":"2019-08-20T12:51:30.666Z",":updated_at":"2019-08-20T12:51:31.403Z","genus":"Taxodium","species":"ascendens","common_name":"Pond cypress","street_number":"2700","street_name":"Ludlow St","site":"5SC","delivered":"2018-01-23T00:00:00.000","completed":"2018-02-05T00:00:00.000","estimated_canopy_coverage":"490.873852","source":"City Nursery","program_year":"2018",":@computed_region_x6fk_ihs5":"51",":@computed_region_b3ci_nw94":"57",":@computed_region_38t5_wna6":"57",":@computed_region_25t2_rbz7":"2943"}},
{"type":"Feature","geometry":{"type":"Point","coordinates":[-76.3005,36.853108]},"properties":{":id":"row-7gpv~ipy8-sy4v",":version":"rv-xg2g-3dpm~u4uc",":created_at":"2019-08-20T12:51:30.666Z",":updated_at":"2019-08-20T12:51:31.403Z","genus":"Acer","species":"campestre","common_name":"Hedge maple","street_number":"40","street_name":"Rader St","site":"4S","delivered":"2017-12-28T00:00:00.000","completed":"2018-01-12T00:00:00.000","estimated_canopy_coverage":"490.873852","source":"Purchased","program_year":"2018",":@computed_region_x6fk_ihs5":"128",":@computed_region_b3ci_nw94":"128",":@computed_region_38t5_wna6":"128",":@computed_region_25t2_rbz7":"2943"}},
{"type":"Feature","geometry":{"type":"Point","coordinates":[-76.250954,36.847778]},"properties":{":id":"row-v3zf.c28r.z5ha",":version":"rv-qurj~bj7k.c7m6",":created_at":"2019-08-20T12:51:30.666Z",":updated_at":"2019-08-20T12:51:31.403Z","genus":"Magnolia","species":"virginiana","common_name":"Sweetbay magnolia","street_number":"3025","street_name":"North Lakebridge Dr","site":"2P","delivered":"2017-10-30T00:00:00.000","completed":"2017-11-01T00:00:00.000","estimated_canopy_coverage":"490.873852","source":"City Nursery","program_year":"2018",":@computed_region_x6fk_ihs5":"88",":@computed_region_b3ci_nw94":"17",":@computed_region_38t5_wna6":"17",":@computed_region_25t2_rbz7":"2943"}},
{"type":"Feature","geometry":{"type":"Point","coordinates":[-76.204217,36.87028]},"properties":{":id":"row-4n3b.twhu.dmhn",":version":"rv-wbme.482m_8fpf",":created_at":"2019-08-20T12:51:30.666Z",":updated_at":"2019-08-20T12:51:31.403Z","genus":"Magnolia","species":"virginiana","common_name":"Sweetbay magnolia","street_number":"1371","street_name":"Kempsville Rd","site":"2P","delivered":"2019-01-02T00:00:00.000","completed":"2019-01-04T00:00:00.000","estimated_canopy_coverage":"490.873852","source":"City Nursery","program_year":"2019",":@computed_region_x6fk_ihs5":"128",":@computed_region_b3ci_nw94":"128",":@computed_region_38t5_wna6":"128",":@computed_region_25t2_rbz7":"2943"}},
{"type":"Feature","geometry":{"type":"Point","coordinates":[-76.255198,36.849011]},"properties":{":id":"row-9e2g.r5bs_92qi",":version":"rv-ypt7.bzaq~4fnv",":created_at":"2019-08-20T12:51:30.666Z",":updated_at":"2019-08-20T12:51:31.403Z","genus":"Ulmus","species":"alata","common_name":"Winged elm","street_number":"2721","street_name":"Park Cres","site":"1F","delivered":"2019-01-08T00:00:00.000","completed":"2019-01-08T00:00:00.000","estimated_canopy_coverage":"1256","source":"City Nursery","program_year":"2019",":@computed_region_x6fk_ihs5":"56",":@computed_region_b3ci_nw94":"63",":@computed_region_38t5_wna6":"63",":@computed_region_25t2_rbz7":"2943"}},
{"type":"Feature","geometry":{"type":"Point","coordinates":[-76.285792,36.887757]},"properties":{":id":"row-qfax_mqaz-iyqw",":version":"rv-zxxu~2ja3-fks5",":created_at":"2019-08-20T12:51:30.666Z",":updated_at":"2019-08-20T12:51:31.403Z","genus":"Lagerstroemia","species":"indica x fauriei 'Tuscarora'","common_name":"Tuscarora crape myrtle","street_number":"503","street_name":"Massachusetts Ave","site":"1F","delivered":"2017-12-28T00:00:00.000","completed":"2018-01-17T00:00:00.000","estimated_canopy_coverage":"314.159265","source":"Purchased","program_year":"2018",":@computed_region_x6fk_ihs5":"19",":@computed_region_b3ci_nw94":"21",":@computed_region_38t5_wna6":"21",":@computed_region_25t2_rbz7":"2943"}},
{"type":"Feature","geometry":{"type":"Point","coordinates":[-76.282419,36.915784]},"properties":{":id":"row-dyzk~pk56.9ij6",":version":"rv-atrw_k88j~x4wv",":created_at":"2019-08-20T12:51:30.666Z",":updated_at":"2019-08-20T12:51:31.403Z","genus":"Quercus","species":"muehlenbergii","common_name":"Chinquapin oak","street_number":"500","street_name":"W. Little Creek Rd","site":"1F","delivered":"2018-11-27T00:00:00.000","completed":"2018-11-29T00:00:00.000","estimated_canopy_coverage":"2826","source":"City Nursery","program_year":"2019",":@computed_region_x6fk_ihs5":"94",":@computed_region_b3ci_nw94":"95",":@computed_region_38t5_wna6":"95",":@computed_region_25t2_rbz7":"2943"}},
{"type":"Feature","geometry":{"type":"Point","coordinates":[-76.255494,36.849314]},"properties":{":id":"row-nvz2_6uiq_yh9e",":version":"rv-cq46.m797~z3mn",":created_at":"2019-08-20T12:51:30.666Z",":updated_at":"2019-08-20T12:51:31.403Z","genus":"Ostrya","species":"virginiana","common_name":"Hophornbeam","street_number":"2724","street_name":"Park Cres","site":"7P","delivered":"2017-11-16T00:00:00.000","completed":"2017-12-12T00:00:00.000","estimated_canopy_coverage":"706.858347","source":"City Nursery","program_year":"2018",":@computed_region_x6fk_ihs5":"56",":@computed_region_b3ci_nw94":"63",":@computed_region_38t5_wna6":"63",":@computed_region_25t2_rbz7":"2943"}},
{"type":"Feature","geometry":null,"properties":{":id":"row-b3qc-9ecq~6sw4",":version":"rv-cugf_umys-xpiz",":created_at":"2019-08-20T12:51:30.666Z",":updated_at":"2019-08-20T12:51:31.403Z","genus":"Quercus","species":"phellos","common_name":"Willow oak","street_number":"1001","street_name":"W. Brambleton Ave","site":"2P","delivered":"2018-01-19T00:00:00.000","completed":"2018-01-25T00:00:00.000","estimated_canopy_coverage":"1963.49541","source":"City Nursery","program_year":"2018",":@computed_region_x6fk_ihs5":null,":@computed_region_b3ci_nw94":null,":@computed_region_38t5_wna6":null,":@computed_region_25t2_rbz7":null}},
{"type":"Feature","geometry":{"type":"Point","coordinates":[-76.21544300000001,36.877984000000005]},"properties":{":id":"row-dqcz-pvtg~nay6",":version":"rv-iwt5~jaub-k3sq",":created_at":"2019-08-20T12:51:30.666Z",":updated_at":"2019-08-20T12:51:31.403Z","genus":"Taxodium","species":"distichum","common_name":"Bald cypress","street_number":"2410","street_name":"Almeda Ave","site":"2P","delivered":"2019-01-02T00:00:00.000","completed":"2019-01-07T00:00:00.000","estimated_canopy_coverage":"490.873852","source":"City Nursery","program_year":"2019",":@computed_region_x6fk_ihs5":"31",":@computed_region_b3ci_nw94":"36",":@computed_region_38t5_wna6":"36",":@computed_region_25t2_rbz7":"2943"}},
{"type":"Feature","geometry":{"type":"Point","coordinates":[-76.291626,36.887006]},"properties":{":id":"row-snfc-g6sr-ztva",":version":"rv-772t_zdxc_u2j3",":created_at":"2019-08-20T12:51:30.666Z",":updated_at":"2019-08-20T12:51:31.403Z","genus":"Quercus","species":"virginiana","common_name":"Live oak","street_number":"4704","street_name":"Mayflower Rd","site":"2F","delivered":"2018-12-07T00:00:00.000","completed":"2019-01-03T00:00:00.000","estimated_canopy_coverage":"6361.72512","source":"City Nursery","program_year":"2019",":@computed_region_x6fk_ihs5":"19",":@computed_region_b3ci_nw94":"21",":@computed_region_38t5_wna6":"21",":@computed_region_25t2_rbz7":"2943"}},
{"type":"Feature","geometry":{"type":"Point","coordinates":[-76.30154,36.857035]},"properties":{":id":"row-7iup-7cbv~cqjx",":version":"rv-h8yz~as7d.bckm",":created_at":"2019-08-20T12:51:30.666Z",":updated_at":"2019-08-20T12:51:31.403Z","genus":"Nyssa","species":"sylvatica","common_name":"Black tupelo","street_number":"700","street_name":"Brambleton Ave","site":"12P","delivered":"2018-11-13T00:00:00.000","completed":"2018-11-16T00:00:00.000","estimated_canopy_coverage":"962.11275","source":"City Nursery","program_year":"2019",":@computed_region_x6fk_ihs5":"33",":@computed_region_b3ci_nw94":"38",":@computed_region_38t5_wna6":"38",":@computed_region_25t2_rbz7":"2943"}},
{"type":"Feature","geometry":{"type":"Point","coordinates":[-76.257431,36.870493]},"properties":{":id":"row-bta2~v86a_m5x8",":version":"rv-5gf4-sauc.2k2k",":created_at":"2019-08-20T12:51:30.666Z",":updated_at":"2019-08-20T12:51:31.403Z","genus":"Quercus","species":"laurifolia","common_name":"Laurel oak","street_number":"2820","street_name":"Chesapeake Blvd","site":"25FL","delivered":"2018-01-26T00:00:00.000","completed":"2018-02-01T00:00:00.000","estimated_canopy_coverage":"2827.43339","source":"City Nursery","program_year":"2018",":@computed_region_x6fk_ihs5":"3",":@computed_region_b3ci_nw94":"3",":@computed_region_38t5_wna6":"3",":@computed_region_25t2_rbz7":"2943"}},
{"type":"Feature","geometry":{"type":"Point","coordinates":[-76.233093,36.933919]},"properties":{":id":"row-7fxm.ipaq.wihe",":version":"rv-kgm5-s98i.vy8i",":created_at":"2019-08-20T12:51:30.666Z",":updated_at":"2019-08-20T12:51:31.403Z","genus":"Acer","species":"buergerianum","common_name":"Trident maple","street_number":"8483","street_name":"Portal Rd","site":"2S","delivered":"2019-01-07T00:00:00.000","completed":"2019-02-13T00:00:00.000","estimated_canopy_coverage":"1256.63706","source":"City Nursery","program_year":"2019",":@computed_region_x6fk_ihs5":"103",":@computed_region_b3ci_nw94":"103",":@computed_region_38t5_wna6":"103",":@computed_region_25t2_rbz7":"2943"}},
{"type":"Feature","geometry":{"type":"Point","coordinates":[-76.240817,36.896514]},"properties":{":id":"row-5zbk~dcxs~bu4p",":version":"rv-eiqe_iz9x_kji8",":created_at":"2019-08-20T12:51:30.666Z",":updated_at":"2019-08-20T12:51:31.403Z","genus":"Acer","species":"buergerianum","common_name":"Trident maple","street_number":"6380","street_name":"Sewells Point Rd","site":"4M","delivered":"2018-11-06T00:00:00.000","completed":"2018-11-09T00:00:00.000","estimated_canopy_coverage":"1256.63706","source":"City Nursery","program_year":"2019",":@computed_region_x6fk_ihs5":"128",":@computed_region_b3ci_nw94":"128",":@computed_region_38t5_wna6":"128",":@computed_region_25t2_rbz7":"2943"}},
{"type":"Feature","geometry":{"type":"Point","coordinates":[-76.282108,36.878534]},"properties":{":id":"row-8t2d.m3dm~keh7",":version":"rv-w2vx-r9d5~if42",":created_at":"2019-08-20T12:51:30.666Z",":updated_at":"2019-08-20T12:51:31.403Z","genus":"Cercis","species":"canadensis 'Forest Pansy'","common_name":"Forest Pansy redbud","street_number":"3500","street_name":"Granby St","site":"1P","delivered":"2017-10-06T00:00:00.000","completed":"2017-10-07T00:00:00.000","estimated_canopy_coverage":"490.873852","source":"City Nursery","program_year":"2018",":@computed_region_x6fk_ihs5":"72",":@computed_region_b3ci_nw94":"78",":@computed_region_38t5_wna6":"78",":@computed_region_25t2_rbz7":"2943"}},
{"type":"Feature","geometry":{"type":"Point","coordinates":[-76.295614,36.85744700000001]},"properties":{":id":"row-sa62~g8as.cc8f",":version":"rv-gj2q.ksqy~ibmi",":created_at":"2019-08-20T12:51:30.666Z",":updated_at":"2019-08-20T12:51:31.403Z","genus":"Prunus","species":"yeodensis","common_name":"Yoshino cherry","street_number":"400","street_name":"Fairfax Ave","site":"1F","delivered":"2018-11-13T00:00:00.000","completed":"2018-11-21T00:00:00.000","estimated_canopy_coverage":"1256.63706","source":"City Nursery","program_year":"2019",":@computed_region_x6fk_ihs5":"128",":@computed_region_b3ci_nw94":"128",":@computed_region_38t5_wna6":"128",":@computed_region_25t2_rbz7":"2943"}},
{"type":"Feature","geometry":{"type":"Point","coordinates":[-76.277982,36.859747]},"properties":{":id":"row-jyd9-ehsi.szqd",":version":"rv-z36w-p5n5.344r",":created_at":"2019-08-20T12:51:30.666Z",":updated_at":"2019-08-20T12:51:31.403Z","genus":"Magnolia","species":"virginiana","common_name":"Sweetbay magnolia","street_number":"1312","street_name":"Church St","site":"2M","delivered":"2017-12-12T00:00:00.000","completed":"2017-12-14T00:00:00.000","estimated_canopy_coverage":"490.873852","source":"City Nursery","program_year":"2018",":@computed_region_x6fk_ihs5":"2",":@computed_region_b3ci_nw94":"2",":@computed_region_38t5_wna6":"2",":@computed_region_25t2_rbz7":"2943"}},
{"type":"Feature","geometry":{"type":"Point","coordinates":[-76.295064,36.887545]},"properties":{":id":"row-gpat~vuxd.sbgm",":version":"rv-vtgp_pfzc.n9hq",":created_at":"2019-08-20T12:51:30.666Z",":updated_at":"2019-08-20T12:51:31.403Z","genus":"Quercus","species":"prinoides","common_name":"Dwarf chinquapin oak","street_number":"4800","street_name":"Colley Ave","site":"2F","delivered":"2018-12-07T00:00:00.000","completed":"2019-01-03T00:00:00.000","estimated_canopy_coverage":"153.93804","source":"City Nursery","program_year":"2019",":@computed_region_x6fk_ihs5":"40",":@computed_region_b3ci_nw94":"44",":@computed_region_38t5_wna6":"44",":@computed_region_25t2_rbz7":"2943"}},
{"type":"Feature","geometry":{"type":"Point","coordinates":[-76.282646,36.870203]},"properties":{":id":"row-jvun-nt4e_2s2c",":version":"rv-6yar.4d78~fd9y",":created_at":"2019-08-20T12:51:30.666Z",":updated_at":"2019-08-20T12:51:31.403Z","genus":"Ostrya","species":"virginiana","common_name":"Hophornbeam","street_number":"2500","street_name":"Monticello Ave","site":"4S","delivered":"2017-12-13T00:00:00.000","completed":"2018-01-11T00:00:00.000","estimated_canopy_coverage":"706.858347","source":"City Nursery","program_year":"2018",":@computed_region_x6fk_ihs5":"128",":@computed_region_b3ci_nw94":"128",":@computed_region_38t5_wna6":"128",":@computed_region_25t2_rbz7":"2943"}},
{"type":"Feature","geometry":{"type":"Point","coordinates":[-76.286872,36.851003]},"properties":{":id":"row-3iea.7nsq~uuvb",":version":"rv-fh9k-r5ih~x9xi",":created_at":"2019-08-20T12:51:30.666Z",":updated_at":"2019-08-20T12:51:31.403Z","genus":"Ginkgo","species":"biloba 'Shangri-La'","common_name":"Ginkgo","street_number":"412","street_name":"Bank St","site":"1F","delivered":"2017-11-29T00:00:00.000","completed":"2017-12-14T00:00:00.000","estimated_canopy_coverage":"1256.63706","source":"City Nursery","program_year":"2018",":@computed_region_x6fk_ihs5":"22",":@computed_region_b3ci_nw94":"26",":@computed_region_38t5_wna6":"26",":@computed_region_25t2_rbz7":"2943"}},
{"type":"Feature","geometry":{"type":"Point","coordinates":[-76.234779,36.885757]},"properties":{":id":"row-bpc5_a7f6-97nv",":version":"rv-ikab.cma7~ezzs",":created_at":"2019-08-20T12:51:30.666Z",":updated_at":"2019-08-20T12:51:31.403Z","genus":"Prunus","species":"cerasifera 'Krauter Vesuvius'","common_name":"Krauter Vesuvius purple leaf plum","street_number":"4819","street_name":"Texas Ave","site":"2S","delivered":"2017-12-04T00:00:00.000","completed":"2017-12-07T00:00:00.000","estimated_canopy_coverage":"314.159265","source":"City Nursery","program_year":"2018",":@computed_region_x6fk_ihs5":"118",":@computed_region_b3ci_nw94":"118",":@computed_region_38t5_wna6":"118",":@computed_region_25t2_rbz7":"2943"}},
{"type":"Feature","geometry":{"type":"Point","coordinates":[-76.270405,36.875977]},"properties":{":id":"row-7txf-iafv~94qp",":version":"rv-3wkc~iyq7_2885",":created_at":"2019-08-20T12:51:30.666Z",":updated_at":"2019-08-20T12:51:31.403Z","genus":"Cercis","species":"canadensis 'Merlot'","common_name":"Merlot redbud","street_number":"160","street_name":"Orleans Cir","site":"1F","delivered":"2018-11-21T00:00:00.000","completed":"2018-11-28T00:00:00.000","estimated_canopy_coverage":"490.873852","source":"City Nursery","program_year":"2019",":@computed_region_x6fk_ihs5":"122",":@computed_region_b3ci_nw94":"122",":@computed_region_38t5_wna6":"122",":@computed_region_25t2_rbz7":"2943"}},
{"type":"Feature","geometry":{"type":"Point","coordinates":[-76.233753,36.892326]},"properties":{":id":"row-i942_etga~24ai",":version":"rv-azdc_yvdb-k7kc",":created_at":"2019-08-20T12:51:30.666Z",":updated_at":"2019-08-20T12:51:31.403Z","genus":"Quercus","species":"laurifolia","common_name":"Laurel oak","street_number":"1287","street_name":"Pall Mall St","site":"7F","delivered":"2019-01-08T00:00:00.000","completed":"2019-01-08T00:00:00.000","estimated_canopy_coverage":"2827.43339","source":"City Nursery","program_year":"2019",":@computed_region_x6fk_ihs5":"128",":@computed_region_b3ci_nw94":"128",":@computed_region_38t5_wna6":"128",":@computed_region_25t2_rbz7":"2943"}},
{"type":"Feature","geometry":{"type":"Point","coordinates":[-76.240021,36.895143]},"properties":{":id":"row-nhbm~evvg-wgyg",":version":"rv-hf7k~kdep_issp",":created_at":"2019-08-20T12:51:30.666Z",":updated_at":"2019-08-20T12:51:31.403Z","genus":"Taxodium","species":"distichum","common_name":"Bald cypress","street_number":"6325","street_name":"Sewells Point Rd","site":"10SC","delivered":"2018-01-10T00:00:00.000","completed":"2018-01-22T00:00:00.000","estimated_canopy_coverage":"490.873852","source":"City Nursery","program_year":"2018",":@computed_region_x6fk_ihs5":"81",":@computed_region_b3ci_nw94":"86",":@computed_region_38t5_wna6":"86",":@computed_region_25t2_rbz7":"2943"}},
{"type":"Feature","geometry":{"type":"Point","coordinates":[-76.2123,36.879587]},"properties":{":id":"row-ypdx.sncs-urfc",":version":"rv-9iaq-jt5t~qbbi",":created_at":"2019-08-20T12:51:30.666Z",":updated_at":"2019-08-20T12:51:31.403Z","genus":"Prunus","species":"yeodensis","common_name":"Yoshino cherry","street_number":"2500","street_name":"N Military Hwy","site":"3B","delivered":"2017-12-04T00:00:00.000","completed":"2017-12-05T00:00:00.000","estimated_canopy_coverage":"1256.63706","source":"City Nursery","program_year":"2018",":@computed_region_x6fk_ihs5":"128",":@computed_region_b3ci_nw94":"128",":@computed_region_38t5_wna6":"128",":@computed_region_25t2_rbz7":"2943"}},
{"type":"Feature","geometry":{"type":"Point","coordinates":[-76.303818,36.865622]},"properties":{":id":"row-xwms~kzg4~hydx",":version":"rv-jwf3~aimq~tarr",":created_at":"2019-08-20T12:51:30.666Z",":updated_at":"2019-08-20T12:51:31.403Z","genus":"Taxodium","species":"ascendens","common_name":"Pond cypress","street_number":"930","street_name":"Greenway Ct","site":"4P","delivered":"2018-01-23T00:00:00.000","completed":"2018-01-25T00:00:00.000","estimated_canopy_coverage":"490.873852","source":"City Nursery","program_year":"2018",":@computed_region_x6fk_ihs5":"97",":@computed_region_b3ci_nw94":"98",":@computed_region_38t5_wna6":"98",":@computed_region_25t2_rbz7":"2943"}},
{"type":"Feature","geometry":{"type":"Point","coordinates":[-76.26432,36.887196]},"properties":{":id":"row-tuud.de8v-fmug",":version":"rv-d4c4.qva3.8mic",":created_at":"2019-08-20T12:51:30.666Z",":updated_at":"2019-08-20T12:51:31.403Z","genus":"Quercus","species":"virginiana","common_name":"Live oak","street_number":"1610","street_name":"Cromwell Dr","site":"24L","delivered":"2018-12-07T00:00:00.000","completed":"2018-12-14T00:00:00.000","estimated_canopy_coverage":"6361.72512","source":"City Nursery","program_year":"2019",":@computed_region_x6fk_ihs5":"122",":@computed_region_b3ci_nw94":"122",":@computed_region_38t5_wna6":"122",":@computed_region_25t2_rbz7":"2943"}},
{"type":"Feature","geometry":{"type":"Point","coordinates":[-76.276495,36.903065]},"properties":{":id":"row-hcxk~arxs~269m",":version":"rv-pz4n.9qfr_f4ds",":created_at":"2019-08-20T12:51:30.666Z",":updated_at":"2019-08-20T12:51:31.403Z","genus":"Styrax","species":"japonicus","common_name":"Japanese snowbell","street_number":"111","street_name":"Blake Rd","site":"2F","delivered":"2017-12-13T00:00:00.000","completed":"2018-01-12T00:00:00.000","estimated_canopy_coverage":"706.858347","source":"City Nursery","program_year":"2018",":@computed_region_x6fk_ihs5":"114",":@computed_region_b3ci_nw94":"115",":@computed_region_38t5_wna6":"115",":@computed_region_25t2_rbz7":"2943"}},
{"type":"Feature","geometry":{"type":"Point","coordinates":[-76.257431,36.870493]},"properties":{":id":"row-jarm~8j89.wnii",":version":"rv-gdxh~3wt8-xrxi",":created_at":"2019-08-20T12:51:30.666Z",":updated_at":"2019-08-20T12:51:31.403Z","genus":"Betula","species":"nigra 'Heritage'","common_name":"Heritage river birch","street_number":"2820","street_name":"Chesapeake Blvd","site":"8FL","delivered":"2018-01-30T00:00:00.000","completed":"2018-02-01T00:00:00.000","estimated_canopy_coverage":"962.11275","source":"City Nursery","program_year":"2018",":@computed_region_x6fk_ihs5":"3",":@computed_region_b3ci_nw94":"3",":@computed_region_38t5_wna6":"3",":@computed_region_25t2_rbz7":"2943"}},
{"type":"Feature","geometry":{"type":"Point","coordinates":[-76.2454,36.93373900000001]},"properties":{":id":"row-im8f_fzbb~i8ga",":version":"rv-4mnr.qque~bv9c",":created_at":"2019-08-20T12:51:30.666Z",":updated_at":"2019-08-20T12:51:31.403Z","genus":"Ulmus","species":"americana 'Princeton'","common_name":"Princeton American elm","street_number":"724","street_name":"E. Bayview Blvd","site":"2F","delivered":"2019-02-12T00:00:00.000","completed":"2019-02-26T00:00:00.000","estimated_canopy_coverage":"1256.63706","source":"City Nursery","program_year":"2019",":@computed_region_x6fk_ihs5":"101",":@computed_region_b3ci_nw94":"101",":@computed_region_38t5_wna6":"101",":@computed_region_25t2_rbz7":"2943"}},
{"type":"Feature","geometry":{"type":"Point","coordinates":[-76.240817,36.896514]},"properties":{":id":"row-2ari~ehpz.crgc",":version":"rv-tx6p.a7iu.jb2s",":created_at":"2019-08-20T12:51:30.666Z",":updated_at":"2019-08-20T12:51:31.403Z","genus":"Ulmus","species":"americana 'Princeton'","common_name":"Princeton American elm","street_number":"6380","street_name":"Sewells Point Rd","site":"10M","delivered":"2018-11-06T00:00:00.000","completed":"2018-11-30T00:00:00.000","estimated_canopy_coverage":"1256.63706","source":"City Nursery","program_year":"2019",":@computed_region_x6fk_ihs5":"128",":@computed_region_b3ci_nw94":"128",":@computed_region_38t5_wna6":"128",":@computed_region_25t2_rbz7":"2943"}},
{"type":"Feature","geometry":{"type":"Point","coordinates":[-76.240658,36.854601]},"properties":{":id":"row-3s4v-4yev.pxdk",":version":"rv-nvyh~7uw8~qgrq",":created_at":"2019-08-20T12:51:30.666Z",":updated_at":"2019-08-20T12:51:31.403Z","genus":"Ilex","species":"x attenuata","common_name":"East Palatka holly","street_number":"3550","street_name":"E Virginia Beach Blvd","site":"3F","delivered":"2017-10-26T00:00:00.000","completed":"2017-10-26T00:00:00.000","estimated_canopy_coverage":"176.714587","source":"City Nursery","program_year":"2018",":@computed_region_x6fk_ihs5":"61",":@computed_region_b3ci_nw94":"70",":@computed_region_38t5_wna6":"70",":@computed_region_25t2_rbz7":"2943"}},
{"type":"Feature","geometry":{"type":"Point","coordinates":[-76.284806,36.88125]},"properties":{":id":"row-fbv6_4jhh.csp2",":version":"rv-fysa_iavm~yn2r",":created_at":"2019-08-20T12:51:30.666Z",":updated_at":"2019-08-20T12:51:31.403Z","genus":"Quercus","species":"virginiana","common_name":"Live oak","street_number":"3901","street_name":"Llewellyn Ave","site":"1F","delivered":"2018-12-14T00:00:00.000","completed":"2018-12-19T00:00:00.000","estimated_canopy_coverage":"6361.72512","source":"City Nursery","program_year":"2019",":@computed_region_x6fk_ihs5":"19",":@computed_region_b3ci_nw94":"21",":@computed_region_38t5_wna6":"21",":@computed_region_25t2_rbz7":"2943"}},
{"type":"Feature","geometry":{"type":"Point","coordinates":[-76.180552,36.854498]},"properties":{":id":"row-z3hn~emw6_7n5i",":version":"rv-jkms~jmye.63qg",":created_at":"2019-08-20T12:51:30.666Z",":updated_at":"2019-08-20T12:51:31.403Z","genus":"Ostrya","species":"virginiana","common_name":"Hophornbeam","street_number":"6659","street_name":"E Virginia Beach Blvd","site":"5M","delivered":"2017-11-09T00:00:00.000","completed":"2017-11-14T00:00:00.000","estimated_canopy_coverage":"706.858347","source":"City Nursery","program_year":"2018",":@computed_region_x6fk_ihs5":"128",":@computed_region_b3ci_nw94":"128",":@computed_region_38t5_wna6":"128",":@computed_region_25t2_rbz7":"2943"}},
{"type":"Feature","geometry":{"type":"Point","coordinates":[-76.250937,36.855285]},"properties":{":id":"row-hdi5~znbs.gaqd",":version":"rv-sucg.28ga.nvda",":created_at":"2019-08-20T12:51:30.666Z",":updated_at":"2019-08-20T12:51:31.403Z","genus":"Chionanthus","species":"virginicus","common_name":"White fringetree","street_number":"2963","street_name":"Hollister Ave","site":"1F","delivered":"2018-01-23T00:00:00.000","completed":"2018-01-25T00:00:00.000","estimated_canopy_coverage":"176.714587","source":"City Nursery","program_year":"2018",":@computed_region_x6fk_ihs5":"7",":@computed_region_b3ci_nw94":"7",":@computed_region_38t5_wna6":"7",":@computed_region_25t2_rbz7":"2943"}},
{"type":"Feature","geometry":{"type":"Point","coordinates":[-76.257431,36.870493]},"properties":{":id":"row-4der_m58w-inx4",":version":"rv-q8ih-6yvr_feme",":created_at":"2019-08-20T12:51:30.666Z",":updated_at":"2019-08-20T12:51:31.403Z","genus":"Betula","species":"nigra 'Heritage'","common_name":"Heritage river birch","street_number":"2820","street_name":"Chesapeake Blvd","site":"2FL","delivered":"2018-01-30T00:00:00.000","completed":"2018-02-01T00:00:00.000","estimated_canopy_coverage":"962.11275","source":"City Nursery","program_year":"2018",":@computed_region_x6fk_ihs5":"3",":@computed_region_b3ci_nw94":"3",":@computed_region_38t5_wna6":"3",":@computed_region_25t2_rbz7":"2943"}},
{"type":"Feature","geometry":{"type":"Point","coordinates":[-76.284924,36.872969]},"properties":{":id":"row-vzmg.7w9m_qzan",":version":"rv-pk4f_5aaz-dayb",":created_at":"2019-08-20T12:51:30.666Z",":updated_at":"2019-08-20T12:51:31.403Z","genus":"Cercis","species":"canadensis","common_name":"Redbud","street_number":"214","street_name":"W 28th St","site":"1F","delivered":"2017-10-26T00:00:00.000","completed":"2017-11-01T00:00:00.000","estimated_canopy_coverage":"490.873852","source":"City Nursery","program_year":"2018",":@computed_region_x6fk_ihs5":"72",":@computed_region_b3ci_nw94":"78",":@computed_region_38t5_wna6":"78",":@computed_region_25t2_rbz7":"2943"}},
{"type":"Feature","geometry":{"type":"Point","coordinates":[-76.247767,36.927825]},"properties":{":id":"row-u8wf.b7mx-te5y",":version":"rv-vx46-er4v~x3xd",":created_at":"2019-08-20T12:51:30.666Z",":updated_at":"2019-08-20T12:51:31.403Z","genus":"Quercus","species":"prinoides","common_name":"Dwarf chinquapin oak","street_number":"823","street_name":"Norman Ave","site":"1F","delivered":"2019-01-07T00:00:00.000","completed":"2019-02-13T00:00:00.000","estimated_canopy_coverage":"153.93804","source":"City Nursery","program_year":"2019",":@computed_region_x6fk_ihs5":"126",":@computed_region_b3ci_nw94":"126",":@computed_region_38t5_wna6":"126",":@computed_region_25t2_rbz7":"2943"}},
{"type":"Feature","geometry":{"type":"Point","coordinates":[-76.300641,36.89142]},"properties":{":id":"row-qh4g~m94a_tr4z",":version":"rv-3nrh-763d~zwhp",":created_at":"2019-08-20T12:51:30.666Z",":updated_at":"2019-08-20T12:51:31.403Z","genus":"Quercus","species":"virginiana","common_name":"Live oak","street_number":"1145","street_name":"Bolling Ave","site":"23SC","delivered":"2017-12-06T00:00:00.000","completed":"2017-12-12T00:00:00.000","estimated_canopy_coverage":"6361.72512","source":"City Nursery","program_year":"2018",":@computed_region_x6fk_ihs5":"49",":@computed_region_b3ci_nw94":"54",":@computed_region_38t5_wna6":"54",":@computed_region_25t2_rbz7":"2943"}},
{"type":"Feature","geometry":{"type":"Point","coordinates":[-76.312034,36.879321]},"properties":{":id":"row-wjky_mggb.tbnc",":version":"rv-sejg-44ev.pjps",":created_at":"2019-08-20T12:51:30.666Z",":updated_at":"2019-08-20T12:51:31.403Z","genus":"Salix","species":"matsudana","common_name":"Corkscrew willow","street_number":"1546","street_name":"38th St","site":"1FL","delivered":"2018-12-03T00:00:00.000","completed":"2018-12-19T00:00:00.000","estimated_canopy_coverage":"314","source":"City Nursery","program_year":"2019",":@computed_region_x6fk_ihs5":"48",":@computed_region_b3ci_nw94":"53",":@computed_region_38t5_wna6":"53",":@computed_region_25t2_rbz7":"2943"}},
{"type":"Feature","geometry":{"type":"Point","coordinates":[-76.222309,36.897814]},"properties":{":id":"row-w86a.9s8g-uzbt",":version":"rv-6aiq_wet2.7fjt",":created_at":"2019-08-20T12:51:30.666Z",":updated_at":"2019-08-20T12:51:31.403Z","genus":"Lagerstroemia","species":"indica x fauriei 'Natchez'","common_name":"Natchez crape myrtle","street_number":"6235","street_name":"Ball Ave","site":"2F","delivered":"2017-10-30T00:00:00.000","completed":"2017-11-02T00:00:00.000","estimated_canopy_coverage":"314.159265","source":"City Nursery","program_year":"2018",":@computed_region_x6fk_ihs5":"10",":@computed_region_b3ci_nw94":"10",":@computed_region_38t5_wna6":"10",":@computed_region_25t2_rbz7":"2943"}},
{"type":"Feature","geometry":{"type":"Point","coordinates":[-76.289855,36.845803]},"properties":{":id":"row-kenr-ehhy~jc4k",":version":"rv-y3ja-iycu_xbia",":created_at":"2019-08-20T12:51:30.666Z",":updated_at":"2019-08-20T12:51:31.403Z","genus":"Ilex","species":"x attenuata","common_name":"East Palatka holly","street_number":"300","street_name":"Main St","site":"1F","delivered":"2018-01-31T00:00:00.000","completed":"2018-02-01T00:00:00.000","estimated_canopy_coverage":"176.714587","source":"City Nursery","program_year":"2018",":@computed_region_x6fk_ihs5":"22",":@computed_region_b3ci_nw94":"26",":@computed_region_38t5_wna6":"26",":@computed_region_25t2_rbz7":"2943"}},
{"type":"Feature","geometry":{"type":"Point","coordinates":[-76.230205,36.867425]},"properties":{":id":"row-bsnw-c6fr.6jy8",":version":"rv-rix3.xtgq~jp3f",":created_at":"2019-08-20T12:51:30.666Z",":updated_at":"2019-08-20T12:51:31.403Z","genus":"Betula","species":"nigra 'Heritage'","common_name":"Heritage river birch","street_number":"4675","street_name":"E Princess Anne Rd","site":"6M","delivered":"2017-11-27T00:00:00.000","completed":"2017-11-29T00:00:00.000","estimated_canopy_coverage":"962.11275","source":"City Nursery","program_year":"2018",":@computed_region_x6fk_ihs5":"61",":@computed_region_b3ci_nw94":"70",":@computed_region_38t5_wna6":"70",":@computed_region_25t2_rbz7":"2943"}},
{"type":"Feature","geometry":{"type":"Point","coordinates":[-76.282311,36.871044]},"properties":{":id":"row-65wu_eimc_yfya",":version":"rv-rmwd_zddg~yaz9",":created_at":"2019-08-20T12:51:30.666Z",":updated_at":"2019-08-20T12:51:31.403Z","genus":"Taxodium","species":"ascendens","common_name":"Pond cypress","street_number":"2612","street_name":"Monticello Ave","site":"3S","delivered":"2017-12-13T00:00:00.000","completed":"2018-01-11T00:00:00.000","estimated_canopy_coverage":"490.873852","source":"City Nursery","program_year":"2018",":@computed_region_x6fk_ihs5":"128",":@computed_region_b3ci_nw94":"128",":@computed_region_38t5_wna6":"128",":@computed_region_25t2_rbz7":"2943"}},
{"type":"Feature","geometry":{"type":"Point","coordinates":[-76.235983,36.915836]},"properties":{":id":"row-v27z~sfr4~seqb",":version":"rv-d2ex.q493-kh2a",":created_at":"2019-08-20T12:51:30.666Z",":updated_at":"2019-08-20T12:51:31.403Z","genus":"Quercus","species":"phellos","common_name":"Willow oak","street_number":"1326","street_name":"E. Little Creek Rd","site":"1M","delivered":"2018-11-21T00:00:00.000","completed":"2019-01-25T00:00:00.000","estimated_canopy_coverage":"1963.49541","source":"City Nursery","program_year":"2019",":@computed_region_x6fk_ihs5":"84",":@computed_region_b3ci_nw94":"89",":@computed_region_38t5_wna6":"89",":@computed_region_25t2_rbz7":"2943"}},
{"type":"Feature","geometry":{"type":"Point","coordinates":[-76.282108,36.878534]},"properties":{":id":"row-4h2q-wugd_srmu",":version":"rv-t9kv~kuxi_r32g",":created_at":"2019-08-20T12:51:30.666Z",":updated_at":"2019-08-20T12:51:31.403Z","genus":"Styrax","species":"americanus","common_name":"American snowbell","street_number":"3500","street_name":"Granby St","site":"13P","delivered":"2018-11-27T00:00:00.000","completed":"2019-01-04T00:00:00.000","estimated_canopy_coverage":"706","source":"City Nursery","program_year":"2019",":@computed_region_x6fk_ihs5":"72",":@computed_region_b3ci_nw94":"78",":@computed_region_38t5_wna6":"78",":@computed_region_25t2_rbz7":"2943"}},
{"type":"Feature","geometry":{"type":"Point","coordinates":[-76.255494,36.849314]},"properties":{":id":"row-573y~4syh_ea9i",":version":"rv-xxqn.e2u5_vukx",":created_at":"2019-08-20T12:51:30.666Z",":updated_at":"2019-08-20T12:51:31.403Z","genus":"Ostrya","species":"virginiana","common_name":"Hophornbeam","street_number":"2724","street_name":"Park Cres","site":"8P","delivered":"2017-11-16T00:00:00.000","completed":"2017-12-12T00:00:00.000","estimated_canopy_coverage":"706.858347","source":"City Nursery","program_year":"2018",":@computed_region_x6fk_ihs5":"56",":@computed_region_b3ci_nw94":"63",":@computed_region_38t5_wna6":"63",":@computed_region_25t2_rbz7":"2943"}},
{"type":"Feature","geometry":{"type":"Point","coordinates":[-76.282108,36.878534]},"properties":{":id":"row-qy2r_w3rg~cdr9",":version":"rv-jcxk.znrm_n9kx",":created_at":"2019-08-20T12:51:30.666Z",":updated_at":"2019-08-20T12:51:31.403Z","genus":"Styrax","species":"americanus","common_name":"American snowbell","street_number":"3500","street_name":"Granby St","site":"11P","delivered":"2018-11-27T00:00:00.000","completed":"2019-01-04T00:00:00.000","estimated_canopy_coverage":"706","source":"City Nursery","program_year":"2019",":@computed_region_x6fk_ihs5":"72",":@computed_region_b3ci_nw94":"78",":@computed_region_38t5_wna6":"78",":@computed_region_25t2_rbz7":"2943"}},
{"type":"Feature","geometry":{"type":"Point","coordinates":[-76.300641,36.89142]},"properties":{":id":"row-jshw-87ek_m8yi",":version":"rv-qat2.3534_d8wt",":created_at":"2019-08-20T12:51:30.666Z",":updated_at":"2019-08-20T12:51:31.403Z","genus":"Quercus","species":"phellos","common_name":"Willow oak","street_number":"1145","street_name":"Bolling Ave","site":"22SC","delivered":"2017-12-06T00:00:00.000","completed":"2017-12-14T00:00:00.000","estimated_canopy_coverage":"1963.49541","source":"City Nursery","program_year":"2018",":@computed_region_x6fk_ihs5":"49",":@computed_region_b3ci_nw94":"54",":@computed_region_38t5_wna6":"54",":@computed_region_25t2_rbz7":"2943"}},
{"type":"Feature","geometry":{"type":"Point","coordinates":[-76.26432,36.887196]},"properties":{":id":"row-66dz_x66x-pt9g",":version":"rv-xhm7.a798.vt8v",":created_at":"2019-08-20T12:51:30.666Z",":updated_at":"2019-08-20T12:51:31.403Z","genus":"Asminia","species":"triloba","common_name":"Pawpaw","street_number":"1610","street_name":"Cromwell Dr","site":"14L","delivered":"2018-12-03T00:00:00.000","completed":"2018-12-06T00:00:00.000","estimated_canopy_coverage":"706.5","source":"City Nursery","program_year":"2019",":@computed_region_x6fk_ihs5":"122",":@computed_region_b3ci_nw94":"122",":@computed_region_38t5_wna6":"122",":@computed_region_25t2_rbz7":"2943"}},
{"type":"Feature","geometry":{"type":"Point","coordinates":[-76.298385,36.858734]},"properties":{":id":"row-4ge2~xmrx-cm48",":version":"rv-mqzq-2d82~hdn7",":created_at":"2019-08-20T12:51:30.666Z",":updated_at":"2019-08-20T12:51:31.403Z","genus":"Quercus","species":"geminata","common_name":"Sand live oak","street_number":"535","street_name":"Fairfax Ave","site":"2F","delivered":"2018-11-26T00:00:00.000","completed":"2018-11-21T00:00:00.000","estimated_canopy_coverage":"2826","source":"City Nursery","program_year":"2019",":@computed_region_x6fk_ihs5":"33",":@computed_region_b3ci_nw94":"38",":@computed_region_38t5_wna6":"38",":@computed_region_25t2_rbz7":"2943"}},
{"type":"Feature","geometry":{"type":"Point","coordinates":[-76.274246,36.866518]},"properties":{":id":"row-yv6n.86sg-c4mt",":version":"rv-5yjn-4f7z~md7s",":created_at":"2019-08-20T12:51:30.666Z",":updated_at":"2019-08-20T12:51:31.403Z","genus":"Acer","species":"campestre 'Evelyn'","common_name":"Queen Elizabeth hedge maple","street_number":"913","street_name":"Pollard St","site":"1P","delivered":"2018-11-27T00:00:00.000","completed":"2018-12-04T00:00:00.000","estimated_canopy_coverage":"490.873852","source":"City Nursery","program_year":"2019",":@computed_region_x6fk_ihs5":"51",":@computed_region_b3ci_nw94":"57",":@computed_region_38t5_wna6":"57",":@computed_region_25t2_rbz7":"2943"}},
{"type":"Feature","geometry":{"type":"Point","coordinates":[-76.249283,36.855521]},"properties":{":id":"row-f7t8_74q4_nmcq",":version":"rv-enef_gbsc_tj6z",":created_at":"2019-08-20T12:51:30.666Z",":updated_at":"2019-08-20T12:51:31.403Z","genus":"Prunus","species":"cerasifera 'Krauter Vesuvius'","common_name":"Krauter Vesuvius purple leaf plum","street_number":"3238","street_name":"Woodland Ave","site":"1F","delivered":"2018-01-23T00:00:00.000","completed":"2018-01-30T00:00:00.000","estimated_canopy_coverage":"314.159265","source":"City Nursery","program_year":"2018",":@computed_region_x6fk_ihs5":"7",":@computed_region_b3ci_nw94":"7",":@computed_region_38t5_wna6":"7",":@computed_region_25t2_rbz7":"2943"}},
{"type":"Feature","geometry":{"type":"Point","coordinates":[-76.279323,36.911895]},"properties":{":id":"row-zm4z_ryxj.s99i",":version":"rv-dcmy_sgnt-9c8x",":created_at":"2019-08-20T12:51:30.666Z",":updated_at":"2019-08-20T12:51:31.403Z","genus":"Magnolia","species":"virginiana","common_name":"Sweetbay magnolia","street_number":"7300","street_name":"Newport Ave","site":"1B","delivered":"2017-12-22T00:00:00.000","completed":"2017-12-28T00:00:00.000","estimated_canopy_coverage":"490.873852","source":"City Nursery","program_year":"2018",":@computed_region_x6fk_ihs5":"94",":@computed_region_b3ci_nw94":"95",":@computed_region_38t5_wna6":"95",":@computed_region_25t2_rbz7":"2943"}},
{"type":"Feature","geometry":{"type":"Point","coordinates":[-76.267621,36.829706]},"properties":{":id":"row-z252.a7bd-9tw7",":version":"rv-s4uf~q93h.78k4",":created_at":"2019-08-20T12:51:30.666Z",":updated_at":"2019-08-20T12:51:31.403Z","genus":"Prunus","species":"yeodensis","common_name":"Yoshino cherry","street_number":"1130","street_name":"Leake St","site":"5B","delivered":"2017-11-22T00:00:00.000","completed":"2017-11-27T00:00:00.000","estimated_canopy_coverage":"1256.63706","source":"City Nursery","program_year":"2018",":@computed_region_x6fk_ihs5":"15",":@computed_region_b3ci_nw94":"13",":@computed_region_38t5_wna6":"13",":@computed_region_25t2_rbz7":"2943"}},
{"type":"Feature","geometry":{"type":"Point","coordinates":[-76.219296,36.901817]},"properties":{":id":"row-pkn4_33vc.nbtd",":version":"rv-29np~erhb~ju97",":created_at":"2019-08-20T12:51:30.666Z",":updated_at":"2019-08-20T12:51:31.403Z","genus":"Cercis","species":"canadensis 'Merlot'","common_name":"Merlot redbud","street_number":"6437","street_name":"Aldow Dr","site":"1F","delivered":"2017-11-22T00:00:00.000","completed":"2017-11-30T00:00:00.000","estimated_canopy_coverage":"490.873852","source":"City Nursery","program_year":"2018",":@computed_region_x6fk_ihs5":"54",":@computed_region_b3ci_nw94":"60",":@computed_region_38t5_wna6":"60",":@computed_region_25t2_rbz7":"2943"}},
{"type":"Feature","geometry":{"type":"Point","coordinates":[-76.178189,36.852809]},"properties":{":id":"row-qvux~v9er-ydyx",":version":"rv-2635~8a3m_gdab",":created_at":"2019-08-20T12:51:30.666Z",":updated_at":"2019-08-20T12:51:31.403Z","genus":"Nyssa","species":"sylvatica","common_name":"Black tupelo","street_number":"953","street_name":"N Newtown Rd","site":"2M","delivered":"2017-11-09T00:00:00.000","completed":"2017-11-14T00:00:00.000","estimated_canopy_coverage":"962.11275","source":"City Nursery","program_year":"2018",":@computed_region_x6fk_ihs5":"59",":@computed_region_b3ci_nw94":"66",":@computed_region_38t5_wna6":"66",":@computed_region_25t2_rbz7":"2951"}},
{"type":"Feature","geometry":{"type":"Point","coordinates":[-76.230382,36.867514]},"properties":{":id":"row-cjpb.umbc_xam6",":version":"rv-m7q6.nuh7.utjd",":created_at":"2019-08-20T12:51:30.666Z",":updated_at":"2019-08-20T12:51:31.403Z","genus":"Nyssa","species":"sylvatica","common_name":"Black tupelo","street_number":"4644","street_name":"E Princess Anne Rd","site":"1M","delivered":"2017-11-22T00:00:00.000","completed":"2017-11-29T00:00:00.000","estimated_canopy_coverage":"962.11275","source":"City Nursery","program_year":"2018",":@computed_region_x6fk_ihs5":"18",":@computed_region_b3ci_nw94":"20",":@computed_region_38t5_wna6":"20",":@computed_region_25t2_rbz7":"2943"}},
{"type":"Feature","geometry":{"type":"Point","coordinates":[-76.28801,36.863656]},"properties":{":id":"row-tumf.2vtt_w4z6",":version":"rv-6fsu~mude_we8j",":created_at":"2019-08-20T12:51:30.666Z",":updated_at":"2019-08-20T12:51:31.403Z","genus":"Acer","species":"barbatum","common_name":"Florida maple","street_number":"200","street_name":"Shirley Ave","site":"2SC","delivered":"2018-01-22T00:00:00.000","completed":"2018-01-24T00:00:00.000","estimated_canopy_coverage":"1256.63706","source":"City Nursery","program_year":"2018",":@computed_region_x6fk_ihs5":"22",":@computed_region_b3ci_nw94":"26",":@computed_region_38t5_wna6":"26",":@computed_region_25t2_rbz7":"2943"}},
{"type":"Feature","geometry":{"type":"Point","coordinates":[-76.314457,36.913393]},"properties":{":id":"row-qmqk-pj4z.75bb",":version":"rv-tawa_699v.7r53",":created_at":"2019-08-20T12:51:30.666Z",":updated_at":"2019-08-20T12:51:31.403Z","genus":"Platanus","species":"mexicana","common_name":"Mexican sycamore","street_number":"1511","street_name":"Cloncurry Rd","site":"1S","delivered":"2017-10-26T00:00:00.000","completed":"2017-10-30T00:00:00.000","estimated_canopy_coverage":"1256.63706","source":"City Nursery","program_year":"2018",":@computed_region_x6fk_ihs5":"52",":@computed_region_b3ci_nw94":"58",":@computed_region_38t5_wna6":"58",":@computed_region_25t2_rbz7":"2943"}},
{"type":"Feature","geometry":{"type":"Point","coordinates":[-76.217909,36.864908]},"properties":{":id":"row-bazc-8egh_jngg",":version":"rv-cwez_kfj3-bcgf",":created_at":"2019-08-20T12:51:30.666Z",":updated_at":"2019-08-20T12:51:31.403Z","genus":"Chionanthus","species":"retusus","common_name":"Chinese fringetree","street_number":"1188","street_name":"Lance Rd","site":"5B","delivered":"2017-12-12T00:00:00.000","completed":"2018-02-06T00:00:00.000","estimated_canopy_coverage":"176.714587","source":"City Nursery","program_year":"2018",":@computed_region_x6fk_ihs5":"128",":@computed_region_b3ci_nw94":"128",":@computed_region_38t5_wna6":"128",":@computed_region_25t2_rbz7":"2943"}},
{"type":"Feature","geometry":{"type":"Point","coordinates":[-76.219187,36.937159]},"properties":{":id":"row-d63f_a3sc-z29c",":version":"rv-aty3_c8qb-pr9c",":created_at":"2019-08-20T12:51:30.666Z",":updated_at":"2019-08-20T12:51:31.403Z","genus":"Taxodium","species":"distichum","common_name":"Bald cypress","street_number":"1976","street_name":"E. Ocean View Ave","site":"1M","delivered":"2019-01-02T00:00:00.000","completed":"2019-02-06T00:00:00.000","estimated_canopy_coverage":"490.873852","source":"City Nursery","program_year":"2019",":@computed_region_x6fk_ihs5":"104",":@computed_region_b3ci_nw94":"104",":@computed_region_38t5_wna6":"104",":@computed_region_25t2_rbz7":"2943"}},
{"type":"Feature","geometry":{"type":"Point","coordinates":[-76.295064,36.887545]},"properties":{":id":"row-t6gi~kqqa~x67h",":version":"rv-ifn8-weze~jvkc",":created_at":"2019-08-20T12:51:30.666Z",":updated_at":"2019-08-20T12:51:31.403Z","genus":"Quercus","species":"prinoides","common_name":"Dwarf chinquapin oak","street_number":"4800","street_name":"Colley Ave","site":"3F","delivered":"2018-12-07T00:00:00.000","completed":"2019-01-03T00:00:00.000","estimated_canopy_coverage":"153.93804","source":"City Nursery","program_year":"2019",":@computed_region_x6fk_ihs5":"40",":@computed_region_b3ci_nw94":"44",":@computed_region_38t5_wna6":"44",":@computed_region_25t2_rbz7":"2943"}},
{"type":"Feature","geometry":{"type":"Point","coordinates":[-76.298768,36.859907]},"properties":{":id":"row-36ke~884z-8y6t",":version":"rv-9qqm-59uq~ke4y",":created_at":"2019-08-20T12:51:30.666Z",":updated_at":"2019-08-20T12:51:31.403Z","genus":"Chionanthus","species":"virginicus","common_name":"White fringetree","street_number":"601","street_name":"Stockley Gdns","site":"2F","delivered":"2017-11-29T00:00:00.000","completed":"2017-12-15T00:00:00.000","estimated_canopy_coverage":"176.714587","source":"City Nursery","program_year":"2018",":@computed_region_x6fk_ihs5":"33",":@computed_region_b3ci_nw94":"38",":@computed_region_38t5_wna6":"38",":@computed_region_25t2_rbz7":"2943"}},
{"type":"Feature","geometry":{"type":"Point","coordinates":[-76.257431,36.870493]},"properties":{":id":"row-qfmg~a9kj_qu3j",":version":"rv-7pkx~pnt9_ad82",":created_at":"2019-08-20T12:51:30.666Z",":updated_at":"2019-08-20T12:51:31.403Z","genus":"Quercus","species":"laurifolia","common_name":"Laurel oak","street_number":"2820","street_name":"Chesapeake Blvd","site":"20FL","delivered":"2018-01-26T00:00:00.000","completed":"2018-02-01T00:00:00.000","estimated_canopy_coverage":"2827.43339","source":"City Nursery","program_year":"2018",":@computed_region_x6fk_ihs5":"3",":@computed_region_b3ci_nw94":"3",":@computed_region_38t5_wna6":"3",":@computed_region_25t2_rbz7":"2943"}},
{"type":"Feature","geometry":{"type":"Point","coordinates":[-76.206041,36.913942000000006]},"properties":{":id":"row-twjm_7854_afsf",":version":"rv-aj5n-5dk8~giu5",":created_at":"2019-08-20T12:51:30.666Z",":updated_at":"2019-08-20T12:51:31.403Z","genus":"Acer","species":"campestre","common_name":"Hedge maple","street_number":"2751","street_name":"Console Ave","site":"1F","delivered":"2017-12-28T00:00:00.000","completed":"2018-02-02T00:00:00.000","estimated_canopy_coverage":"490.873852","source":"Purchased","program_year":"2018",":@computed_region_x6fk_ihs5":"14",":@computed_region_b3ci_nw94":"16",":@computed_region_38t5_wna6":"16",":@computed_region_25t2_rbz7":"2943"}},
{"type":"Feature","geometry":{"type":"Point","coordinates":[-76.189274,36.854841]},"properties":{":id":"row-5dfj-u45s.qq7q",":version":"rv-kw7r_9nxu-m93s",":created_at":"2019-08-20T12:51:30.666Z",":updated_at":"2019-08-20T12:51:31.403Z","genus":"Ostrya","species":"virginiana","common_name":"Hophornbeam","street_number":"6309","street_name":"E Virginia Beach Blvd","site":"5M","delivered":"2017-11-09T00:00:00.000","completed":"2017-11-15T00:00:00.000","estimated_canopy_coverage":"706.858347","source":"City Nursery","program_year":"2018",":@computed_region_x6fk_ihs5":"128",":@computed_region_b3ci_nw94":"128",":@computed_region_38t5_wna6":"128",":@computed_region_25t2_rbz7":"2943"}},
{"type":"Feature","geometry":{"type":"Point","coordinates":[-76.310142,36.92754]},"properties":{":id":"row-mb6t_ju4j_yagn",":version":"rv-aqu4-vmar_dfak",":created_at":"2019-08-20T12:51:30.666Z",":updated_at":"2019-08-20T12:51:31.403Z","genus":"Quercus","species":"phellos","common_name":"Willow oak","street_number":"8100","street_name":"Evergreen Ave","site":"2P","delivered":"2017-10-27T00:00:00.000","completed":"2018-01-22T00:00:00.000","estimated_canopy_coverage":"1963.49541","source":"City Nursery","program_year":"2018",":@computed_region_x6fk_ihs5":"37",":@computed_region_b3ci_nw94":"42",":@computed_region_38t5_wna6":"42",":@computed_region_25t2_rbz7":"2943"}},
{"type":"Feature","geometry":{"type":"Point","coordinates":[-76.247578,36.889003]},"properties":{":id":"row-xn2i-futm~3qb2",":version":"rv-5a4y.wpt7-p8cj",":created_at":"2019-08-20T12:51:30.666Z",":updated_at":"2019-08-20T12:51:31.403Z","genus":"Cercis","species":"canadensis 'Forest Pansy'","common_name":"Forest Pansy redbud","street_number":"3847","street_name":"3847 Wayne Cir","site":"1F","delivered":"2017-12-04T00:00:00.000","completed":"2017-12-07T00:00:00.000","estimated_canopy_coverage":"490.873852","source":"City Nursery","program_year":"2018",":@computed_region_x6fk_ihs5":"110",":@computed_region_b3ci_nw94":"111",":@computed_region_38t5_wna6":"111",":@computed_region_25t2_rbz7":"2943"}},
{"type":"Feature","geometry":{"type":"Point","coordinates":[-76.261554,36.870749]},"properties":{":id":"row-rii5_2d4m~6h25",":version":"rv-9pv9~emaq.rn97",":created_at":"2019-08-20T12:51:30.666Z",":updated_at":"2019-08-20T12:51:31.403Z","genus":"Quercus","species":"prinoides","common_name":"Dwarf chinquapin oak","street_number":"2400","street_name":"Shoop Ave","site":"4P","delivered":"2018-12-03T00:00:00.000","completed":"2018-12-14T00:00:00.000","estimated_canopy_coverage":"153.93804","source":"City Nursery","program_year":"2019",":@computed_region_x6fk_ihs5":"29",":@computed_region_b3ci_nw94":"29",":@computed_region_38t5_wna6":"29",":@computed_region_25t2_rbz7":"2943"}},
{"type":"Feature","geometry":{"type":"Point","coordinates":[-76.21148,36.8559]},"properties":{":id":"row-4zyh.x7tf~ercg",":version":"rv-t33b.dn9q-fren",":created_at":"2019-08-20T12:51:30.666Z",":updated_at":"2019-08-20T12:51:31.403Z","genus":"Lagerstroemia","species":"indica x fauriei 'Natchez'","common_name":"Natchez crape myrtle","street_number":"5678","street_name":"E Virginia Beach Blvd","site":"1M","delivered":"2017-10-26T00:00:00.000","completed":"2017-10-27T00:00:00.000","estimated_canopy_coverage":"314.159265","source":"City Nursery","program_year":"2018",":@computed_region_x6fk_ihs5":"128",":@computed_region_b3ci_nw94":"128",":@computed_region_38t5_wna6":"128",":@computed_region_25t2_rbz7":"2943"}},
{"type":"Feature","geometry":{"type":"Point","coordinates":[-76.257431,36.870493]},"properties":{":id":"row-nj4m_ia29.7rmu",":version":"rv-s2c7~fhd3~yc4m",":created_at":"2019-08-20T12:51:30.666Z",":updated_at":"2019-08-20T12:51:31.403Z","genus":"Taxodium","species":"ascendens","common_name":"Pond cypress","street_number":"2820","street_name":"Chesapeake Blvd","site":"28FL","delivered":"2018-01-31T00:00:00.000","completed":"2018-02-01T00:00:00.000","estimated_canopy_coverage":"490.873852","source":"City Nursery","program_year":"2018",":@computed_region_x6fk_ihs5":"3",":@computed_region_b3ci_nw94":"3",":@computed_region_38t5_wna6":"3",":@computed_region_25t2_rbz7":"2943"}},
{"type":"Feature","geometry":{"type":"Point","coordinates":[-76.282108,36.878534]},"properties":{":id":"row-pe4b.qwvf~wcn8",":version":"rv-xbak.e3m9-ccdk",":created_at":"2019-08-20T12:51:30.666Z",":updated_at":"2019-08-20T12:51:31.403Z","genus":"Taxodium","species":"distichum","common_name":"Bald cypress","street_number":"3500","street_name":"Granby St","site":"7P","delivered":"2018-12-14T00:00:00.000","completed":"2019-01-04T00:00:00.000","estimated_canopy_coverage":"490.873852","source":"City Nursery","program_year":"2019",":@computed_region_x6fk_ihs5":"72",":@computed_region_b3ci_nw94":"78",":@computed_region_38t5_wna6":"78",":@computed_region_25t2_rbz7":"2943"}},
{"type":"Feature","geometry":{"type":"Point","coordinates":[-76.287712,36.887276]},"properties":{":id":"row-6q2m.8u7z.5p3a",":version":"rv-nuu4_2spm_6qug",":created_at":"2019-08-20T12:51:30.666Z",":updated_at":"2019-08-20T12:51:31.403Z","genus":"Ulmus","species":"americana 'Princeton'","common_name":"Princeton American elm","street_number":"4815","street_name":"Newport Ave","site":"2M","delivered":"2017-12-13T00:00:00.000","completed":"2018-01-12T00:00:00.000","estimated_canopy_coverage":"1256.63706","source":"City Nursery","program_year":"2018",":@computed_region_x6fk_ihs5":"19",":@computed_region_b3ci_nw94":"21",":@computed_region_38t5_wna6":"21",":@computed_region_25t2_rbz7":"2943"}},
{"type":"Feature","geometry":{"type":"Point","coordinates":[-76.269782,36.891052]},"properties":{":id":"row-5rdc_qpgg-uvyy",":version":"rv-iprz-6kky~srqt",":created_at":"2019-08-20T12:51:30.666Z",":updated_at":"2019-08-20T12:51:31.403Z","genus":"Quercus","species":"muehlenbergii","common_name":"Chinquapin oak","street_number":"5510","street_name":"Lakewood Dr","site":"1S","delivered":"2018-12-03T00:00:00.000","completed":"2018-11-29T00:00:00.000","estimated_canopy_coverage":"2826","source":"City Nursery","program_year":"2019",":@computed_region_x6fk_ihs5":"120",":@computed_region_b3ci_nw94":"120",":@computed_region_38t5_wna6":"120",":@computed_region_25t2_rbz7":"2943"}},
{"type":"Feature","geometry":{"type":"Point","coordinates":[-76.249986,36.852628]},"properties":{":id":"row-e3ah.v9b5-mm3x",":version":"rv-wbh2_rpfy.i5kr",":created_at":"2019-08-20T12:51:30.666Z",":updated_at":"2019-08-20T12:51:31.403Z","genus":"Magnolia","species":"virginiana","common_name":"Sweetbay magnolia","street_number":"3000","street_name":"E. Virginia Beach Blvd","site":"1P","delivered":"2019-01-02T00:00:00.000","completed":"2019-01-04T00:00:00.000","estimated_canopy_coverage":"490.873852","source":"City Nursery","program_year":"2019",":@computed_region_x6fk_ihs5":"128",":@computed_region_b3ci_nw94":"128",":@computed_region_38t5_wna6":"128",":@computed_region_25t2_rbz7":"2943"}},
{"type":"Feature","geometry":{"type":"Point","coordinates":[-76.243262,36.937748]},"properties":{":id":"row-4ud2-ug2a_hqz2",":version":"rv-7czp-bsfu.qqs6",":created_at":"2019-08-20T12:51:30.666Z",":updated_at":"2019-08-20T12:51:31.403Z","genus":"Quercus","species":"prinoides","common_name":"Dwarf chinquapin oak","street_number":"8817","street_name":"Plymouth St","site":"1F","delivered":"2018-02-20T00:00:00.000","completed":"2018-02-21T00:00:00.000","estimated_canopy_coverage":"153.93804","source":"City Nursery","program_year":"2018",":@computed_region_x6fk_ihs5":"103",":@computed_region_b3ci_nw94":"103",":@computed_region_38t5_wna6":"103",":@computed_region_25t2_rbz7":"2943"}},
{"type":"Feature","geometry":{"type":"Point","coordinates":[-76.292967,36.87937]},"properties":{":id":"row-2gfq.prct~re59",":version":"rv-ccdt.rkdg-fzzh",":created_at":"2019-08-20T12:51:30.666Z",":updated_at":"2019-08-20T12:51:31.403Z","genus":"Quercus","species":"prinoides","common_name":"Dwarf chinquapin oak","street_number":"704","street_name":"37th St","site":"1F","delivered":"2019-01-07T00:00:00.000","completed":"2019-01-16T00:00:00.000","estimated_canopy_coverage":"153.93804","source":"City Nursery","program_year":"2019",":@computed_region_x6fk_ihs5":"46",":@computed_region_b3ci_nw94":"51",":@computed_region_38t5_wna6":"51",":@computed_region_25t2_rbz7":"2943"}},
{"type":"Feature","geometry":{"type":"Point","coordinates":[-76.256241,36.831355]},"properties":{":id":"row-8fsq~t5mh.a3ys",":version":"rv-f2k4~caat.e6s7",":created_at":"2019-08-20T12:51:30.666Z",":updated_at":"2019-08-20T12:51:31.403Z","genus":"Ulmus","species":"americana 'Princeton'","common_name":"Princeton American elm","street_number":"2110","street_name":"E. Indian River Rd","site":"1M","delivered":"2019-02-07T00:00:00.000","completed":"2019-02-13T00:00:00.000","estimated_canopy_coverage":"1256.63706","source":"City Nursery","program_year":"2019",":@computed_region_x6fk_ihs5":"105",":@computed_region_b3ci_nw94":"105",":@computed_region_38t5_wna6":"105",":@computed_region_25t2_rbz7":"2943"}},
{"type":"Feature","geometry":null,"properties":{":id":"row-u2wt_kafm-bmfh",":version":"rv-xt2n-ref3~gfsi",":created_at":"2019-08-20T12:51:30.666Z",":updated_at":"2019-08-20T12:51:31.403Z","genus":"Diospyros","species":"virginiana","common_name":"Persimmon","street_number":"1599","street_name":"Premium Outlets Blvd","site":"18P","delivered":"2018-11-27T00:00:00.000","completed":"2018-01-10T00:00:00.000","estimated_canopy_coverage":"921","source":"City Nursery","program_year":"2019",":@computed_region_x6fk_ihs5":null,":@computed_region_b3ci_nw94":null,":@computed_region_38t5_wna6":null,":@computed_region_25t2_rbz7":null}},
{"type":"Feature","geometry":{"type":"Point","coordinates":[-76.225269,36.905291]},"properties":{":id":"row-jw4g_usah~ewhi",":version":"rv-zw7h_nypt-7hb5",":created_at":"2019-08-20T12:51:30.666Z",":updated_at":"2019-08-20T12:51:31.403Z","genus":"Acer","species":"buergerianum","common_name":"Trident maple","street_number":"1701","street_name":"Keswick Dr","site":"1S","delivered":"2018-12-12T00:00:00.000","completed":"2018-12-13T00:00:00.000","estimated_canopy_coverage":"1256.63706","source":"City Nursery","program_year":"2019",":@computed_region_x6fk_ihs5":"54",":@computed_region_b3ci_nw94":"60",":@computed_region_38t5_wna6":"60",":@computed_region_25t2_rbz7":"2943"}},
{"type":"Feature","geometry":{"type":"Point","coordinates":[-76.203089,36.909414]},"properties":{":id":"row-nv7c_ypg7~8brg",":version":"rv-enxc-zzv7~i24x",":created_at":"2019-08-20T12:51:30.666Z",":updated_at":"2019-08-20T12:51:31.403Z","genus":"Prunus","species":"cerasifera 'Krauter Vesuvius'","common_name":"Krauter Vesuvius purple leaf plum","street_number":"2625","street_name":"Wingfield Rd","site":"2F","delivered":"2018-11-26T00:00:00.000","completed":"2018-12-12T00:00:00.000","estimated_canopy_coverage":"314.159265","source":"City Nursery","program_year":"2019",":@computed_region_x6fk_ihs5":"90",":@computed_region_b3ci_nw94":"91",":@computed_region_38t5_wna6":"91",":@computed_region_25t2_rbz7":"2943"}},
{"type":"Feature","geometry":{"type":"Point","coordinates":[-76.217124,36.88066]},"properties":{":id":"row-nqid~9a28.u9zh",":version":"rv-8js8_q5vb-i9cb",":created_at":"2019-08-20T12:51:30.666Z",":updated_at":"2019-08-20T12:51:31.403Z","genus":"Prunus","species":"yeodensis","common_name":"Yoshino cherry","street_number":"2630","street_name":"Almeda Ave","site":"4FL","delivered":"2018-11-26T00:00:00.000","completed":"2018-11-29T00:00:00.000","estimated_canopy_coverage":"1256.63706","source":"City Nursery","program_year":"2019",":@computed_region_x6fk_ihs5":"31",":@computed_region_b3ci_nw94":"36",":@computed_region_38t5_wna6":"36",":@computed_region_25t2_rbz7":"2943"}},
{"type":"Feature","geometry":{"type":"Point","coordinates":[-76.239917,36.93425]},"properties":{":id":"row-7x3e.bbs8_uw5q",":version":"rv-e3ni_rbb6_cspb",":created_at":"2019-08-20T12:51:30.666Z",":updated_at":"2019-08-20T12:51:31.403Z","genus":"Ulmus","species":"americana 'Princeton'","common_name":"Princeton American elm","street_number":"1330","street_name":"E. Bayview Blvd","site":"2F","delivered":"2019-01-02T00:00:00.000","completed":"2019-02-26T00:00:00.000","estimated_canopy_coverage":"1256.63706","source":"City Nursery","program_year":"2019",":@computed_region_x6fk_ihs5":"103",":@computed_region_b3ci_nw94":"103",":@computed_region_38t5_wna6":"103",":@computed_region_25t2_rbz7":"2943"}},
{"type":"Feature","geometry":{"type":"Point","coordinates":[-76.255706,36.883275]},"properties":{":id":"row-h48s~k7wk-ymay",":version":"rv-muas.g27x.se46",":created_at":"2019-08-20T12:51:30.666Z",":updated_at":"2019-08-20T12:51:31.403Z","genus":"Cercis","species":"canadensis 'Merlot'","common_name":"Merlot redbud","street_number":"3533","street_name":"Brest Ave","site":"3F","delivered":"2017-12-04T00:00:00.000","completed":"2017-12-06T00:00:00.000","estimated_canopy_coverage":"490.873852","source":"City Nursery","program_year":"2018",":@computed_region_x6fk_ihs5":"29",":@computed_region_b3ci_nw94":"29",":@computed_region_38t5_wna6":"29",":@computed_region_25t2_rbz7":"2943"}},
{"type":"Feature","geometry":{"type":"Point","coordinates":[-76.312547,36.892674]},"properties":{":id":"row-hfj6-wyfg_648t",":version":"rv-pp3d~yjtq-6acn",":created_at":"2019-08-20T12:51:30.666Z",":updated_at":"2019-08-20T12:51:31.403Z","genus":"Quercus","species":"prinoides","common_name":"Dwarf chinquapin oak","street_number":"5334","street_name":"Powhatan Ave","site":"2F","delivered":"2018-12-07T00:00:00.000","completed":"2019-01-07T00:00:00.000","estimated_canopy_coverage":"153.93804","source":"City Nursery","program_year":"2019",":@computed_region_x6fk_ihs5":"49",":@computed_region_b3ci_nw94":"54",":@computed_region_38t5_wna6":"54",":@computed_region_25t2_rbz7":"2943"}},
{"type":"Feature","geometry":{"type":"Point","coordinates":[-76.300641,36.89142]},"properties":{":id":"row-mue8_txme~4pf4",":version":"rv-k7m7-22pv~gy7d",":created_at":"2019-08-20T12:51:30.666Z",":updated_at":"2019-08-20T12:51:31.403Z","genus":"Ostrya","species":"virginiana","common_name":"Hophornbeam","street_number":"1145","street_name":"Bolling Ave","site":"10SC","delivered":"2017-12-04T00:00:00.000","completed":"2017-12-12T00:00:00.000","estimated_canopy_coverage":"706.858347","source":"City Nursery","program_year":"2018",":@computed_region_x6fk_ihs5":"49",":@computed_region_b3ci_nw94":"54",":@computed_region_38t5_wna6":"54",":@computed_region_25t2_rbz7":"2943"}},
{"type":"Feature","geometry":{"type":"Point","coordinates":[-76.30188,36.899817]},"properties":{":id":"row-q4wd-ddi5_wr7s",":version":"rv-yc99_895e~gcyn",":created_at":"2019-08-20T12:51:30.666Z",":updated_at":"2019-08-20T12:51:31.403Z","genus":"Styrax","species":"japonicus","common_name":"Japanese snowbell","street_number":"1140","street_name":"Bedford Ave","site":"1F","delivered":"2018-12-12T00:00:00.000","completed":"2019-01-08T00:00:00.000","estimated_canopy_coverage":"706.858347","source":"City Nursery","program_year":"2019",":@computed_region_x6fk_ihs5":"49",":@computed_region_b3ci_nw94":"54",":@computed_region_38t5_wna6":"54",":@computed_region_25t2_rbz7":"2943"}},
{"type":"Feature","geometry":{"type":"Point","coordinates":[-76.255298,36.849043]},"properties":{":id":"row-dejq.mbjb_cuyh",":version":"rv-pubm~545v-qy3e",":created_at":"2019-08-20T12:51:30.666Z",":updated_at":"2019-08-20T12:51:31.403Z","genus":"Ulmus","species":"alata","common_name":"Winged elm","street_number":"2717","street_name":"Park Cres","site":"1F","delivered":"2019-01-08T00:00:00.000","completed":"2019-01-08T00:00:00.000","estimated_canopy_coverage":"1256","source":"City Nursery","program_year":"2019",":@computed_region_x6fk_ihs5":"56",":@computed_region_b3ci_nw94":"63",":@computed_region_38t5_wna6":"63",":@computed_region_25t2_rbz7":"2943"}},
{"type":"Feature","geometry":{"type":"Point","coordinates":[-76.289827,36.88181]},"properties":{":id":"row-9qq4.6g3i-rh7k",":version":"rv-ugbb~gj82~ir5z",":created_at":"2019-08-20T12:51:30.666Z",":updated_at":"2019-08-20T12:51:31.403Z","genus":"Styrax","species":"japonicus","common_name":"Japanese snowbell","street_number":"4019","street_name":"Newport Ave","site":"5M","delivered":"2018-01-10T00:00:00.000","completed":"2018-01-16T00:00:00.000","estimated_canopy_coverage":"706.858347","source":"City Nursery","program_year":"2018",":@computed_region_x6fk_ihs5":"19",":@computed_region_b3ci_nw94":"21",":@computed_region_38t5_wna6":"21",":@computed_region_25t2_rbz7":"2943"}},
{"type":"Feature","geometry":{"type":"Point","coordinates":[-76.243262,36.937748]},"properties":{":id":"row-yzat~ipak.e8sr",":version":"rv-2ktt_ds4w-33f9",":created_at":"2019-08-20T12:51:30.666Z",":updated_at":"2019-08-20T12:51:31.403Z","genus":"Quercus","species":"prinoides","common_name":"Dwarf chinquapin oak","street_number":"8817","street_name":"Plymouth St","site":"2F","delivered":"2018-02-20T00:00:00.000","completed":"2018-02-22T00:00:00.000","estimated_canopy_coverage":"153.93804","source":"City Nursery","program_year":"2018",":@computed_region_x6fk_ihs5":"103",":@computed_region_b3ci_nw94":"103",":@computed_region_38t5_wna6":"103",":@computed_region_25t2_rbz7":"2943"}},
{"type":"Feature","geometry":{"type":"Point","coordinates":[-76.190846,36.875803]},"properties":{":id":"row-6gig.hmqq_6mc4",":version":"rv-v9st-evtd.xhkz",":created_at":"2019-08-20T12:51:30.666Z",":updated_at":"2019-08-20T12:51:31.403Z","genus":"Cercis","species":"canadensis 'Merlot'","common_name":"Merlot redbud","street_number":"1585","street_name":"Weslyan Dr","site":"2FL","delivered":"2018-11-21T00:00:00.000","completed":"2018-12-14T00:00:00.000","estimated_canopy_coverage":"490.873852","source":"City Nursery","program_year":"2019",":@computed_region_x6fk_ihs5":"128",":@computed_region_b3ci_nw94":"128",":@computed_region_38t5_wna6":"128",":@computed_region_25t2_rbz7":"2943"}},
{"type":"Feature","geometry":{"type":"Point","coordinates":[-76.264829,36.962136]},"properties":{":id":"row-i6eb.3ya9~87tk",":version":"rv-b9p7-wvxc-cu5i",":created_at":"2019-08-20T12:51:30.666Z",":updated_at":"2019-08-20T12:51:31.403Z","genus":"Quercus","species":"virginiana","common_name":"Live oak","street_number":"543","street_name":"W. Ocean View Ave","site":"7M","delivered":"2019-02-07T00:00:00.000","completed":"2019-02-13T00:00:00.000","estimated_canopy_coverage":"6361.72512","source":"City Nursery","program_year":"2019",":@computed_region_x6fk_ihs5":"98",":@computed_region_b3ci_nw94":"31",":@computed_region_38t5_wna6":"31",":@computed_region_25t2_rbz7":"2943"}},
{"type":"Feature","geometry":{"type":"Point","coordinates":[-76.232701,36.934134]},"properties":{":id":"row-ew58.tq9k~fhgt",":version":"rv-xd3e~h5fw~cbgb",":created_at":"2019-08-20T12:51:30.666Z",":updated_at":"2019-08-20T12:51:31.403Z","genus":"Quercus","species":"bicolor","common_name":"Bicolor oak","street_number":"1611","street_name":"Croyden Rd","site":"2S","delivered":"2019-02-08T00:00:00.000","completed":"2019-02-13T00:00:00.000","estimated_canopy_coverage":"3846","source":"City Nursery","program_year":"2019",":@computed_region_x6fk_ihs5":"103",":@computed_region_b3ci_nw94":"103",":@computed_region_38t5_wna6":"103",":@computed_region_25t2_rbz7":"2943"}},
{"type":"Feature","geometry":{"type":"Point","coordinates":[-76.298293,36.85773]},"properties":{":id":"row-67qf.e27q.sabu",":version":"rv-s4tq_92pa-2p5e",":created_at":"2019-08-20T12:51:30.666Z",":updated_at":"2019-08-20T12:51:31.403Z","genus":"Quercus","species":"geminata","common_name":"Sand live oak","street_number":"530","street_name":"Pembroke Ave","site":"2F","delivered":"2018-11-26T00:00:00.000","completed":"2018-11-28T00:00:00.000","estimated_canopy_coverage":"2826","source":"City Nursery","program_year":"2019",":@computed_region_x6fk_ihs5":"33",":@computed_region_b3ci_nw94":"38",":@computed_region_38t5_wna6":"38",":@computed_region_25t2_rbz7":"2943"}},
{"type":"Feature","geometry":{"type":"Point","coordinates":[-76.239662,36.894947]},"properties":{":id":"row-ui92-9es5~9nzv",":version":"rv-tx8v_ccxg~dupe",":created_at":"2019-08-20T12:51:30.666Z",":updated_at":"2019-08-20T12:51:31.403Z","genus":"Taxodium","species":"distichum 'Shawnee Brave'","common_name":"Shawnee Brave bald cypress","street_number":"6331","street_name":"Sewells Point Rd","site":"22SC","delivered":"2018-01-31T00:00:00.000","completed":"2018-02-07T00:00:00.000","estimated_canopy_coverage":"490.873852","source":"City Nursery","program_year":"2018",":@computed_region_x6fk_ihs5":null,":@computed_region_b3ci_nw94":null,":@computed_region_38t5_wna6":null,":@computed_region_25t2_rbz7":"2943"}},
{"type":"Feature","geometry":{"type":"Point","coordinates":[-76.290134,36.87736]},"properties":{":id":"row-ptsp~59p7_x6v9",":version":"rv-iiaj~a7ar.u7x8",":created_at":"2019-08-20T12:51:30.666Z",":updated_at":"2019-08-20T12:51:31.403Z","genus":"Prunus","species":"yeodensis","common_name":"Yoshino cherry","street_number":"535","street_name":"34th St","site":"1M","delivered":"2017-12-12T00:00:00.000","completed":"2018-01-10T00:00:00.000","estimated_canopy_coverage":"1256.63706","source":"City Nursery","program_year":"2018",":@computed_region_x6fk_ihs5":"72",":@computed_region_b3ci_nw94":"78",":@computed_region_38t5_wna6":"78",":@computed_region_25t2_rbz7":"2943"}},
{"type":"Feature","geometry":{"type":"Point","coordinates":[-76.29285400000002,36.86767]},"properties":{":id":"row-5se3~jsh7_yj8h",":version":"rv-dbnf~w653-4p9i",":created_at":"2019-08-20T12:51:30.666Z",":updated_at":"2019-08-20T12:51:31.403Z","genus":"Acer","species":"barbatum","common_name":"Florida maple","street_number":"502","street_name":"Washington Park","site":"4M","delivered":"2018-11-13T00:00:00.000","completed":"2018-11-20T00:00:00.000","estimated_canopy_coverage":"1256.63706","source":"City Nursery","program_year":"2019",":@computed_region_x6fk_ihs5":"33",":@computed_region_b3ci_nw94":"38",":@computed_region_38t5_wna6":"38",":@computed_region_25t2_rbz7":"2943"}},
{"type":"Feature","geometry":{"type":"Point","coordinates":[-76.289797,36.856207]},"properties":{":id":"row-evum-hyxp.2rum",":version":"rv-sp6p.gqyg_7rja",":created_at":"2019-08-20T12:51:30.666Z",":updated_at":"2019-08-20T12:51:31.403Z","genus":"Taxodium","species":"ascendens","common_name":"Pond cypress","street_number":"138","street_name":"W Olney Rd","site":"2P","delivered":"2017-10-13T00:00:00.000","completed":"2017-10-13T00:00:00.000","estimated_canopy_coverage":"490.873852","source":"City Nursery","program_year":"2018",":@computed_region_x6fk_ihs5":"22",":@computed_region_b3ci_nw94":"26",":@computed_region_38t5_wna6":"26",":@computed_region_25t2_rbz7":"2943"}},
{"type":"Feature","geometry":{"type":"Point","coordinates":[-76.264249,36.887922]},"properties":{":id":"row-ns4y~dsdj-cydu",":version":"rv-5kme.vc6c_rd4g",":created_at":"2019-08-20T12:51:30.666Z",":updated_at":"2019-08-20T12:51:31.403Z","genus":"Salix","species":"matsudana","common_name":"Corkscrew willow","street_number":"1612","street_name":"Willow Wood Dr","site":"6FL","delivered":"2019-02-07T00:00:00.000","completed":"2019-02-08T00:00:00.000","estimated_canopy_coverage":"314","source":"City Nursery","program_year":"2019",":@computed_region_x6fk_ihs5":"122",":@computed_region_b3ci_nw94":"122",":@computed_region_38t5_wna6":"122",":@computed_region_25t2_rbz7":"2943"}},
{"type":"Feature","geometry":{"type":"Point","coordinates":[-76.21544300000001,36.877984000000005]},"properties":{":id":"row-934w-2bvr_j6gr",":version":"rv-aftq_7fs9-egix",":created_at":"2019-08-20T12:51:30.666Z",":updated_at":"2019-08-20T12:51:31.403Z","genus":"Acer","species":"barbatum","common_name":"Florida maple","street_number":"2410","street_name":"Almeda Ave","site":"1FL","delivered":"2019-01-02T00:00:00.000","completed":"2019-01-07T00:00:00.000","estimated_canopy_coverage":"1256.63706","source":"City Nursery","program_year":"2019",":@computed_region_x6fk_ihs5":"31",":@computed_region_b3ci_nw94":"36",":@computed_region_38t5_wna6":"36",":@computed_region_25t2_rbz7":"2943"}},
{"type":"Feature","geometry":{"type":"Point","coordinates":[-76.314457,36.913393]},"properties":{":id":"row-tf4b.j7ni_y2j4",":version":"rv-ejnf_tc5w_kj9q",":created_at":"2019-08-20T12:51:30.666Z",":updated_at":"2019-08-20T12:51:31.403Z","genus":"Platanus","species":"mexicana","common_name":"Mexican sycamore","street_number":"1511","street_name":"Cloncurry Rd","site":"2S","delivered":"2017-10-18T00:00:00.000","completed":"2017-10-30T00:00:00.000","estimated_canopy_coverage":"1256.63706","source":"Purchased","program_year":"2018",":@computed_region_x6fk_ihs5":"52",":@computed_region_b3ci_nw94":"58",":@computed_region_38t5_wna6":"58",":@computed_region_25t2_rbz7":"2943"}},
{"type":"Feature","geometry":{"type":"Point","coordinates":[-76.306143,36.915998]},"properties":{":id":"row-5xue~qrw4-t6sb",":version":"rv-ib7x-5rcf-9uie",":created_at":"2019-08-20T12:51:30.666Z",":updated_at":"2019-08-20T12:51:31.403Z","genus":"Halesia","species":"diptera","common_name":"Two-winged silverbell","street_number":"1625","street_name":"W Little Creek Rd","site":"3P","delivered":"2018-12-03T00:00:00.000","completed":"2018-12-05T00:00:00.000","estimated_canopy_coverage":"706.5","source":"City Nursery","program_year":"2019",":@computed_region_x6fk_ihs5":"63",":@computed_region_b3ci_nw94":"72",":@computed_region_38t5_wna6":"72",":@computed_region_25t2_rbz7":"2943"}},
{"type":"Feature","geometry":{"type":"Point","coordinates":[-76.239567,36.894818]},"properties":{":id":"row-k8ws-rdjv-nrds",":version":"rv-5u4q-ctzz_pm6y",":created_at":"2019-08-20T12:51:30.666Z",":updated_at":"2019-08-20T12:51:31.403Z","genus":"Taxodium","species":"distichum 'Shawnee Brave'","common_name":"Shawnee Brave bald cypress","street_number":"6326","street_name":"Sewells Point Rd","site":"17SC","delivered":"2018-01-31T00:00:00.000","completed":"2018-02-07T00:00:00.000","estimated_canopy_coverage":"490.873852","source":"City Nursery","program_year":"2018",":@computed_region_x6fk_ihs5":null,":@computed_region_b3ci_nw94":null,":@computed_region_38t5_wna6":null,":@computed_region_25t2_rbz7":"2943"}},
{"type":"Feature","geometry":{"type":"Point","coordinates":[-76.289695,36.967072]},"properties":{":id":"row-rtga.k389_qein",":version":"rv-7pdg.xbmc-43ae",":created_at":"2019-08-20T12:51:30.666Z",":updated_at":"2019-08-20T12:51:31.403Z","genus":"Taxodium","species":"distichum","common_name":"Bald cypress","street_number":"1349","street_name":"W. Ocean View Ave","site":"6M","delivered":"2019-01-02T00:00:00.000","completed":"2019-02-13T00:00:00.000","estimated_canopy_coverage":"490.873852","source":"City Nursery","program_year":"2019",":@computed_region_x6fk_ihs5":"98",":@computed_region_b3ci_nw94":"31",":@computed_region_38t5_wna6":"31",":@computed_region_25t2_rbz7":null}},
{"type":"Feature","geometry":{"type":"Point","coordinates":[-76.217124,36.88066]},"properties":{":id":"row-d973_7zdk-naeb",":version":"rv-h8bi_c5qs_fix7",":created_at":"2019-08-20T12:51:30.666Z",":updated_at":"2019-08-20T12:51:31.403Z","genus":"Prunus","species":"yeodensis","common_name":"Yoshino cherry","street_number":"2630","street_name":"Almeda Ave","site":"7FL","delivered":"2018-11-26T00:00:00.000","completed":"2018-11-29T00:00:00.000","estimated_canopy_coverage":"1256.63706","source":"City Nursery","program_year":"2019",":@computed_region_x6fk_ihs5":"31",":@computed_region_b3ci_nw94":"36",":@computed_region_38t5_wna6":"36",":@computed_region_25t2_rbz7":"2943"}},
{"type":"Feature","geometry":{"type":"Point","coordinates":[-76.234135,36.927341]},"properties":{":id":"row-32u5.4usp-svqj",":version":"rv-b3az-h6ng~bhau",":created_at":"2019-08-20T12:51:30.666Z",":updated_at":"2019-08-20T12:51:31.403Z","genus":"Quercus","species":"prinoides","common_name":"Dwarf chinquapin oak","street_number":"1630","street_name":"Tallwood St","site":"1F","delivered":"2019-01-07T00:00:00.000","completed":"2019-02-13T00:00:00.000","estimated_canopy_coverage":"153.93804","source":"City Nursery","program_year":"2019",":@computed_region_x6fk_ihs5":"84",":@computed_region_b3ci_nw94":"89",":@computed_region_38t5_wna6":"89",":@computed_region_25t2_rbz7":"2943"}},
{"type":"Feature","geometry":{"type":"Point","coordinates":[-76.217909,36.864908]},"properties":{":id":"row-szcz_z26n-yjn2",":version":"rv-sws5_ivh9~2rcp",":created_at":"2019-08-20T12:51:30.666Z",":updated_at":"2019-08-20T12:51:31.403Z","genus":"Chionanthus","species":"retusus","common_name":"Chinese fringetree","street_number":"1188","street_name":"Lance Rd","site":"10B","delivered":"2017-12-12T00:00:00.000","completed":"2018-02-06T00:00:00.000","estimated_canopy_coverage":"176.714587","source":"City Nursery","program_year":"2018",":@computed_region_x6fk_ihs5":"128",":@computed_region_b3ci_nw94":"128",":@computed_region_38t5_wna6":"128",":@computed_region_25t2_rbz7":"2943"}},
{"type":"Feature","geometry":{"type":"Point","coordinates":[-76.204436,36.838596]},"properties":{":id":"row-t7d8-vimx-9puj",":version":"rv-rfip_2bf5_8yqs",":created_at":"2019-08-20T12:51:30.666Z",":updated_at":"2019-08-20T12:51:31.403Z","genus":"Cercis","species":"canadensis","common_name":"Redbud","street_number":"5830","street_name":"Sellger Dr","site":"3M","delivered":"2017-12-12T00:00:00.000","completed":"2017-12-13T00:00:00.000","estimated_canopy_coverage":"490.873852","source":"City Nursery","program_year":"2018",":@computed_region_x6fk_ihs5":"128",":@computed_region_b3ci_nw94":"128",":@computed_region_38t5_wna6":"128",":@computed_region_25t2_rbz7":"2943"}},
{"type":"Feature","geometry":{"type":"Point","coordinates":[-76.228446,36.868434]},"properties":{":id":"row-7v9t.4jut-btng",":version":"rv-7kmb-c7jb~jvr6",":created_at":"2019-08-20T12:51:30.666Z",":updated_at":"2019-08-20T12:51:31.403Z","genus":"Betula","species":"nigra 'Heritage'","common_name":"Heritage river birch","street_number":"4830","street_name":"E Princess Anne Rd","site":"3M","delivered":"2017-11-27T00:00:00.000","completed":"2017-11-29T00:00:00.000","estimated_canopy_coverage":"962.11275","source":"City Nursery","program_year":"2018",":@computed_region_x6fk_ihs5":"31",":@computed_region_b3ci_nw94":"36",":@computed_region_38t5_wna6":"36",":@computed_region_25t2_rbz7":"2943"}},
{"type":"Feature","geometry":{"type":"Point","coordinates":[-76.202159,36.855598]},"properties":{":id":"row-b88e~5wmz~a5j9",":version":"rv-w5ed_c9x4~3ivw",":created_at":"2019-08-20T12:51:30.666Z",":updated_at":"2019-08-20T12:51:31.403Z","genus":"Ginkgo","species":"biloba 'Shangri-La'","common_name":"Ginkgo","street_number":"5930","street_name":"E Virginia Beach Blvd","site":"2M","delivered":"2017-11-22T00:00:00.000","completed":"2017-11-28T00:00:00.000","estimated_canopy_coverage":"1256.63706","source":"City Nursery","program_year":"2018",":@computed_region_x6fk_ihs5":"128",":@computed_region_b3ci_nw94":"128",":@computed_region_38t5_wna6":"128",":@computed_region_25t2_rbz7":"2943"}},
{"type":"Feature","geometry":{"type":"Point","coordinates":[-76.284587,36.874458]},"properties":{":id":"row-xnsh.ejr3~sk4u",":version":"rv-zh6c~4akv-x3he",":created_at":"2019-08-20T12:51:30.666Z",":updated_at":"2019-08-20T12:51:31.403Z","genus":"Lagerstroemia","species":"indica x fauriei 'Natchez'","common_name":"Natchez crape myrtle","street_number":"223","street_name":"W 30th St","site":"1F","delivered":"2017-10-26T00:00:00.000","completed":"2017-11-01T00:00:00.000","estimated_canopy_coverage":"314.159265","source":"City Nursery","program_year":"2018",":@computed_region_x6fk_ihs5":"72",":@computed_region_b3ci_nw94":"78",":@computed_region_38t5_wna6":"78",":@computed_region_25t2_rbz7":"2943"}},
{"type":"Feature","geometry":{"type":"Point","coordinates":[-76.295146,36.888792]},"properties":{":id":"row-82ih_6qqy-2jfy",":version":"rv-u8rh_m3f7.jm5j",":created_at":"2019-08-20T12:51:30.666Z",":updated_at":"2019-08-20T12:51:31.403Z","genus":"Sassafras","species":"albidum","common_name":"Sassafras","street_number":"5000","street_name":"Colley Ave","site":"2S","delivered":"2018-12-12T00:00:00.000","completed":"2019-01-08T00:00:00.000","estimated_canopy_coverage":"452.389342","source":"City Nursery","program_year":"2019",":@computed_region_x6fk_ihs5":"40",":@computed_region_b3ci_nw94":"44",":@computed_region_38t5_wna6":"44",":@computed_region_25t2_rbz7":"2943"}},
{"type":"Feature","geometry":{"type":"Point","coordinates":[-76.270202,36.877699]},"properties":{":id":"row-gv46-sahs.rh2w",":version":"rv-efvw-q4mq_xvvn",":created_at":"2019-08-20T12:51:30.666Z",":updated_at":"2019-08-20T12:51:31.403Z","genus":"Cercis","species":"canadensis","common_name":"Redbud","street_number":"3031","street_name":"Luxemburg Ave","site":"2F","delivered":"2018-01-24T00:00:00.000","completed":"2018-01-26T00:00:00.000","estimated_canopy_coverage":"490.873852","source":"City Nursery","program_year":"2018",":@computed_region_x6fk_ihs5":"122",":@computed_region_b3ci_nw94":"122",":@computed_region_38t5_wna6":"122",":@computed_region_25t2_rbz7":"2943"}},
{"type":"Feature","geometry":{"type":"Point","coordinates":[-76.29342700000001,36.874271]},"properties":{":id":"row-ztc6-tjqu_w6gk",":version":"rv-d4zz-yjj8-udpc",":created_at":"2019-08-20T12:51:30.666Z",":updated_at":"2019-08-20T12:51:31.403Z","genus":"Cercis","species":"canadensis","common_name":"Redbud","street_number":"2608","street_name":"Gosnold Ave","site":"2P","delivered":"2018-02-02T00:00:00.000","completed":"2018-02-05T00:00:00.000","estimated_canopy_coverage":"490.873852","source":"City Nursery","program_year":"2018",":@computed_region_x6fk_ihs5":"128",":@computed_region_b3ci_nw94":"128",":@computed_region_38t5_wna6":"128",":@computed_region_25t2_rbz7":"2943"}},
{"type":"Feature","geometry":{"type":"Point","coordinates":[-76.290054,36.845811]},"properties":{":id":"row-ju86_9ksw-qk7n",":version":"rv-xhrb_82qp.c5vu",":created_at":"2019-08-20T12:51:30.666Z",":updated_at":"2019-08-20T12:51:31.403Z","genus":"Ilex","species":"x attenuata","common_name":"East Palatka holly","street_number":"321","street_name":"E Main St","site":"5F","delivered":"2018-01-31T00:00:00.000","completed":"2018-02-01T00:00:00.000","estimated_canopy_coverage":"176.714587","source":"City Nursery","program_year":"2018",":@computed_region_x6fk_ihs5":"22",":@computed_region_b3ci_nw94":"26",":@computed_region_38t5_wna6":"26",":@computed_region_25t2_rbz7":"2943"}},
{"type":"Feature","geometry":{"type":"Point","coordinates":[-76.255494,36.849314]},"properties":{":id":"row-f4ap.2fny_iiia",":version":"rv-upju~7cn7-pntq",":created_at":"2019-08-20T12:51:30.666Z",":updated_at":"2019-08-20T12:51:31.403Z","genus":"Ostrya","species":"virginiana","common_name":"Hophornbeam","street_number":"2724","street_name":"Park Cres","site":"12P","delivered":"2017-11-16T00:00:00.000","completed":"2017-12-12T00:00:00.000","estimated_canopy_coverage":"706.858347","source":"City Nursery","program_year":"2018",":@computed_region_x6fk_ihs5":"56",":@computed_region_b3ci_nw94":"63",":@computed_region_38t5_wna6":"63",":@computed_region_25t2_rbz7":"2943"}},
{"type":"Feature","geometry":{"type":"Point","coordinates":[-76.294328,36.866005]},"properties":{":id":"row-nng6_8p2f~n55g",":version":"rv-km5q_b88s_87xe",":created_at":"2019-08-20T12:51:30.666Z",":updated_at":"2019-08-20T12:51:31.403Z","genus":"Ostrya","species":"virginiana","common_name":"Hophornbeam","street_number":"1411","street_name":"Stockley Gdns","site":"1M","delivered":"2019-01-22T00:00:00.000","completed":"2019-01-28T00:00:00.000","estimated_canopy_coverage":"706.858347","source":"City Nursery","program_year":"2019",":@computed_region_x6fk_ihs5":"33",":@computed_region_b3ci_nw94":"38",":@computed_region_38t5_wna6":"38",":@computed_region_25t2_rbz7":"2943"}},
{"type":"Feature","geometry":{"type":"Point","coordinates":[-76.300641,36.89142]},"properties":{":id":"row-i8sy~yr3e~7w7a",":version":"rv-7pnk.zhbf.zumf",":created_at":"2019-08-20T12:51:30.666Z",":updated_at":"2019-08-20T12:51:31.403Z","genus":"Taxodium","species":"distichum","common_name":"Bald cypress","street_number":"1145","street_name":"Bolling Ave","site":"24SC","delivered":"2017-12-04T00:00:00.000","completed":"2017-12-14T00:00:00.000","estimated_canopy_coverage":"490.873852","source":"City Nursery","program_year":"2018",":@computed_region_x6fk_ihs5":"49",":@computed_region_b3ci_nw94":"54",":@computed_region_38t5_wna6":"54",":@computed_region_25t2_rbz7":"2943"}},
{"type":"Feature","geometry":{"type":"Point","coordinates":[-76.218659,36.905957]},"properties":{":id":"row-e8tu~v36g~y7ej",":version":"rv-xx77~ingt-4rys",":created_at":"2019-08-20T12:51:30.666Z",":updated_at":"2019-08-20T12:51:31.403Z","genus":"Styrax","species":"americanus","common_name":"American snowbell","street_number":"1951","street_name":"Paddock Rd","site":"7M","delivered":"2018-12-18T00:00:00.000","completed":"2018-12-18T00:00:00.000","estimated_canopy_coverage":"706","source":"City Nursery","program_year":"2019",":@computed_region_x6fk_ihs5":"54",":@computed_region_b3ci_nw94":"60",":@computed_region_38t5_wna6":"60",":@computed_region_25t2_rbz7":"2943"}},
{"type":"Feature","geometry":{"type":"Point","coordinates":[-76.3152,36.927669]},"properties":{":id":"row-iapu_7wbk_ikkd",":version":"rv-26ir-gpaa-htwi",":created_at":"2019-08-20T12:51:30.666Z",":updated_at":"2019-08-20T12:51:31.403Z","genus":"Lagerstroemia","species":"indica x fauriei 'Tuscarora'","common_name":"Tuscarora crape myrtle","street_number":"138","street_name":"Glendale Ave","site":"2S","delivered":"2017-12-28T00:00:00.000","completed":"2018-01-16T00:00:00.000","estimated_canopy_coverage":"314.159265","source":"Purchased","program_year":"2018",":@computed_region_x6fk_ihs5":"37",":@computed_region_b3ci_nw94":"42",":@computed_region_38t5_wna6":"42",":@computed_region_25t2_rbz7":"2943"}},
{"type":"Feature","geometry":{"type":"Point","coordinates":[-76.300641,36.89142]},"properties":{":id":"row-qx6i_8pb3-tu5m",":version":"rv-uyrw.mf2u~4vm5",":created_at":"2019-08-20T12:51:30.666Z",":updated_at":"2019-08-20T12:51:31.403Z","genus":"Quercus","species":"phellos","common_name":"Willow oak","street_number":"1145","street_name":"Bolling Ave","site":"18SC","delivered":"2017-12-06T00:00:00.000","completed":"2017-12-14T00:00:00.000","estimated_canopy_coverage":"1963.49541","source":"City Nursery","program_year":"2018",":@computed_region_x6fk_ihs5":"49",":@computed_region_b3ci_nw94":"54",":@computed_region_38t5_wna6":"54",":@computed_region_25t2_rbz7":"2943"}},
{"type":"Feature","geometry":{"type":"Point","coordinates":[-76.264963,36.89892]},"properties":{":id":"row-c895_crfh~bjcy",":version":"rv-8gh3-e3w3~4fws",":created_at":"2019-08-20T12:51:30.666Z",":updated_at":"2019-08-20T12:51:31.403Z","genus":"Asminia","species":"triloba","common_name":"Pawpaw","street_number":"535","street_name":"Garren Ave","site":"2FL","delivered":"2018-12-03T00:00:00.000","completed":"2018-12-05T00:00:00.000","estimated_canopy_coverage":"706.5","source":"City Nursery","program_year":"2019",":@computed_region_x6fk_ihs5":"79",":@computed_region_b3ci_nw94":"84",":@computed_region_38t5_wna6":"84",":@computed_region_25t2_rbz7":"2943"}},
{"type":"Feature","geometry":{"type":"Point","coordinates":[-76.255706,36.883275]},"properties":{":id":"row-2jx6_jumk_ytvt",":version":"rv-yxmu_s6cw-ywrg",":created_at":"2019-08-20T12:51:30.666Z",":updated_at":"2019-08-20T12:51:31.403Z","genus":"Cercis","species":"canadensis 'Merlot'","common_name":"Merlot redbud","street_number":"3533","street_name":"Brest Ave","site":"5S","delivered":"2017-12-04T00:00:00.000","completed":"2017-12-06T00:00:00.000","estimated_canopy_coverage":"490.873852","source":"City Nursery","program_year":"2018",":@computed_region_x6fk_ihs5":"29",":@computed_region_b3ci_nw94":"29",":@computed_region_38t5_wna6":"29",":@computed_region_25t2_rbz7":"2943"}},
{"type":"Feature","geometry":{"type":"Point","coordinates":[-76.250954,36.847778]},"properties":{":id":"row-u8ck_fg88-5jst",":version":"rv-e43w.e5k7_6x5d",":created_at":"2019-08-20T12:51:30.666Z",":updated_at":"2019-08-20T12:51:31.403Z","genus":"Cercis","species":"canadensis 'Merlot'","common_name":"Merlot redbud","street_number":"3025","street_name":"N Lakebridge Rd","site":"3P","delivered":"2017-10-30T00:00:00.000","completed":"2017-11-01T00:00:00.000","estimated_canopy_coverage":"490.873852","source":"City Nursery","program_year":"2018",":@computed_region_x6fk_ihs5":"88",":@computed_region_b3ci_nw94":"17",":@computed_region_38t5_wna6":"17",":@computed_region_25t2_rbz7":"2943"}},
{"type":"Feature","geometry":{"type":"Point","coordinates":[-76.231659,36.904635]},"properties":{":id":"row-uemn-74ju~9dgc",":version":"rv-awbv_ab5m_69y7",":created_at":"2019-08-20T12:51:30.666Z",":updated_at":"2019-08-20T12:51:31.403Z","genus":"Ostrya","species":"virginiana","common_name":"Hophornbeam","street_number":"1454","street_name":"Arbor Ave","site":"1M","delivered":"2017-11-09T00:00:00.000","completed":"2017-11-17T00:00:00.000","estimated_canopy_coverage":"706.858347","source":"City Nursery","program_year":"2018",":@computed_region_x6fk_ihs5":"55",":@computed_region_b3ci_nw94":"62",":@computed_region_38t5_wna6":"62",":@computed_region_25t2_rbz7":"2943"}},
{"type":"Feature","geometry":{"type":"Point","coordinates":[-76.180552,36.854498]},"properties":{":id":"row-56jy.gpnm~q2y9",":version":"rv-3z4t-4vpj_349g",":created_at":"2019-08-20T12:51:30.666Z",":updated_at":"2019-08-20T12:51:31.403Z","genus":"Nyssa","species":"sylvatica","common_name":"Black tupelo","street_number":"6659","street_name":"E Virginia Beach Blvd","site":"2M","delivered":"2017-11-09T00:00:00.000","completed":"2017-11-14T00:00:00.000","estimated_canopy_coverage":"962.11275","source":"City Nursery","program_year":"2018",":@computed_region_x6fk_ihs5":"128",":@computed_region_b3ci_nw94":"128",":@computed_region_38t5_wna6":"128",":@computed_region_25t2_rbz7":"2943"}},
{"type":"Feature","geometry":{"type":"Point","coordinates":[-76.267621,36.829706]},"properties":{":id":"row-gmke-9xv4_vyng",":version":"rv-cgpx.ksu8-4cy6",":created_at":"2019-08-20T12:51:30.666Z",":updated_at":"2019-08-20T12:51:31.403Z","genus":"Prunus","species":"yeodensis","common_name":"Yoshino cherry","street_number":"1130","street_name":"Leake St","site":"1B","delivered":"2017-11-22T00:00:00.000","completed":"2017-11-27T00:00:00.000","estimated_canopy_coverage":"1256.63706","source":"City Nursery","program_year":"2018",":@computed_region_x6fk_ihs5":"15",":@computed_region_b3ci_nw94":"13",":@computed_region_38t5_wna6":"13",":@computed_region_25t2_rbz7":"2943"}},
{"type":"Feature","geometry":{"type":"Point","coordinates":[-76.292785,36.849782]},"properties":{":id":"row-xz7s~zb6h-rd6p",":version":"rv-invu-v7ic~pqrx",":created_at":"2019-08-20T12:51:30.666Z",":updated_at":"2019-08-20T12:51:31.403Z","genus":"Ulmus","species":"parvifolia 'Bosque'","common_name":"Bosque elm","street_number":"201","street_name":"W Tazewell St","site":"5S","delivered":"2017-11-22T00:00:00.000","completed":"2017-11-29T00:00:00.000","estimated_canopy_coverage":"706.858347","source":"Purchased","program_year":"2018",":@computed_region_x6fk_ihs5":"32",":@computed_region_b3ci_nw94":"37",":@computed_region_38t5_wna6":"37",":@computed_region_25t2_rbz7":"2943"}},
{"type":"Feature","geometry":{"type":"Point","coordinates":[-76.280593,36.881978]},"properties":{":id":"row-kuvw-8zbq.xjny",":version":"rv-s4wr-ijrt_5xbd",":created_at":"2019-08-20T12:51:30.666Z",":updated_at":"2019-08-20T12:51:31.403Z","genus":"Quercus","species":"prinoides","common_name":"Dwarf chinquapin oak","street_number":"127","street_name":"E. 39th St","site":"2F","delivered":"2019-01-02T00:00:00.000","completed":"2019-01-07T00:00:00.000","estimated_canopy_coverage":"153.93804","source":"City Nursery","program_year":"2019",":@computed_region_x6fk_ihs5":"19",":@computed_region_b3ci_nw94":"21",":@computed_region_38t5_wna6":"21",":@computed_region_25t2_rbz7":"2943"}},
{"type":"Feature","geometry":{"type":"Point","coordinates":[-76.257431,36.870493]},"properties":{":id":"row-tu5a_qird.2awq",":version":"rv-yhsk_7ftf-q59i",":created_at":"2019-08-20T12:51:30.666Z",":updated_at":"2019-08-20T12:51:31.403Z","genus":"Quercus","species":"laurifolia","common_name":"Laurel oak","street_number":"2820","street_name":"Chesapeake Blvd","site":"16FL","delivered":"2018-01-26T00:00:00.000","completed":"2018-02-01T00:00:00.000","estimated_canopy_coverage":"2827.43339","source":"City Nursery","program_year":"2018",":@computed_region_x6fk_ihs5":"3",":@computed_region_b3ci_nw94":"3",":@computed_region_38t5_wna6":"3",":@computed_region_25t2_rbz7":"2943"}},
{"type":"Feature","geometry":{"type":"Point","coordinates":[-76.297901,36.857541]},"properties":{":id":"row-utfj~mcd4_93tx",":version":"rv-ema3.bb7d~ay5w",":created_at":"2019-08-20T12:51:30.666Z",":updated_at":"2019-08-20T12:51:31.403Z","genus":"Chionanthus","species":"retusus","common_name":"Chinese fringetree","street_number":"518","street_name":"Pembroke Ave","site":"2F","delivered":"2017-11-29T00:00:00.000","completed":"2017-12-18T00:00:00.000","estimated_canopy_coverage":"176.714587","source":"City Nursery","program_year":"2018",":@computed_region_x6fk_ihs5":"33",":@computed_region_b3ci_nw94":"38",":@computed_region_38t5_wna6":"38",":@computed_region_25t2_rbz7":"2943"}},
{"type":"Feature","geometry":{"type":"Point","coordinates":[-76.257431,36.870493]},"properties":{":id":"row-myed_q6qi~7krq",":version":"rv-8vbg~ws52~s5da",":created_at":"2019-08-20T12:51:30.666Z",":updated_at":"2019-08-20T12:51:31.403Z","genus":"Taxodium","species":"distichum 'Shawnee Brave'","common_name":"Shawnee Brave bald cypress","street_number":"2820","street_name":"Chesapeake Blvd","site":"33FL","delivered":"2018-01-31T00:00:00.000","completed":"2018-02-01T00:00:00.000","estimated_canopy_coverage":"490.873852","source":"City Nursery","program_year":"2018",":@computed_region_x6fk_ihs5":"3",":@computed_region_b3ci_nw94":"3",":@computed_region_38t5_wna6":"3",":@computed_region_25t2_rbz7":"2943"}},
{"type":"Feature","geometry":{"type":"Point","coordinates":[-76.293149,36.879357]},"properties":{":id":"row-m8fe.iqnb.dmzs",":version":"rv-sd9y~murm.zirq",":created_at":"2019-08-20T12:51:30.666Z",":updated_at":"2019-08-20T12:51:31.403Z","genus":"Ulmus","species":"alata","common_name":"Winged elm","street_number":"709","street_name":"37th St","site":"1F","delivered":"2019-01-15T00:00:00.000","completed":"2019-01-23T00:00:00.000","estimated_canopy_coverage":"1256","source":"City Nursery","program_year":"2019",":@computed_region_x6fk_ihs5":"46",":@computed_region_b3ci_nw94":"51",":@computed_region_38t5_wna6":"51",":@computed_region_25t2_rbz7":"2943"}},
{"type":"Feature","geometry":{"type":"Point","coordinates":[-76.293803,36.86706]},"properties":{":id":"row-8t3z-q9v6-qdsw",":version":"rv-pe6p-6bga-m4b8",":created_at":"2019-08-20T12:51:30.666Z",":updated_at":"2019-08-20T12:51:31.403Z","genus":"Quercus","species":"phellos","common_name":"Willow oak","street_number":"522","street_name":"Spotswood Ave","site":"1F","delivered":"2017-12-06T00:00:00.000","completed":"2017-12-19T00:00:00.000","estimated_canopy_coverage":"1963.49541","source":"City Nursery","program_year":"2018",":@computed_region_x6fk_ihs5":"33",":@computed_region_b3ci_nw94":"38",":@computed_region_38t5_wna6":"38",":@computed_region_25t2_rbz7":"2943"}},
{"type":"Feature","geometry":{"type":"Point","coordinates":[-76.255494,36.849314]},"properties":{":id":"row-jfmt~9nh4_v82s",":version":"rv-nsey.2ktm_rwmy",":created_at":"2019-08-20T12:51:30.666Z",":updated_at":"2019-08-20T12:51:31.403Z","genus":"Cercis","species":"canadensis 'Forest Pansy'","common_name":"Forest Pansy redbud","street_number":"2724","street_name":"Park Cres","site":"1P","delivered":"2017-12-12T00:00:00.000","completed":"2018-01-30T00:00:00.000","estimated_canopy_coverage":"490.873852","source":"City Nursery","program_year":"2018",":@computed_region_x6fk_ihs5":"56",":@computed_region_b3ci_nw94":"63",":@computed_region_38t5_wna6":"63",":@computed_region_25t2_rbz7":"2943"}},
{"type":"Feature","geometry":{"type":"Point","coordinates":[-76.252164,36.877428]},"properties":{":id":"row-84bv-snjp_bgwh",":version":"rv-mzhg_kwy6-38t8",":created_at":"2019-08-20T12:51:30.666Z",":updated_at":"2019-08-20T12:51:31.403Z","genus":"Ulmus","species":"alata","common_name":"Winged elm","street_number":"3310","street_name":"Cromwell Dr","site":"1M","delivered":"2019-01-15T00:00:00.000","completed":"2019-03-01T00:00:00.000","estimated_canopy_coverage":"1256","source":"City Nursery","program_year":"2019",":@computed_region_x6fk_ihs5":"29",":@computed_region_b3ci_nw94":"29",":@computed_region_38t5_wna6":"29",":@computed_region_25t2_rbz7":"2943"}},
{"type":"Feature","geometry":{"type":"Point","coordinates":[-76.234677,36.851737]},"properties":{":id":"row-7qdu_eujx~8cp8",":version":"rv-8ks3-r3pk_hzqx",":created_at":"2019-08-20T12:51:30.666Z",":updated_at":"2019-08-20T12:51:31.403Z","genus":"Ulmus","species":"alata","common_name":"Winged elm","street_number":"957","street_name":"Elm St","site":"2F","delivered":"2019-01-02T00:00:00.000","completed":"2019-01-04T00:00:00.000","estimated_canopy_coverage":"1256","source":"City Nursery","program_year":"2019",":@computed_region_x6fk_ihs5":"44",":@computed_region_b3ci_nw94":"49",":@computed_region_38t5_wna6":"49",":@computed_region_25t2_rbz7":"2943"}},
{"type":"Feature","geometry":{"type":"Point","coordinates":[-76.24927600000001,36.855284]},"properties":{":id":"row-8sy5_mkqa.p3n6",":version":"rv-zjy3_kyx5~czng",":created_at":"2019-08-20T12:51:30.666Z",":updated_at":"2019-08-20T12:51:31.403Z","genus":"Prunus","species":"cerasifera 'Krauter Vesuvius'","common_name":"Krauter Vesuvius purple leaf plum","street_number":"3228","street_name":"Woodland Ave","site":"1F","delivered":"2018-01-23T00:00:00.000","completed":"2018-01-30T00:00:00.000","estimated_canopy_coverage":"314.159265","source":"City Nursery","program_year":"2018",":@computed_region_x6fk_ihs5":"7",":@computed_region_b3ci_nw94":"7",":@computed_region_38t5_wna6":"7",":@computed_region_25t2_rbz7":"2943"}},
{"type":"Feature","geometry":{"type":"Point","coordinates":[-76.211039,36.868879]},"properties":{":id":"row-44xs.jw7t~zx7p",":version":"rv-83jm.gaz8.cbm5",":created_at":"2019-08-20T12:51:30.666Z",":updated_at":"2019-08-20T12:51:31.403Z","genus":"Magnolia","species":"virginiana","common_name":"Sweetbay magnolia","street_number":"1330","street_name":"N. Military Hwy","site":"6B","delivered":"2018-12-07T00:00:00.000","completed":"2018-12-07T00:00:00.000","estimated_canopy_coverage":"490.873852","source":"City Nursery","program_year":"2019",":@computed_region_x6fk_ihs5":"128",":@computed_region_b3ci_nw94":"128",":@computed_region_38t5_wna6":"128",":@computed_region_25t2_rbz7":"2943"}},
{"type":"Feature","geometry":{"type":"Point","coordinates":[-76.26432,36.887196]},"properties":{":id":"row-tr4h.3p29.rt2u",":version":"rv-cvht-4ugt~ejyt",":created_at":"2019-08-20T12:51:30.666Z",":updated_at":"2019-08-20T12:51:31.403Z","genus":"Acer","species":"buergerianum","common_name":"Trident maple","street_number":"1610","street_name":"Cromwell Dr","site":"2S","delivered":"2018-12-07T00:00:00.000","completed":"2018-12-12T00:00:00.000","estimated_canopy_coverage":"1256.63706","source":"City Nursery","program_year":"2019",":@computed_region_x6fk_ihs5":"122",":@computed_region_b3ci_nw94":"122",":@computed_region_38t5_wna6":"122",":@computed_region_25t2_rbz7":"2943"}},
{"type":"Feature","geometry":{"type":"Point","coordinates":[-76.264249,36.887922]},"properties":{":id":"row-89wr.sckr.6e7d",":version":"rv-q2mk-3ges.9dc9",":created_at":"2019-08-20T12:51:30.666Z",":updated_at":"2019-08-20T12:51:31.403Z","genus":"Nyssa","species":"sylvatica","common_name":"Black tupelo","street_number":"1612","street_name":"Willow Wood Dr","site":"3P","delivered":"2017-12-13T00:00:00.000","completed":"2018-02-06T00:00:00.000","estimated_canopy_coverage":"962.11275","source":"City Nursery","program_year":"2018",":@computed_region_x6fk_ihs5":"122",":@computed_region_b3ci_nw94":"122",":@computed_region_38t5_wna6":"122",":@computed_region_25t2_rbz7":"2943"}},
{"type":"Feature","geometry":{"type":"Point","coordinates":[-76.291612,36.881041]},"properties":{":id":"row-gy7z_nwv4.tita",":version":"rv-meg6-se3d.ujj4",":created_at":"2019-08-20T12:51:30.666Z",":updated_at":"2019-08-20T12:51:31.403Z","genus":"Quercus","species":"phellos","common_name":"Willow oak","street_number":"635","street_name":"Georgia Ave","site":"1F","delivered":"2018-11-21T00:00:00.000","completed":"2018-11-29T00:00:00.000","estimated_canopy_coverage":"1963.49541","source":"City Nursery","program_year":"2019",":@computed_region_x6fk_ihs5":"19",":@computed_region_b3ci_nw94":"21",":@computed_region_38t5_wna6":"21",":@computed_region_25t2_rbz7":"2943"}},
{"type":"Feature","geometry":{"type":"Point","coordinates":[-76.274893,36.866923]},"properties":{":id":"row-zs8k_dj47.g4cr",":version":"rv-7mdk_c3w3.9fhd",":created_at":"2019-08-20T12:51:30.666Z",":updated_at":"2019-08-20T12:51:31.403Z","genus":"Acer","species":"campestre 'Evelyn'","common_name":"Queen Elizabeth hedge maple","street_number":"843","street_name":"Pollard St","site":"2F","delivered":"2018-11-27T00:00:00.000","completed":"2018-12-04T00:00:00.000","estimated_canopy_coverage":"490.873852","source":"City Nursery","program_year":"2019",":@computed_region_x6fk_ihs5":"51",":@computed_region_b3ci_nw94":"57",":@computed_region_38t5_wna6":"57",":@computed_region_25t2_rbz7":"2943"}},
{"type":"Feature","geometry":{"type":"Point","coordinates":[-76.304015,36.867908]},"properties":{":id":"row-xkyq.fip4~2ivw",":version":"rv-n2ku_buih~myqj",":created_at":"2019-08-20T12:51:30.666Z",":updated_at":"2019-08-20T12:51:31.403Z","genus":"Halesia","species":"diptera","common_name":"Two-winged silverbell","street_number":"1119","street_name":"Matoaka Ave","site":"1F","delivered":"2018-12-07T00:00:00.000","completed":"2018-11-19T00:00:00.000","estimated_canopy_coverage":"706.5","source":"City Nursery","program_year":"2019",":@computed_region_x6fk_ihs5":"97",":@computed_region_b3ci_nw94":"98",":@computed_region_38t5_wna6":"98",":@computed_region_25t2_rbz7":"2943"}},
{"type":"Feature","geometry":{"type":"Point","coordinates":[-76.25184,36.949299]},"properties":{":id":"row-kwm4_rwcm-eukb",":version":"rv-xtsg_x3za.dxih",":created_at":"2019-08-20T12:51:30.666Z",":updated_at":"2019-08-20T12:51:31.403Z","genus":"Quercus","species":"michauxii","common_name":"Swamp chestnut oak","street_number":"9518","street_name":"Wells Pkwy","site":"3M","delivered":"2019-01-15T00:00:00.000","completed":"2019-02-12T00:00:00.000","estimated_canopy_coverage":"2826","source":"City Nursery","program_year":"2019",":@computed_region_x6fk_ihs5":"102",":@computed_region_b3ci_nw94":"102",":@computed_region_38t5_wna6":"102",":@computed_region_25t2_rbz7":"2943"}},
{"type":"Feature","geometry":{"type":"Point","coordinates":[-76.26432,36.887196]},"properties":{":id":"row-dws3~3zaf_4r4z",":version":"rv-2a7z-7z37.rjbg",":created_at":"2019-08-20T12:51:30.666Z",":updated_at":"2019-08-20T12:51:31.403Z","genus":"Malus","species":"pumila 'Roxburry Russet'","common_name":"Roxburry Russet apple","street_number":"1610","street_name":"Cromwell Dr","site":"4F","delivered":"2018-11-21T00:00:00.000","completed":"2018-11-29T00:00:00.000","estimated_canopy_coverage":"177","source":"City Nursery","program_year":"2019",":@computed_region_x6fk_ihs5":"122",":@computed_region_b3ci_nw94":"122",":@computed_region_38t5_wna6":"122",":@computed_region_25t2_rbz7":"2943"}},
{"type":"Feature","geometry":{"type":"Point","coordinates":[-76.277661,36.844183]},"properties":{":id":"row-25gj-i32u~9vie",":version":"rv-taa2~jxf7_yyx2",":created_at":"2019-08-20T12:51:30.666Z",":updated_at":"2019-08-20T12:51:31.403Z","genus":"Ulmus","species":"parvifolia 'Bosque'","common_name":"Bosque elm","street_number":"150","street_name":"Park Ave","site":"4P","delivered":"2017-12-05T00:00:00.000","completed":"2017-12-07T00:00:00.000","estimated_canopy_coverage":"706.858347","source":"Purchased","program_year":"2018",":@computed_region_x6fk_ihs5":"128",":@computed_region_b3ci_nw94":"128",":@computed_region_38t5_wna6":"128",":@computed_region_25t2_rbz7":"2943"}},
{"type":"Feature","geometry":{"type":"Point","coordinates":[-76.232173,36.904472]},"properties":{":id":"row-8xx5.jsx2_k5dw",":version":"rv-diey-fz9n.nwwe",":created_at":"2019-08-20T12:51:30.666Z",":updated_at":"2019-08-20T12:51:31.403Z","genus":"Nyssa","species":"sylvatica","common_name":"Black tupelo","street_number":"1442","street_name":"Arbor Ave","site":"1F","delivered":"2017-11-09T00:00:00.000","completed":"2017-11-17T00:00:00.000","estimated_canopy_coverage":"962.11275","source":"City Nursery","program_year":"2018",":@computed_region_x6fk_ihs5":"55",":@computed_region_b3ci_nw94":"62",":@computed_region_38t5_wna6":"62",":@computed_region_25t2_rbz7":"2943"}},
{"type":"Feature","geometry":{"type":"Point","coordinates":[-76.26432,36.887196]},"properties":{":id":"row-5nzv.qfag-r2b5",":version":"rv-7ngt-mez3_cj8y",":created_at":"2019-08-20T12:51:30.666Z",":updated_at":"2019-08-20T12:51:31.403Z","genus":"Acer","species":"barbatum","common_name":"Florida maple","street_number":"1610","street_name":"Cromwell Dr","site":"23L","delivered":"2018-12-07T00:00:00.000","completed":"2018-12-14T00:00:00.000","estimated_canopy_coverage":"1259.63706","source":"City Nursery","program_year":"2019",":@computed_region_x6fk_ihs5":"122",":@computed_region_b3ci_nw94":"122",":@computed_region_38t5_wna6":"122",":@computed_region_25t2_rbz7":"2943"}},
{"type":"Feature","geometry":{"type":"Point","coordinates":[-76.28523,36.851257]},"properties":{":id":"row-b754-r8cn.jb62",":version":"rv-aedj_4b5s_uc8f",":created_at":"2019-08-20T12:51:30.666Z",":updated_at":"2019-08-20T12:51:31.403Z","genus":"Ulmus","species":"parvifolia 'Bosque'","common_name":"Bosque elm","street_number":"485","street_name":"Saint Pauls Blvd","site":"4S","delivered":"2017-12-05T00:00:00.000","completed":"2017-12-12T00:00:00.000","estimated_canopy_coverage":"706.858347","source":"Purchased","program_year":"2018",":@computed_region_x6fk_ihs5":"22",":@computed_region_b3ci_nw94":"26",":@computed_region_38t5_wna6":"26",":@computed_region_25t2_rbz7":"2943"}},
{"type":"Feature","geometry":{"type":"Point","coordinates":[-76.270654,36.868408]},"properties":{":id":"row-wjpd_7w4k_b7sp",":version":"rv-ykif.i5dw.c5s2",":created_at":"2019-08-20T12:51:30.666Z",":updated_at":"2019-08-20T12:51:31.403Z","genus":"Taxodium","species":"distichum","common_name":"Bald cypress","street_number":"2700","street_name":"Ludlow St","site":"8SC","delivered":"2018-01-31T00:00:00.000","completed":"2018-02-06T00:00:00.000","estimated_canopy_coverage":"490.873852","source":"City Nursery","program_year":"2018",":@computed_region_x6fk_ihs5":"51",":@computed_region_b3ci_nw94":"57",":@computed_region_38t5_wna6":"57",":@computed_region_25t2_rbz7":"2943"}},
{"type":"Feature","geometry":{"type":"Point","coordinates":[-76.300641,36.89142]},"properties":{":id":"row-ktdg-bt7w~b9e5",":version":"rv-edqm~9agx.4j2e",":created_at":"2019-08-20T12:51:30.666Z",":updated_at":"2019-08-20T12:51:31.403Z","genus":"Quercus","species":"phellos","common_name":"Willow oak","street_number":"1145","street_name":"Bolling Ave","site":"13SC","delivered":"2017-12-06T00:00:00.000","completed":"2017-12-14T00:00:00.000","estimated_canopy_coverage":"1963.49541","source":"City Nursery","program_year":"2018",":@computed_region_x6fk_ihs5":"49",":@computed_region_b3ci_nw94":"54",":@computed_region_38t5_wna6":"54",":@computed_region_25t2_rbz7":"2943"}},
{"type":"Feature","geometry":{"type":"Point","coordinates":[-76.285889,36.886635]},"properties":{":id":"row-dwi7_4vk7_jqen",":version":"rv-haqt-kygy~j2br",":created_at":"2019-08-20T12:51:30.666Z",":updated_at":"2019-08-20T12:51:31.403Z","genus":"Prunus","species":"cerasifera 'Krauter Vesuvius'","common_name":"Krauter Vesuvius purple leaf plum","street_number":"4808","street_name":"Colonial Ave","site":"1F","delivered":"2018-12-12T00:00:00.000","completed":"2018-01-03T00:00:00.000","estimated_canopy_coverage":"314.159265","source":"City Nursery","program_year":"2019",":@computed_region_x6fk_ihs5":"19",":@computed_region_b3ci_nw94":"21",":@computed_region_38t5_wna6":"21",":@computed_region_25t2_rbz7":"2943"}},
{"type":"Feature","geometry":{"type":"Point","coordinates":[-76.18022,36.848987]},"properties":{":id":"row-9r2q.bnrs~hhvx",":version":"rv-6r57_n9s3_gyzm",":created_at":"2019-08-20T12:51:30.666Z",":updated_at":"2019-08-20T12:51:31.403Z","genus":"Nyssa","species":"sylvatica","common_name":"Black tupelo","street_number":"701","street_name":"Newtown Rd","site":"5M","delivered":"2017-11-09T00:00:00.000","completed":"2017-11-15T00:00:00.000","estimated_canopy_coverage":"962.11275","source":"City Nursery","program_year":"2018",":@computed_region_x6fk_ihs5":"59",":@computed_region_b3ci_nw94":"66",":@computed_region_38t5_wna6":"66",":@computed_region_25t2_rbz7":"2951"}},
{"type":"Feature","geometry":{"type":"Point","coordinates":[-76.296985,36.857855]},"properties":{":id":"row-7syc_cnxc-a2a7",":version":"rv-dnus~zgv6~36ey",":created_at":"2019-08-20T12:51:30.666Z",":updated_at":"2019-08-20T12:51:31.403Z","genus":"Styrax","species":"japonicus","common_name":"Japanese snowbell","street_number":"419","street_name":"Colonial Ave","site":"3S","delivered":"2018-11-28T00:00:00.000","completed":"2018-12-05T00:00:00.000","estimated_canopy_coverage":"706.858347","source":"City Nursery","program_year":"2019",":@computed_region_x6fk_ihs5":"33",":@computed_region_b3ci_nw94":"38",":@computed_region_38t5_wna6":"38",":@computed_region_25t2_rbz7":"2943"}},
{"type":"Feature","geometry":{"type":"Point","coordinates":[-76.219121,36.901992]},"properties":{":id":"row-bsrs.bdd9-4bu4",":version":"rv-v36v-uacm_nx5k",":created_at":"2019-08-20T12:51:30.666Z",":updated_at":"2019-08-20T12:51:31.403Z","genus":"Cercis","species":"canadensis 'Merlot'","common_name":"Merlot redbud","street_number":"2000","street_name":"Colane Rd","site":"2S","delivered":"2017-12-04T00:00:00.000","completed":"2017-12-07T00:00:00.000","estimated_canopy_coverage":"490.873852","source":"City Nursery","program_year":"2018",":@computed_region_x6fk_ihs5":"54",":@computed_region_b3ci_nw94":"60",":@computed_region_38t5_wna6":"60",":@computed_region_25t2_rbz7":"2943"}},
{"type":"Feature","geometry":{"type":"Point","coordinates":[-76.232199,36.916758]},"properties":{":id":"row-69x7_44ye_ub3s",":version":"rv-dk6s_j75k-izks",":created_at":"2019-08-20T12:51:30.666Z",":updated_at":"2019-08-20T12:51:31.403Z","genus":"Cercis","species":"canadensis","common_name":"Redbud","street_number":"1530","street_name":"E. Little Creek Rd","site":"1M","delivered":"2019-01-31T00:00:00.000","completed":"2019-01-31T00:00:00.000","estimated_canopy_coverage":"490.873852","source":"Purchased","program_year":"2019",":@computed_region_x6fk_ihs5":"5",":@computed_region_b3ci_nw94":"5",":@computed_region_38t5_wna6":"5",":@computed_region_25t2_rbz7":"2943"}}
] }
